Category,Title,Price,Stock,URL
Graphics Cards,21279-MSI RTX 3050 Ventus 2X OC 6GB GDDR6,"Rs. 104,500",In Stock,https://www.chamacomputers.lk/products/graphics%20cards/msi%20rtx%203050%20ventus%202x%20oc%206gb%20gddr6
Graphics Cards,35353-MSI Geforce RTX 5050 Shadow 2X OC 8GB GDDR7X,"Rs. 142,500",In Stock,https://www.chamacomputers.lk/products/graphics%20cards/msi%20geforce%20rtx%205050%20shadow%202x%20oc%208gb%20gddr7x
Graphics Cards,35354-MSI Geforce RTX 5050 Ventus 2X OC 8GB GDDR7X,"Rs. 148,000",In Stock,https://www.chamacomputers.lk/products/graphics%20cards/msi%20geforce%20rtx%205050%20ventus%202x%20oc%208gb%20gddr7x
Graphics Cards,35364-MSI Geforce RTX 5070 SHADOW 2X OC 12GB GDDR7X Graphic Card,"Rs. 297,000",In Stock,https://www.chamacomputers.lk/products/graphics%20cards/msi%20geforce%20rtx%205070%20shadow%202x%20oc%2012gb%20gddr7x%20graphic%20card
Graphics Cards,20908-ASUS Dual GeForce RTX 5060 Ti 8GB GDDR7 OC,"Rs. 196,000",Out of Stock,https://www.chamacomputers.lk/products/graphics%20cards/asus%20dual%20geforce%20rtx%205060%20ti%208gb%20gddr7%20oc
Graphics Cards,20909-Asus Dual RTX 3050 8GB OC GDDR6,"Rs. 88,000",Out of Stock,https://www.chamacomputers.lk/products/graphics%20cards/asus%20dual%20rtx%203050%208gb%20oc%20gddr6
Graphics Cards,21061-Gigabyte GeForce RTX 5060 Ti Windforce OC 8G,"Rs. 176,500",Out of Stock,https://www.chamacomputers.lk/products/graphics%20cards/gigabyte%20geforce%20rtx%205060%20ti%20windforce%20oc%208g
Graphics Cards,21255-MSI Geforce RTX 5060 TI Shadow 2X OC Plus 8GB GDDR7X,"Rs. 202,000",Out of Stock,https://www.chamacomputers.lk/products/graphics%20cards/msi%20geforce%20rtx%205060%20ti%20shadow%202x%20oc%20plus%208gb%20gddr7x
Graphics Cards,21256-MSI Geforce RTX 5060 TI Ventus 2X OC Plus 8GB GDDR7X,"Rs. 171,000",Out of Stock,https://www.chamacomputers.lk/products/graphics%20cards/msi%20geforce%20rtx%205060%20ti%20ventus%202x%20oc%20plus%208gb%20gddr7x
Graphics Cards,21280-MSI RTX 3050 Ventus 2X XS 8GB OC GDDR6,"Rs. 137,500",Out of Stock,https://www.chamacomputers.lk/products/graphics%20cards/msi%20rtx%203050%20ventus%202x%20xs%208gb%20oc%20gddr6
Graphics Cards,21281-MSI RTX 3060 12GB Ventus 2X OC GDDR6,"Rs. 170,500",Out of Stock,https://www.chamacomputers.lk/products/graphics%20cards/msi%20rtx%203060%2012gb%20ventus%202x%20oc%20gddr6
Graphics Cards,21282-MSI RTX 5070 12G SHADOW 3X OC GRAPHICS CARD,"Rs. 265,000",Out of Stock,https://www.chamacomputers.lk/products/graphics%20cards/msi%20rtx%205070%2012g%20shadow%203x%20oc%20graphics%20card
Graphics Cards,21293-PNY GeForce RTX 4060 8GB VERTO Dual Fan,"Rs. 122,000",Out of Stock,https://www.chamacomputers.lk/products/graphics%20cards/pny%20geforce%20rtx%204060%208gb%20verto%20dual%20fan
Graphics Cards,32086-ZOTAC GAMING GeForce RTX 3050 6GB GDDR6,"Rs. 77,000",Out of Stock,https://www.chamacomputers.lk/products/graphics%20cards/zotac%20gaming%20geforce%20rtx%203050%206gb%20gddr6
Graphics Cards,32438-ASUS CERBERUS GTX 1050TI 4GB OC,"Rs. 62,500",Out of Stock,https://www.chamacomputers.lk/products/graphics%20cards/asus%20cerberus%20gtx%201050ti%204gb%20oc
Graphics Cards,32444-ASUS DUAL GEFORCE RTX 4060 8GB OC GDDR6,"Rs. 155,000",Out of Stock,https://www.chamacomputers.lk/products/graphics%20cards/asus%20dual%20geforce%20rtx%204060%208gb%20oc%20gddr6
Graphics Cards,koko,"Rs. 105,000",Out of Stock,https://www.chamacomputers.lk/products/graphics%20cards/asus%20dual%20rtx%202060%20evo%206gb%20oc
Graphics Cards,koko,"Rs. 120,000",Out of Stock,https://www.chamacomputers.lk/products/graphics%20cards/asus%20dual%20rx%206700xt%2012gb
Graphics Cards,32455-ASUS Dual GeForce RTX 4070 12GB GDDR6,"Rs. 289,000",Out of Stock,https://www.chamacomputers.lk/products/graphics%20cards/asus%20dual%20geforce%20rtx%204070%2012gb%20gddr6
Graphics Cards,32456-ASUS Dual GeForce RTX 5060 8GB GDDR7 OC Edition,"Rs. 155,000",Out of Stock,https://www.chamacomputers.lk/products/graphics%20cards/asus%20dual%20geforce%20rtx%205060%208gb%20gddr7%20oc%20edition
Graphics Cards,32457-ASUS Dual GeForce RTX 5060 TI 16GB GDDR7 OC Graphics Card,"Rs. 240,000",Out of Stock,https://www.chamacomputers.lk/products/graphics%20cards/asus%20dual%20geforce%20rtx%205060%20ti%2016gb%20gddr7%20oc%20graphics%20card
Graphics Cards,koko,"Rs. 63,000",Out of Stock,https://www.chamacomputers.lk/products/graphics%20cards/asus%20ph-gtx1650-o4g%20graphic%20card
Graphics Cards,koko,"Rs. 75,000",Out of Stock,https://www.chamacomputers.lk/products/graphics%20cards/asus%20phoenix%20gtx%201050ti%204gb
Graphics Cards,32512-ASUS PRIME Geforce RTX 5080 16GB GDDR7,"Rs. 564,000",Out of Stock,https://www.chamacomputers.lk/products/graphics%20cards/asus%20prime%20geforce%20rtx%205080%2016gb%20gddr7
Graphics Cards,32538-ASUS PROART 4060 TI 16GB GDDR6 Graphic Cards,"Rs. 235,000",Out of Stock,https://www.chamacomputers.lk/products/graphics%20cards/asus%20proart%204060%20ti%2016gb%20gddr6%20graphic%20cards
Graphics Cards,32539-ASUS PROART 4060TI 16GB GDDR6,"Rs. 235,000",Out of Stock,https://www.chamacomputers.lk/products/graphics%20cards/asus%20proart%204060ti%2016gb%20gddr6
Graphics Cards,32542-ASUS PROART GEFORCE  RTX™ 4070Ti OC EDITION 12GB GRAPHIC CARD,"Rs. 379,000",Out of Stock,https://www.chamacomputers.lk/products/graphics%20cards/asus%20proart%20geforce%20%20rtx%E2%84%A2%204070ti%20oc%20edition%2012gb%20graphic%20card
Graphics Cards,32554-ASUS ROG Astral GeForce RTX 5080 16GB GDDR7 OC Edition,"Rs. 679,000",Out of Stock,https://www.chamacomputers.lk/products/graphics%20cards/asus%20rog%20astral%20geforce%20rtx%205080%2016gb%20gddr7%20oc%20edition
Graphics Cards,koko,"Rs. 1,499,000",Out of Stock,https://www.chamacomputers.lk/products/graphics%20cards/asus%20rog%20geforce%20rtx%205090%20astral
Graphics Cards,32576-ASUS ROG RTX 5090 Astral 32GB GDDR7,"Rs. 1,499,000",Out of Stock,https://www.chamacomputers.lk/products/graphics%20cards/asus%20rog%20rtx%205090%20astral%2032gb%20gddr7
Graphics Cards,koko,"Rs. 114,000",Out of Stock,https://www.chamacomputers.lk/products/graphics%20cards/asus%20rog%20strix%20b860-f%20gaming%20wifi%20ddr5
Graphics Cards,koko,"Rs. 360,000",Out of Stock,https://www.chamacomputers.lk/products/graphics%20cards/asus%20rog%20strix%20geforce%20rtx%204070%2012gb%20gddr6x%20oc%20edition
Graphics Cards,koko,"Rs. 420,000",Out of Stock,https://www.chamacomputers.lk/products/graphics%20cards/asus%20rog%20strix%20geforce%20rtx%204070ti%2012gb
Graphics Cards,koko,"Rs. 165,000",Out of Stock,https://www.chamacomputers.lk/products/graphics%20cards/asus%20rog%20strix%20rtx%203050%208gb%20oc
Graphics Cards,koko,"Rs. 215,000",Out of Stock,https://www.chamacomputers.lk/products/graphics%20cards/asus%20rog%20strix%20rtx%203060%2012gb%20gaming%20oc%20v2
Graphics Cards,koko,"Rs. 320,000",Out of Stock,https://www.chamacomputers.lk/products/graphics%20cards/asus%20rog%20strix%20rtx%203060ti%20v2%208gb
Graphics Cards,koko,"Rs. 218,000",Out of Stock,https://www.chamacomputers.lk/products/graphics%20cards/asus%20rog%20strix%20rtx%204060ti%20%208gb%20gddr6
Graphics Cards,32636-ASUS ROG STRIX RTX 4070 12G OC GRAPHICS CARD,"Rs. 385,000",Out of Stock,https://www.chamacomputers.lk/products/graphics%20cards/asus%20rog%20strix%20rtx%204070%2012g%20oc%20graphics%20card
Graphics Cards,32637-ASUS ROG STRIX RTX 4070 SUPER 12GB GDDR6X,"Rs. 386,000",Out of Stock,https://www.chamacomputers.lk/products/graphics%20cards/asus%20rog%20strix%20rtx%204070%20super%2012gb%20gddr6x
Graphics Cards,koko,"Rs. 619,000",Out of Stock,https://www.chamacomputers.lk/products/graphics%20cards/asus%20rog%20strix%20rtx%204080%20super%2016gb%20gddr6x
Graphics Cards,koko,"Rs. 1,081,000",Out of Stock,https://www.chamacomputers.lk/products/graphics%20cards/asus%20rog%20strix%20rtx%204090%2024gb%20gaming%20oc
Graphics Cards,koko,"Rs. 199,000",Out of Stock,https://www.chamacomputers.lk/products/graphics%20cards/asus%20rtx%203060%2012gb%20dual%20oc
Graphics Cards,koko,"Rs. 760,000",Out of Stock,https://www.chamacomputers.lk/products/graphics%20cards/asus%20rtx%203080ti%2012gb%20gaming%20oc
Graphics Cards,32733-ASUS TUF GAMING GEFORCE RTX 4080 SUPER 16GB GDDR6X OC,"Rs. 570,000",Out of Stock,https://www.chamacomputers.lk/products/graphics%20cards/asus%20tuf%20gaming%20geforce%20rtx%204080%20super%2016gb%20gddr6x%20oc
Graphics Cards,koko,"Rs. 375,000",Out of Stock,https://www.chamacomputers.lk/products/graphics%20cards/asus%20tuf%20gaming%20rtx%E2%84%A2%204070ti%2012gb
Graphics Cards,32757-ASUS TUF GTX 1660 SUPER 6GB GAMING OC,"Rs. 79,000",Out of Stock,https://www.chamacomputers.lk/products/graphics%20cards/asus%20tuf%20gtx%201660%20super%206gb%20gaming%20oc
Graphics Cards,koko,"Rs. 40,000",Out of Stock,https://www.chamacomputers.lk/products/graphics%20cards/asus%20tuf%20gtx%201660%20super%206gb%20gaming%20oc%20(used)
Graphics Cards,32766-ASUS TUF Gaming GeForce RTX 5060 Ti 16GB GDDR7,"Rs. 225,000",Out of Stock,https://www.chamacomputers.lk/products/graphics%20cards/asus%20tuf%20gaming%20geforce%20rtx%205060%20ti%2016gb%20gddr7
Graphics Cards,32767-ASUS TUF Gaming GeForce RTX™ 4070 12GB GDDR6X OC,"Rs. 286,500",Out of Stock,https://www.chamacomputers.lk/products/graphics%20cards/asus%20tuf%20gaming%20geforce%20rtx%E2%84%A2%204070%2012gb%20gddr6x%20oc
Graphics Cards,koko,"Rs. 208,500",Out of Stock,https://www.chamacomputers.lk/products/graphics%20cards/asus%20tuf%20rtx%203060%2012gb%20gaming%20oc
Graphics Cards,koko,"Rs. 269,000",Out of Stock,https://www.chamacomputers.lk/products/graphics%20cards/asus%20tuf%20rtx%203060ti%208gb%20gaming%20oc%20v2%20graphic%20card
Graphics Cards,koko,"Rs. 460,000",Out of Stock,https://www.chamacomputers.lk/products/graphics%20cards/asus%20tuf%20rtx%203070ti%208gb%20gaming
Graphics Cards,koko,"Rs. 286,400",Out of Stock,https://www.chamacomputers.lk/products/graphics%20cards/asus%20tuf%20rtx4070%20o12g%20gaming%2012gb%20gddr6x%20graphic%20card
Graphics Cards,koko,"Rs. 75,000",Out of Stock,https://www.chamacomputers.lk/products/graphics%20cards/asus%20dual%20geforce%20gtx%201650%204gb%20oc%20gddr6
Graphics Cards,33048-Asus Dual RTX 3050 6GB OC GDDR6,"Rs. 88,000",Out of Stock,https://www.chamacomputers.lk/products/graphics%20cards/asus%20dual%20rtx%203050%206gb%20oc%20gddr6
Graphics Cards,koko,"Rs. 180,000",Out of Stock,https://www.chamacomputers.lk/products/graphics%20cards/asus%20dual%20rtx%204060ti%208gb%20oc%20gddr6
Graphics Cards,koko,"Rs. 64,000",Out of Stock,https://www.chamacomputers.lk/products/graphics%20cards/asus%20gtx%201650%20dual%204gb%20gddr6
Graphics Cards,koko,"Rs. 299,000",Out of Stock,https://www.chamacomputers.lk/products/graphics%20cards/asus%20geforce%20dual-rtx4070s-o12g-evo%2012gb%20ddr6x%20graphic%20card
Graphics Cards,33076-Asus Geforce GT710 2gb DDR5,"Rs. 26,000",Out of Stock,https://www.chamacomputers.lk/products/graphics%20cards/asus%20geforce%20gt710%202gb%20ddr5
Graphics Cards,33127-Asus ROG Strix GeForce RTX 4080 Super 16GB GDDR6X OC Graphics Card,"Rs. 617,000",Out of Stock,https://www.chamacomputers.lk/products/graphics%20cards/asus%20rog%20strix%20geforce%20rtx%204080%20super%2016gb%20gddr6x%20oc%20graphics%20card
Graphics Cards,koko,"Rs. 169,000",Out of Stock,https://www.chamacomputers.lk/products/graphics%20cards/asus%20rog%20strix%20rtx%204060%208gb%20gddr6%20gaming%20oc
Graphics Cards,33173-Asus TUF Gaming GeForce RTX 5060 TI 16GB GDDR7X OC Graphics Card,"Rs. 227,000",Out of Stock,https://www.chamacomputers.lk/products/graphics%20cards/asus%20tuf%20gaming%20geforce%20rtx%205060%20ti%2016gb%20gddr7x%20oc%20graphics%20card
Graphics Cards,34102-GIGABYTE AORUS RTX 4090 MASTER 24GB,"Rs. 955,000",Out of Stock,https://www.chamacomputers.lk/products/graphics%20cards/gigabyte%20aorus%20rtx%204090%20master%2024gb
Graphics Cards,koko,"Rs. 122,000",Out of Stock,https://www.chamacomputers.lk/products/graphics%20cards/gigabyte%20geforce%20rtx%204060%20windforce%20oc%208gb
Graphics Cards,koko,"Rs. 185,000",Out of Stock,https://www.chamacomputers.lk/products/graphics%20cards/gigabyte%20geforce%20rtx%204060ti%20windforce%20oc%208gb
Graphics Cards,34120-GIGABYTE GeForce RTX 5060 Ti EAGLE OC 16G,"Rs. 230,000",Out of Stock,https://www.chamacomputers.lk/products/graphics%20cards/gigabyte%20geforce%20rtx%205060%20ti%20eagle%20oc%2016g
Graphics Cards,koko,"Rs. 299,000",Out of Stock,https://www.chamacomputers.lk/products/graphics%20cards/gigabyte%20rtx%203070ti%208gb%20vision%20oc
Graphics Cards,34131-GIGABYTE RTX 4060 AERO OC,"Rs. 195,000",Out of Stock,https://www.chamacomputers.lk/products/graphics%20cards/gigabyte%20rtx%204060%20aero%20oc
Graphics Cards,koko,"Rs. 649,000",Out of Stock,https://www.chamacomputers.lk/products/graphics%20cards/gigabyte%20rtx%204080%2016gb%20aero%20oc
Graphics Cards,koko,"Rs. 173,000",Out of Stock,https://www.chamacomputers.lk/products/graphics%20cards/gigabyte%20rtx%205060%20ti%20eagle%20oc%2016gb
Graphics Cards,34188-MSI GeForce RTX 5090 32GB GAMING TRIO OC,"Rs. 1,265,000",Out of Stock,https://www.chamacomputers.lk/products/graphics%20cards/msi%20geforce%20rtx%205090%2032gb%20gaming%20trio%20oc
Graphics Cards,koko,"Rs. 149,000",Out of Stock,https://www.chamacomputers.lk/products/graphics%20cards/gigabyte%20aorus%20geforce%20rtx%205060%20elite%208g
Graphics Cards,koko,"Rs. 74,000",Out of Stock,https://www.chamacomputers.lk/products/graphics%20cards/gigabyte%20geforce%20rtx%203050%20gaming%20oc%206gb%20graphics%20card
Graphics Cards,koko,"Rs. 233,000",Out of Stock,https://www.chamacomputers.lk/products/graphics%20cards/gigabyte%20geforce%20rtx%204060%20ti%20gaming%20oc%2016g%20graphics%20card
Graphics Cards,34219-Gigabyte GeForce RTX 4060 Windforce 8GB Graphics Card,"Rs. 122,000",Out of Stock,https://www.chamacomputers.lk/products/graphics%20cards/gigabyte%20geforce%20rtx%204060%20windforce%208gb%20graphics%20card
Graphics Cards,34220-Gigabyte GeForce RTX 4070 SUPER Gaming OC 12G,"Rs. 320,000",Out of Stock,https://www.chamacomputers.lk/products/graphics%20cards/gigabyte%20geforce%20rtx%204070%20super%20gaming%20oc%2012g
Graphics Cards,34222-Gigabyte GeForce RTX 5060 Gaming OC 8GB,"Rs. 165,000",Out of Stock,https://www.chamacomputers.lk/products/graphics%20cards/gigabyte%20geforce%20rtx%205060%20gaming%20oc%208gb
Graphics Cards,koko,"Rs. 176,500",Out of Stock,https://www.chamacomputers.lk/products/graphics%20cards/gigabyte%20geforce%20rtx%205060%20ti%20gaming%20oc%208g
Graphics Cards,koko,"Rs. 127,000",Out of Stock,https://www.chamacomputers.lk/products/graphics%20cards/gigabyte%20geforce%20rtx%205060%20windforce%208gb
Graphics Cards,34225-Gigabyte GeForce RTX 5060 WINDFORCE OC 8GB,"Rs. 154,000",Out of Stock,https://www.chamacomputers.lk/products/graphics%20cards/gigabyte%20geforce%20rtx%205060%20windforce%20oc%208gb
Graphics Cards,34229-Gigabyte GeForce RTX 5090 WINDFORCE OC 32G Graphics Card,"Rs. 1,175,000",Out of Stock,https://www.chamacomputers.lk/products/graphics%20cards/gigabyte%20geforce%20rtx%205090%20windforce%20oc%2032g%20graphics%20card
Graphics Cards,koko,"Rs. 65,000",Out of Stock,https://www.chamacomputers.lk/products/graphics%20cards/inno3d%20gtx%201050ti%204gb%20x2
Graphics Cards,koko,"Rs. 215,000",Out of Stock,https://www.chamacomputers.lk/products/graphics%20cards/inno3d%20rtx%203060ti%208gb%20ichill%20x3%20red
Graphics Cards,35293-MSI GEFORCE RTX 4070 SUPER 12G GAMING X SLIM,"Rs. 350,500",Out of Stock,https://www.chamacomputers.lk/products/graphics%20cards/msi%20geforce%20rtx%204070%20super%2012g%20gaming%20x%20slim
Graphics Cards,35294-MSI GEFORCE RTX 4070 TI SUPER 16G GAMING X SLIM,"Rs. 457,000",Out of Stock,https://www.chamacomputers.lk/products/graphics%20cards/msi%20geforce%20rtx%204070%20ti%20super%2016g%20gaming%20x%20slim
Graphics Cards,35295-MSI GEFORCE RTX 4080 SUPER 16G VENTUS 3X OC,"Rs. 542,000",Out of Stock,https://www.chamacomputers.lk/products/graphics%20cards/msi%20geforce%20rtx%204080%20super%2016g%20ventus%203x%20oc
Graphics Cards,35325-MSI GT 1030 4GB GDDR4 OC Low Profile Graphics Card,"Rs. 32,500",Out of Stock,https://www.chamacomputers.lk/products/graphics%20cards/msi%20gt%201030%204gb%20gddr4%20oc%20low%20profile%20graphics%20card
Graphics Cards,koko,"Rs. 59,500",Out of Stock,https://www.chamacomputers.lk/products/graphics%20cards/msi%20gtx%201050ti%204gt%20ocv1%204gb
Graphics Cards,koko,"Rs. 67,000",Out of Stock,https://www.chamacomputers.lk/products/graphics%20cards/msi%20gtx%201630%20ventus%20xs%204g%20oc
Graphics Cards,koko,"Rs. 70,500",Out of Stock,https://www.chamacomputers.lk/products/graphics%20cards/msi%20gtx%201650%204gb%20d6%20ventus%20xs%20v1
Graphics Cards,koko,"Rs. 58,500",Out of Stock,https://www.chamacomputers.lk/products/graphics%20cards/msi%20gtx%201650%204gb%20ventus%20xs%20ocv3%20gddr6%20graphic%20card
Graphics Cards,koko,"Rs. 78,000",Out of Stock,https://www.chamacomputers.lk/products/graphics%20cards/msi%20gtx%201660%206gb%20super%20ventus%20xs%20oc
Graphics Cards,35340-MSI GTX 1660 SUPER AERO ITX GRAPHIC CARD,"Rs. 79,000",Out of Stock,https://www.chamacomputers.lk/products/graphics%20cards/msi%20gtx%201660%20super%20aero%20itx%20graphic%20card
Graphics Cards,koko,"Rs. 122,000",Out of Stock,https://www.chamacomputers.lk/products/graphics%20cards/msi%20geforce%20rtx%204060%20ventus%20oc%202x%208gb%20gddr6x%20white%20graphics%20card
Graphics Cards,koko,"Rs. 350,500",Out of Stock,https://www.chamacomputers.lk/products/graphics%20cards/msi%20geforce%20rtx%204070%20super%20gaming%20x%2012gb%20gddr6x%20slim%20graphics%20card
Graphics Cards,35348-MSI Geforce RTX 4070 Super Ventus OC 2X 12GB GDDR6X Graphic Card,"Rs. 276,000",Out of Stock,https://www.chamacomputers.lk/products/graphics%20cards/msi%20geforce%20rtx%204070%20super%20ventus%20oc%202x%2012gb%20gddr6x%20graphic%20card
Graphics Cards,35349-MSI Geforce RTX 4070 TI Super Gaming SLIM 16GB GDDR6X STALKER 2 EDITION,"Rs. 357,000",Out of Stock,https://www.chamacomputers.lk/products/graphics%20cards/msi%20geforce%20rtx%204070%20ti%20super%20gaming%20slim%2016gb%20gddr6x%20stalker%202%20edition
Graphics Cards,35351-MSI Geforce RTX 4070 Ventus OC 3X E 12GB GDDR6X,"Rs. 220,500",Out of Stock,https://www.chamacomputers.lk/products/graphics%20cards/msi%20geforce%20rtx%204070%20ventus%20oc%203x%20e%2012gb%20gddr6x
Graphics Cards,35355-MSI Geforce RTX 5060 8GB Gaming TRIO OC GDDR7,"Rs. 156,500",Out of Stock,https://www.chamacomputers.lk/products/graphics%20cards/msi%20geforce%20rtx%205060%208gb%20gaming%20trio%20oc%20gddr7
Graphics Cards,35356-MSI Geforce RTX 5060 Gaming OC 8GB GDDR7X,"Rs. 165,000",Out of Stock,https://www.chamacomputers.lk/products/graphics%20cards/msi%20geforce%20rtx%205060%20gaming%20oc%208gb%20gddr7x
Graphics Cards,35357-MSI Geforce RTX 5060 Shadow 2X OC 8GB GDDR7X,"Rs. 168,500",Out of Stock,https://www.chamacomputers.lk/products/graphics%20cards/msi%20geforce%20rtx%205060%20shadow%202x%20oc%208gb%20gddr7x
Graphics Cards,koko,"Rs. 192,500",Out of Stock,https://www.chamacomputers.lk/products/graphics%20cards/msi%20geforce%20rtx%205060%20ti%20gaming%20oc%208gb%20gddr7x
Graphics Cards,35359-MSI Geforce RTX 5060 TI Shadow 2X OC Plus 16GB GDDR7X,"Rs. 260,000",Out of Stock,https://www.chamacomputers.lk/products/graphics%20cards/msi%20geforce%20rtx%205060%20ti%20shadow%202x%20oc%20plus%2016gb%20gddr7x
Graphics Cards,koko,"Rs. 259,000",Out of Stock,https://www.chamacomputers.lk/products/graphics%20cards/msi%20geforce%20rtx%205060%20ti%20ventus%202x%20oc%20plus%2016gb%20gddr7x%20graphics%20card
Graphics Cards,35361-MSI Geforce RTX 5060 VENTUS 2X OC 8GB GDDR7X,"Rs. 156,500",Out of Stock,https://www.chamacomputers.lk/products/graphics%20cards/msi%20geforce%20rtx%205060%20ventus%202x%20oc%208gb%20gddr7x
Graphics Cards,35362-MSI Geforce RTX 5060 VENTUS 2X OC 8GB GDDR7X White,"Rs. 158,000",Out of Stock,https://www.chamacomputers.lk/products/graphics%20cards/msi%20geforce%20rtx%205060%20ventus%202x%20oc%208gb%20gddr7x%20white
Graphics Cards,koko,"Rs. 281,000",Out of Stock,https://www.chamacomputers.lk/products/graphics%20cards/msi%20geforce%20rtx%205070%20gaming%20trio%20oc%2012gb%20gddr7x%20graphics%20card
Graphics Cards,koko,"Rs. 410,000",Out of Stock,https://www.chamacomputers.lk/products/graphics%20cards/msi%20geforce%20rtx%205070%20ti%20ventus%20oc%203x%2016gb%20gddr7x%20graphic%20card
Graphics Cards,koko,"Rs. 391,000",Out of Stock,https://www.chamacomputers.lk/products/graphics%20cards/msi%20geforce%20rtx%205070%20ti%20mlg%20edition%203x%20oc%2016gb%20gddr7x%20graphics%20card
Graphics Cards,koko,"Rs. 313,500",Out of Stock,https://www.chamacomputers.lk/products/graphics%20cards/msi%20geforce%20rtx%205070%20ventus%20oc%202x%2012gb%20gddr7x%20graphic%20card
Graphics Cards,35369-MSI Geforce RTX 5080 Gaming Trio OC 16GB GDDR7X Graphics Card,"Rs. 610,000",Out of Stock,https://www.chamacomputers.lk/products/graphics%20cards/msi%20geforce%20rtx%205080%20gaming%20trio%20oc%2016gb%20gddr7x%20graphics%20card
Graphics Cards,koko,"Rs. 456,000",Out of Stock,https://www.chamacomputers.lk/products/graphics%20cards/msi%20geforce%20rtx%205080%20shadow%203x%20oc%2016gb%20gddr7x%20graphic%20card
Graphics Cards,koko,"Rs. 550,000",Out of Stock,https://www.chamacomputers.lk/products/graphics%20cards/msi%20geforce%20rtx%205080%20vanguard%20soc%2016gb%20gddr7x%20graphics%20card
Graphics Cards,koko,"Rs. 1,100,000",Out of Stock,https://www.chamacomputers.lk/products/graphics%20cards/msi%20geforce%20rtx%205090%20suprim%20soc%2032gb%20gddr7x%20graphics%20card
Graphics Cards,koko,"Rs. 162,000",Out of Stock,https://www.chamacomputers.lk/products/graphics%20cards/msi%20rtx%202060%2012gb%20ventus%20oc
Graphics Cards,koko,"Rs. 136,000",Out of Stock,https://www.chamacomputers.lk/products/graphics%20cards/msi%20rtx%203060%2012gb%20gaming%20x
Graphics Cards,koko,"Rs. 160,000",Out of Stock,https://www.chamacomputers.lk/products/graphics%20cards/msi%20rtx%203060ti%208gb%20gaming%20x%20trio
Graphics Cards,koko,"Rs. 287,000",Out of Stock,https://www.chamacomputers.lk/products/graphics%20cards/msi%20rtx%203060ti%20ventus%203x%20oc%208gb
Graphics Cards,koko,"Rs. 225,000",Out of Stock,https://www.chamacomputers.lk/products/graphics%20cards/msi%20rtx%203060ti%20ventux%202x%208gb%20oc
Graphics Cards,koko,"Rs. 240,000",Out of Stock,https://www.chamacomputers.lk/products/graphics%20cards/msi%20rtx%203070%208gb%20ventus%203x%20lhr
Processors,21170-INTEL CORE i5 12400 ( Cores 6/Threads 12 ) Processor (Tray),"Rs. 66,500",In Stock,https://www.chamacomputers.lk/products/processors/intel%20core%20i5%2012400%20(%20cores%206%2Fthreads%2012%20)%20processor%20(tray)
Processors,20809-AMD A6 7480 Radeon VEGA R5 Graphics Processor,"Rs. 10,000",In Stock,https://www.chamacomputers.lk/products/processors/amd%20a6%207480%20radeon%20vega%20r5%20graphics%20processor
Processors,20819-AMD Ryzen 7 7700X (8 Cores/16 Threads) Processor (Tray),"Rs. 87,500",In Stock,https://www.chamacomputers.lk/products/processors/amd%20ryzen%207%207700x%20(8%20cores%2F16%20threads)%20processor%20(tray)
Processors,32300-AMD Ryzen 9 9950X Processor (Cores 16/ Threads 32) (Tray),"Rs. 177,500",In Stock,https://www.chamacomputers.lk/products/processors/amd%20ryzen%209%209950x%20processor%20(cores%2016%2F%20threads%2032)%20(tray)
Processors,32304-AMD Ryzen 5 8500G Processor (CORES 6 / THREADS 12) Tray,"Rs. 59,000",In Stock,https://www.chamacomputers.lk/products/processors/amd%20ryzen%205%208500g%20processor%20(cores%206%20%2F%20threads%2012)%20tray
Processors,32310-AMD Ryzen 5 5600GT Processor (Cores 6/Threads 12) (Tray),"Rs. 57,500",In Stock,https://www.chamacomputers.lk/products/processors/amd%20ryzen%205%205600gt%20processor%20(cores%206%2Fthreads%2012)%20(tray)
Processors,34662-INTEL CORE i5 14400F Processor (Cores 10/ Threads 16) (Tray),"Rs. 57,000",In Stock,https://www.chamacomputers.lk/products/processors/intel%20core%20i5%2014400f%20processor%20(cores%2010%2F%20threads%2016)%20(tray)
Processors,39192-AMD Ryzen 7 9700X (8 Cores/16 Threads) Processor (Tray),"Rs. 83,500",In Stock,https://www.chamacomputers.lk/products/processors/amd%20ryzen%207%209700x%20(8%20cores%2F16%20threads)%20processor%20(tray)
Processors,20815-AMD Ryzen 7 3800X Processor (Cores 8/Threads 16),"Rs. 74,000",In Stock,https://www.chamacomputers.lk/products/processors/amd%20ryzen%207%203800x%20processor%20(cores%208%2Fthreads%2016)
Processors,20828-AMD Ryzen Threadripper 3990X Processor (Cores 64/ Threads 128),"Rs. 1,100,000",In Stock,https://www.chamacomputers.lk/products/processors/amd%20ryzen%20threadripper%203990x%20processor%20(cores%2064%2F%20threads%20128)
Processors,21148-INTEL CORE i7 14700 Processor,"Rs. 138,000",In Stock,https://www.chamacomputers.lk/products/processors/intel%20core%20i7%2014700%20processor
Processors,21151-INTEL CORE i7 14700K Processor (Cores 20/Threads 28),"Rs. 152,000",In Stock,https://www.chamacomputers.lk/products/processors/intel%20core%20i7%2014700k%20processor%20(cores%2020%2Fthreads%2028)
Processors,21166-INTEL CORE i3 12100F Processor (4 Cores/8 Threads),"Rs. 39,000",In Stock,https://www.chamacomputers.lk/products/processors/intel%20core%20i3%2012100f%20processor%20(4%20cores%2F8%20threads)
Processors,32269-AMD Ryzen 5 5500 Processor (6 Core/12 Threds) (Tray),"Rs. 35,000",In Stock,https://www.chamacomputers.lk/products/processors/amd%20ryzen%205%205500%20processor%20(6%20core%2F12%20threds)%20(tray)
Processors,32273-AMD Ryzen 5 7500F Processor (Cores 6/Threads 12) (Tray),"Rs. 50,000",In Stock,https://www.chamacomputers.lk/products/processors/amd%20ryzen%205%207500f%20processor%20(cores%206%2Fthreads%2012)%20(tray)
Processors,32276-AMD Ryzen 5 9600X Processor (Cores 6/Threads 12),"Rs. 88,500",In Stock,https://www.chamacomputers.lk/products/processors/amd%20ryzen%205%209600x%20processor%20(cores%206%2Fthreads%2012)
Processors,32279-AMD Ryzen 7 5700G (Cores 8 Threads16) VEGA 7 | Graphic Processor (Tray),"Rs. 71,500",In Stock,https://www.chamacomputers.lk/products/processors/amd%20ryzen%207%205700g%20(cores%208%20threads16)%20vega%207%20%7C%20graphic%20processor%20(tray)
Processors,32301-AMD Ryzen 5 7600X Processor (Cores 6 / Threads 12)(Tray),"Rs. 62,500",In Stock,https://www.chamacomputers.lk/products/processors/amd%20ryzen%205%207600x%20processor%20(cores%206%20%2F%20threads%2012)(tray)
Processors,34623-INTEL CORE i9 14900K (Cores 24/Threads 32) Processor,"Rs. 179,000",In Stock,https://www.chamacomputers.lk/products/processors/intel%20core%20i9%2014900k%20(cores%2024%2Fthreads%2032)%20processor
Processors,34625-INTEL CORE i7 14700F (Cores 20/Threads 28) Processor,"Rs. 122,500",In Stock,https://www.chamacomputers.lk/products/processors/intel%20core%20i7%2014700f%20(cores%2020%2Fthreads%2028)%20processor
Processors,34678-INTEL CORE Ultra 7 Processor 265K (Tray),"Rs. 112,500",In Stock,https://www.chamacomputers.lk/products/processors/intel%20core%20ultra%207%20processor%20265k%20(tray)
Processors,34687-INTEL CORE Ultra 9 Processor 285K,"Rs. 199,500",In Stock,https://www.chamacomputers.lk/products/processors/intel%20core%20ultra%209%20processor%20285k
Processors,39610-AMD Ryzen 5 5500X3D Processor (6 Core/12 Threds) (Tray),"Rs. 72,000",In Stock,https://www.chamacomputers.lk/products/processors/amd%20ryzen%205%205500x3d%20processor%20(6%20core%2F12%20threds)%20(tray)
Processors,40017-Intel Core Ultra 7 270K Plus Processor,"Rs. 132,000",In Stock,https://www.chamacomputers.lk/products/processors/intel%20core%20ultra%207%20270k%20plus%20processor
Processors,40026-INTEL CORE i3 12100 Processor (4 Cores/8 Threads) - Tray,"Rs. 55,000",In Stock,https://www.chamacomputers.lk/products/processors/intel%20core%20i3%2012100%20processor%20(4%20cores%2F8%20threads)%20-%20tray
Processors,40077-AMD Ryzen 5 8400F Processor (Cores 6/Threads 12) (Tray),"Rs. 43,000",In Stock,https://www.chamacomputers.lk/products/processors/amd%20ryzen%205%208400f%20processor%20(cores%206%2Fthreads%2012)%20(tray)
Processors,40244-AMD Ryzen 5 Pro 8600G  Processor (Cores 6/Threads 12)-Tray,"Rs. 79,500",In Stock,https://www.chamacomputers.lk/products/processors/amd%20ryzen%205%20pro%208600g%20%20processor%20(cores%206%2Fthreads%2012)-tray
Processors,20811-AMD Ryzen 5 5500 Processor (6 Core/12 Threds),"Rs. 36,000",Out of Stock,https://www.chamacomputers.lk/products/processors/amd%20ryzen%205%205500%20processor%20(6%20core%2F12%20threds)
Processors,20814-AMD Ryzen 5 7500F Processor (Cores 6/Threads 12),"Rs. 55,500",Out of Stock,https://www.chamacomputers.lk/products/processors/amd%20ryzen%205%207500f%20processor%20(cores%206%2Fthreads%2012)
Processors,20816-AMD Ryzen 7 5700G VEGA 7 | Graphic Processor (Cores 8 Threads16),"Rs. 73,500",Out of Stock,https://www.chamacomputers.lk/products/processors/amd%20ryzen%207%205700g%20vega%207%20%7C%20graphic%20processor%20(cores%208%20threads16)
Processors,20818-AMD Ryzen 7 5700X Processor (8 Cores/16 Threads) (Tray),"Rs. 59,500",Out of Stock,https://www.chamacomputers.lk/products/processors/amd%20ryzen%207%205700x%20processor%20(8%20cores%2F16%20threads)%20(tray)
Processors,20820-AMD Ryzen 7 7800X3D Processor (Cores 8 / Threads 16)- (Tray),"Rs. 124,500",Out of Stock,https://www.chamacomputers.lk/products/processors/amd%20ryzen%207%207800x3d%20processor%20(cores%208%20%2F%20threads%2016)-%20(tray)
Processors,20821-AMD Ryzen 7 9800X3D (8 Cores/16 Threads) Processor,"Rs. 159,000",Out of Stock,https://www.chamacomputers.lk/products/processors/amd%20ryzen%207%209800x3d%20(8%20cores%2F16%20threads)%20processor
Processors,20823-AMD Ryzen 9 7900X Processor (12 Cores/24 Threads),"Rs. 125,000",Out of Stock,https://www.chamacomputers.lk/products/processors/amd%20ryzen%209%207900x%20processor%20(12%20cores%2F24%20threads)
Processors,20824-AMD Ryzen 9 7950X (Cores 16 / Threads 32) Processor,"Rs. 168,000",Out of Stock,https://www.chamacomputers.lk/products/processors/amd%20ryzen%209%207950x%20(cores%2016%20%2F%20threads%2032)%20processor
Processors,20825-AMD Ryzen 9 9900X Processor (Cores 12/Threads 24) (Tray),"Rs. 135,000",Out of Stock,https://www.chamacomputers.lk/products/processors/amd%20ryzen%209%209900x%20processor%20(cores%2012%2Fthreads%2024)%20(tray)
Processors,20827-AMD Ryzen 9 9900X3D (12-cores 24-threads) Processor,"Rs. 219,000",Out of Stock,https://www.chamacomputers.lk/products/processors/amd%20ryzen%209%209900x3d%20(12-cores%2024-threads)%20processor
Processors,20829-AMD Ryzen 5 5600GT Processor (Cores 6/Threads 12),"Rs. 62,000",Out of Stock,https://www.chamacomputers.lk/products/processors/amd%20ryzen%205%205600gt%20processor%20(cores%206%2Fthreads%2012)
Processors,20830-AMD Ryzen 5 7600 Processor (Cores 6 / Threads 12) (Tray),"Rs. 56,500",Out of Stock,https://www.chamacomputers.lk/products/processors/amd%20ryzen%205%207600%20processor%20(cores%206%20%2F%20threads%2012)%20(tray)
Processors,20831-AMD Ryzen 5 7600X Processor (Cores 6 / Threads 12),"Rs. 63,500",Out of Stock,https://www.chamacomputers.lk/products/processors/amd%20ryzen%205%207600x%20processor%20(cores%206%20%2F%20threads%2012)
Processors,20832-AMD Ryzen 9 9950X3D Processor (Cores16/Threads 32) (Tray),"Rs. 232,500",Out of Stock,https://www.chamacomputers.lk/products/processors/amd%20ryzen%209%209950x3d%20processor%20(cores16%2Fthreads%2032)%20(tray)
Processors,21149-INTEL CORE i7 14700 Processor (Tray),"Rs. 135,500",Out of Stock,https://www.chamacomputers.lk/products/processors/intel%20core%20i7%2014700%20processor%20(tray)
Processors,21150-INTEL CORE i7 14700F (Cores 20/Threads 28) Processor (Tray),"Rs. 114,500",Out of Stock,https://www.chamacomputers.lk/products/processors/intel%20core%20i7%2014700f%20(cores%2020%2Fthreads%2028)%20processor%20(tray)
Processors,21153-INTEL CORE i5 12400F (Cores 6/Total Threads 12) Processor (Tray),"Rs. 52,000",Out of Stock,https://www.chamacomputers.lk/products/processors/intel%20core%20i5%2012400f%20(cores%206%2Ftotal%20threads%2012)%20processor%20(tray)
Processors,21169-INTEL CORE i5 12400 ( Cores 6/Threads 12 ) Processor,"Rs. 72,000",Out of Stock,https://www.chamacomputers.lk/products/processors/intel%20core%20i5%2012400%20(%20cores%206%2Fthreads%2012%20)%20processor
Processors,21171-INTEL CORE i5 14400 (CORES 10/ THREADS 16) Processor,"Rs. 84,000",Out of Stock,https://www.chamacomputers.lk/products/processors/intel%20core%20i5%2014400%20(cores%2010%2F%20threads%2016)%20processor
Processors,21172-INTEL CORE i5 14400 (CORES 10/ THREADS 16) Processor (Tray),"Rs. 68,500",Out of Stock,https://www.chamacomputers.lk/products/processors/intel%20core%20i5%2014400%20(cores%2010%2F%20threads%2016)%20processor%20(tray)
Processors,21173-INTEL CORE i5 14400F Processor (Cores 10/ Threads 16),"Rs. 60,000",Out of Stock,https://www.chamacomputers.lk/products/processors/intel%20core%20i5%2014400f%20processor%20(cores%2010%2F%20threads%2016)
Processors,21175-INTEL CORE i7 12700F (Cores 12/ Threads 20) Processor (Tray),"Rs. 94,000",Out of Stock,https://www.chamacomputers.lk/products/processors/intel%20core%20i7%2012700f%20(cores%2012%2F%20threads%2020)%20processor%20(tray)
Processors,21177-INTEL CORE i7 13700F Processor (Cores 16 Threads 24),"Rs. 95,000",Out of Stock,https://www.chamacomputers.lk/products/processors/intel%20core%20i7%2013700f%20processor%20(cores%2016%20threads%2024)
Processors,21178-INTEL CORE i7 12700K Processor (Cores 12 Threads 20),"Rs. 126,000",Out of Stock,https://www.chamacomputers.lk/products/processors/intel%20core%20i7%2012700k%20processor%20(cores%2012%20threads%2020)
Processors,32268-AMD Ryzen 5 3600 Processor (6 Core/12 Threds),"Rs. 34,500",Out of Stock,https://www.chamacomputers.lk/products/processors/amd%20ryzen%205%203600%20processor%20(6%20core%2F12%20threds)
Processors,32270-AMD Ryzen 5 5600X  Processor (Cores 6/Threads 12),"Rs. 50,000",Out of Stock,https://www.chamacomputers.lk/products/processors/amd%20ryzen%205%205600x%20%20processor%20(cores%206%2Fthreads%2012)
Processors,32274-AMD Ryzen 5 8600G  Processor (Cores 6/Threads 12)-Tray,"Rs. 70,000",Out of Stock,https://www.chamacomputers.lk/products/processors/amd%20ryzen%205%208600g%20%20processor%20(cores%206%2Fthreads%2012)-tray
Processors,32275-AMD Ryzen 5 8600G Processor (Core 6/Threads12),"Rs. 74,000",Out of Stock,https://www.chamacomputers.lk/products/processors/amd%20ryzen%205%208600g%20processor%20(core%206%2Fthreads12)
Processors,32277-AMD Ryzen 5 4600G ( Cores 6/Threads 12 )  Processor,"Rs. 38,000",Out of Stock,https://www.chamacomputers.lk/products/processors/amd%20ryzen%205%204600g%20(%20cores%206%2Fthreads%2012%20)%20%20processor
Processors,32280-AMD Ryzen 7 5700X Processor (8 Cores/16 Threads),"Rs. 67,000",Out of Stock,https://www.chamacomputers.lk/products/processors/amd%20ryzen%207%205700x%20processor%20(8%20cores%2F16%20threads)
Processors,32281-AMD Ryzen 7 5800X Processor (8 Cores/16 Threads),"Rs. 65,000",Out of Stock,https://www.chamacomputers.lk/products/processors/amd%20ryzen%207%205800x%20processor%20(8%20cores%2F16%20threads)
Processors,32282-AMD Ryzen 7 5800X Processor (8 Cores/16 Threads) (Tray),"Rs. 59,500",Out of Stock,https://www.chamacomputers.lk/products/processors/amd%20ryzen%207%205800x%20processor%20(8%20cores%2F16%20threads)%20(tray)
Processors,32283-AMD Ryzen 7 7700 (8 Cores/16 Threads) Processor (Tray),"Rs. 74,500",Out of Stock,https://www.chamacomputers.lk/products/processors/amd%20ryzen%207%207700%20(8%20cores%2F16%20threads)%20processor%20(tray)
Processors,32284-AMD Ryzen 7 7700X (8 Cores/16 Threads) Processor,"Rs. 105,000",Out of Stock,https://www.chamacomputers.lk/products/processors/amd%20ryzen%207%207700x%20(8%20cores%2F16%20threads)%20processor
Processors,32285-AMD Ryzen 7 7800X3D Peocessor (8 Cores/16 Threads),"Rs. 155,500",Out of Stock,https://www.chamacomputers.lk/products/processors/amd%20ryzen%207%207800x3d%20peocessor%20(8%20cores%2F16%20threads)
Processors,32286-AMD Ryzen 7 8700G (8 Cores/16 Threads) Processor,"Rs. 109,500",Out of Stock,https://www.chamacomputers.lk/products/processors/amd%20ryzen%207%208700g%20(8%20cores%2F16%20threads)%20processor
Processors,32287-AMD Ryzen 7 8700G (8 Cores/16 Threads) Processor (Tray),"Rs. 97,000",Out of Stock,https://www.chamacomputers.lk/products/processors/amd%20ryzen%207%208700g%20(8%20cores%2F16%20threads)%20processor%20(tray)
Processors,32288-AMD Ryzen 7 9700X (8 Cores/16 Threads) Processor,"Rs. 107,500",Out of Stock,https://www.chamacomputers.lk/products/processors/amd%20ryzen%207%209700x%20(8%20cores%2F16%20threads)%20processor
Processors,32289-AMD Ryzen 9 5900X (12 Cores /24 Treads) Processor,"Rs. 142,000",Out of Stock,https://www.chamacomputers.lk/products/processors/amd%20ryzen%209%205900x%20(12%20cores%20%2F24%20treads)%20processor
Processors,32290-AMD Ryzen 9 5950X 16 (12 Cores /24 Treads) Processor,"Rs. 192,000",Out of Stock,https://www.chamacomputers.lk/products/processors/amd%20ryzen%209%205950x%2016%20(12%20cores%20%2F24%20treads)%20processor
Processors,32291-AMD Ryzen 9 5950X 16 (12 Cores /24 Treads) Processor (Used),"Rs. 105,000",Out of Stock,https://www.chamacomputers.lk/products/processors/amd%20ryzen%209%205950x%2016%20(12%20cores%20%2F24%20treads)%20processor%20(used)
Processors,32292-AMD Ryzen 9 7900X Processor (Cores 12 /Threads 24) (Tray),"Rs. 125,000",Out of Stock,https://www.chamacomputers.lk/products/processors/amd%20ryzen%209%207900x%20processor%20(cores%2012%20%2Fthreads%2024)%20(tray)
Processors,32293-AMD Ryzen 9 7900X3D Processor (Cores 12 / Threads 24),"Rs. 156,000",Out of Stock,https://www.chamacomputers.lk/products/processors/amd%20ryzen%209%207900x3d%20processor%20(cores%2012%20%2F%20threads%2024)
Processors,32294-AMD Ryzen 9 7900X3D Processor (Cores 12 / Threads 24) (Tray),"Rs. 142,000",Out of Stock,https://www.chamacomputers.lk/products/processors/amd%20ryzen%209%207900x3d%20processor%20(cores%2012%20%2F%20threads%2024)%20(tray)
Processors,32295-AMD Ryzen 9 7950X (Cores 16 / Threads 32) Processor (Tray),"Rs. 200,000",Out of Stock,https://www.chamacomputers.lk/products/processors/amd%20ryzen%209%207950x%20(cores%2016%20%2F%20threads%2032)%20processor%20(tray)
Processors,32296-AMD Ryzen 9 7950X3D Processor (Cores 16 / Threads 32),"Rs. 210,000",Out of Stock,https://www.chamacomputers.lk/products/processors/amd%20ryzen%209%207950x3d%20processor%20(cores%2016%20%2F%20threads%2032)
Processors,32297-AMD Ryzen 9 7950X3D Processor (Cores 16 / Threads 32) (Tray),"Rs. 205,000",Out of Stock,https://www.chamacomputers.lk/products/processors/amd%20ryzen%209%207950x3d%20processor%20(cores%2016%20%2F%20threads%2032)%20(tray)
Processors,32298-AMD Ryzen 9 9900X Processor (Cores 12/Threads 24),"Rs. 149,000",Out of Stock,https://www.chamacomputers.lk/products/processors/amd%20ryzen%209%209900x%20processor%20(cores%2012%2Fthreads%2024)
Processors,32299-AMD Ryzen 9 9950X Processor (Cores 16/ Threads 32),"Rs. 199,000",Out of Stock,https://www.chamacomputers.lk/products/processors/amd%20ryzen%209%209950x%20processor%20(cores%2016%2F%20threads%2032)
Processors,32302-AMD Ryzen 5 7600 (up to 5.1Ghz 6-cores 12-threads) 32M Cache,"Rs. 56,500",Out of Stock,https://www.chamacomputers.lk/products/processors/amd%20ryzen%205%207600%20(up%20to%205.1ghz%206-cores%2012-threads)%2032m%20cache
Processors,32303-AMD Ryzen 5 8500G Processor (CORES 6 / THREADS 12),"Rs. 59,500",Out of Stock,https://www.chamacomputers.lk/products/processors/amd%20ryzen%205%208500g%20processor%20(cores%206%20%2F%20threads%2012)
Processors,32305-AMD Ryzen 7 9800X3D (8 Cores/16 Threads) Processor (Tray),"Rs. 157,000",Out of Stock,https://www.chamacomputers.lk/products/processors/amd%20ryzen%207%209800x3d%20(8%20cores%2F16%20threads)%20processor%20(tray)
Processors,32306-AMD Ryzen 9 9900X3D (12-cores 24-threads) Processor (Tray),"Rs. 204,500",Out of Stock,https://www.chamacomputers.lk/products/processors/amd%20ryzen%209%209900x3d%20(12-cores%2024-threads)%20processor%20(tray)
Processors,32308-AMD Ryzen 5 5600G Processor (Cores 6/Threads 12),"Rs. 55,000",Out of Stock,https://www.chamacomputers.lk/products/processors/amd%20ryzen%205%205600g%20processor%20(cores%206%2Fthreads%2012)
Processors,32309-AMD Ryzen 5 5600G Processor (Cores 6/Threads 12) (Tray),"Rs. 50,000",Out of Stock,https://www.chamacomputers.lk/products/processors/amd%20ryzen%205%205600g%20processor%20(cores%206%2Fthreads%2012)%20(tray)
Processors,32312-AMD Ryzen 9 9950X3D Processor (Cores16/Threads 32),"Rs. 245,000",Out of Stock,https://www.chamacomputers.lk/products/processors/amd%20ryzen%209%209950x3d%20processor%20(cores16%2Fthreads%2032)
Processors,34617-INTEL CORE i3 14100 Processor,"Rs. 50,000",Out of Stock,https://www.chamacomputers.lk/products/processors/intel%20core%20i3%2014100%20processor
Processors,34622-INTEL CORE i7 14700K Processor (Cores 20/Threads 28) (Tray),"Rs. 124,500",Out of Stock,https://www.chamacomputers.lk/products/processors/intel%20core%20i7%2014700k%20processor%20(cores%2020%2Fthreads%2028)%20(tray)
Processors,34626-INTEL CORE i3 10100 ( Cores 4/Threads 8 ) Processor,"Rs. 35,000",Out of Stock,https://www.chamacomputers.lk/products/processors/intel%20core%20i3%2010100%20(%20cores%204%2Fthreads%208%20)%20processor
Processors,34628-INTEL CORE i5 12400F (Cores 6/Total Threads 12) Processor,"Rs. 52,500",Out of Stock,https://www.chamacomputers.lk/products/processors/intel%20core%20i5%2012400f%20(cores%206%2Ftotal%20threads%2012)%20processor
Processors,34633-INTEL CORE i3 10100F ( Cores 4/Threads 8 ) Processor,"Rs. 25,000",Out of Stock,https://www.chamacomputers.lk/products/processors/intel%20core%20i3%2010100f%20(%20cores%204%2Fthreads%208%20)%20processor
Processors,34634-INTEL CORE i3 10105 PROCESSOR,"Rs. 38,500",Out of Stock,https://www.chamacomputers.lk/products/processors/intel%20core%20i3%2010105%20processor
Processors,34647-INTEL CORE i3 12100 Processor (4 Cores/8 Threads),"Rs. 59,500",Out of Stock,https://www.chamacomputers.lk/products/processors/intel%20core%20i3%2012100%20processor%20(4%20cores%2F8%20threads)
Processors,34648-INTEL CORE i3 13100 PROCESSOR ( 4 Cores/8 Threads ),"Rs. 47,500",Out of Stock,https://www.chamacomputers.lk/products/processors/intel%20core%20i3%2013100%20processor%20(%204%20cores%2F8%20threads%20)
Processors,34649-INTEL CORE i3 13100 PROCESSOR TRAY( 4 Cores/8 Threads ),"Rs. 35,000",Out of Stock,https://www.chamacomputers.lk/products/processors/intel%20core%20i3%2013100%20processor%20tray(%204%20cores%2F8%20threads%20)
Processors,34650-INTEL CORE i5 11400 Processor (Cores 6/Threads 12),"Rs. 42,000",Out of Stock,https://www.chamacomputers.lk/products/processors/intel%20core%20i5%2011400%20processor%20(cores%206%2Fthreads%2012)
Processors,34651-INTEL CORE i5 11400F ( Cores 6/Threads 12 ),"Rs. 33,000",Out of Stock,https://www.chamacomputers.lk/products/processors/intel%20core%20i5%2011400f%20(%20cores%206%2Fthreads%2012%20)
Processors,34652-INTEL CORE i5 12600K ( Cores 10/Threads 16 ) Processor,"Rs. 99,000",Out of Stock,https://www.chamacomputers.lk/products/processors/intel%20core%20i5%2012600k%20(%20cores%2010%2Fthreads%2016%20)%20processor
Processors,34653-INTEL CORE i7 10700 ( CORES 8/ THREADS 16 ),"Rs. 83,000",Out of Stock,https://www.chamacomputers.lk/products/processors/intel%20core%20i7%2010700%20(%20cores%208%2F%20threads%2016%20)
Processors,34654-INTEL CORE i7 11700 ( Cores 8/Threads 16 ),"Rs. 98,000",Out of Stock,https://www.chamacomputers.lk/products/processors/intel%20core%20i7%2011700%20(%20cores%208%2Fthreads%2016%20)
Processors,34655-INTEL CORE i7 11700F ( Cores 8/Threads 16 ),"Rs. 89,500",Out of Stock,https://www.chamacomputers.lk/products/processors/intel%20core%20i7%2011700f%20(%20cores%208%2Fthreads%2016%20)
Processors,34656-INTEL CORE i7 12700F (Cores 12/ Threads 20) Processor,"Rs. 86,500",Out of Stock,https://www.chamacomputers.lk/products/processors/intel%20core%20i7%2012700f%20(cores%2012%2F%20threads%2020)%20processor
Processors,34658-INTEL CORE i5 13400 Processor (Cores 10/ Threads 16),"Rs. 68,000",Out of Stock,https://www.chamacomputers.lk/products/processors/intel%20core%20i5%2013400%20processor%20(cores%2010%2F%20threads%2016)
Processors,34659-INTEL CORE i5 13400F Processor (Cores 10/ Threads 16),"Rs. 73,000",Out of Stock,https://www.chamacomputers.lk/products/processors/intel%20core%20i5%2013400f%20processor%20(cores%2010%2F%20threads%2016)
Processors,34660-INTEL CORE i5 13600K ( Cores 14/ Threads 20 ),"Rs. 113,000",In Stock,https://www.chamacomputers.lk/products/processors/intel%20core%20i5%2013600k%20(%20cores%2014%2F%20threads%2020%20)
Processors,34661-INTEL CORE i5 13600KF (  Cores 14/Threads 20 ),"Rs. 125,000",Out of Stock,https://www.chamacomputers.lk/products/processors/intel%20core%20i5%2013600kf%20(%20%20cores%2014%2Fthreads%2020%20)
Processors,34663-INTEL CORE i5 14600K (CORES 14 /THREADS 20),"Rs. 110,000",Out of Stock,https://www.chamacomputers.lk/products/processors/intel%20core%20i5%2014600k%20(cores%2014%20%2Fthreads%2020)
Processors,34665-INTEL CORE i7 13700 (CORES 16 / THREADS 24),"Rs. 135,500",Out of Stock,https://www.chamacomputers.lk/products/processors/intel%20core%20i7%2013700%20(cores%2016%20%2F%20threads%2024)
Processors,34666-INTEL CORE i7 13700K ( Cores 16/Threads 24 ),"Rs. 139,000",Out of Stock,https://www.chamacomputers.lk/products/processors/intel%20core%20i7%2013700k%20(%20cores%2016%2Fthreads%2024%20)
Processors,34667-INTEL CORE i7 13700KF ( Cores 16/Threads 24 ),"Rs. 165,000",Out of Stock,https://www.chamacomputers.lk/products/processors/intel%20core%20i7%2013700kf%20(%20cores%2016%2Fthreads%2024%20)
Processors,34668-INTEL CORE i7 12700K Processor (Cores 12 Threads 20) (Tray),"Rs. 105,000",Out of Stock,https://www.chamacomputers.lk/products/processors/intel%20core%20i7%2012700k%20processor%20(cores%2012%20threads%2020)%20(tray)
Processors,34669-INTEL CORE i9 13900K ( Cores 24/Threads 32 ),"Rs. 205,000",Out of Stock,https://www.chamacomputers.lk/products/processors/intel%20core%20i9%2013900k%20(%20cores%2024%2Fthreads%2032%20)
Processors,34670-INTEL CORE i9 13900KF ( Cores 24/Threads 32 ),"Rs. 229,000",Out of Stock,https://www.chamacomputers.lk/products/processors/intel%20core%20i9%2013900kf%20(%20cores%2024%2Fthreads%2032%20)
Processors,34675-INTEL CORE i5-14600K Processor (Cores 14/Threads 20) (Tray),"Rs. 91,000",Out of Stock,https://www.chamacomputers.lk/products/processors/intel%20core%20i5-14600k%20processor%20(cores%2014%2Fthreads%2020)%20(tray)
Processors,34676-INTEL CORE Ultra 5 Processor 245K,"Rs. 107,000",Out of Stock,https://www.chamacomputers.lk/products/processors/intel%20core%20ultra%205%20processor%20245k
Processors,34677-INTEL CORE Ultra 7 Processor 265K,"Rs. 109,500",Out of Stock,https://www.chamacomputers.lk/products/processors/intel%20core%20ultra%207%20processor%20265k
Processors,34679-INTEL CORE Ultra 9 Processor 285K (Tray),"Rs. 189,000",Out of Stock,https://www.chamacomputers.lk/products/processors/intel%20core%20ultra%209%20processor%20285k%20(tray)
Processors,34680-INTEL CORE i9 14900KS ( Cores 24/Threads 32 ),"Rs. 205,000",Out of Stock,https://www.chamacomputers.lk/products/processors/intel%20core%20i9%2014900ks%20(%20cores%2024%2Fthreads%2032%20)
Processors,34691-Intel Core Ultra 5 Processor 235,"Rs. 104,000",Out of Stock,https://www.chamacomputers.lk/products/processors/intel%20core%20ultra%205%20processor%20235
Processors,34694-INTEL CORE i5 10400 ( Cores 6/ Threads 12 ) Processor,"Rs. 48,000",Out of Stock,https://www.chamacomputers.lk/products/processors/intel%20core%20i5%2010400%20(%20cores%206%2F%20threads%2012%20)%20processor
Processors,34695-INTEL CORE i5 10400F ( Cores 6/ Threads 12 ) Processor,"Rs. 36,500",Out of Stock,https://www.chamacomputers.lk/products/processors/intel%20core%20i5%2010400f%20(%20cores%206%2F%20threads%2012%20)%20processor
Processors,36044-AMD Ryzen 5 3400G Processor (Cores4 / Threads8),"Rs. 41,000",Out of Stock,https://www.chamacomputers.lk/products/processors/amd%20ryzen%205%203400g%20processor%20(cores4%20%2F%20threads8)
Processors,38808-AMD Ryzen 5 5600X Processor (Cores 6/Threads 12)-Tray,"Rs. 52,000",Out of Stock,https://www.chamacomputers.lk/products/processors/amd%20ryzen%205%205600x%20processor%20(cores%206%2Fthreads%2012)-tray
Motherboards,21275-MSI Pro H610M-E DDR4 Motherboard,"Rs. 34,500",In Stock,https://www.chamacomputers.lk/products/motherboards/msi%20pro%20h610m-e%20ddr4%20motherboard
Motherboards,35223-MSI B650M Bomber Wifi DDR5 Motherboard,"Rs. 54,000",In Stock,https://www.chamacomputers.lk/products/motherboards/msi%20b650m%20bomber%20wifi%20ddr5%20motherboard
Motherboards,21277-MSI Pro H610M-E DDR5 Motherboard,"Rs. 36,500",In Stock,https://www.chamacomputers.lk/products/motherboards/msi%20pro%20h610m-e%20ddr5%20motherboard
Motherboards,21251-MSI B760M Gaming Plus WIFI DDR5 Motherboard,"Rs. 70,500",In Stock,https://www.chamacomputers.lk/products/motherboards/msi%20b760m%20gaming%20plus%20wifi%20ddr5%20motherboard
Motherboards,34207-Gigabyte B840M EAGLE WIFI6 Motherboard,"Rs. 51,500",In Stock,https://www.chamacomputers.lk/products/motherboards/gigabyte%20b840m%20eagle%20wifi6%20motherboard
Motherboards,20900-Asrock FM2A68M-DG3 DDR3,"Rs. 18,000",In Stock,https://www.chamacomputers.lk/products/motherboards/asrock%20fm2a68m-dg3%20ddr3
Motherboards,21250-MSI B650M Gaming WIFI DDR5 Motherboard,"Rs. 73,500",In Stock,https://www.chamacomputers.lk/products/motherboards/msi%20b650m%20gaming%20wifi%20ddr5%20motherboard
Motherboards,21252-MSI B840 Gaming Plus WIFI Motherboard,"Rs. 80,000",In Stock,https://www.chamacomputers.lk/products/motherboards/msi%20b840%20gaming%20plus%20wifi%20motherboard
Motherboards,21271-MSI PRO B650M-P DDR5 Motherboard,"Rs. 48,500",In Stock,https://www.chamacomputers.lk/products/motherboards/msi%20pro%20b650m-p%20ddr5%20motherboard
Motherboards,21246-MSI A520M-A PRO Motherboard,"Rs. 27,500",In Stock,https://www.chamacomputers.lk/products/motherboards/msi%20a520m-a%20pro%20motherboard
Motherboards,21248-MSI B550M PRO-VDH WIFI Motherboard,"Rs. 51,500",In Stock,https://www.chamacomputers.lk/products/motherboards/msi%20b550m%20pro-vdh%20wifi%20motherboard
Motherboards,21254-MSI B860 Gaming Plus Wifi DDR5 Motherboard,"Rs. 87,500",In Stock,https://www.chamacomputers.lk/products/motherboards/msi%20b860%20gaming%20plus%20wifi%20ddr5%20motherboard
Motherboards,35226-MSI B760 Gaming Plus WIFI DDR5 Motherboard,"Rs. 68,500",In Stock,https://www.chamacomputers.lk/products/motherboards/msi%20b760%20gaming%20plus%20wifi%20ddr5%20motherboard
Motherboards,35229-MSI B760M-E Pro DDR5 Motherboard,"Rs. 40,500",In Stock,https://www.chamacomputers.lk/products/motherboards/msi%20b760m-e%20pro%20ddr5%20motherboard
Motherboards,35543-MSI PRO B760M P DDR5 Motherboard,"Rs. 47,500",In Stock,https://www.chamacomputers.lk/products/motherboards/msi%20pro%20b760m%20p%20ddr5%20motherboard
Motherboards,35572-MSI Pro B760M-A (WIFI) DDR5 Motherboard,"Rs. 60,000",In Stock,https://www.chamacomputers.lk/products/motherboards/msi%20pro%20b760m-a%20(wifi)%20ddr5%20motherboard
Motherboards,39294-MSI B840M P DDR5 WIFI6E Motherboard,"Rs. 61,500",In Stock,https://www.chamacomputers.lk/products/motherboards/msi%20b840m%20p%20ddr5%20wifi6e%20motherboard
Motherboards,39370-Gigabyte B550M H ARGB AMD DDR4 Motherboard,"Rs. 43,000",In Stock,https://www.chamacomputers.lk/products/motherboards/gigabyte%20b550m%20h%20argb%20amd%20ddr4%20motherboard
Motherboards,20926-Asus Rog Strix Z890-E Gaming WIFI DDR5,"Rs. 220,000",In Stock,https://www.chamacomputers.lk/products/motherboards/asus%20rog%20strix%20z890-e%20gaming%20wifi%20ddr5
Motherboards,21272-MSI PRO B760M-E DDR4 Motherboard,"Rs. 41,000",In Stock,https://www.chamacomputers.lk/products/motherboards/msi%20pro%20b760m-e%20ddr4%20motherboard
Motherboards,33033-Asus B650M AYW Wifi DDR5 Motherboard,"Rs. 57,000",In Stock,https://www.chamacomputers.lk/products/motherboards/asus%20b650m%20ayw%20wifi%20ddr5%20motherboard
Motherboards,35545-MSI PRO B860-P WIFI DDR5 Motherboard,"Rs. 81,500",In Stock,https://www.chamacomputers.lk/products/motherboards/msi%20pro%20b860-p%20wifi%20ddr5%20motherboard
Motherboards,35567-MSI PRO Z790-P (WIFI) DDR5 Motherboard,"Rs. 97,000",In Stock,https://www.chamacomputers.lk/products/motherboards/msi%20pro%20z790-p%20(wifi)%20ddr5%20motherboard
Motherboards,35573-MSI Pro H610M-S DDR4 Wifi Motherboard,"Rs. 38,500",In Stock,https://www.chamacomputers.lk/products/motherboards/msi%20pro%20h610m-s%20ddr4%20wifi%20motherboard
Motherboards,39027-MSI B850M Gaming Plus WIFI6E Motherboard,"Rs. 85,500",In Stock,https://www.chamacomputers.lk/products/motherboards/msi%20b850m%20gaming%20plus%20wifi6e%20motherboard
Motherboards,39369-Gigabyte B550M K AMD DDR4 Motherboard,"Rs. 39,000",In Stock,https://www.chamacomputers.lk/products/motherboards/gigabyte%20b550m%20k%20amd%20ddr4%20motherboard
Motherboards,39727-Asus tuf B860M plus Wi-Fi motherboard,"Rs. 90,000",In Stock,https://www.chamacomputers.lk/products/motherboards/asus%20tuf%20b860m%20plus%20wi-fi%20motherboard
Motherboards,20913-Asus Prime A520M-K Motherboard,"Rs. 28,000",Out of Stock,https://www.chamacomputers.lk/products/motherboards/asus%20prime%20a520m-k%20motherboard
Motherboards,20914-Asus Prime A620M-K DDR5 Motherboard,"Rs. 36,500",Out of Stock,https://www.chamacomputers.lk/products/motherboards/asus%20prime%20a620m-k%20ddr5%20motherboard
Motherboards,20915-Asus Prime B760M-K DDR4 Motherboard,"Rs. 42,000",Out of Stock,https://www.chamacomputers.lk/products/motherboards/asus%20prime%20b760m-k%20ddr4%20motherboard
Motherboards,20944-ASUS TUF Gaming B850M-PLUS Wifi Motherboard,"Rs. 98,000",Out of Stock,https://www.chamacomputers.lk/products/motherboards/asus%20tuf%20gaming%20b850m-plus%20wifi%20motherboard
Motherboards,20948-Asus Tuf Z890-Pro Wifi DDR5 Motherboard,"Rs. 143,000",Out of Stock,https://www.chamacomputers.lk/products/motherboards/asus%20tuf%20z890-pro%20wifi%20ddr5%20motherboard
Motherboards,21059-Gigabyte A520M-K V2 Motherboard,"Rs. 24,500",Out of Stock,https://www.chamacomputers.lk/products/motherboards/gigabyte%20a520m-k%20v2%20motherboard
Motherboards,21060-Gigabyte B760M D3HP DDR5 Motherboard,"Rs. 50,000",Out of Stock,https://www.chamacomputers.lk/products/motherboards/gigabyte%20b760m%20d3hp%20ddr5%20motherboard
Motherboards,21062-GIGABYTE H610M K DDR4 - Motherboard,"Rs. 31,500",Out of Stock,https://www.chamacomputers.lk/products/motherboards/gigabyte%20h610m%20k%20ddr4%20-%20motherboard
Motherboards,21063-Gigabyte H610M K DDR5 Motherboard,"Rs. 31,500",Out of Stock,https://www.chamacomputers.lk/products/motherboards/gigabyte%20h610m%20k%20ddr5%20motherboard
Motherboards,21253-MSI B850 Gaming Plus Wifi DDR5 Motherboard,"Rs. 84,000",Out of Stock,https://www.chamacomputers.lk/products/motherboards/msi%20b850%20gaming%20plus%20wifi%20ddr5%20motherboard
Motherboards,21267-MSI MAG X870E Tomahawk (WIFI) DDR5 Motherboard,"Rs. 166,000",In Stock,https://www.chamacomputers.lk/products/motherboards/msi%20mag%20x870e%20tomahawk%20(wifi)%20ddr5%20motherboard
Motherboards,21269-MSI Pro A620M-E Motherboard,"Rs. 39,000",Out of Stock,https://www.chamacomputers.lk/products/motherboards/msi%20pro%20a620m-e%20motherboard
Motherboards,32356-ASROCK A520M-HDV DDR4 MOTHERBOARD,"Rs. 20,000",Out of Stock,https://www.chamacomputers.lk/products/motherboards/asrock%20a520m-hdv%20ddr4%20motherboard
Motherboards,32357-ASROCK A520M-HVS DDR4 MOTHERBOARD,"Rs. 20,000",Out of Stock,https://www.chamacomputers.lk/products/motherboards/asrock%20a520m-hvs%20ddr4%20motherboard
Motherboards,32358-ASROCK A620M PRO RS WiFi DDR5 MOTHERBOARD,"Rs. 40,000",Out of Stock,https://www.chamacomputers.lk/products/motherboards/asrock%20a620m%20pro%20rs%20wifi%20ddr5%20motherboard
Motherboards,32363-ASROCK B450M STEEL LEGEND DDR4 MOTHERBOARD,"Rs. 25,000",Out of Stock,https://www.chamacomputers.lk/products/motherboards/asrock%20b450m%20steel%20legend%20ddr4%20motherboard
Motherboards,32369-ASROCK B550M STEEL LEGEND DDR4 MOTHERBOARD,"Rs. 49,000",Out of Stock,https://www.chamacomputers.lk/products/motherboards/asrock%20b550m%20steel%20legend%20ddr4%20motherboard
Motherboards,32370-ASROCK B550M WIFI DDR4 MOTHERBOARD,"Rs. 45,000",Out of Stock,https://www.chamacomputers.lk/products/motherboards/asrock%20b550m%20wifi%20ddr4%20motherboard
Motherboards,32378-ASROCK B650M PRO RS DDR5 Motherboard,"Rs. 52,000",Out of Stock,https://www.chamacomputers.lk/products/motherboards/asrock%20b650m%20pro%20rs%20ddr5%20motherboard
Motherboards,32379-ASROCK B650M PRO RS WiFi DDR5 Motherboard,"Rs. 67,000",Out of Stock,https://www.chamacomputers.lk/products/motherboards/asrock%20b650m%20pro%20rs%20wifi%20ddr5%20motherboard
Motherboards,32391-ASROCK B760M PG RIPTIDE DDR5 MOTHERBOARD,"Rs. 58,000",Out of Stock,https://www.chamacomputers.lk/products/motherboards/asrock%20b760m%20pg%20riptide%20ddr5%20motherboard
Motherboards,32394-ASROCK B760M STEEL LEGEND WiFi DDR5 MOTHERBOARD,"Rs. 70,000",Out of Stock,https://www.chamacomputers.lk/products/motherboards/asrock%20b760m%20steel%20legend%20wifi%20ddr5%20motherboard
Motherboards,32412-ASROCK Z690 TAICHI DDR5,"Rs. 199,000",Out of Stock,https://www.chamacomputers.lk/products/motherboards/asrock%20z690%20taichi%20ddr5
Motherboards,32418-ASUS / MSI B150 M.2 RAM SLOT 2,"Rs. 15,500",Out of Stock,https://www.chamacomputers.lk/products/motherboards/asus%20%2F%20msi%20b150%20m.2%20ram%20slot%202
Motherboards,32498-ASUS PRIME A520M-A II D4,"Rs. 36,000",Out of Stock,https://www.chamacomputers.lk/products/motherboards/asus%20prime%20a520m-a%20ii%20d4
Motherboards,32503-ASUS PRIME B550-PLUS D4 MOTHERBOARD,"Rs. 55,000",Out of Stock,https://www.chamacomputers.lk/products/motherboards/asus%20prime%20b550-plus%20d4%20motherboard
Motherboards,32505-ASUS PRIME B560M-A,"Rs. 55,000",Out of Stock,https://www.chamacomputers.lk/products/motherboards/asus%20prime%20b560m-a
Motherboards,32507-ASUS PRIME B660M-A WIFI D4,"Rs. 80,000",Out of Stock,https://www.chamacomputers.lk/products/motherboards/asus%20prime%20b660m-a%20wifi%20d4
Motherboards,32509-ASUS PRIME B760- PLUS D4,"Rs. 62,500",Out of Stock,https://www.chamacomputers.lk/products/motherboards/asus%20prime%20b760-%20plus%20d4
Motherboards,32511-ASUS PRIME B840M-A WIFI CSM,"Rs. 76,500",Out of Stock,https://www.chamacomputers.lk/products/motherboards/asus%20prime%20b840m-a%20wifi%20csm
Motherboards,32519-ASUS PRIME H510M-A-CSM-SI BULK MOTHERBOARD,"Rs. 30,500",Out of Stock,https://www.chamacomputers.lk/products/motherboards/asus%20prime%20h510m-a-csm-si%20bulk%20motherboard
Motherboards,32520-ASUS PRIME H510M-E CSM,"Rs. 29,500",Out of Stock,https://www.chamacomputers.lk/products/motherboards/asus%20prime%20h510m-e%20csm
Motherboards,32521-ASUS PRIME H510M-E/SI MOTHERBOARD,"Rs. 33,500",Out of Stock,https://www.chamacomputers.lk/products/motherboards/asus%20prime%20h510m-e%2Fsi%20motherboard
Motherboards,32522-ASUS PRIME H510M-K R2.0 DDR4,"Rs. 34,500",Out of Stock,https://www.chamacomputers.lk/products/motherboards/asus%20prime%20h510m-k%20r2.0%20ddr4
Motherboards,32523-ASUS PRIME H510M-K-R2.0 D4 BULK MOTHERBOARD,"Rs. 28,000",Out of Stock,https://www.chamacomputers.lk/products/motherboards/asus%20prime%20h510m-k-r2.0%20d4%20bulk%20motherboard
Motherboards,32524-ASUS PRIME H610M-E D4-CSM,"Rs. 35,500",Out of Stock,https://www.chamacomputers.lk/products/motherboards/asus%20prime%20h610m-e%20d4-csm
Motherboards,32525-ASUS PRIME H610M-E D4-CSM- BULK,"Rs. 34,000",Out of Stock,https://www.chamacomputers.lk/products/motherboards/asus%20prime%20h610m-e%20d4-csm-%20bulk
Motherboards,32526-ASUS PRIME H770-PLUS D4 Motherboard,"Rs. 75,900",Out of Stock,https://www.chamacomputers.lk/products/motherboards/asus%20prime%20h770-plus%20d4%20motherboard
Motherboards,32528-ASUS PRIME X670-P DDR5 MOTHERBOARD,"Rs. 135,000",Out of Stock,https://www.chamacomputers.lk/products/motherboards/asus%20prime%20x670-p%20ddr5%20motherboard
Motherboards,32529-ASUS PRIME X870-P WIFI-CSM,"Rs. 123,000",Out of Stock,https://www.chamacomputers.lk/products/motherboards/asus%20prime%20x870-p%20wifi-csm
Motherboards,32532-ASUS PRIME Z690-P WIFI D4,"Rs. 68,000",Out of Stock,https://www.chamacomputers.lk/products/motherboards/asus%20prime%20z690-p%20wifi%20d4
Motherboards,32533-ASUS PRIME Z690-P WIFI D5,"Rs. 75,000",Out of Stock,https://www.chamacomputers.lk/products/motherboards/asus%20prime%20z690-p%20wifi%20d5
Motherboards,32534-ASUS PRIME Z790 P WIFI CSM DDR5 MOTHERBOARD,"Rs. 94,000",Out of Stock,https://www.chamacomputers.lk/products/motherboards/asus%20prime%20z790%20p%20wifi%20csm%20ddr5%20motherboard
Motherboards,32536-ASUS PRIME Z890M-PLUS WIFI-CSM,"Rs. 109,500",Out of Stock,https://www.chamacomputers.lk/products/motherboards/asus%20prime%20z890m-plus%20wifi-csm
Motherboards,32540-ASUS PROART B650 Creator DDR5 Motherboard,"Rs. 125,000",Out of Stock,https://www.chamacomputers.lk/products/motherboards/asus%20proart%20b650%20creator%20ddr5%20motherboard
Motherboards,32546-ASUS PROART Z790-CREATOR WIFI MOTHERBOARD,"Rs. 185,000",Out of Stock,https://www.chamacomputers.lk/products/motherboards/asus%20proart%20z790-creator%20wifi%20motherboard
Motherboards,32557-ASUS ROG CROSSHAIR X670E HERO Gaming Motherboard,"Rs. 195,000",Out of Stock,https://www.chamacomputers.lk/products/motherboards/asus%20rog%20crosshair%20x670e%20hero%20gaming%20motherboard
Motherboards,32558-ASUS ROG CROSSHAIR X670E HERO MOTHERBOARD,"Rs. 275,000",Out of Stock,https://www.chamacomputers.lk/products/motherboards/asus%20rog%20crosshair%20x670e%20hero%20motherboard
Motherboards,32559-ASUS ROG CROSSHAIR X670E- HERO Gaming WI-FI DDR5 Motherboard,"Rs. 195,000",Out of Stock,https://www.chamacomputers.lk/products/motherboards/asus%20rog%20crosshair%20x670e-%20hero%20gaming%20wi-fi%20ddr5%20motherboard
Motherboards,32561-ASUS ROG Crosshair X870E Extreme,"Rs. 450,000",Out of Stock,https://www.chamacomputers.lk/products/motherboards/asus%20rog%20crosshair%20x870e%20extreme
Motherboards,32571-ASUS ROG MAXIMUS Z790 APEX WIFI,"Rs. 310,000",Out of Stock,https://www.chamacomputers.lk/products/motherboards/asus%20rog%20maximus%20z790%20apex%20wifi
Motherboards,32572-ASUS ROG MAXIMUS Z790 DARK HERO,"Rs. 275,000",Out of Stock,https://www.chamacomputers.lk/products/motherboards/asus%20rog%20maximus%20z790%20dark%20hero
Motherboards,32573-ASUS ROG MAXIMUS Z790 EXTREME,"Rs. 470,000",Out of Stock,https://www.chamacomputers.lk/products/motherboards/asus%20rog%20maximus%20z790%20extreme
Motherboards,32574-ASUS ROG MAXIMUS Z790 HERO WIFI,"Rs. 310,000",Out of Stock,https://www.chamacomputers.lk/products/motherboards/asus%20rog%20maximus%20z790%20hero%20wifi
Motherboards,32597-ASUS ROG STRIX B550 F GAMING WIFI ll MOTHERBOARD,"Rs. 110,000",Out of Stock,https://www.chamacomputers.lk/products/motherboards/asus%20rog%20strix%20b550%20f%20gaming%20wifi%20ll%20motherboard
Motherboards,32599-ASUS ROG STRIX B560-F WIFI,"Rs. 59,000",Out of Stock,https://www.chamacomputers.lk/products/motherboards/asus%20rog%20strix%20b560-f%20wifi
Motherboards,32600-ASUS ROG STRIX B650-A GAMING WIFI DDR5 Motherboard,"Rs. 115,000",Out of Stock,https://www.chamacomputers.lk/products/motherboards/asus%20rog%20strix%20b650-a%20gaming%20wifi%20ddr5%20motherboard
Motherboards,32602-ASUS ROG STRIX B650E-E Gaming WIFI DDR5 Motherboard,"Rs. 117,000",Out of Stock,https://www.chamacomputers.lk/products/motherboards/asus%20rog%20strix%20b650e-e%20gaming%20wifi%20ddr5%20motherboard
Motherboards,32603-ASUS ROG STRIX B650E-F GAMING WIFI DDR5 Motherboard,"Rs. 119,000",Out of Stock,https://www.chamacomputers.lk/products/motherboards/asus%20rog%20strix%20b650e-f%20gaming%20wifi%20ddr5%20motherboard
Motherboards,32604-ASUS ROG STRIX B760-F GAMING WIFI DDR5 Motherboard,"Rs. 99,000",Out of Stock,https://www.chamacomputers.lk/products/motherboards/asus%20rog%20strix%20b760-f%20gaming%20wifi%20ddr5%20motherboard
Motherboards,32644-ASUS ROG STRIX X570-E GAMING,"Rs. 78,000",Out of Stock,https://www.chamacomputers.lk/products/motherboards/asus%20rog%20strix%20x570-e%20gaming
Motherboards,32647-ASUS ROG STRIX X670E F GAMING WIFI Motherboard,"Rs. 199,000",Out of Stock,https://www.chamacomputers.lk/products/motherboards/asus%20rog%20strix%20x670e%20f%20gaming%20wifi%20motherboard
Motherboards,32658-ASUS ROG STRIX Z690-F GAMING WIFI,"Rs. 99,000",Out of Stock,https://www.chamacomputers.lk/products/motherboards/asus%20rog%20strix%20z690-f%20gaming%20wifi
Motherboards,32659-ASUS ROG STRIX Z690-G WIFI,"Rs. 125,000",Out of Stock,https://www.chamacomputers.lk/products/motherboards/asus%20rog%20strix%20z690-g%20wifi
Motherboards,32660-ASUS ROG STRIX Z790-A GAMING WIFI D4,"Rs. 150,000",Out of Stock,https://www.chamacomputers.lk/products/motherboards/asus%20rog%20strix%20z790-a%20gaming%20wifi%20d4
Motherboards,32662-ASUS ROG STRIX Z790-E GAMING WIFI,"Rs. 244,000",Out of Stock,https://www.chamacomputers.lk/products/motherboards/asus%20rog%20strix%20z790-e%20gaming%20wifi
Motherboards,32663-ASUS ROG STRIX Z790-F GAMING WIFI DDR5,"Rs. 178,000",Out of Stock,https://www.chamacomputers.lk/products/motherboards/asus%20rog%20strix%20z790-f%20gaming%20wifi%20ddr5
Motherboards,32671-ASUS ROG Strix X870-F Gaming WiFi,"Rs. 199,000",Out of Stock,https://www.chamacomputers.lk/products/motherboards/asus%20rog%20strix%20x870-f%20gaming%20wifi
Motherboards,32696-ASUS TUF B550-PLUS WIFI,"Rs. 42,000",Out of Stock,https://www.chamacomputers.lk/products/motherboards/asus%20tuf%20b550-plus%20wifi
Motherboards,32697-ASUS TUF B550-PLUS WIFI II,"Rs. 75,000",Out of Stock,https://www.chamacomputers.lk/products/motherboards/asus%20tuf%20b550-plus%20wifi%20ii
Motherboards,32698-ASUS TUF B560-PLUS WIFI,"Rs. 70,000",Out of Stock,https://www.chamacomputers.lk/products/motherboards/asus%20tuf%20b560-plus%20wifi
Motherboards,32699-ASUS TUF B660-PLUS D4,"Rs. 68,000",Out of Stock,https://www.chamacomputers.lk/products/motherboards/asus%20tuf%20b660-plus%20d4
Motherboards,32725-ASUS TUF GAMING B550-PLUS WIFI II,"Rs. 79,500",Out of Stock,https://www.chamacomputers.lk/products/motherboards/asus%20tuf%20gaming%20b550-plus%20wifi%20ii
Motherboards,32726-ASUS TUF GAMING B560-PLUS WIFI,"Rs. 53,000",Out of Stock,https://www.chamacomputers.lk/products/motherboards/asus%20tuf%20gaming%20b560-plus%20wifi
Motherboards,32727-ASUS TUF GAMING B660M-PLUS WIFI DDR5,"Rs. 80,000",Out of Stock,https://www.chamacomputers.lk/products/motherboards/asus%20tuf%20gaming%20b660m-plus%20wifi%20ddr5
Motherboards,32745-ASUS TUF GAMING X570-PLUS MOTHERBOARD,"Rs. 61,500",Out of Stock,https://www.chamacomputers.lk/products/motherboards/asus%20tuf%20gaming%20x570-plus%20motherboard
Motherboards,32746-ASUS TUF GAMING X570-PRO WIFI II,"Rs. 95,000",Out of Stock,https://www.chamacomputers.lk/products/motherboards/asus%20tuf%20gaming%20x570-pro%20wifi%20ii
Motherboards,32749-ASUS TUF GAMING Z690-PLUS D4,"Rs. 75,000",Out of Stock,https://www.chamacomputers.lk/products/motherboards/asus%20tuf%20gaming%20z690-plus%20d4
Motherboards,32750-ASUS TUF GAMING Z690-PLUS WIFI D4,"Rs. 75,000",Out of Stock,https://www.chamacomputers.lk/products/motherboards/asus%20tuf%20gaming%20z690-plus%20wifi%20d4
Motherboards,32751-ASUS TUF GAMING Z790-PLUS WIFI D4,"Rs. 105,000",Out of Stock,https://www.chamacomputers.lk/products/motherboards/asus%20tuf%20gaming%20z790-plus%20wifi%20d4
Motherboards,32752-ASUS TUF GAMING Z790-PRO WIFI D5,"Rs. 129,000",Out of Stock,https://www.chamacomputers.lk/products/motherboards/asus%20tuf%20gaming%20z790-pro%20wifi%20d5
Motherboards,32780-ASUS TUF TUF GAMING Z790-PLUS WIFI,"Rs. 135,000",Out of Stock,https://www.chamacomputers.lk/products/motherboards/asus%20tuf%20tuf%20gaming%20z790-plus%20wifi
Motherboards,32786-ASUS TUF X570-PLUS GAMING WIFI,"Rs. 93,000",Out of Stock,https://www.chamacomputers.lk/products/motherboards/asus%20tuf%20x570-plus%20gaming%20wifi
Motherboards,33026-Asrock B550 PG RIPTIDE Motherboard,"Rs. 55,000",Out of Stock,https://www.chamacomputers.lk/products/motherboards/asrock%20b550%20pg%20riptide%20motherboard
Motherboards,33086-Asus PRIME B860-PLUS WIFI DDR5,"Rs. 77,000",Out of Stock,https://www.chamacomputers.lk/products/motherboards/asus%20prime%20b860-plus%20wifi%20ddr5
Motherboards,33087-Asus Prime A520M-E DDR4 Motherboard,"Rs. 32,000",Out of Stock,https://www.chamacomputers.lk/products/motherboards/asus%20prime%20a520m-e%20ddr4%20motherboard
Motherboards,33090-Asus Prime B450M-A II Motherboard,"Rs. 38,000",Out of Stock,https://www.chamacomputers.lk/products/motherboards/asus%20prime%20b450m-a%20ii%20motherboard
Motherboards,33092-Asus Prime B550M-A WIFI II Motherboard,"Rs. 56,000",Out of Stock,https://www.chamacomputers.lk/products/motherboards/asus%20prime%20b550m-a%20wifi%20ii%20motherboard
Motherboards,33093-Asus Prime B650M-A WIFI II DDR5 Motherboard,"Rs. 78,000",Out of Stock,https://www.chamacomputers.lk/products/motherboards/asus%20prime%20b650m-a%20wifi%20ii%20ddr5%20motherboard
Motherboards,33094-Asus Prime B650M-K DDR5 Motherboard,"Rs. 55,000",Out of Stock,https://www.chamacomputers.lk/products/motherboards/asus%20prime%20b650m-k%20ddr5%20motherboard
Motherboards,33095-Asus Prime B760- Plus DDR5 Motherboard,"Rs. 51,500",Out of Stock,https://www.chamacomputers.lk/products/motherboards/asus%20prime%20b760-%20plus%20ddr5%20motherboard
Motherboards,33096-Asus Prime B760M-A DDR5 Motherboard,"Rs. 51,000",Out of Stock,https://www.chamacomputers.lk/products/motherboards/asus%20prime%20b760m-a%20ddr5%20motherboard
Motherboards,33097-Asus Prime B760M-A WIFI DDR5 Motherboard,"Rs. 69,000",Out of Stock,https://www.chamacomputers.lk/products/motherboards/asus%20prime%20b760m-a%20wifi%20ddr5%20motherboard
Memory,20784-8GB DDR5 5600MHZ Laptop Memory,"Rs. 38,500",In Stock,https://www.chamacomputers.lk/products/memory/8gb%20ddr5%205600mhz%20laptop%20memory
Memory,20783-8GB DDR5 4800MHZ Laptop Memory,"Rs. 30,000",In Stock,https://www.chamacomputers.lk/products/memory/8gb%20ddr5%204800mhz%20laptop%20memory
Memory,21005-Corsair Vengeance LPX 16GB DDR5 DRAM 5600MHZ Desktop Ram,"Rs. 91,500",In Stock,https://www.chamacomputers.lk/products/memory/corsair%20vengeance%20lpx%2016gb%20ddr5%20dram%205600mhz%20desktop%20ram
Memory,33667-Corsair Vengeance LPX 3200MHZ 8GB DDR4 Desktop Ram,"Rs. 32,000",In Stock,https://www.chamacomputers.lk/products/memory/corsair%20vengeance%20lpx%203200mhz%208gb%20ddr4%20desktop%20ram
Memory,33672-Corsair Vengeance RGB LPX 16GB (16x1) DDR5 5600MHz C40 Memory,"Rs. 91,500",In Stock,https://www.chamacomputers.lk/products/memory/corsair%20vengeance%20rgb%20lpx%2016gb%20(16x1)%20ddr5%205600mhz%20c40%20memory
Memory,20780-4GB DDR4 3200MHZ Laptop Memory,"Rs. 5,000",In Stock,https://www.chamacomputers.lk/products/memory/4gb%20ddr4%203200mhz%20laptop%20memory
Memory,32154-8GB DDR4 2666MHZ Desktop Ram,"Rs. 20,500",In Stock,https://www.chamacomputers.lk/products/memory/8gb%20ddr4%202666mhz%20desktop%20ram
Memory,40314-Lexar 16GB DDR4 3200 Laptop Ram,"Rs. 46,000",In Stock,https://www.chamacomputers.lk/products/memory/lexar%2016gb%20ddr4%203200%20laptop%20ram
Memory,40367-Adata XPG 16gb DDR4 3200Mhz Desktop Ram,"Rs. 48,000",In Stock,https://www.chamacomputers.lk/products/memory/adata%20xpg%2016gb%20ddr4%203200mhz%20desktop%20ram
Memory,21003-Corsair Vengeance LPX 16GB 3200MHZ DDR4 Desktop Ram,"Rs. 55,000",In Stock,https://www.chamacomputers.lk/products/memory/corsair%20vengeance%20lpx%2016gb%203200mhz%20ddr4%20desktop%20ram
Memory,21428-Transcend 16GB 4800MHZ Desktop Ram,"Rs. 55,000",In Stock,https://www.chamacomputers.lk/products/memory/transcend%2016gb%204800mhz%20desktop%20ram
Memory,32116-16GB DDR5 4800MHZ Laptop Memory,"Rs. 65,000",In Stock,https://www.chamacomputers.lk/products/memory/16gb%20ddr5%204800mhz%20laptop%20memory
Memory,koko,"Rs. 35,000",In Stock,https://www.chamacomputers.lk/products/memory/adata%208gb%20ddr5%20-%204800b%20lap%20ram
Memory,40318-Lexar 16GB DDR5 5600 Laptop Ram,"Rs. 69,000",In Stock,https://www.chamacomputers.lk/products/memory/lexar%2016gb%20ddr5%205600%20laptop%20ram
Memory,koko,"Rs. 15,000",In Stock,https://www.chamacomputers.lk/products/memory/8gb%20ddr4%203200mhz%20laptop%20memory%20(used)
Memory,20794-Adata 8GB DDR5 4800MHZ Desktop Ram,"Rs. 35,000",Out of Stock,https://www.chamacomputers.lk/products/memory/adata%208gb%20ddr5%204800mhz%20desktop%20ram
Memory,20796-ADATA DDR4 16GB 3200MHZ LAP RAM,"Rs. 29,500",Out of Stock,https://www.chamacomputers.lk/products/memory/adata%20ddr4%2016gb%203200mhz%20lap%20ram
Memory,20797-ADATA DDR5 16GB 5600MHZ Laptop Ram,"Rs. 69,000",Out of Stock,https://www.chamacomputers.lk/products/memory/adata%20ddr5%2016gb%205600mhz%20laptop%20ram
Memory,20798-ADATA Lancer 16GB DDR5 5600Mhz Desktop Memory,"Rs. 69,500",Out of Stock,https://www.chamacomputers.lk/products/memory/adata%20lancer%2016gb%20ddr5%205600mhz%20desktop%20memory
Memory,20799-ADATA XPG GAMMIX D30 16GB DDR4 3200Mhz Desktop Memory,"Rs. 40,000",Out of Stock,https://www.chamacomputers.lk/products/memory/adata%20xpg%20gammix%20d30%2016gb%20ddr4%203200mhz%20desktop%20memory
Memory,20800-ADDGAME Spider 4 8GB DDR4 3200MT/s CL16 With Heatsink Black,"Rs. 29,500",Out of Stock,https://www.chamacomputers.lk/products/memory/addgame%20spider%204%208gb%20ddr4%203200mt%2Fs%20cl16%20with%20heatsink%20black
Memory,20801-ADDGAME Spider N4 8GB DDR4 3200MT/s CL22 1.2V SO-DIMM 260Pin Laptop Memory,"Rs. 17,500",Out of Stock,https://www.chamacomputers.lk/products/memory/addgame%20spider%20n4%208gb%20ddr4%203200mt%2Fs%20cl22%201.2v%20so-dimm%20260pin%20laptop%20memory
Memory,20803-ADDGAME Spider X5 16GB DDR5 6400MT/s CL38 RGB DIMM With Heatsink (Black),"Rs. 85,000",Out of Stock,https://www.chamacomputers.lk/products/memory/addgame%20spider%20x5%2016gb%20ddr5%206400mt%2Fs%20cl38%20rgb%20dimm%20with%20heatsink%20(black)
Memory,21002-Corsair Vengeance 16GB 5200MHZ DDR5 Desktop Ram,"Rs. 59,500",Out of Stock,https://www.chamacomputers.lk/products/memory/corsair%20vengeance%2016gb%205200mhz%20ddr5%20desktop%20ram
Memory,21006-Corsair Vengeance LPX 16GB DDR5 RGB DRAM 5600MT/s Memory,"Rs. 79,500",Out of Stock,https://www.chamacomputers.lk/products/memory/corsair%20vengeance%20lpx%2016gb%20ddr5%20rgb%20dram%205600mt%2Fs%20memory
Memory,21008-Crucial 16GB DDR5 5600MHZ Lap Ram,"Rs. 78,000",Out of Stock,https://www.chamacomputers.lk/products/memory/crucial%2016gb%20ddr5%205600mhz%20lap%20ram
Memory,21052-G.Skill Trident Z5 16GB DDR5 5600MHZ RGB Ram,"Rs. 49,500",Out of Stock,https://www.chamacomputers.lk/products/memory/g.skill%20trident%20z5%2016gb%20ddr5%205600mhz%20rgb%20ram
Memory,21185-Kingston 16GB 3200MHZ Desktop Memory,"Rs. 40,000",Out of Stock,https://www.chamacomputers.lk/products/memory/kingston%2016gb%203200mhz%20desktop%20memory
Memory,21186-KINGSTON 16GB 3200MHZ LAP RAM,"Rs. 39,000",Out of Stock,https://www.chamacomputers.lk/products/memory/kingston%2016gb%203200mhz%20lap%20ram
Memory,21187-KINGSTON 16GB 5600MHZ DESKTOP RAM,"Rs. 65,000",Out of Stock,https://www.chamacomputers.lk/products/memory/kingston%2016gb%205600mhz%20desktop%20ram
Memory,21188-Kingston 32GB DDR5 5600MHZ Laptop Ram,"Rs. 97,000",Out of Stock,https://www.chamacomputers.lk/products/memory/kingston%2032gb%20ddr5%205600mhz%20laptop%20ram
Memory,21208-Samsung 8GB DDR4 3200 Laptop Ram,"Rs. 17,500",Out of Stock,https://www.chamacomputers.lk/products/memory/samsung%208gb%20ddr4%203200%20laptop%20ram
Memory,21222-Lexar Thor 16gb DDR4 3200 Desktop Ram,"Rs. 48,000",Out of Stock,https://www.chamacomputers.lk/products/memory/lexar%20thor%2016gb%20ddr4%203200%20desktop%20ram
Memory,21243-MemoryGhost 16GB DDR4 3200 Desktop Memory,"Rs. 35,000",Out of Stock,https://www.chamacomputers.lk/products/memory/memoryghost%2016gb%20ddr4%203200%20desktop%20memory
Memory,21292-PNY 16GB 3200MHZ UDIMM DDR4 Memory,"Rs. 35,000",Out of Stock,https://www.chamacomputers.lk/products/memory/pny%2016gb%203200mhz%20udimm%20ddr4%20memory
Memory,21357-TEAM TFORCE DELTA RGB 16GB 5600MHZ,"Rs. 79,500",Out of Stock,https://www.chamacomputers.lk/products/memory/team%20tforce%20delta%20rgb%2016gb%205600mhz
Memory,21358-TeamGroup Xtreem 8GB DDR4 ARGB Desktop Ram,"Rs. 29,500",Out of Stock,https://www.chamacomputers.lk/products/memory/teamgroup%20xtreem%208gb%20ddr4%20argb%20desktop%20ram
Memory,21414-Thermaltake Toughram XG RGB D5 16GB DDR5 5600MHZ C36 Ram,"Rs. 79,500",Out of Stock,https://www.chamacomputers.lk/products/memory/thermaltake%20toughram%20xg%20rgb%20d5%2016gb%20ddr5%205600mhz%20c36%20ram
Memory,21427-Transcend 16GB 3200MHZ Lap Ram,"Rs. 29,500",Out of Stock,https://www.chamacomputers.lk/products/memory/transcend%2016gb%203200mhz%20lap%20ram
Memory,21429-Transcend 32GB DDR5 5600MHz Laptop Memory,"Rs. 97,000",Out of Stock,https://www.chamacomputers.lk/products/memory/transcend%2032gb%20ddr5%205600mhz%20laptop%20memory
Memory,21431-Transcend DDR4 3200 16GB Laptop Memory,"Rs. 39,000",Out of Stock,https://www.chamacomputers.lk/products/memory/transcend%20ddr4%203200%2016gb%20laptop%20memory
Memory,21432-Transcend DDR4 3200 8GB Laptop Memory,"Rs. 17,500",Out of Stock,https://www.chamacomputers.lk/products/memory/transcend%20ddr4%203200%208gb%20laptop%20memory
Memory,32207-Adata 8GB DDR4 3200Mhz Laptop Ram,"Rs. 21,000",Out of Stock,https://www.chamacomputers.lk/products/memory/adata%208gb%20ddr4%203200mhz%20laptop%20ram
Memory,koko,"Rs. 7,100",Out of Stock,https://www.chamacomputers.lk/products/memory/adata%20ddr4%204gb%20lap%20ram
Memory,koko,"Rs. 17,500",Out of Stock,https://www.chamacomputers.lk/products/memory/adata%20ddr4%208gb%203200mhz%20lap%20ram
Memory,koko,"Rs. 17,500",Out of Stock,https://www.chamacomputers.lk/products/memory/adata%20ddr5%2016gb%204800mhz%20lap%20ram
Memory,koko,"Rs. 15,000",Out of Stock,https://www.chamacomputers.lk/products/memory/adata%20xpg%20spectrix%20d35g%2016%20gb%20rgb%20ddr4
Memory,32222-ADDGAME  Spider 8GB DDR4 3200MT/s CL16 Black RGB,"Rs. 10,000",Out of Stock,https://www.chamacomputers.lk/products/memory/addgame%20%20spider%208gb%20ddr4%203200mt%2Fs%20cl16%20black%20rgb
Memory,32223-ADDGAME  Spider N4 16GB DDR4 3200MT/s  CL22 1.2V SO-DIMM 260Pin Laptop Memory,"Rs. 29,500",Out of Stock,https://www.chamacomputers.lk/products/memory/addgame%20%20spider%20n4%2016gb%20ddr4%203200mt%2Fs%20%20cl22%201.2v%20so-dimm%20260pin%20laptop%20memory
Memory,koko,"Rs. 49,500",Out of Stock,https://www.chamacomputers.lk/products/memory/addgame%20%20spider%20n5%2016gb%20ddr5%205600mt%2Fs%20%20cl46-46-46%201.1v%20so-dimm%20262pin%20laptop%20memory
Memory,koko,"Rs. 13,000",Out of Stock,https://www.chamacomputers.lk/products/memory/addgame%20spider%204%2016gb%20ddr4%203600mt%2Fs%20%20cl18%20black%20with%20heatsink%20black
Memory,koko,"Rs. 40,000",Out of Stock,https://www.chamacomputers.lk/products/memory/corsair%20dominator%20platinum%20rgb%2016gb%205200mhz%20ddr5%20ram
Memory,koko,"Rs. 25,500",Out of Stock,https://www.chamacomputers.lk/products/memory/corsair%20dominator%20platinum%20rgb%2016gb%205600mhz%20ddr5%20ram
Memory,koko,"Rs. 30,000",Out of Stock,https://www.chamacomputers.lk/products/memory/corsair%20dominator%20platinum%20rgb%2016gb%206200mhz%20ddr5%20ram
Memory,33528-CORSAIR DOMINATOR TITANIUM RGB 32GB (2X16GB) 6400MHZ DDR5 DIMM MEMORY,"Rs. 68,000",Out of Stock,https://www.chamacomputers.lk/products/memory/corsair%20dominator%20titanium%20rgb%2032gb%20(2x16gb)%206400mhz%20ddr5%20dimm%20memory
Memory,33529-CORSAIR DOMINATOR TITANIUM RGB 32GB (2X16GB) DDR5 6200MHZ - Intel XMP Desktop Memory,"Rs. 66,000",Out of Stock,https://www.chamacomputers.lk/products/memory/corsair%20dominator%20titanium%20rgb%2032gb%20(2x16gb)%20ddr5%206200mhz%20-%20intel%20xmp%20desktop%20memory
Memory,33558-CORSAIR VENGEANCE 32GB 5600MHZ DDR5 SODIMM MEMORY,"Rs. 42,500",Out of Stock,https://www.chamacomputers.lk/products/memory/corsair%20vengeance%2032gb%205600mhz%20ddr5%20sodimm%20memory
Memory,koko,"Rs. 30,500",Out of Stock,https://www.chamacomputers.lk/products/memory/corsair%20vengeance%2032gb%20ddr5%20dram%205200mhz%20memory
Memory,33561-CORSAIR VENGEANCE RGB 16GB DDR5 DRAM 5200MHZ MEMORY,"Rs. 23,000",Out of Stock,https://www.chamacomputers.lk/products/memory/corsair%20vengeance%20rgb%2016gb%20ddr5%20dram%205200mhz%20memory
Memory,33562-CORSAIR VENGEANCE RGB 16GB DDR5 DRAM 5200MHZ RAM,"Rs. 32,500",Out of Stock,https://www.chamacomputers.lk/products/memory/corsair%20vengeance%20rgb%2016gb%20ddr5%20dram%205200mhz%20ram
Memory,koko,"Rs. 33,500",Out of Stock,https://www.chamacomputers.lk/products/memory/corsair%20vengeance%20rgb%2024gb%206400mt%2Fs%20ddr5%20dimm%20intel%20xmp%20desktop%20memory
Memory,33565-CORSAIR VENGEANCE RGB 32GB DDR5 6000MHZ DRAM MEMORY,"Rs. 160,000",Out of Stock,https://www.chamacomputers.lk/products/memory/corsair%20vengeance%20rgb%2032gb%20ddr5%206000mhz%20dram%20memory
Memory,33566-CORSAIR VENGEANCE RGB 48GB (24GB×2) DDR5 CUDIMM 8200MHz Memory Kit – Black,"Rs. 286,000",Out of Stock,https://www.chamacomputers.lk/products/memory/corsair%20vengeance%20rgb%2048gb%20(24gb%C3%972)%20ddr5%20cudimm%208200mhz%20memory%20kit%20%E2%80%93%20black
Memory,33567-CORSAIR VENGEANCE RGB 48GB (2X24GB) 6400MT/S DDR5 DIMM INTEL XMP Memory,"Rs. 67,000",Out of Stock,https://www.chamacomputers.lk/products/memory/corsair%20vengeance%20rgb%2048gb%20(2x24gb)%206400mt%2Fs%20ddr5%20dimm%20intel%20xmp%20memory
Memory,33568-CORSAIR VENGEANCE RGB 64GB (2X32GB) DDR5 6000MHZ - AMD,"Rs. 86,500",Out of Stock,https://www.chamacomputers.lk/products/memory/corsair%20vengeance%20rgb%2064gb%20(2x32gb)%20ddr5%206000mhz%20-%20amd
Memory,koko,"Rs. 98,500",Out of Stock,https://www.chamacomputers.lk/products/memory/corsair%20vengeance%20rgb%2064gb%20(32x2)%20ddr5%206200mhz%20memory
Memory,koko,"Rs. 9,000",Out of Stock,https://www.chamacomputers.lk/products/memory/corsair%20vengeance%20rgb%20pro%20ddr4%203200mhz%208gb%20ram%20used
Memory,koko,"Rs. 15,500",Out of Stock,https://www.chamacomputers.lk/products/memory/corsair%20vengeance%20rgb%20rs%2016gb%203200mhz%20ddr4%20ram
Memory,33574-CORSAIR VENGEANCE RGB RS 8GB 3600MHZ DDR4 DIMM MEMORY,"Rs. 10,000",Out of Stock,https://www.chamacomputers.lk/products/memory/corsair%20vengeance%20rgb%20rs%208gb%203600mhz%20ddr4%20dimm%20memory
Memory,koko,"Rs. 11,000",Out of Stock,https://www.chamacomputers.lk/products/memory/corsair%20vengeance%20rgb%20rs%20ddr4%203200mhz%208gb%20ram
Memory,koko,"Rs. 29,500",Out of Stock,https://www.chamacomputers.lk/products/memory/corsair%20vengeance%20sodimm%203200mhz%20lpx%2016gb%20ddr4%20lap%20ram
Memory,koko,"Rs. 17,500",Out of Stock,https://www.chamacomputers.lk/products/memory/corsair%20vengeance%20sodimm%208gb%20ddr4%203200mhz%20ddr4%20lap%20ram
Memory,koko,"Rs. 14,500",Out of Stock,https://www.chamacomputers.lk/products/memory/crucial%20ddr4%20pro%203200mhz%2016gb%20ram
Memory,33625-Corsair Dominator Platinum RGB 32GB (2X16GB) DDR4 3600MHz Memory,"Rs. 39,000",Out of Stock,https://www.chamacomputers.lk/products/memory/corsair%20dominator%20platinum%20rgb%2032gb%20(2x16gb)%20ddr4%203600mhz%20memory
Memory,koko,"Rs. 175,000",Out of Stock,https://www.chamacomputers.lk/products/memory/corsair%20dominator%20platinum%20rgb%2032gb%20(2x16gb)%20ddr5%205600mhz%20memory%20kit%20black
Memory,koko,"Rs. 114,500",Out of Stock,https://www.chamacomputers.lk/products/memory/corsair%20dominator%20platinum%20rgb%2064gb%20(2x32gb)%20ddr5%206400mhz%20memory
Memory,33629-Corsair Dominator Titanium RGB 64GB (2X32GB) DDR5 6400MHz Intel Xmp Memory,"Rs. 375,000",Out of Stock,https://www.chamacomputers.lk/products/memory/corsair%20dominator%20titanium%20rgb%2064gb%20(2x32gb)%20ddr5%206400mhz%20intel%20xmp%20memory
Memory,33630-Corsair Dominator Titanium RGB 64GB (2X32GB) DDR5 6400MHz Memory,"Rs. 114,500",Out of Stock,https://www.chamacomputers.lk/products/memory/corsair%20dominator%20titanium%20rgb%2064gb%20(2x32gb)%20ddr5%206400mhz%20memory
Memory,33661-Corsair Vengeance 16GB (2x8GB) 5200MHZ DDR5 Desktop Ram Kit,"Rs. 59,500",Out of Stock,https://www.chamacomputers.lk/products/memory/corsair%20vengeance%2016gb%20(2x8gb)%205200mhz%20ddr5%20desktop%20ram%20kit
Memory,koko,"Rs. 35,000",Out of Stock,https://www.chamacomputers.lk/products/memory/corsair%20vengeance%2032gb%20ddr5%205600mhz%20desktop%20ram
Memory,koko,"Rs. 11,000",Out of Stock,https://www.chamacomputers.lk/products/memory/corsair%20vengeance%20lpx%2016gb%203200mhz%20ddr4%20desktop%20ram%20(used)
Memory,33666-Corsair Vengeance LPX 16GB 3600MHZ DDR4 Desktop Ram,"Rs. 55,000",Out of Stock,https://www.chamacomputers.lk/products/memory/corsair%20vengeance%20lpx%2016gb%203600mhz%20ddr4%20desktop%20ram
Memory,33668-Corsair Vengeance RGB 16GB 3600MHZ DDR4 Desktop Ram,"Rs. 14,500",Out of Stock,https://www.chamacomputers.lk/products/memory/corsair%20vengeance%20rgb%2016gb%203600mhz%20ddr4%20desktop%20ram
Memory,33670-Corsair Vengeance RGB 48GB (2X24) DDR5 CUDIMM DRAM 8200MHz Intel XMP Memory,"Rs. 107,500",Out of Stock,https://www.chamacomputers.lk/products/memory/corsair%20vengeance%20rgb%2048gb%20(2x24)%20ddr5%20cudimm%20dram%208200mhz%20intel%20xmp%20memory
Memory,koko,"Rs. 357,500",Out of Stock,https://www.chamacomputers.lk/products/memory/corsair%20vengeance%20rgb%2064gb%20(2x32)%20ddr5%20dram%206000mhz%20amd%20expo%20%26%20intel%20xmp%20memory
Memory,koko,"Rs. 49,000",Out of Stock,https://www.chamacomputers.lk/products/memory/crucial%20ddr5%204800mhz%2016gb%20lap%20ram
Memory,koko,"Rs. 90,000",Out of Stock,https://www.chamacomputers.lk/products/memory/crucial%20ddr5%204800mhz%2032gb%20desktop%20ram
Memory,koko,"Rs. 35,000",Out of Stock,https://www.chamacomputers.lk/products/memory/crucial%20ddr5%204800mhz%2032gb%20lap%20ram
Memory,33715-DDR3 4GB 1600MHZ LAP RAM,"Rs. 2,500",Out of Stock,https://www.chamacomputers.lk/products/memory/ddr3%204gb%201600mhz%20lap%20ram
Memory,33717-DDR3 8GB LAPTOP RAM-1600MHZ,"Rs. 6,500",Out of Stock,https://www.chamacomputers.lk/products/memory/ddr3%208gb%20laptop%20ram-1600mhz
Memory,33796-DOMINATOR PLATINUM 6400Mhz 64GB 32GBX02 DDR5,"Rs. 109,000",Out of Stock,https://www.chamacomputers.lk/products/memory/dominator%20platinum%206400mhz%2064gb%2032gbx02%20ddr5
Memory,34024-G.SKILL 16GB DDR5 4800 - Lap Ram,"Rs. 43,000",Out of Stock,https://www.chamacomputers.lk/products/memory/g.skill%2016gb%20ddr5%204800%20-%20lap%20ram
Memory,34025-G.SKILL RIPJAWS DDR5 SO-DIMM DDR5-4800 32GB (1x32GB),"Rs. 49,000",Out of Stock,https://www.chamacomputers.lk/products/memory/g.skill%20ripjaws%20ddr5%20so-dimm%20ddr5-4800%2032gb%20(1x32gb)
Memory,34026-G.SKILL RIPJAWS DDR5 SO-DIMM DDR5-5200 CL38-38-38 F5-5200S3838A16GX1-RS (1x16GB) LAP RAM,"Rs. 32,000",Out of Stock,https://www.chamacomputers.lk/products/memory/g.skill%20ripjaws%20ddr5%20so-dimm%20ddr5-5200%20cl38-38-38%20f5-5200s3838a16gx1-rs%20(1x16gb)%20lap%20ram
Memory,koko,"Rs. 29,500",Out of Stock,https://www.chamacomputers.lk/products/memory/g.skill%20ripjaws%20f4-3200c22s-16grs%2016gb%20ddr4%203200%20-%20lap%20ram
Memory,34028-G.SKILL RIPJAWS F4-3200C22S-8GRS 8GB DDR4 3200 - LAP RAM,"Rs. 17,500",Out of Stock,https://www.chamacomputers.lk/products/memory/g.skill%20ripjaws%20f4-3200c22s-8grs%208gb%20ddr4%203200%20-%20lap%20ram
Memory,34031-G.SKILL TRIDENT Z RGB DDR4-3600 32GB (2x16GB),"Rs. 23,500",Out of Stock,https://www.chamacomputers.lk/products/memory/g.skill%20trident%20z%20rgb%20ddr4-3600%2032gb%20(2x16gb)
Memory,34724-KINGSTON 8GB 3200MHZ KVR32S22S8 LAP RAM,"Rs. 17,500",Out of Stock,https://www.chamacomputers.lk/products/memory/kingston%208gb%203200mhz%20kvr32s22s8%20lap%20ram
Memory,koko,"Rs. 8,000",Out of Stock,https://www.chamacomputers.lk/products/memory/kingston%20fury%203200mhz%208gb%20ram
Memory,34734-KINGSTON FURY BEAST RGB 16GB 3200MHZ RAM,"Rs. 15,500",Out of Stock,https://www.chamacomputers.lk/products/memory/kingston%20fury%20beast%20rgb%2016gb%203200mhz%20ram
Memory,34735-KINGSTON FURY BEAST RGB 16GB 3200MHZ RAM (Used),"Rs. 12,000",Out of Stock,https://www.chamacomputers.lk/products/memory/kingston%20fury%20beast%20rgb%2016gb%203200mhz%20ram%20(used)
Memory,34736-Kingston Fury Beast 8GB 3200MHZ Desktop Memory,"Rs. 18,000",Out of Stock,https://www.chamacomputers.lk/products/memory/kingston%20fury%20beast%208gb%203200mhz%20desktop%20memory
Memory,34739-KINGSTON KCP432SD8 DDR4 32GB LAPTOP RAM,"Rs. 40,000",Out of Stock,https://www.chamacomputers.lk/products/memory/kingston%20kcp432sd8%20ddr4%2032gb%20laptop%20ram
Memory,34740-KINGSTON KCP432SS8 DDR4 16GB LAPTOP RAM,"Rs. 29,500",Out of Stock,https://www.chamacomputers.lk/products/memory/kingston%20kcp432ss8%20ddr4%2016gb%20laptop%20ram
Memory,koko,"Rs. 17,500",Out of Stock,https://www.chamacomputers.lk/products/memory/kingston%20kcp432ss8%20ddr4%208gb%20laptop%20ram
Memory,koko,"Rs. 43,000",Out of Stock,https://www.chamacomputers.lk/products/memory/kingston%2016gb%204800mhz%20ddr5%20lap%20ram
Memory,34763-Kingston 16GB 5600MHZ DDR5 Lap Ram,"Rs. 65,000",Out of Stock,https://www.chamacomputers.lk/products/memory/kingston%2016gb%205600mhz%20ddr5%20lap%20ram
Memory,34765-Kingston 16GB DDR5-5600MHZ Lap Ram,"Rs. 59,000",Out of Stock,https://www.chamacomputers.lk/products/memory/kingston%2016gb%20ddr5-5600mhz%20lap%20ram
Memory,34767-Kingston 3200MHZ 8GB Desktop Ram,"Rs. 8,500",Out of Stock,https://www.chamacomputers.lk/products/memory/kingston%203200mhz%208gb%20desktop%20ram
Memory,koko,"Rs. 90,000",Out of Stock,https://www.chamacomputers.lk/products/memory/kingston%2032gb%20ddr5%205600mhz%20desktop%20ram
Memory,34770-Kingston 4GB DDR4 3200MHZ - Lap Ram,"Rs. 7,000",Out of Stock,https://www.chamacomputers.lk/products/memory/kingston%204gb%20ddr4%203200mhz%20-%20lap%20ram
Memory,34773-Kingston DDR5-4800MHZ 32GB Laptop Ram,"Rs. 36,500",Out of Stock,https://www.chamacomputers.lk/products/memory/kingston%20ddr5-4800mhz%2032gb%20laptop%20ram
Memory,35040-Lexar 16GB DDR4 - 3200MHZ Lap Ram,"Rs. 39,000",Out of Stock,https://www.chamacomputers.lk/products/memory/lexar%2016gb%20ddr4%20-%203200mhz%20lap%20ram
Memory,35041-Lexar 16GB DDR5 - 5600MHZ Lap Ram,"Rs. 89,000",Out of Stock,https://www.chamacomputers.lk/products/memory/lexar%2016gb%20ddr5%20-%205600mhz%20lap%20ram
Memory,35042-Lexar 32GB 3200MHZ Lap Ram,"Rs. 22,000",Out of Stock,https://www.chamacomputers.lk/products/memory/lexar%2032gb%203200mhz%20lap%20ram
Memory,35043-Lexar 32GB 5600MHZ Lap Ram,"Rs. 31,000",Out of Stock,https://www.chamacomputers.lk/products/memory/lexar%2032gb%205600mhz%20lap%20ram
Memory,35044-Lexar 8GB DDR4 3200 Laptop Ram,"Rs. 24,500",Out of Stock,https://www.chamacomputers.lk/products/memory/lexar%208gb%20ddr4%203200%20laptop%20ram
Memory,koko,"Rs. 17,500",Out of Stock,https://www.chamacomputers.lk/products/memory/memory%20ghost%208gb%20ddr4%203200%20laptop%20ram
Memory,35847-Netac Basic 16GB DDR4 3200MHZ C16 Desktop Memory,"Rs. 10,500",Out of Stock,https://www.chamacomputers.lk/products/memory/netac%20basic%2016gb%20ddr4%203200mhz%20c16%20desktop%20memory
Power Supply,39552-Thermaltake Smart BX3 Pro 650w 80 Plus Bronze Power Supply,"Rs. 21,500",In Stock,https://www.chamacomputers.lk/products/power%20supply/thermaltake%20smart%20bx3%20pro%20650w%2080%20plus%20bronze%20power%20supply
Power Supply,21390-Thermaltake Smart BX3 550w 80 Plus Bronze Power Supply,"Rs. 18,500",In Stock,https://www.chamacomputers.lk/products/power%20supply/thermaltake%20smart%20bx3%20550w%2080%20plus%20bronze%20power%20supply
Power Supply,36431-Thermaltake Litepower 450w Power Supply,"Rs. 13,000",In Stock,https://www.chamacomputers.lk/products/power%20supply/thermaltake%20litepower%20450w%20power%20supply
Power Supply,39553-Thermaltake Smart BX3 Pro 750w 80 Plus Bronze Power Supply,"Rs. 24,000",In Stock,https://www.chamacomputers.lk/products/power%20supply/thermaltake%20smart%20bx3%20pro%20750w%2080%20plus%20bronze%20power%20supply
Power Supply,21407-Thermaltake Toughpower GT 750w 80 Plus Gold Fully Modular,"Rs. 35,000",In Stock,https://www.chamacomputers.lk/products/power%20supply/thermaltake%20toughpower%20gt%20750w%2080%20plus%20gold%20fully%20modular
Power Supply,21410-Thermaltake Toughpower GT 850w 80 Plus Gold Fully Modular,"Rs. 40,000",In Stock,https://www.chamacomputers.lk/products/power%20supply/thermaltake%20toughpower%20gt%20850w%2080%20plus%20gold%20fully%20modular
Power Supply,39588-Thermaltake Smart BX3 Pro 850w 80 Plus Bronze Power Supply,"Rs. 29,500",In Stock,https://www.chamacomputers.lk/products/power%20supply/thermaltake%20smart%20bx3%20pro%20850w%2080%20plus%20bronze%20power%20supply
Power Supply,39601-Thermaltake Toughpower GX 850w 80 Plus Gold Non-Modular,"Rs. 36,500",In Stock,https://www.chamacomputers.lk/products/power%20supply/thermaltake%20toughpower%20gx%20850w%2080%20plus%20gold%20non-modular
Power Supply,36451-Thermaltake Toughpower GT 750w 80 Plus Gold Fully Modular Snow,"Rs. 36,000",In Stock,https://www.chamacomputers.lk/products/power%20supply/thermaltake%20toughpower%20gt%20750w%2080%20plus%20gold%20fully%20modular%20snow
Power Supply,21412-Thermaltake Toughpower GT 850w 80 Plus Gold Fully Modular Snow,"Rs. 40,000",In Stock,https://www.chamacomputers.lk/products/power%20supply/thermaltake%20toughpower%20gt%20850w%2080%20plus%20gold%20fully%20modular%20snow
Power Supply,36445-Thermaltake Toughpower GF A3 1200W 80 Plus Gold Fully Modular,"Rs. 75,000",In Stock,https://www.chamacomputers.lk/products/power%20supply/thermaltake%20toughpower%20gf%20a3%201200w%2080%20plus%20gold%20fully%20modular
Power Supply,40025-NZXT C1000 Gold Full Modular Power Supply,"Rs. 52,000",In Stock,https://www.chamacomputers.lk/products/power%20supply/nzxt%20c1000%20gold%20full%20modular%20power%20supply
Power Supply,40101-Gamdias Aura GP250 Power Supply,"Rs. 4,000",In Stock,https://www.chamacomputers.lk/products/power%20supply/gamdias%20aura%20gp250%20power%20supply
Power Supply,36444-Thermaltake Toughpower GF A3 1050W 80 Plus Gold Fully Modular,"Rs. 60,000",In Stock,https://www.chamacomputers.lk/products/power%20supply/thermaltake%20toughpower%20gf%20a3%201050w%2080%20plus%20gold%20fully%20modular
Power Supply,20927-ASUS ROG THOR 1000W PLATINUM II FULLY MODULAR,"Rs. 132,000",In Stock,https://www.chamacomputers.lk/products/power%20supply/asus%20rog%20thor%201000w%20platinum%20ii%20fully%20modular
Power Supply,21406-THERMALTAKE TOUGHPOWER GF3 1650W GOLD TT Premium Edition,"Rs. 120,000",In Stock,https://www.chamacomputers.lk/products/power%20supply/thermaltake%20toughpower%20gf3%201650w%20gold%20tt%20premium%20edition
Power Supply,33621-Corsair CX550 80 Plus Bronze Power Supply,"Rs. 18,500",In Stock,https://www.chamacomputers.lk/products/power%20supply/corsair%20cx550%2080%20plus%20bronze%20power%20supply
Power Supply,35855-NZXT C750 Gold Full Modular Power Supply,"Rs. 38,000",In Stock,https://www.chamacomputers.lk/products/power%20supply/nzxt%20c750%20gold%20full%20modular%20power%20supply
Power Supply,21000-CORSAIR RMx Series RM1000x — 1000W 80 PLUS GOLD CERTIFIED FULLY MODULAR PSU,"Rs. 73,000",Out of Stock,https://www.chamacomputers.lk/products/power%20supply/corsair%20rmx%20series%20rm1000x%20%E2%80%94%201000w%2080%20plus%20gold%20certified%20fully%20modular%20psu
Power Supply,21017-DARK FLASH EMT 650W POWER SUPPLY,"Rs. 14,500",Out of Stock,https://www.chamacomputers.lk/products/power%20supply/dark%20flash%20emt%20650w%20power%20supply
Power Supply,21058-Gamdias Helios M1 650B 80 Plus Bronze PSU,"Rs. 19,000",Out of Stock,https://www.chamacomputers.lk/products/power%20supply/gamdias%20helios%20m1%20650b%2080%20plus%20bronze%20psu
Power Supply,21389-Thermaltake Smart BX1 650w 80 Plus Bronze Power Supply,"Rs. 18,500",Out of Stock,https://www.chamacomputers.lk/products/power%20supply/thermaltake%20smart%20bx1%20650w%2080%20plus%20bronze%20power%20supply
Power Supply,21393-Thermaltake Smart BX3 750w 80 Plus Bronze Power Supply,"Rs. 21,500",Out of Stock,https://www.chamacomputers.lk/products/power%20supply/thermaltake%20smart%20bx3%20750w%2080%20plus%20bronze%20power%20supply
Power Supply,21402-Thermaltake Toughpower GF A3 850w 80 Plus Gold Fully Modular - Premium Edition,"Rs. 48,000",Out of Stock,https://www.chamacomputers.lk/products/power%20supply/thermaltake%20toughpower%20gf%20a3%20850w%2080%20plus%20gold%20fully%20modular%20-%20premium%20edition
Power Supply,21405-Thermaltake Toughpower GF3 1350W 80 Plus Gold Fully Modular,"Rs. 90,000",Out of Stock,https://www.chamacomputers.lk/products/power%20supply/thermaltake%20toughpower%20gf3%201350w%2080%20plus%20gold%20fully%20modular
Power Supply,21413-Thermaltake Toughpower TF1 1550w 80 Plus Titanium Certified Fully Modular,"Rs. 90,000",Out of Stock,https://www.chamacomputers.lk/products/power%20supply/thermaltake%20toughpower%20tf1%201550w%2080%20plus%20titanium%20certified%20fully%20modular
Power Supply,32217-ADATA XPG CORE REACTOR 650W 80 PLUS GOLD FULLY MODULAR,"Rs. 35,000",Out of Stock,https://www.chamacomputers.lk/products/power%20supply/adata%20xpg%20core%20reactor%20650w%2080%20plus%20gold%20fully%20modular
Power Supply,32218-ADATA XPG CORE REACTOR 750W 80 PLUS GOLD FULLY MODULAR,"Rs. 40,000",Out of Stock,https://www.chamacomputers.lk/products/power%20supply/adata%20xpg%20core%20reactor%20750w%2080%20plus%20gold%20fully%20modular
Power Supply,32219-ADATA XPG CORE REACTOR 850W 80 PLUS GOLD FULLY MODULAR,"Rs. 45,000",Out of Stock,https://www.chamacomputers.lk/products/power%20supply/adata%20xpg%20core%20reactor%20850w%2080%20plus%20gold%20fully%20modular
Power Supply,32588-ASUS ROG STRIX 650W 80 PLUS GOLD FULLY MODULAR,"Rs. 35,000",Out of Stock,https://www.chamacomputers.lk/products/power%20supply/asus%20rog%20strix%20650w%2080%20plus%20gold%20fully%20modular
Power Supply,koko,"Rs. 45,000",Out of Stock,https://www.chamacomputers.lk/products/power%20supply/asus%20rog%20strix%20750w%2080%20plus%20gold%20fully%20modular
Power Supply,32590-ASUS ROG STRIX 850W 80 PLUS GOLD FULLY MODULAR,"Rs. 52,000",Out of Stock,https://www.chamacomputers.lk/products/power%20supply/asus%20rog%20strix%20850w%2080%20plus%20gold%20fully%20modular
Power Supply,koko,"Rs. 69,000",Out of Stock,https://www.chamacomputers.lk/products/power%20supply/asus%20rog%20strix%20850w%2080%20plus%20gold%20fully%20modular%20white
Power Supply,32675-ASUS ROG THOR 1600W Titanium Full Modular,"Rs. 245,000",Out of Stock,https://www.chamacomputers.lk/products/power%20supply/asus%20rog%20thor%201600w%20titanium%20full%20modular
Power Supply,koko,"Rs. 69,000",Out of Stock,https://www.chamacomputers.lk/products/power%20supply/asus%20rog%20thor%20850p%20850w%2080%20plus%20platinum%20fully%20modular
Power Supply,koko,"Rs. 20,500",Out of Stock,https://www.chamacomputers.lk/products/power%20supply/asus%20tuf%20gaming%20550w%20bronze
Power Supply,koko,"Rs. 33,000",Out of Stock,https://www.chamacomputers.lk/products/power%20supply/asus%20tuf%20gaming%20750w%20bronze
Power Supply,32759-ASUS TUF Gaming 1200W 80+ Gold Certified Fully Modular Power Supply,"Rs. 86,000",Out of Stock,https://www.chamacomputers.lk/products/power%20supply/asus%20tuf%20gaming%201200w%2080%2B%20gold%20certified%20fully%20modular%20power%20supply
Power Supply,33131-Asus ROG-THOR 1000 PLATINUM II 1000W 80+ Platinum Full Modular,"Rs. 136,500",Out of Stock,https://www.chamacomputers.lk/products/power%20supply/asus%20rog-thor%201000%20platinum%20ii%201000w%2080%2B%20platinum%20full%20modular
Power Supply,33508-COOLER MASTER MWE 1050 V2 1050W GOLD FULLY MODULAR,"Rs. 79,000",Out of Stock,https://www.chamacomputers.lk/products/power%20supply/cooler%20master%20mwe%201050%20v2%201050w%20gold%20fully%20modular
Power Supply,koko,"Rs. 62,000",Out of Stock,https://www.chamacomputers.lk/products/power%20supply/cooler%20master%20v1000%201000w%20gold%20full%20modular
Power Supply,33521-CORSAIR CV450 450W 80 PLUS BRONZE,"Rs. 16,000",Out of Stock,https://www.chamacomputers.lk/products/power%20supply/corsair%20cv450%20450w%2080%20plus%20bronze
Power Supply,33523-CORSAIR CV650 650W 80 PLUS BRONZE,"Rs. 21,000",Out of Stock,https://www.chamacomputers.lk/products/power%20supply/corsair%20cv650%20650w%2080%20plus%20bronze
Power Supply,33524-CORSAIR CV750 80 PLUS BRONZE,"Rs. 24,000",Out of Stock,https://www.chamacomputers.lk/products/power%20supply/corsair%20cv750%2080%20plus%20bronze
Power Supply,33550-CORSAIR RM850E 80 PLUS GOLD FULLY MODULAR,"Rs. 45,000",Out of Stock,https://www.chamacomputers.lk/products/power%20supply/corsair%20rm850e%2080%20plus%20gold%20fully%20modular
Power Supply,33601-CX Series™ CX430 — 430W CORSAIR 80 PLUS® BRONZE  PSU,"Rs. 6,000",Out of Stock,https://www.chamacomputers.lk/products/power%20supply/cx%20series%E2%84%A2%20cx430%20%E2%80%94%20430w%20corsair%2080%20plus%C2%AE%20bronze%20%20psu
Power Supply,33622-Corsair CX650 80 Plus Bronze Power Supply,"Rs. 21,500",Out of Stock,https://www.chamacomputers.lk/products/power%20supply/corsair%20cx650%2080%20plus%20bronze%20power%20supply
Power Supply,koko,"Rs. 10,000",Out of Stock,https://www.chamacomputers.lk/products/power%20supply/corsair%20cx650%2080%20plus%20bronze%20power%20supply%20(used)
Power Supply,33624-Corsair CX750 80 Plus Bronze Power Supply,"Rs. 24,000",Out of Stock,https://www.chamacomputers.lk/products/power%20supply/corsair%20cx750%2080%20plus%20bronze%20power%20supply
Power Supply,koko,"Rs. 102,500",Out of Stock,https://www.chamacomputers.lk/products/power%20supply/corsair%20hx1200i%20-%201200w%2080%20plus%20platinum%20certified%20fully%20modular%20power%20supply
Power Supply,33653-Corsair RM1000X - 1000 WATT 80 Plus Gold Certified Fully Modular Power Supply,"Rs. 73,000",Out of Stock,https://www.chamacomputers.lk/products/power%20supply/corsair%20rm1000x%20-%201000%20watt%2080%20plus%20gold%20certified%20fully%20modular%20power%20supply
Power Supply,koko,"Rs. 42,000",Out of Stock,https://www.chamacomputers.lk/products/power%20supply/corsair%20rm750e%20%E2%80%93%20750w%2080%20plus%20gold%20certified%20fully%20modular
Power Supply,33656-Corsair RMe RM1000E – 1000 WATT 80 Plus Gold Certified Fully Modular Power Supply,"Rs. 67,500",Out of Stock,https://www.chamacomputers.lk/products/power%20supply/corsair%20rme%20rm1000e%20%E2%80%93%201000%20watt%2080%20plus%20gold%20certified%20fully%20modular%20power%20supply
Power Supply,33658-Corsair RMe RM850X CYBERNETICS – 850 WATT 80 Plus Gold Certified Fully Modular Power Supply,"Rs. 53,000",Out of Stock,https://www.chamacomputers.lk/products/power%20supply/corsair%20rme%20rm850x%20cybernetics%20%E2%80%93%20850%20watt%2080%20plus%20gold%20certified%20fully%20modular%20power%20supply
Power Supply,34057-GAMDIAS AURA GP550 GAMING 550W POWER SUPPLY,"Rs. 12,500",Out of Stock,https://www.chamacomputers.lk/products/power%20supply/gamdias%20aura%20gp550%20gaming%20550w%20power%20supply
Power Supply,34065-GAMDIAS HELIOS M1-450B 450W 80 Plus Bronze Certified Power Supply,"Rs. 14,000",Out of Stock,https://www.chamacomputers.lk/products/power%20supply/gamdias%20helios%20m1-450b%20450w%2080%20plus%20bronze%20certified%20power%20supply
Power Supply,koko,"Rs. 18,000",Out of Stock,https://www.chamacomputers.lk/products/power%20supply/gamdias%20helios%20m1-650b%20650w%2080%20plus%20bronze%20certified%20power%20supply
Power Supply,koko,"Rs. 25,500",Out of Stock,https://www.chamacomputers.lk/products/power%20supply/gamdias%20helios%20p1a-750g%20750w%2080%20plus%20gold%20certified%20power%20supply
Power Supply,34072-GAMDIAS KRATOS E1 500W 80 PLUS,"Rs. 14,000",Out of Stock,https://www.chamacomputers.lk/products/power%20supply/gamdias%20kratos%20e1%20500w%2080%20plus
Power Supply,koko,"Rs. 36,000",Out of Stock,https://www.chamacomputers.lk/products/power%20supply/gigabyte%20gp-ud750gm%20750w%2080%20plus%20gold%20certified%20power%20supply
Power Supply,34181-Gamdias Aura GP450 Pro - 450 WATT Efficient Power Supply,"Rs. 10,000",Out of Stock,https://www.chamacomputers.lk/products/power%20supply/gamdias%20aura%20gp450%20pro%20-%20450%20watt%20efficient%20power%20supply
Power Supply,koko,"Rs. 23,000",Out of Stock,https://www.chamacomputers.lk/products/power%20supply/msi%20mag%20a650bn%20650w%2080%2B%20bronze
Power Supply,35427-MSI MAG A750GL PCIE5 750 WATT 80 Plus Gold Certified Fully Modular Power Supply,"Rs. 38,000",Out of Stock,https://www.chamacomputers.lk/products/power%20supply/msi%20mag%20a750gl%20pcie5%20750%20watt%2080%20plus%20gold%20certified%20fully%20modular%20power%20supply
Power Supply,35428-MSI MAG A850GL PCIE5 80 PLUS GOLD,"Rs. 40,500",Out of Stock,https://www.chamacomputers.lk/products/power%20supply/msi%20mag%20a850gl%20pcie5%2080%20plus%20gold
Power Supply,35490-MSI MPG A650F 650W 80+ GOLD FULLY MODULAR,"Rs. 35,000",Out of Stock,https://www.chamacomputers.lk/products/power%20supply/msi%20mpg%20a650f%20650w%2080%2B%20gold%20fully%20modular
Power Supply,35491-MSI MPG A750GF 750W 80+ GOLD POWER SUPPLY,"Rs. 36,000",Out of Stock,https://www.chamacomputers.lk/products/power%20supply/msi%20mpg%20a750gf%20750w%2080%2B%20gold%20power%20supply
Power Supply,35507-MSI Mag A550BN 550W 80+ Bronze,"Rs. 20,000",Out of Stock,https://www.chamacomputers.lk/products/power%20supply/msi%20mag%20a550bn%20550w%2080%2B%20bronze
Power Supply,35792-NZXT C1200  Gold Full Modular PSU,"Rs. 58,000",Out of Stock,https://www.chamacomputers.lk/products/power%20supply/nzxt%20c1200%20%20gold%20full%20modular%20psu
Power Supply,35794-NZXT C750 - 750 WATT 80 Plus Bronze Certified Power Supply,"Rs. 21,000",Out of Stock,https://www.chamacomputers.lk/products/power%20supply/nzxt%20c750%20-%20750%20watt%2080%20plus%20bronze%20certified%20power%20supply
Power Supply,36174-SEASONIC CORE GX-650W 80+ GOLD FULLY MODULAR POWER SUPPLY,"Rs. 32,000",Out of Stock,https://www.chamacomputers.lk/products/power%20supply/seasonic%20core%20gx-650w%2080%2B%20gold%20fully%20modular%20power%20supply
Power Supply,36190-SILVER STONE ET500 80 PLUS BRONZE,"Rs. 18,000",Out of Stock,https://www.chamacomputers.lk/products/power%20supply/silver%20stone%20et500%2080%20plus%20bronze
Power Supply,36195-SILVER STONE SST-ET650-G 80 PLUS GOLD 650W POWER SUPPLY,"Rs. 28,000",Out of Stock,https://www.chamacomputers.lk/products/power%20supply/silver%20stone%20sst-et650-g%2080%20plus%20gold%20650w%20power%20supply
Power Supply,koko,"Rs. 26,000",Out of Stock,https://www.chamacomputers.lk/products/power%20supply/silver%20stone%20viva650%20650w%20gold
Power Supply,36201-SILVERSTONE VIVA750 750W 80 PLUS GOLD,"Rs. 35,000",Out of Stock,https://www.chamacomputers.lk/products/power%20supply/silverstone%20viva750%20750w%2080%20plus%20gold
Power Supply,36263-Seasonic S12III-650W 80+ Bronze Power Supply,"Rs. 24,500",Out of Stock,https://www.chamacomputers.lk/products/power%20supply/seasonic%20s12iii-650w%2080%2B%20bronze%20power%20supply
Power Supply,koko,"Rs. 23,000",Out of Stock,https://www.chamacomputers.lk/products/power%20supply/silver%20stone%20et550%2080%20plus%20gold%20psu
Power Supply,36369-THERMALTAKE TOUGHPOWER GARND RGB 1050W PLATINUM FULLY MODULA,"Rs. 47,000",Out of Stock,https://www.chamacomputers.lk/products/power%20supply/thermaltake%20toughpower%20garnd%20rgb%201050w%20platinum%20fully%20modula
Power Supply,koko,Rs. 0,Out of Stock,https://www.chamacomputers.lk/products/power%20supply/thermaltake%20gf1%201000w%20power%20supply
Power Supply,koko,"Rs. 18,000",Out of Stock,https://www.chamacomputers.lk/products/power%20supply/thermaltake%20smart%20bx1%20550w%2080%20plus%20bronze%20power%20supply
Power Supply,36442-Thermaltake Toughpower GF 750w 80 Plus Gold Fully Modular,"Rs. 36,000",Out of Stock,https://www.chamacomputers.lk/products/power%20supply/thermaltake%20toughpower%20gf%20750w%2080%20plus%20gold%20fully%20modular
Power Supply,36443-Thermaltake Toughpower GF 850w 80 Plus Gold Fully Modular,"Rs. 42,000",Out of Stock,https://www.chamacomputers.lk/products/power%20supply/thermaltake%20toughpower%20gf%20850w%2080%20plus%20gold%20fully%20modular
Power Supply,36446-Thermaltake Toughpower GF A3 750w 80 Plus Gold Fully Modular - Premium Edition,"Rs. 42,000",Out of Stock,https://www.chamacomputers.lk/products/power%20supply/thermaltake%20toughpower%20gf%20a3%20750w%2080%20plus%20gold%20fully%20modular%20-%20premium%20edition
Power Supply,koko,Rs. 0,Out of Stock,https://www.chamacomputers.lk/products/power%20supply/thermaltake%20toughpower%20gf%20a3%20850w%2080%20plus%20gold%20fully%20modular
Power Supply,36450-Thermaltake Toughpower GF3 1000W  80 Plus Gold Full Modular,"Rs. 60,000",Out of Stock,https://www.chamacomputers.lk/products/power%20supply/thermaltake%20toughpower%20gf3%201000w%20%2080%20plus%20gold%20full%20modular
Power Supply,38948-MSI MAG A1000GL PCIE5 1000 WATT 80 Plus Gold Certified Fully Modular Power Supply,"Rs. 59,500",Out of Stock,https://www.chamacomputers.lk/products/power%20supply/msi%20mag%20a1000gl%20pcie5%201000%20watt%2080%20plus%20gold%20certified%20fully%20modular%20power%20supply
Power Supply,koko,Rs. 1,Out of Stock,https://www.chamacomputers.lk/products/power%20supply/thermaltake%20smart%20bx1%20750w%2080%20plus%20bronze%20power%20supply
Power Supply,koko,"Rs. 76,500",Out of Stock,https://www.chamacomputers.lk/products/power%20supply/asus%20rog%20rog%20strix%20850w%20platinum%20fully%20modular%20power%20supply
Power Supply,koko,"Rs. 26,000",Out of Stock,https://www.chamacomputers.lk/products/power%20supply/asus%20prime%20650w%20bronze%20power%20supply
Power Supply,koko,"Rs. 28,500",Out of Stock,https://www.chamacomputers.lk/products/power%20supply/asus%20prime%20750w%20bronze%20power%20supply
Power Supply,koko,Rs. 1,Out of Stock,https://www.chamacomputers.lk/products/power%20supply/asus%20rog%20strix%20850w%2080%2B%20platinum%20fully%20modular
Power Supply,39367-NZXT C850 Gold Full Modular Power Supply,"Rs. 43,000",Out of Stock,https://www.chamacomputers.lk/products/power%20supply/nzxt%20c850%20gold%20full%20modular%20power%20supply
Power Supply,koko,"Rs. 9,000",Out of Stock,https://www.chamacomputers.lk/products/power%20supply/vertex%20vs450%20450w%20gaming%20power%20supply
Power Supply,39528-Monova FP-450 80 Plus Bronze 450W Power Supply,"Rs. 12,500",Out of Stock,https://www.chamacomputers.lk/products/power%20supply/monova%20fp-450%2080%20plus%20bronze%20450w%20power%20supply
Power Supply,koko,Rs. 1,Out of Stock,https://www.chamacomputers.lk/products/power%20supply/thermaltake%20toughpower%20gt%201000w%20gold%20tt%20premium%20edition
Power Supply,koko,Rs. 1,Out of Stock,https://www.chamacomputers.lk/products/power%20supply/thermaltake%20toughpower%20gx%20750w%2080%20plus%20gold%20non%20modular
Power Supply,koko,Rs. 1,Out of Stock,https://www.chamacomputers.lk/products/power%20supply/thermaltake%20toughpower%20gx%201000w%2080%20plus%20gold%20non%20modular
Power Supply,koko,Rs. 1,Out of Stock,https://www.chamacomputers.lk/products/power%20supply/thermaltake%20toughpower%20pt%20850w%2080%20plus%20gold%20fully%20modular
Power Supply,koko,"Rs. 160,000",Out of Stock,https://www.chamacomputers.lk/products/power%20supply/thermaltake%20toughpower%20tf3%201650w%20titanium%20fully%20modular
Power Supply,koko,"Rs. 99,000",Out of Stock,https://www.chamacomputers.lk/products/power%20supply/thermaltake%20toughpower%20tf3%201300w%20titanium%20fully%20modular
Power Supply,koko,"Rs. 204,500",Out of Stock,https://www.chamacomputers.lk/products/power%20supply/corsair%20ax1600i%201600%20watt%2080%20plus%20titanium%20certified%20fully%20modular%20power%20supply
Power Supply,koko,"Rs. 16,500",Out of Stock,https://www.chamacomputers.lk/products/power%20supply/vertex%20vs750b%20750w%20bronz%20gaming%20power%20supply
Power Supply,koko,"Rs. 220,000",Out of Stock,https://www.chamacomputers.lk/products/power%20supply/thermaltake%20toughpower%20i%202000w%20%7C%2080%20plus%20platinum%20%7C%20fully%20modular%20%7C%20atx%203.1%20%7C%20digital%20psu
Power Supply,koko,"Rs. 65,000",Out of Stock,https://www.chamacomputers.lk/products/power%20supply/gigabyte%20aorus%20elite%20p1000w%2080%20plus%20platinum%20modular%20power%20supply
Power Supply,koko,"Rs. 36,500",Out of Stock,https://www.chamacomputers.lk/products/power%20supply/thermaltake%20toughpower%20gx3%20se%20850w%2080%20plus%20gold%20power%20supply
Power Supply,koko,"Rs. 220,000",Out of Stock,https://www.chamacomputers.lk/products/power%20supply/thermaltake%20toughpower%20i2000w%2080%20plus%20platinum%20fully%20modular%20atx%203.1%20digital%20power%20supply
Power Supply,koko,Rs. 1,Out of Stock,https://www.chamacomputers.lk/products/power%20supply/thermaltake%20dock%20power%20fi%2F0850w%2Ffully%20modular%2Fnon-light%2Ffull%20range%2Fanalog%2F80%20plus%20gold%2Fuk%2Fnon-jp%20cap%2Fetched%20cables%2Fatx%203.1
Power Supply,koko,Rs. 1,Out of Stock,https://www.chamacomputers.lk/products/power%20supply/thermaltake%20dock%20power%20fi%2F1000w%2Ffully%20modular%2Fnon-light%2Ffull%20range%2Fanalog%2F80%20plus%20gold%2Fuk%2Fnon-jp%20cap%2Fetched%20cables%2Fatx%203.1
Monitors & Displays,"32893-Acer EK271G 27"" 144Hz Super Comfort EK1 Monitor","Rs. 39,500",In Stock,https://www.chamacomputers.lk/products/monitors%20%26%20displays/acer%20ek271g%2027%22%20144hz%20super%20comfort%20ek1%20monitor
Monitors & Displays,39377-Acer EK251Q 24.5'' 144Hz FHD Monitor,"Rs. 33,000",In Stock,https://www.chamacomputers.lk/products/monitors%20%26%20displays/acer%20ek251q%2024.5''%20144hz%20fhd%20monitor
Monitors & Displays,35486-MSI MPG 275CQRXF 27” 240HZ WQHD Curved Monitor,"Rs. 127,500",In Stock,https://www.chamacomputers.lk/products/monitors%20%26%20displays/msi%20mpg%20275cqrxf%2027%E2%80%9D%20240hz%20wqhd%20curved%20monitor
Monitors & Displays,"33236-Asus VY279HGR 27"" FHD IPS 120HZ Eye Care Monitor","Rs. 46,500",In Stock,https://www.chamacomputers.lk/products/monitors%20%26%20displays/asus%20vy279hgr%2027%22%20fhd%20ips%20120hz%20eye%20care%20monitor
Monitors & Displays,Best seller,"Rs. 35,500",In Stock,https://www.chamacomputers.lk/products/monitors%20%26%20displays/lenovo%20l24%204c%2024%22%20144hz%20monitor
Monitors & Displays,"21259-MSI MAG 274QRFW 27"" Inch WQHD (2560 X 1440) 180HZ IPS AMD FreeSync White Gaming Monitor","Rs. 107,000",In Stock,https://www.chamacomputers.lk/products/monitors%20%26%20displays/msi%20mag%20274qrfw%2027%22%20inch%20wqhd%20(2560%20x%201440)%20180hz%20ips%20amd%20freesync%20white%20gaming%20monitor
Monitors & Displays,"35193-MSI 27"" Modern MD272QXP (2560 X 1440) 100HZ IPS TYPE-C Monitor","Rs. 96,500",In Stock,https://www.chamacomputers.lk/products/monitors%20%26%20displays/msi%2027%22%20modern%20md272qxp%20(2560%20x%201440)%20100hz%20ips%20type-c%20monitor
Monitors & Displays,35411-MSI MAG 255XF 24.5” 300HZ FHD IPS MONITOR,"Rs. 69,000",In Stock,https://www.chamacomputers.lk/products/monitors%20%26%20displays/msi%20mag%20255xf%2024.5%E2%80%9D%20300hz%20fhd%20ips%20monitor
Monitors & Displays,"35583-MSI Pro MP273 E14A 144Hz 27"" IPS Frameless Monitor","Rs. 51,500",In Stock,https://www.chamacomputers.lk/products/monitors%20%26%20displays/msi%20pro%20mp273%20e14a%20144hz%2027%22%20ips%20frameless%20monitor
Monitors & Displays,39059-Lenovo Legion 24-10 / 24'' IPS FHD 240Hz Gaming Monitor,"Rs. 39,500",In Stock,https://www.chamacomputers.lk/products/monitors%20%26%20displays/lenovo%20legion%2024-10%20%2F%2024''%20ips%20fhd%20240hz%20gaming%20monitor
Monitors & Displays,34812-Lenovo D19-10 18.5' MONITOR,"Rs. 23,500",In Stock,https://www.chamacomputers.lk/products/monitors%20%26%20displays/lenovo%20d19-10%2018.5'%20monitor
Monitors & Displays,35412-MSI MAG 272F X24 27” 240HZ FHD IPS Monitor,"Rs. 64,000",In Stock,https://www.chamacomputers.lk/products/monitors%20%26%20displays/msi%20mag%20272f%20x24%2027%E2%80%9D%20240hz%20fhd%20ips%20monitor
Monitors & Displays,"35587-MSI Pro MP275Q 27"" 100Hz 1ms 2560 x 1440 (WQHD) IPS Level Ultra Slim Frameless Monitor","Rs. 72,000",In Stock,https://www.chamacomputers.lk/products/monitors%20%26%20displays/msi%20pro%20mp275q%2027%22%20100hz%201ms%202560%20x%201440%20(wqhd)%20ips%20level%20ultra%20slim%20frameless%20monitor
Monitors & Displays,arrivals,"Rs. 54,500",In Stock,https://www.chamacomputers.lk/products/monitors%20%26%20displays/lenovo%20legion%2027-10%20%2F%2027''%20ips%20fhd%20240hz%20gaming%20monitor
Monitors & Displays,"39091-MSI Pro MP243L E14 24.5"" 144Hz 1ms FHD Monitor","Rs. 35,500",In Stock,https://www.chamacomputers.lk/products/monitors%20%26%20displays/msi%20pro%20mp243l%20e14%2024.5%22%20144hz%201ms%20fhd%20monitor
Monitors & Displays,"39721-Lenovo L22-4e 21.5"" FHD IPS 100Hz Monitor","Rs. 29,000",In Stock,https://www.chamacomputers.lk/products/monitors%20%26%20displays/lenovo%20l22-4e%2021.5%22%20fhd%20ips%20100hz%20monitor
Monitors & Displays,20787-Acer LED Vertical Monitor CB2 series- CB242Y,"Rs. 40,000",Out of Stock,https://www.chamacomputers.lk/products/monitors%20%26%20displays/acer%20led%20vertical%20monitor%20cb2%20series-%20cb242y
Monitors & Displays,20916-Asus ProArt 27'' PA279CRV 4K UHD 60 Hz USB-C Monitor,"Rs. 224,000",In Stock,https://www.chamacomputers.lk/products/monitors%20%26%20displays/asus%20proart%2027''%20pa279crv%204k%20uhd%2060%20hz%20usb-c%20monitor
Monitors & Displays,20917-Asus ROG Strix 27” XG27ACS 2K HDR10 USB-C 180Hz Fast IPS G-Sync Monitor,"Rs. 126,000",Out of Stock,https://www.chamacomputers.lk/products/monitors%20%26%20displays/asus%20rog%20strix%2027%E2%80%9D%20xg27acs%202k%20hdr10%20usb-c%20180hz%20fast%20ips%20g-sync%20monitor
Monitors & Displays,"20918-Asus ROG Strix 30"" XG309CM 2560x1080 Ultra Wide 220Hz Monitor","Rs. 159,000",Out of Stock,https://www.chamacomputers.lk/products/monitors%20%26%20displays/asus%20rog%20strix%2030%22%20xg309cm%202560x1080%20ultra%20wide%20220hz%20monitor
Monitors & Displays,20931-Asus Tuf 23.8'' VG249Q3A 180Hz FAST IPS Adaptive-sync FreeSync Monitor,"Rs. 62,000",Out of Stock,https://www.chamacomputers.lk/products/monitors%20%26%20displays/asus%20tuf%2023.8''%20vg249q3a%20180hz%20fast%20ips%20adaptive-sync%20freesync%20monitor
Monitors & Displays,"20939-Asus Tuf Gaming 24"" VG246H1A IPS 100HZ Monitor","Rs. 44,000",Out of Stock,https://www.chamacomputers.lk/products/monitors%20%26%20displays/asus%20tuf%20gaming%2024%22%20vg246h1a%20ips%20100hz%20monitor
Monitors & Displays,20946-Asus TUF Gaming VG249Q3R 23.8” Inch FHD IPS 180Hz 1ms Amd Freesync Frameless Monitor,"Rs. 55,000",Out of Stock,https://www.chamacomputers.lk/products/monitors%20%26%20displays/asus%20tuf%20gaming%20vg249q3r%2023.8%E2%80%9D%20inch%20fhd%20ips%20180hz%201ms%20amd%20freesync%20frameless%20monitor
Monitors & Displays,"20947-Asus Tuf VG32VQ1B 31.5"" Gaming Monitor","Rs. 120,500",Out of Stock,https://www.chamacomputers.lk/products/monitors%20%26%20displays/asus%20tuf%20vg32vq1b%2031.5%22%20gaming%20monitor
Monitors & Displays,"20949-ASUS VA259HGA 25"" 120Hz IPS Monitor","Rs. 36,000",Out of Stock,https://www.chamacomputers.lk/products/monitors%20%26%20displays/asus%20va259hga%2025%22%20120hz%20ips%20monitor
Monitors & Displays,"21261-MSI MAG 275F 27"" IPS FHD 180HZ Gaming Monitor","Rs. 69,500",Out of Stock,https://www.chamacomputers.lk/products/monitors%20%26%20displays/msi%20mag%20275f%2027%22%20ips%20fhd%20180hz%20gaming%20monitor
Monitors & Displays,"21262-MSI MAG 275QF 27"" 2K 180HZ IPS Gaming Monitor","Rs. 78,500",Out of Stock,https://www.chamacomputers.lk/products/monitors%20%26%20displays/msi%20mag%20275qf%2027%22%202k%20180hz%20ips%20gaming%20monitor
Monitors & Displays,21263-MSI MAG 275UPD E14 27'' UHD 144Hz 4K Adaptive Sync IPS Dual Mode Gaming Monitor,"Rs. 104,500",In Stock,https://www.chamacomputers.lk/products/monitors%20%26%20displays/msi%20mag%20275upd%20e14%2027''%20uhd%20144hz%204k%20adaptive%20sync%20ips%20dual%20mode%20gaming%20monitor
Monitors & Displays,21264-MSI MAG 27CQ6F 180HZ UWQHD 2K Gaming Curved Monitor,"Rs. 77,500",Out of Stock,https://www.chamacomputers.lk/products/monitors%20%26%20displays/msi%20mag%2027cq6f%20180hz%20uwqhd%202k%20gaming%20curved%20monitor
Monitors & Displays,21286-North Bayou H160 Full Motion Dual Ergonomic Monitor Mount Stand,"Rs. 19,500",Out of Stock,https://www.chamacomputers.lk/products/monitors%20%26%20displays/north%20bayou%20h160%20full%20motion%20dual%20ergonomic%20monitor%20mount%20stand
Monitors & Displays,21439-ViewSonic VA270A-H 27'' 120Hz FHD IPS Level Frameless Monitor,"Rs. 47,000",Out of Stock,https://www.chamacomputers.lk/products/monitors%20%26%20displays/viewsonic%20va270a-h%2027''%20120hz%20fhd%20ips%20level%20frameless%20monitor
Monitors & Displays,"32167-ACER 34"" 144HZ NITRO XZ342CUP CURVED MONITOR","Rs. 199,000",Out of Stock,https://www.chamacomputers.lk/products/monitors%20%26%20displays/acer%2034%22%20144hz%20nitro%20xz342cup%20curved%20monitor
Monitors & Displays,"32185-ACER K243YE 24"" IPS 100HZ FRAMELESS MONITOR","Rs. 36,500",Out of Stock,https://www.chamacomputers.lk/products/monitors%20%26%20displays/acer%20k243ye%2024%22%20ips%20100hz%20frameless%20monitor
Monitors & Displays,"32199-ACER RL272 27"" IPS 75HZ FRAMELESS MONITOR","Rs. 49,500",Out of Stock,https://www.chamacomputers.lk/products/monitors%20%26%20displays/acer%20rl272%2027%22%20ips%2075hz%20frameless%20monitor
Monitors & Displays,"32201-ACER V247Y 24"" IPS 100HZ FRAMELESS MONITOR","Rs. 39,000",Out of Stock,https://www.chamacomputers.lk/products/monitors%20%26%20displays/acer%20v247y%2024%22%20ips%20100hz%20frameless%20monitor
Monitors & Displays,32421-ASUS 24 VA24EHE IPS FRAMELESS 75HZ ADAPTIVE SYNC FHD MONITOR,"Rs. 44,000",Out of Stock,https://www.chamacomputers.lk/products/monitors%20%26%20displays/asus%2024%20va24ehe%20ips%20frameless%2075hz%20adaptive%20sync%20fhd%20monitor
Monitors & Displays,"32422-ASUS 27"" VY279HGE (1920 x 1080) IPS 144Hz IPS SmoothMotion","Rs. 67,500",Out of Stock,https://www.chamacomputers.lk/products/monitors%20%26%20displays/asus%2027%22%20vy279hge%20(1920%20x%201080)%20ips%20144hz%20ips%20smoothmotion
Monitors & Displays,"32541-ASUS PROART DISPLAY PA279CV IPS, 4K UHDCalman Verified, USB-C PROFESSIONAL MONITOR","Rs. 198,000",Out of Stock,https://www.chamacomputers.lk/products/monitors%20%26%20displays/asus%20proart%20display%20pa279cv%20ips%2C%204k%20uhdcalman%20verified%2C%20usb-c%20professional%20monitor
Monitors & Displays,32543-ASUS PROART PA24AC PROFESSIONAL MONITOR,"Rs. 99,000",Out of Stock,https://www.chamacomputers.lk/products/monitors%20%26%20displays/asus%20proart%20pa24ac%20professional%20monitor
Monitors & Displays,"32544-ASUS PROART PA329CV 32"" 4K UHD HDR PROFESSIONAL IPS Monitor","Rs. 339,000",Out of Stock,https://www.chamacomputers.lk/products/monitors%20%26%20displays/asus%20proart%20pa329cv%2032%22%204k%20uhd%20hdr%20professional%20ips%20monitor
Monitors & Displays,"32650-ASUS ROG STRIX XG349C 34"" MONITOR","Rs. 389,000",Out of Stock,https://www.chamacomputers.lk/products/monitors%20%26%20displays/asus%20rog%20strix%20xg349c%2034%22%20monitor
Monitors & Displays,"32672-ASUS ROG Strix XG49WCR 49"" Double QHD USB-C 165HZ OC Gaming Monitor","Rs. 429,000",Out of Stock,https://www.chamacomputers.lk/products/monitors%20%26%20displays/asus%20rog%20strix%20xg49wcr%2049%22%20double%20qhd%20usb-c%20165hz%20oc%20gaming%20monitor
Monitors & Displays,32719-ASUS TUF GAMING 24’' VG249Q 144HZ IPS 1MS GAMING MONITOR,"Rs. 65,000",Out of Stock,https://www.chamacomputers.lk/products/monitors%20%26%20displays/asus%20tuf%20gaming%2024%E2%80%99'%20vg249q%20144hz%20ips%201ms%20gaming%20monitor
Monitors & Displays,"32740-Asus TUF GAMING 27"" VG279Q3R 180Hz Monitor","Rs. 54,500",Out of Stock,https://www.chamacomputers.lk/products/monitors%20%26%20displays/asus%20tuf%20gaming%2027%22%20vg279q3r%20180hz%20monitor
Monitors & Displays,"32741-ASUS TUF GAMING VG27AQ 27"" 2K 165HZ 1MS HDR GAMING MONITOR","Rs. 169,000",Out of Stock,https://www.chamacomputers.lk/products/monitors%20%26%20displays/asus%20tuf%20gaming%20vg27aq%2027%22%202k%20165hz%201ms%20hdr%20gaming%20monitor
Monitors & Displays,"32781-ASUS TUF VG249Q1A 24"" FHD 165HZ IPS 1MS GAMING MONITOR","Rs. 68,500",Out of Stock,https://www.chamacomputers.lk/products/monitors%20%26%20displays/asus%20tuf%20vg249q1a%2024%22%20fhd%20165hz%20ips%201ms%20gaming%20monitor
Monitors & Displays,"32785-ASUS TUF VG35VQ 35"" (3440x1440) 100HZ CURVED GAMING MONITOR","Rs. 271,000",Out of Stock,https://www.chamacomputers.lk/products/monitors%20%26%20displays/asus%20tuf%20vg35vq%2035%22%20(3440x1440)%20100hz%20curved%20gaming%20monitor
Monitors & Displays,"32790-ASUS V247Y 24"" IPS 100HZ FRAMELESS MONITOR","Rs. 37,000",Out of Stock,https://www.chamacomputers.lk/products/monitors%20%26%20displays/asus%20v247y%2024%22%20ips%20100hz%20frameless%20monitor
Monitors & Displays,"32791-ASUS VA24DQ 24"" IPS 75HZ Frameless Monitor","Rs. 37,500",Out of Stock,https://www.chamacomputers.lk/products/monitors%20%26%20displays/asus%20va24dq%2024%22%20ips%2075hz%20frameless%20monitor
Monitors & Displays,"32792-ASUS VA24EHF 24"" IPS 100HZ EYE CARE GAMING MONITOR","Rs. 42,000",Out of Stock,https://www.chamacomputers.lk/products/monitors%20%26%20displays/asus%20va24ehf%2024%22%20ips%20100hz%20eye%20care%20gaming%20monitor
Monitors & Displays,koko,"Rs. 36,000",Out of Stock,https://www.chamacomputers.lk/products/monitors%20%26%20displays/asus%20va259hga%20%2025%22%20120hz%20ips%20monitor
Monitors & Displays,"32794-ASUS VA27ECE 27"" IPS 75HZ FRAMELESS USB-C MONITOR","Rs. 56,000",Out of Stock,https://www.chamacomputers.lk/products/monitors%20%26%20displays/asus%20va27ece%2027%22%20ips%2075hz%20frameless%20usb-c%20monitor
Monitors & Displays,32833-ASUS VY249HE 24 IPS 1MS 75HZ EYE CARE MONITOR,"Rs. 75,000",Out of Stock,https://www.chamacomputers.lk/products/monitors%20%26%20displays/asus%20vy249he%2024%20ips%201ms%2075hz%20eye%20care%20monitor
Monitors & Displays,32834-ASUS VZ229H IPS 75HZ EYE CARE GAMING MONITOR,"Rs. 68,000",Out of Stock,https://www.chamacomputers.lk/products/monitors%20%26%20displays/asus%20vz229h%20ips%2075hz%20eye%20care%20gaming%20monitor
Monitors & Displays,koko,"Rs. 52,000",Out of Stock,https://www.chamacomputers.lk/products/monitors%20%26%20displays/asus%20vz249heg1r%2024%2075hz%20ips%20frameless%20gaming%20monitor
Monitors & Displays,32837-ASUS VZ279HEG1R 27” 75HZ IPS FRAMELESS 1MS GAMING MONITOR,"Rs. 107,000",Out of Stock,https://www.chamacomputers.lk/products/monitors%20%26%20displays/asus%20vz279heg1r%2027%E2%80%9D%2075hz%20ips%20frameless%201ms%20gaming%20monitor
Monitors & Displays,koko,"Rs. 100,000",Out of Stock,https://www.chamacomputers.lk/products/monitors%20%26%20displays/asus%20vz27ehe%2027%2075hz%20ips%20frameless%20monitor
Monitors & Displays,"32861-ASUS XG32VQR 32"" 2K 144HZ CURVED HDR GAMING MONITOR","Rs. 210,000",Out of Stock,https://www.chamacomputers.lk/products/monitors%20%26%20displays/asus%20xg32vqr%2032%22%202k%20144hz%20curved%20hdr%20gaming%20monitor
Monitors & Displays,koko,"Rs. 32,500",Out of Stock,https://www.chamacomputers.lk/products/monitors%20%26%20displays/acer%20ek2%20monitor%20ek51q%20e%2024.5%22%20120hz%20super%20comfort%20ek1
Monitors & Displays,koko,"Rs. 39,500",Out of Stock,https://www.chamacomputers.lk/products/monitors%20%26%20displays/acer%20ek271%20p6%2027%22%20144hz%20super%20comfort%20ek1%20monitor
Monitors & Displays,32894-Acer KA272 E0 27'' 120Hz IPS Frameless FreeSync Monitor,"Rs. 39,500",Out of Stock,https://www.chamacomputers.lk/products/monitors%20%26%20displays/acer%20ka272%20e0%2027''%20120hz%20ips%20frameless%20freesync%20monitor
Monitors & Displays,32904-Acer Nitro KG2 series- KG272 M3 27'' IPS FHD 180Hz Monitor,"Rs. 53,000",Out of Stock,https://www.chamacomputers.lk/products/monitors%20%26%20displays/acer%20nitro%20kg2%20series-%20kg272%20m3%2027''%20ips%20fhd%20180hz%20monitor
Monitors & Displays,"33104-Asus ProArt 24"" PA247CV IPS 75HZ Calman Verified Professional Monitor","Rs. 99,500",Out of Stock,https://www.chamacomputers.lk/products/monitors%20%26%20displays/asus%20proart%2024%22%20pa247cv%20ips%2075hz%20calman%20verified%20professional%20monitor
Monitors & Displays,"33105-Asus ProArt 27"" PA278CGV IPS 144HZ Calman Verified Monitor- USB C","Rs. 170,000",In Stock,https://www.chamacomputers.lk/products/monitors%20%26%20displays/asus%20proart%2027%22%20pa278cgv%20ips%20144hz%20calman%20verified%20monitor-%20usb%20c
Monitors & Displays,"33106-Asus ProArt Display PA278CV 27"" 2K Calman Verified Professional Monitor","Rs. 165,000",Out of Stock,https://www.chamacomputers.lk/products/monitors%20%26%20displays/asus%20proart%20display%20pa278cv%2027%22%202k%20calman%20verified%20professional%20monitor
Monitors & Displays,33108-Asus ProArt PA278QV 27” 2K IPS 75Hz Professional Monitor,"Rs. 121,500",Out of Stock,https://www.chamacomputers.lk/products/monitors%20%26%20displays/asus%20proart%20pa278qv%2027%E2%80%9D%202k%20ips%2075hz%20professional%20monitor
Monitors & Displays,"33110-Asus ProArt PA34VCNV 34"" INCH IPS UWQHD (3440 X 1440) Curved 100% SRGB Calman Verified Professional Monitor","Rs. 250,000",Out of Stock,https://www.chamacomputers.lk/products/monitors%20%26%20displays/asus%20proart%20pa34vcnv%2034%22%20inch%20ips%20uwqhd%20(3440%20x%201440)%20curved%20100%25%20srgb%20calman%20verified%20professional%20monitor
Monitors & Displays,33111-Asus Proart  Display PA248QV Professional Monitor,"Rs. 87,500",Out of Stock,https://www.chamacomputers.lk/products/monitors%20%26%20displays/asus%20proart%20%20display%20pa248qv%20professional%20monitor
Monitors & Displays,33168-Asus TUF Gaming 32'' VG328QA1A FHD VA 170HZ Monitor,"Rs. 95,000",Out of Stock,https://www.chamacomputers.lk/products/monitors%20%26%20displays/asus%20tuf%20gaming%2032''%20vg328qa1a%20fhd%20va%20170hz%20monitor
Monitors & Displays,"33176-Asus TUF Gaming VG27VQM 27 Inch FHD 240Hz 1ms Adaptive-sync, Freesync Premium Compatible Curved Gaming Monitor","Rs. 79,000",Out of Stock,https://www.chamacomputers.lk/products/monitors%20%26%20displays/asus%20tuf%20gaming%20vg27vqm%2027%20inch%20fhd%20240hz%201ms%20adaptive-sync%2C%20freesync%20premium%20compatible%20curved%20gaming%20monitor
Monitors & Displays,33177-Asus TUF Gaming VG328QA1A 31.5” Inch FHD 170Hz 1ms AmdFreesync Compatible Frameless Monitor,"Rs. 95,000",Out of Stock,https://www.chamacomputers.lk/products/monitors%20%26%20displays/asus%20tuf%20gaming%20vg328qa1a%2031.5%E2%80%9D%20inch%20fhd%20170hz%201ms%20amdfreesync%20compatible%20frameless%20monitor
Monitors & Displays,33178-Asus TUF Gaming VG32UQA1A 31.5” Inch 4K(3840x2160) 160Hz 1ms Freesync Premium Compatible Frameless Monitor,"Rs. 253,000",Out of Stock,https://www.chamacomputers.lk/products/monitors%20%26%20displays/asus%20tuf%20gaming%20vg32uqa1a%2031.5%E2%80%9D%20inch%204k(3840x2160)%20160hz%201ms%20freesync%20premium%20compatible%20frameless%20monitor
Monitors & Displays,"33184-Asus Tuf 27"" VG27VQ Curved VA 165Hz Monitor","Rs. 70,000",Out of Stock,https://www.chamacomputers.lk/products/monitors%20%26%20displays/asus%20tuf%2027%22%20vg27vq%20curved%20va%20165hz%20monitor
Monitors & Displays,"33210-Asus Tuf Gaming 27"" VG279Q3A FAST IPS 180HZ FHD Monitor","Rs. 77,000",Out of Stock,https://www.chamacomputers.lk/products/monitors%20%26%20displays/asus%20tuf%20gaming%2027%22%20vg279q3a%20fast%20ips%20180hz%20fhd%20monitor
Monitors & Displays,"33224-Asus Tuf VG27VQ3B 27""  Curved Monitor","Rs. 67,500",Out of Stock,https://www.chamacomputers.lk/products/monitors%20%26%20displays/asus%20tuf%20vg27vq3b%2027%22%20%20curved%20monitor
Monitors & Displays,koko,"Rs. 37,500",Out of Stock,https://www.chamacomputers.lk/products/monitors%20%26%20displays/asus%20va24ece%2024%22%20ips%2075hz%20frameless%20usb-c%20monitor
Monitors & Displays,koko,"Rs. 36,000",Out of Stock,https://www.chamacomputers.lk/products/monitors%20%26%20displays/asus%20va24ehf%20%2024%22%20monitor
Monitors & Displays,"33230-Asus VA24EHF 23'8''Inch Full HD IPS Level 100Hz Frameless, Adaptive-Sync Monitor","Rs. 37,000",Out of Stock,https://www.chamacomputers.lk/products/monitors%20%26%20displays/asus%20va24ehf%2023'8''inch%20full%20hd%20ips%20level%20100hz%20frameless%2C%20adaptive-sync%20monitor
Monitors & Displays,"33231-Asus VA279HG 27"" FHD IPS 120HZ Eye Care Monitor","Rs. 46,000",Out of Stock,https://www.chamacomputers.lk/products/monitors%20%26%20displays/asus%20va279hg%2027%22%20fhd%20ips%20120hz%20eye%20care%20monitor
Monitors & Displays,"33232-Asus VP229HF 21.45"" Ips 100Hz Monitor","Rs. 28,500",Out of Stock,https://www.chamacomputers.lk/products/monitors%20%26%20displays/asus%20vp229hf%2021.45%22%20ips%20100hz%20monitor
Monitors & Displays,33233-Asus VP32UQ 31.5 Inch 4K UHD (3840 X 2160) IPS 100% SRGB Designing Monitor,"Rs. 203,500",In Stock,https://www.chamacomputers.lk/products/monitors%20%26%20displays/asus%20vp32uq%2031.5%20inch%204k%20uhd%20(3840%20x%202160)%20ips%20100%25%20srgb%20designing%20monitor
Monitors & Displays,"33234-Asus VU279CFE-B 27"" Monitor","Rs. 68,000",Out of Stock,https://www.chamacomputers.lk/products/monitors%20%26%20displays/asus%20vu279cfe-b%2027%22%20monitor
Monitors & Displays,33235-Asus VY249HGR 23.8” FHD IPS 120HZ Monitor,"Rs. 33,500",Out of Stock,https://www.chamacomputers.lk/products/monitors%20%26%20displays/asus%20vy249hgr%2023.8%E2%80%9D%20fhd%20ips%20120hz%20monitor
Monitors & Displays,33359-BASEUS I-WOK SERIES USB STEPLESS DIMMING SCREEN HANGING LIGHT,"Rs. 9,500",Out of Stock,https://www.chamacomputers.lk/products/monitors%20%26%20displays/baseus%20i-wok%20series%20usb%20stepless%20dimming%20screen%20hanging%20light
Monitors & Displays,33360-BASEUS I-WOK2 SERIES USB ASYMMETRIC LIGHT SOURCE SCREEN HANGING LIGHT (Youth) Black (With Lumen) (Weight 280G),"Rs. 13,400",In Stock,https://www.chamacomputers.lk/products/monitors%20%26%20displays/baseus%20i-wok2%20series%20usb%20asymmetric%20light%20source%20screen%20hanging%20light%20(youth)%20black%20(with%20lumen)%20(weight%20280g)
Monitors & Displays,33373-BENQ SW240｜24-inch AdobeRGB Photographer Monitor,"Rs. 149,000",Out of Stock,https://www.chamacomputers.lk/products/monitors%20%26%20displays/benq%20sw240%EF%BD%9C24-inch%20adobergb%20photographer%20monitor
Monitors & Displays,33436-Benq PD2705Q 27 Inch 2K(2560x1440) QHD HDR10 IPS Monitor,"Rs. 130,000",Out of Stock,https://www.chamacomputers.lk/products/monitors%20%26%20displays/benq%20pd2705q%2027%20inch%202k(2560x1440)%20qhd%20hdr10%20ips%20monitor
Monitors & Displays,33437-Benq PD3205UA 32 Inch 4K(3840x2160) UHD HDR10 IPS Monitor,"Rs. 230,000",Out of Stock,https://www.chamacomputers.lk/products/monitors%20%26%20displays/benq%20pd3205ua%2032%20inch%204k(3840x2160)%20uhd%20hdr10%20ips%20monitor
Monitors & Displays,33580-CORSAIR XENEON 27QHD240 OLED 27-INCH GAMING MONITOR (PRE ORDER),"Rs. 405,000",In Stock,https://www.chamacomputers.lk/products/monitors%20%26%20displays/corsair%20xeneon%2027qhd240%20oled%2027-inch%20gaming%20monitor%20(pre%20order)
Monitors & Displays,33581-CORSAIR XENEON 315QHD165 32'' IPS GAMING MONITOR,"Rs. 150,000",In Stock,https://www.chamacomputers.lk/products/monitors%20%26%20displays/corsair%20xeneon%20315qhd165%2032''%20ips%20gaming%20monitor
Monitors & Displays,33582-CORSAIR XENEON 32UHD144-A 32-INCH OLED GAMING MONITOR (PRE ORDER),"Rs. 325,000",Out of Stock,https://www.chamacomputers.lk/products/monitors%20%26%20displays/corsair%20xeneon%2032uhd144-a%2032-inch%20oled%20gaming%20monitor%20(pre%20order)
Monitors & Displays,33583-CORSAIR XENEON FLEX 45WQHD240 45-INCH OLED GAMING MONITOR (PRE ORDER),"Rs. 785,000",Out of Stock,https://www.chamacomputers.lk/products/monitors%20%26%20displays/corsair%20xeneon%20flex%2045wqhd240%2045-inch%20oled%20gaming%20monitor%20(pre%20order)
Monitors & Displays,33755-DELL M U4320Q 43” 4K MONITOR,"Rs. 360,000",Out of Stock,https://www.chamacomputers.lk/products/monitors%20%26%20displays/dell%20m%20u4320q%2043%E2%80%9D%204k%20monitor
Monitors & Displays,"33761-DELL PROFESSIONAL 27"" P2722H MONITOR","Rs. 94,500",Out of Stock,https://www.chamacomputers.lk/products/monitors%20%26%20displays/dell%20professional%2027%22%20p2722h%20monitor
Monitors & Displays,koko,"Rs. 89,500",Out of Stock,https://www.chamacomputers.lk/products/monitors%20%26%20displays/dell%20s2721hgf%2027%22%20144hz%20curved%20gaming%20monitor
Monitors & Displays,33767-DELL S2722DGM 27’’ CURVED GAMING MONITOR,"Rs. 115,000",Out of Stock,https://www.chamacomputers.lk/products/monitors%20%26%20displays/dell%20s2722dgm%2027%E2%80%99%E2%80%99%20curved%20gaming%20monitor
Monitors & Displays,34210-Gigabyte G34WQC2 34″ WQHD 200Hz Curved Gaming Monitor,"Rs. 119,000",Out of Stock,https://www.chamacomputers.lk/products/monitors%20%26%20displays/gigabyte%20g34wqc2%2034%E2%80%B3%20wqhd%20200hz%20curved%20gaming%20monitor
Monitors & Displays,34559-HP V27i 27” IPS FHD FRAMELESS MONITOR,"Rs. 40,000",Out of Stock,https://www.chamacomputers.lk/products/monitors%20%26%20displays/hp%20v27i%2027%E2%80%9D%20ips%20fhd%20frameless%20monitor
Monitors & Displays,34574-HUAWEI MateView SE 24'' IPS 75Hz Monitor,"Rs. 28,000",Out of Stock,https://www.chamacomputers.lk/products/monitors%20%26%20displays/huawei%20mateview%20se%2024''%20ips%2075hz%20monitor
Monitors & Displays,"34746-KOORUI 27"" 27N5CA Curved VA Monitor 75HZ","Rs. 38,000",Out of Stock,https://www.chamacomputers.lk/products/monitors%20%26%20displays/koorui%2027%22%2027n5ca%20curved%20va%20monitor%2075hz
Monitors & Displays,"34747-KOORUI 32"" G3221SC 170Hz 2K Curved Gaming Monitor","Rs. 72,000",Out of Stock,https://www.chamacomputers.lk/products/monitors%20%26%20displays/koorui%2032%22%20g3221sc%20170hz%202k%20curved%20gaming%20monitor
Monitors & Displays,"34821-LENOVO G24-20 24"" 144HZ IPS GAMING MONITOR","Rs. 55,000",Out of Stock,https://www.chamacomputers.lk/products/monitors%20%26%20displays/lenovo%20g24-20%2024%22%20144hz%20ips%20gaming%20monitor
Monitors & Displays,34822-LENOVO G27q-30 27″ QHD GAMING MONITOR – 66E8GAC2MY,"Rs. 110,000",Out of Stock,https://www.chamacomputers.lk/products/monitors%20%26%20displays/lenovo%20g27q-30%2027%E2%80%B3%20qhd%20gaming%20monitor%20%E2%80%93%2066e8gac2my
Monitors & Displays,koko,"Rs. 175,000",Out of Stock,https://www.chamacomputers.lk/products/monitors%20%26%20displays/lenovo%20idea%20center%20aio%203%2011th%20gen%208gb%20256gb%20nvme%2023.5%20display
Monitors & Displays,"34836-LENOVO L24i-40 24"" 100HZ IPS FRAMELESS MONITOR","Rs. 43,000",Out of Stock,https://www.chamacomputers.lk/products/monitors%20%26%20displays/lenovo%20l24i-40%2024%22%20100hz%20ips%20frameless%20monitor
Monitors & Displays,34956-Lenovo Idea Center AIO 3 24IAP | i5-13420H | 16GB DDR4 | 512GB NVMe | 23.8 FHD | Win 11,"Rs. 275,000",Out of Stock,https://www.chamacomputers.lk/products/monitors%20%26%20displays/lenovo%20idea%20center%20aio%203%2024iap%20%7C%20i5-13420h%20%7C%2016gb%20ddr4%20%7C%20512gb%20nvme%20%7C%2023.8%20fhd%20%7C%20win%2011
Monitors & Displays,34976-Lenovo L27i-4A FHD IPS 3-Side Near Edgeless Display,"Rs. 44,000",Out of Stock,https://www.chamacomputers.lk/products/monitors%20%26%20displays/lenovo%20l27i-4a%20fhd%20ips%203-side%20near%20edgeless%20display
Monitors & Displays,35191-MSI 24'' G2412 FHD IPS 170Hz MONITOR,"Rs. 70,000",Out of Stock,https://www.chamacomputers.lk/products/monitors%20%26%20displays/msi%2024''%20g2412%20fhd%20ips%20170hz%20monitor
Monitors & Displays,koko,"Rs. 73,000",Out of Stock,https://www.chamacomputers.lk/products/monitors%20%26%20displays/msi%2024''%20g2422%20fhd%20ips%20170hz%20monitor
Monitors & Displays,"35194-MSI 27"" OPTIX G271 27 INCH IPS 144HZ MONITOR","Rs. 105,000",Out of Stock,https://www.chamacomputers.lk/products/monitors%20%26%20displays/msi%2027%22%20optix%20g271%2027%20inch%20ips%20144hz%20monitor
Monitors & Displays,"35282-MSI G2422C 24"" FHD 180HZ Curved Gaming Monitor","Rs. 59,500",Out of Stock,https://www.chamacomputers.lk/products/monitors%20%26%20displays/msi%20g2422c%2024%22%20fhd%20180hz%20curved%20gaming%20monitor
Monitors & Displays,35283-MSI G244F E2 23.8” FHD IPS 180HZ Gaming Monitor,"Rs. 59,000",Out of Stock,https://www.chamacomputers.lk/products/monitors%20%26%20displays/msi%20g244f%20e2%2023.8%E2%80%9D%20fhd%20ips%20180hz%20gaming%20monitor
Monitors & Displays,35284-MSI G255F 24.5” 180HZ FHD IPS Gaming Monitor,"Rs. 49,500",Out of Stock,https://www.chamacomputers.lk/products/monitors%20%26%20displays/msi%20g255f%2024.5%E2%80%9D%20180hz%20fhd%20ips%20gaming%20monitor
Monitors & Displays,35285-MSI G2712 27'' FHD IPS 170Hz Gaming Monitor,"Rs. 69,500",Out of Stock,https://www.chamacomputers.lk/products/monitors%20%26%20displays/msi%20g2712%2027''%20fhd%20ips%20170hz%20gaming%20monitor
Monitors & Displays,35286-MSI G273CQ 27'’ WQHD 170HZ 1440P CURVED GAMING MONITOR,"Rs. 86,500",Out of Stock,https://www.chamacomputers.lk/products/monitors%20%26%20displays/msi%20g273cq%2027'%E2%80%99%20wqhd%20170hz%201440p%20curved%20gaming%20monitor
Monitors & Displays,35287-MSI G27C4 E2 CURVED IPS FHD 170Hz MONITOR,"Rs. 77,000",Out of Stock,https://www.chamacomputers.lk/products/monitors%20%26%20displays/msi%20g27c4%20e2%20curved%20ips%20fhd%20170hz%20monitor
Monitors & Displays,"35288-MSI G27C4X 27"" FHD 250Hz Curved Monitor","Rs. 77,000",Out of Stock,https://www.chamacomputers.lk/products/monitors%20%26%20displays/msi%20g27c4x%2027%22%20fhd%20250hz%20curved%20monitor
Monitors & Displays,35289-MSI G27CQ4 E2 27'' WQHD 2K 170HZ Curved Gaming Monitor,"Rs. 92,000",Out of Stock,https://www.chamacomputers.lk/products/monitors%20%26%20displays/msi%20g27cq4%20e2%2027''%20wqhd%202k%20170hz%20curved%20gaming%20monitor
Monitors & Displays,35290-MSI G32C4X 31.5” FHD 250HZ Curved Gaming Monitor,"Rs. 106,000",Out of Stock,https://www.chamacomputers.lk/products/monitors%20%26%20displays/msi%20g32c4x%2031.5%E2%80%9D%20fhd%20250hz%20curved%20gaming%20monitor
Laptops,20985-Backpack,"Rs. 2,800",In Stock,https://www.chamacomputers.lk/products/laptops/backpack
Laptops,"39252-HAVIT HV-F2069 12""-17"" Laptop Cooling Pad","Rs. 8,500",In Stock,https://www.chamacomputers.lk/products/laptops/havit%20hv-f2069%2012%22-17%22%20laptop%20cooling%20pad
Laptops,"39251-HAVIT HV-F2067 12""-17"" Laptop Cooling Pad","Rs. 7,500",In Stock,https://www.chamacomputers.lk/products/laptops/havit%20hv-f2067%2012%22-17%22%20laptop%20cooling%20pad
Laptops,40245-Dell Latitude 3420 i5-1135G7 | 8GB DDR4 | 256GB NVMe | 14'' FHD | W11 PRO Black With AC Adapter (Used),"Rs. 95,000",In Stock,https://www.chamacomputers.lk/products/laptops/dell%20latitude%203420%20i5-1135g7%20%7C%208gb%20ddr4%20%7C%20256gb%20nvme%20%7C%2014''%20fhd%20%7C%20w11%20pro%20black%20with%20ac%20adapter%20(used)
Laptops,"40696-Acer Aspire Lite AL15-36P-32XP-| Core 3 N350| 8GB DDR4 | 128GB NVMe | 15.6"" FHD IPS | Win 11H | Light Silver","Rs. 168,000",In Stock,https://www.chamacomputers.lk/products/laptops/acer%20aspire%20lite%20al15-36p-32xp-%7C%20core%203%20n350%7C%208gb%20ddr4%20%7C%20128gb%20nvme%20%7C%2015.6%22%20fhd%20ips%20%7C%20win%2011h%20%7C%20light%20silver
Laptops,"40737-Dell Latitude E5490 | i5 8th Gen | 8GB DDR4 | 256GB SSD | 14"" Display | Laptop (Used)","Rs. 83,000",In Stock,https://www.chamacomputers.lk/products/laptops/dell%20latitude%20e5490%20%7C%20i5%208th%20gen%20%7C%208gb%20ddr4%20%7C%20256gb%20ssd%20%7C%2014%22%20display%20%7C%20laptop%20(used)
Laptops,"40738-Dell Latitude 5410 | i5 10th Gen | 16GB DDR4 | 512GB SSD | 14"" Display | Laptop (Used)","Rs. 108,000",In Stock,https://www.chamacomputers.lk/products/laptops/dell%20latitude%205410%20%7C%20i5%2010th%20gen%20%7C%2016gb%20ddr4%20%7C%20512gb%20ssd%20%7C%2014%22%20display%20%7C%20laptop%20(used)
Laptops,"39995-MSI Cyborg 15 B2RWFKG | Core 7 240H | 16GB DDR5 | 512GB NVMe | RTX 5060 8GB | 15.6"" FHD 144Hz IPS | Win 11","Rs. 464,000",In Stock,https://www.chamacomputers.lk/products/laptops/msi%20cyborg%2015%20b2rwfkg%20%7C%20core%207%20240h%20%7C%2016gb%20ddr5%20%7C%20512gb%20nvme%20%7C%20rtx%205060%208gb%20%7C%2015.6%22%20fhd%20144hz%20ips%20%7C%20win%2011
Laptops,20786-Acer Laptop Backpack,"Rs. 3,750",In Stock,https://www.chamacomputers.lk/products/laptops/acer%20laptop%20backpack
Laptops,21300-Porodo-LFST050 Aluminum Alloy Adjustable and Foldable Laptop Bracket with LED - Grey,"Rs. 11,000",In Stock,https://www.chamacomputers.lk/products/laptops/porodo-lfst050%20aluminum%20alloy%20adjustable%20and%20foldable%20laptop%20bracket%20with%20led%20-%20grey
Laptops,"34569-HP Victus 15-FB3093 DX Ryzen 7-7445HS| 16GB DDR5 | 512GB NVMe | RTX 4050 6GB | 15.6"" FHD | Win 11","Rs. 381,500",In Stock,https://www.chamacomputers.lk/products/laptops/hp%20victus%2015-fb3093%20dx%20ryzen%207-7445hs%7C%2016gb%20ddr5%20%7C%20512gb%20nvme%20%7C%20rtx%204050%206gb%20%7C%2015.6%22%20fhd%20%7C%20win%2011
Laptops,39681-LENOVO LOQ 15ARP10E Ryzen 7-7735HS | 16GB DDR5 | 512GB NVMe | RTX 4050 6GB | 15.6” FHD | WIN11 | LUNA GREY,"Rs. 399,000",In Stock,https://www.chamacomputers.lk/products/laptops/lenovo%20loq%2015arp10e%20ryzen%207-7735hs%20%7C%2016gb%20ddr5%20%7C%20512gb%20nvme%20%7C%20rtx%204050%206gb%20%7C%2015.6%E2%80%9D%20fhd%20%7C%20win11%20%7C%20luna%20grey
Laptops,"39949-MSI Modern 15 F1MG | Core 7 150U 14th Gen | 16GB DDR4 | 512GB NVMe | 15.6"" | DOS | Platinum Gray","Rs. 315,000",In Stock,https://www.chamacomputers.lk/products/laptops/msi%20modern%2015%20f1mg%20%7C%20core%207%20150u%2014th%20gen%20%7C%2016gb%20ddr4%20%7C%20512gb%20nvme%20%7C%2015.6%22%20%7C%20dos%20%7C%20platinum%20gray
Laptops,"40517-ASUS TUF FA506HCQ-HN038 | RYZEN 7 170 | 8GB DDR5 | 512GB NVMe | RTX 3050 4GB | 15.6"" FHD IPS 144HZ | DOS | Graphite Black","Rs. 347,000",In Stock,https://www.chamacomputers.lk/products/laptops/asus%20tuf%20fa506hcq-hn038%20%7C%20ryzen%207%20170%20%7C%208gb%20ddr5%20%7C%20512gb%20nvme%20%7C%20rtx%203050%204gb%20%7C%2015.6%22%20fhd%20ips%20144hz%20%7C%20dos%20%7C%20graphite%20black
Laptops,40683-HP 250R G10 | Core 3 100U | 8GB DDR4 | 512GB NVMe | 15.6” FHD IPS | Dos | Black,"Rs. 187,500",In Stock,https://www.chamacomputers.lk/products/laptops/hp%20250r%20g10%20%7C%20core%203%20100u%20%7C%208gb%20ddr4%20%7C%20512gb%20nvme%20%7C%2015.6%E2%80%9D%20fhd%20ips%20%7C%20dos%20%7C%20black
Laptops,"40739-HP 840 G6 | i7 8th Gen | 8GB DDR4 | 256GB SSD | 14"" Display | Laptop (Used)","Rs. 110,500",In Stock,https://www.chamacomputers.lk/products/laptops/hp%20840%20g6%20%7C%20i7%208th%20gen%20%7C%208gb%20ddr4%20%7C%20256gb%20ssd%20%7C%2014%22%20display%20%7C%20laptop%20(used)
Laptops,"21142-HP Victus 15-FA2013DX | i5-13420H | 8GB DDR4 | 512GB NVMe | RTX 3050 6GB | 15.6"" FHD 144HZ | Win 11","Rs. 299,000",In Stock,https://www.chamacomputers.lk/products/laptops/hp%20victus%2015-fa2013dx%20%7C%20i5-13420h%20%7C%208gb%20ddr4%20%7C%20512gb%20nvme%20%7C%20rtx%203050%206gb%20%7C%2015.6%22%20fhd%20144hz%20%7C%20win%2011
Laptops,21197-Lenovo Idea pad Gaming Backpack,"Rs. 3,500",In Stock,https://www.chamacomputers.lk/products/laptops/lenovo%20idea%20pad%20gaming%20backpack
Laptops,21199-Lenovo IdeaPad Slim 3 15IRH10 | i5-13420H | 8GB DDR5 | 512GB NVMe | 15.3'' WUXGA | UHD Graphics | DOS | Luna Grey,"Rs. 244,000",In Stock,https://www.chamacomputers.lk/products/laptops/lenovo%20ideapad%20slim%203%2015irh10%20%7C%20i5-13420h%20%7C%208gb%20ddr5%20%7C%20512gb%20nvme%20%7C%2015.3''%20wuxga%20%7C%20uhd%20graphics%20%7C%20dos%20%7C%20luna%20grey
Laptops,"21235-MacBook Pro i5 16GB | 256GB | 13"" | Touch Bar | 2019 macOs (Used)","Rs. 170,000",In Stock,https://www.chamacomputers.lk/products/laptops/macbook%20pro%20i5%2016gb%20%7C%20256gb%20%7C%2013%22%20%7C%20touch%20bar%20%7C%202019%20macos%20(used)
Laptops,"21236-MacBook Pro i5 8GB | 256GB | 13"" | Touch Bar | 2019 macOs (Used)","Rs. 160,000",In Stock,https://www.chamacomputers.lk/products/laptops/macbook%20pro%20i5%208gb%20%7C%20256gb%20%7C%2013%22%20%7C%20touch%20bar%20%7C%202019%20macos%20(used)
Laptops,"21237-MacBook Pro i7 16GB | 512GB | 13"" | Touch Bar | 2019 macOs (Used)","Rs. 195,000",In Stock,https://www.chamacomputers.lk/products/laptops/macbook%20pro%20i7%2016gb%20%7C%20512gb%20%7C%2013%22%20%7C%20touch%20bar%20%7C%202019%20macos%20(used)
Laptops,32475-Asus Tuf Gaming BackPack,"Rs. 5,750",In Stock,https://www.chamacomputers.lk/products/laptops/asus%20tuf%20gaming%20backpack
Laptops,"32812-Asus Vivobook E1504FA-BQ2909 | AMD Ryzen 5 40 | 8GB DDR5 | 512GB NVMe | Radeon Graphics | 15.6"" | DOS | Mix Black","Rs. 205,000",In Stock,https://www.chamacomputers.lk/products/laptops/asus%20vivobook%20e1504fa-bq2909%20%7C%20amd%20ryzen%205%2040%20%7C%208gb%20ddr5%20%7C%20512gb%20nvme%20%7C%20radeon%20graphics%20%7C%2015.6%22%20%7C%20dos%20%7C%20mix%20black
Laptops,"40144-ASUS TUF FA506NCG-HN211 | RYZEN 7 7445HS | 16GB DDR5 | 512GB NVMe | RTX 3050 4GB | 15.6"" FHD IPS 144HZ | DOS | Graphite Black","Rs. 369,000",In Stock,https://www.chamacomputers.lk/products/laptops/asus%20tuf%20fa506ncg-hn211%20%7C%20ryzen%207%207445hs%20%7C%2016gb%20ddr5%20%7C%20512gb%20nvme%20%7C%20rtx%203050%204gb%20%7C%2015.6%22%20fhd%20ips%20144hz%20%7C%20dos%20%7C%20graphite%20black
Laptops,"40381-ACER ASPIRE GO 16 AG16-71P-96FW | i9 13900H | 16GB DDR5 | 1TB NVMe | 16"" WUXGA IPS 120Hz | DOS | Pure Silver","Rs. 347,000",In Stock,https://www.chamacomputers.lk/products/laptops/acer%20aspire%20go%2016%20ag16-71p-96fw%20%7C%20i9%2013900h%20%7C%2016gb%20ddr5%20%7C%201tb%20nvme%20%7C%2016%22%20wuxga%20ips%20120hz%20%7C%20dos%20%7C%20pure%20silver
Laptops,"40572-HP OMNIBOOK 3 16-BU0305DX | Core Ultra 5 225U | 8GB DDR5 | 512GB NVMe | 16"" IPS Touch  300 Nits | Win11","Rs. 251,000",In Stock,https://www.chamacomputers.lk/products/laptops/hp%20omnibook%203%2016-bu0305dx%20%7C%20core%20ultra%205%20225u%20%7C%208gb%20ddr5%20%7C%20512gb%20nvme%20%7C%2016%22%20ips%20touch%20%20300%20nits%20%7C%20win11
Laptops,"40585-Asus Vivobook X1504VA-BQ4173 | Core 7-150U | 8GB DDR5 | 512GB NVMe| 15.6"" FHD | Cool Silver","Rs. 248,000",In Stock,https://www.chamacomputers.lk/products/laptops/asus%20vivobook%20x1504va-bq4173%20%7C%20core%207-150u%20%7C%208gb%20ddr5%20%7C%20512gb%20nvme%7C%2015.6%22%20fhd%20%7C%20cool%20silver
Laptops,40595-HP 15-FD0912TU | Core 5 120U | 8GB DDR5 | 512GB NVMe | 15.6'' FHD | Backlit Keyboard | DOS | Silver,"Rs. 231,000",In Stock,https://www.chamacomputers.lk/products/laptops/hp%2015-fd0912tu%20%7C%20core%205%20120u%20%7C%208gb%20ddr5%20%7C%20512gb%20nvme%20%7C%2015.6''%20fhd%20%7C%20backlit%20keyboard%20%7C%20dos%20%7C%20silver
Laptops,"40601-Asus Vivobook X1504VA-BQ4173 | Core 7-150U | 16GB DDR5 | 512GB NVMe| 15.6"" FHD | Cool Silver","Rs. 280,500",In Stock,https://www.chamacomputers.lk/products/laptops/asus%20vivobook%20x1504va-bq4173%20%7C%20core%207-150u%20%7C%2016gb%20ddr5%20%7C%20512gb%20nvme%7C%2015.6%22%20fhd%20%7C%20cool%20silver
Laptops,40629-ASUS TUF Gaming F16 FX608JMR-AS73-CA Core i7-14650HX | 16GB DDR5 | 512GB SSD | RTX 5060 8GB | 16″ WUXGA 165Hz | Windows 11 Home | Jaeger Gray,"Rs. 533,000",In Stock,https://www.chamacomputers.lk/products/laptops/asus%20tuf%20gaming%20f16%20fx608jmr-as73-ca%20core%20i7-14650hx%20%7C%2016gb%20ddr5%20%7C%20512gb%20ssd%20%7C%20rtx%205060%208gb%20%7C%2016%E2%80%B3%20wuxga%20165hz%20%7C%20windows%2011%20home%20%7C%20jaeger%20gray
Laptops,"40697-HP 15-FD1311TU | Core Ultra 5 125H | 8GB DDR5 | 512GB NVMe | 15.6"" FHD IPS | DOS","Rs. 240,000",In Stock,https://www.chamacomputers.lk/products/laptops/hp%2015-fd1311tu%20%7C%20core%20ultra%205%20125h%20%7C%208gb%20ddr5%20%7C%20512gb%20nvme%20%7C%2015.6%22%20fhd%20ips%20%7C%20dos
Laptops,"40721-ASUS V16 (V3607VJ-DS73-CB) | Core 7 240H | 16GB DDR5 | 512GB NVMe | RTX 3050 6GB  | 16.0"" FHD | Backlit |Win11 | Black","Rs. 384,000",In Stock,https://www.chamacomputers.lk/products/laptops/asus%20v16%20(v3607vj-ds73-cb)%20%7C%20core%207%20240h%20%7C%2016gb%20ddr5%20%7C%20512gb%20nvme%20%7C%20rtx%203050%206gb%20%20%7C%2016.0%22%20fhd%20%7C%20backlit%20%7Cwin11%20%7C%20black
Laptops,20789-Acer Nitro V15 ANV15 | i7-13620H | 16GB DDR5 | 512GB NVMe | RTX 4060 8GB |15.6'' IPS 165Hz | DOS,"Rs. 340,000",Out of Stock,https://www.chamacomputers.lk/products/laptops/acer%20nitro%20v15%20anv15%20%7C%20i7-13620h%20%7C%2016gb%20ddr5%20%7C%20512gb%20nvme%20%7C%20rtx%204060%208gb%20%7C15.6''%20ips%20165hz%20%7C%20dos
Laptops,20793-Acer Nitro V16 | i7-14650HX | 16GB DDR5 | 512GB NVMe | RTX 4060 8GB | 16'' FHD | DOS | BLACK,"Rs. 389,000",Out of Stock,https://www.chamacomputers.lk/products/laptops/acer%20nitro%20v16%20%7C%20i7-14650hx%20%7C%2016gb%20ddr5%20%7C%20512gb%20nvme%20%7C%20rtx%204060%208gb%20%7C%2016''%20fhd%20%7C%20dos%20%7C%20black
Laptops,20910-ASUS EXPERTBOOK B1503CVA-NJ3464W | i3-1315U | 8GB DDR5 | 256GB NVMe | 15.6''FHD | DOS | GENTLE GREY,"Rs. 175,000",Out of Stock,https://www.chamacomputers.lk/products/laptops/asus%20expertbook%20b1503cva-nj3464w%20%7C%20i3-1315u%20%7C%208gb%20ddr5%20%7C%20256gb%20nvme%20%7C%2015.6''fhd%20%7C%20dos%20%7C%20gentle%20grey
Laptops,20911-Asus NoteBook E410KA-CL464 | Celeron N4500 | 4GB DDR4 | 64GB eMMC | 14'' FHD | Win 11,"Rs. 90,000",Out of Stock,https://www.chamacomputers.lk/products/laptops/asus%20notebook%20e410ka-cl464%20%7C%20celeron%20n4500%20%7C%204gb%20ddr4%20%7C%2064gb%20emmc%20%7C%2014''%20fhd%20%7C%20win%2011
Laptops,20920-Asus Rog Strix G16 G614JVR i9-14900HX | 16GB DDR5 | 1TB NVMe | RTX 4060 8GB | 16'' WQXGA | DOS | GREY,"Rs. 549,000",Out of Stock,https://www.chamacomputers.lk/products/laptops/asus%20rog%20strix%20g16%20g614jvr%20i9-14900hx%20%7C%2016gb%20ddr5%20%7C%201tb%20nvme%20%7C%20rtx%204060%208gb%20%7C%2016''%20wqxga%20%7C%20dos%20%7C%20grey
Laptops,20921-ASUS ROG STRIX G16 G614PM‑S5103WS (2025) | Ryzen 9 8940HX | 16GB DDR5 | 1TB NVMe | RTX 5060 8GB | 16″ WQXGA 240 Hz | Win 11 | Eclipse Gray,"Rs. 647,000",Out of Stock,https://www.chamacomputers.lk/products/laptops/asus%20rog%20strix%20g16%20g614pm%E2%80%91s5103ws%20(2025)%20%7C%20ryzen%209%208940hx%20%7C%2016gb%20ddr5%20%7C%201tb%20nvme%20%7C%20rtx%205060%208gb%20%7C%2016%E2%80%B3%20wqxga%20240%20hz%20%7C%20win%2011%20%7C%20eclipse%20gray
Laptops,20922-Asus ROG STRIX G16 G615JHR‑S5022WS (2025) | i7‑14650HX | 16GB DDR5 | 1TB NVMe | RTX 5050 8GB | 16″ WQXGA 240 Hz | Win 11 | Eclipse Gray (2Y),"Rs. 635,000",Out of Stock,https://www.chamacomputers.lk/products/laptops/asus%20rog%20strix%20g16%20g615jhr%E2%80%91s5022ws%20(2025)%20%7C%20i7%E2%80%9114650hx%20%7C%2016gb%20ddr5%20%7C%201tb%20nvme%20%7C%20rtx%205050%208gb%20%7C%2016%E2%80%B3%20wqxga%20240%20hz%20%7C%20win%2011%20%7C%20eclipse%20gray%20(2y)
Laptops,"20923-Asus ROG Strix G16 G615JMR-AS74 | i7-14650HX | 16GB DDR5 | 1TB NVMe | RTX 5060 8GB | 16"" WUXGA 165HZ | Win 11","Rs. 649,000",Out of Stock,https://www.chamacomputers.lk/products/laptops/asus%20rog%20strix%20g16%20g615jmr-as74%20%7C%20i7-14650hx%20%7C%2016gb%20ddr5%20%7C%201tb%20nvme%20%7C%20rtx%205060%208gb%20%7C%2016%22%20wuxga%20165hz%20%7C%20win%2011
Laptops,20928-Asus ROG Zephyrus G14 GA403UM-G14 RYZEN 9 270 | 16GB DDR5 | 1TB NVMe | RTX 5060 8GB | 14'' OLED 3K 120Hz | WIN11,"Rs. 620,000",Out of Stock,https://www.chamacomputers.lk/products/laptops/asus%20rog%20zephyrus%20g14%20ga403um-g14%20ryzen%209%20270%20%7C%2016gb%20ddr5%20%7C%201tb%20nvme%20%7C%20rtx%205060%208gb%20%7C%2014''%20oled%203k%20120hz%20%7C%20win11
Laptops,"20929-Asus ROG ZEPHYRUS GU605MI | Core Ultra 9-185H | 16GB DDR5 | 1TB NVMe | RTX 4070 8GB | 16"" OLED 240Hz | WIN11","Rs. 619,000",Out of Stock,https://www.chamacomputers.lk/products/laptops/asus%20rog%20zephyrus%20gu605mi%20%7C%20core%20ultra%209-185h%20%7C%2016gb%20ddr5%20%7C%201tb%20nvme%20%7C%20rtx%204070%208gb%20%7C%2016%22%20oled%20240hz%20%7C%20win11
Laptops,"20932-Asus TUF A15 FA506NCG-HN243WS | Ryzen 7-7445HS | 16GB DDR5 | 512GB NVMe | RTX 3050 4GB | 15.6"" FHD 144HZ | Mecha Gray | Win 11","Rs. 299,000",Out of Stock,https://www.chamacomputers.lk/products/laptops/asus%20tuf%20a15%20fa506ncg-hn243ws%20%7C%20ryzen%207-7445hs%20%7C%2016gb%20ddr5%20%7C%20512gb%20nvme%20%7C%20rtx%203050%204gb%20%7C%2015.6%22%20fhd%20144hz%20%7C%20mecha%20gray%20%7C%20win%2011
Laptops,"20937-Asus TUF A16 FA607NUG-RL186WS | Ryzen 7-7445HS | 16GB DDR5 | 512GB NVMe | RTX 4050 6GB | 16.0"" FHD 144HZ | Mecha Gray | Win 11","Rs. 355,000",Out of Stock,https://www.chamacomputers.lk/products/laptops/asus%20tuf%20a16%20fa607nug-rl186ws%20%7C%20ryzen%207-7445hs%20%7C%2016gb%20ddr5%20%7C%20512gb%20nvme%20%7C%20rtx%204050%206gb%20%7C%2016.0%22%20fhd%20144hz%20%7C%20mecha%20gray%20%7C%20win%2011
Laptops,20940-ASUS TUF Gaming A14 FA401WV-RG038 | RYZEN AI 9 HX370 | 16GB DDR5 | 1TB NVMe | RTX 4060 8GB | 14”WQXGA 165Hz | DOS,"Rs. 470,000",Out of Stock,https://www.chamacomputers.lk/products/laptops/asus%20tuf%20gaming%20a14%20fa401wv-rg038%20%7C%20ryzen%20ai%209%20hx370%20%7C%2016gb%20ddr5%20%7C%201tb%20nvme%20%7C%20rtx%204060%208gb%20%7C%2014%E2%80%9Dwqxga%20165hz%20%7C%20dos
Laptops,20941-ASUS TUF Gaming A16 FA607NU-WS53 | Ryzen 5 7535HS | 16GB DDR5 | 512GB NVMe | RTX 4050 6GB | 16'' FHD+ 144Hz | WIN 11 | Mecha Gray,"Rs. 285,000",Out of Stock,https://www.chamacomputers.lk/products/laptops/asus%20tuf%20gaming%20a16%20fa607nu-ws53%20%7C%20ryzen%205%207535hs%20%7C%2016gb%20ddr5%20%7C%20512gb%20nvme%20%7C%20rtx%204050%206gb%20%7C%2016''%20fhd%2B%20144hz%20%7C%20win%2011%20%7C%20mecha%20gray
Laptops,20943-ASUS TUF Gaming A16 FA608PM‑RV059WS (2025) | Ryzen 9 8940HX | 16GB DDR5 | 1TB NVMe | RTX 5060 8GB | | 16″ WUXGA 165 Hz | Win11 | Jaeger Gray,"Rs. 550,000",Out of Stock,https://www.chamacomputers.lk/products/laptops/asus%20tuf%20gaming%20a16%20fa608pm%E2%80%91rv059ws%20(2025)%20%7C%20ryzen%209%208940hx%20%7C%2016gb%20ddr5%20%7C%201tb%20nvme%20%7C%20rtx%205060%208gb%20%7C%20%7C%2016%E2%80%B3%20wuxga%20165%20hz%20%7C%20win11%20%7C%20jaeger%20gray
Laptops,20951-ASUS Vivobook 15 X1504VA-NJ3856WS| i3-1315U | 8GB DDR4 | 512GB NVMe | Win 11 | Cool Silver,Rs. 1,Out of Stock,https://www.chamacomputers.lk/products/laptops/asus%20vivobook%2015%20x1504va-nj3856ws%7C%20i3-1315u%20%7C%208gb%20ddr4%20%7C%20512gb%20nvme%20%7C%20win%2011%20%7C%20cool%20silver
Laptops,20952-Asus Vivobook F1504VA-BQ149 | i3-1315U | 8GB DDR4 | 512GB SSD | 15.6'' FHD | COOL SILVER | DOS | Backlit Keyboard,"Rs. 145,000",Out of Stock,https://www.chamacomputers.lk/products/laptops/asus%20vivobook%20f1504va-bq149%20%7C%20i3-1315u%20%7C%208gb%20ddr4%20%7C%20512gb%20ssd%20%7C%2015.6''%20fhd%20%7C%20cool%20silver%20%7C%20dos%20%7C%20backlit%20keyboard
Laptops,20953-Asus Vivobook F1504VA-NJ3631 | i3-1315U | 8GB DDR4 | 512GB NVMe | 15.6” FHD | DOS | Cool Silver | FingerPrint | Backlit Keyboard,"Rs. 147,500",Out of Stock,https://www.chamacomputers.lk/products/laptops/asus%20vivobook%20f1504va-nj3631%20%7C%20i3-1315u%20%7C%208gb%20ddr4%20%7C%20512gb%20nvme%20%7C%2015.6%E2%80%9D%20fhd%20%7C%20dos%20%7C%20cool%20silver%20%7C%20fingerprint%20%7C%20backlit%20keyboard
Laptops,20955-Asus VivoBook R1504VA-NJ166 | Core 5-120U | 8GB DDR4 | 512GB NVMe | 15.6'' FHD | DOS | Cool Silver,"Rs. 187,000",Out of Stock,https://www.chamacomputers.lk/products/laptops/asus%20vivobook%20r1504va-nj166%20%7C%20core%205-120u%20%7C%208gb%20ddr4%20%7C%20512gb%20nvme%20%7C%2015.6''%20fhd%20%7C%20dos%20%7C%20cool%20silver
Laptops,20958-Asus VivoBook R1504VA-NJ192 | Core 5-120U | 16GB DDR4 | 512GB NVMe | 15.6'' FHD | DOS | Cool Silver,"Rs. 193,000",Out of Stock,https://www.chamacomputers.lk/products/laptops/asus%20vivobook%20r1504va-nj192%20%7C%20core%205-120u%20%7C%2016gb%20ddr4%20%7C%20512gb%20nvme%20%7C%2015.6''%20fhd%20%7C%20dos%20%7C%20cool%20silver
Laptops,20960-Asus Vivobook X1404VA-I712512 | i7-1355U | 12GB DDR4 | 512GB NVMe | 14'' FHD | WIN11 | QUIET BLUE,"Rs. 240,000",Out of Stock,https://www.chamacomputers.lk/products/laptops/asus%20vivobook%20x1404va-i712512%20%7C%20i7-1355u%20%7C%2012gb%20ddr4%20%7C%20512gb%20nvme%20%7C%2014''%20fhd%20%7C%20win11%20%7C%20quiet%20blue
Laptops,20961-Asus VivoBook X1502VA-NJ1304 | i7-13620H | 16GB DDR4 | 512GB NVMe | 15.6'' FHD | QUIET BLUE,"Rs. 245,000",Out of Stock,https://www.chamacomputers.lk/products/laptops/asus%20vivobook%20x1502va-nj1304%20%7C%20i7-13620h%20%7C%2016gb%20ddr4%20%7C%20512gb%20nvme%20%7C%2015.6''%20fhd%20%7C%20quiet%20blue
Laptops,20962-Asus Vivobook X1504VA-BQ151 | i3-1315U | 8GB DDR4 | 512GB SSD | 15.6'' FHD | Cool Silver | DOS,"Rs. 143,500",Out of Stock,https://www.chamacomputers.lk/products/laptops/asus%20vivobook%20x1504va-bq151%20%7C%20i3-1315u%20%7C%208gb%20ddr4%20%7C%20512gb%20ssd%20%7C%2015.6''%20fhd%20%7C%20cool%20silver%20%7C%20dos
Laptops,20963-Asus Vivobook X1504VA-NJ090 | i3-1315U | 8GB DDR4 | 512GB NVMe | 15.6” FHD | DOS | Quiet Blue,"Rs. 143,500",Out of Stock,https://www.chamacomputers.lk/products/laptops/asus%20vivobook%20x1504va-nj090%20%7C%20i3-1315u%20%7C%208gb%20ddr4%20%7C%20512gb%20nvme%20%7C%2015.6%E2%80%9D%20fhd%20%7C%20dos%20%7C%20quiet%20blue
Laptops,20964-Asus Vivobook X1504VA-NJ379 | i7-1355U | 8GB DDR4 | 512GB Nvme | 15.6'' FHD | DOS,"Rs. 210,000",Out of Stock,https://www.chamacomputers.lk/products/laptops/asus%20vivobook%20x1504va-nj379%20%7C%20i7-1355u%20%7C%208gb%20ddr4%20%7C%20512gb%20nvme%20%7C%2015.6''%20fhd%20%7C%20dos
Laptops,20965-Asus VivoBook X1504VA-NJ3952 | CORE 7-150U | 8GB DDR4 | 512GB NVMe | 15.6'' FHD | Cool Silver,"Rs. 205,000",Out of Stock,https://www.chamacomputers.lk/products/laptops/asus%20vivobook%20x1504va-nj3952%20%7C%20core%207-150u%20%7C%208gb%20ddr4%20%7C%20512gb%20nvme%20%7C%2015.6''%20fhd%20%7C%20cool%20silver
Laptops,"20968-Asus Zenbook Q425M | Core Ultra 7-155H | 16GB Ram | 1TB NVMe | 14""OLED | Win 11","Rs. 320,000",Out of Stock,https://www.chamacomputers.lk/products/laptops/asus%20zenbook%20q425m%20%7C%20core%20ultra%207-155h%20%7C%2016gb%20ram%20%7C%201tb%20nvme%20%7C%2014%22oled%20%7C%20win%2011
Laptops,20974-Baseus UltraStable Series Desktop Laptop Stand (4-Gear Adjustable) Space Grey,"Rs. 6,500",Out of Stock,https://www.chamacomputers.lk/products/laptops/baseus%20ultrastable%20series%20desktop%20laptop%20stand%20(4-gear%20adjustable)%20space%20grey
Laptops,21024-Dell 15 DC15250 | CORE 3-100U | 8GB DDR4 | 512GB NVMe | 15.6'' FHD | Win 11 | Carbon Black,"Rs. 145,000",Out of Stock,https://www.chamacomputers.lk/products/laptops/dell%2015%20dc15250%20%7C%20core%203-100u%20%7C%208gb%20ddr4%20%7C%20512gb%20nvme%20%7C%2015.6''%20fhd%20%7C%20win%2011%20%7C%20carbon%20black
Laptops,"21026-Dell Inspiron 2 in 1 7440 | Core 5-120U | 8GB DDR5 | 512GB NVMe | 14"" FHD TouchScreen | Win11","Rs. 199,000",Out of Stock,https://www.chamacomputers.lk/products/laptops/dell%20inspiron%202%20in%201%207440%20%7C%20core%205-120u%20%7C%208gb%20ddr5%20%7C%20512gb%20nvme%20%7C%2014%22%20fhd%20touchscreen%20%7C%20win11
Laptops,21030-Dell Vostro 3530 i5-1334U | 8GB DDR4 | 512GB NVMe | 15.6'' FHD | DOS (Used),"Rs. 150,000",Out of Stock,https://www.chamacomputers.lk/products/laptops/dell%20vostro%203530%20i5-1334u%20%7C%208gb%20ddr4%20%7C%20512gb%20nvme%20%7C%2015.6''%20fhd%20%7C%20dos%20(used)
Laptops,21031-Dell Vostro 3530-IDH5A9101BQ | i7-1355U | 8GB DDR4 | 512GB NVMe | 15.6'' FHD | DOS | Carbon Black,"Rs. 228,000",Out of Stock,https://www.chamacomputers.lk/products/laptops/dell%20vostro%203530-idh5a9101bq%20%7C%20i7-1355u%20%7C%208gb%20ddr4%20%7C%20512gb%20nvme%20%7C%2015.6''%20fhd%20%7C%20dos%20%7C%20carbon%20black
Laptops,21032-Dell Vostro 3530-IDH5A9101LW | i3-1305U | 8GB DDR4 | 512GB NVMe | 15.6'' FHD | DOS | Carbon Black,"Rs. 139,000",Out of Stock,https://www.chamacomputers.lk/products/laptops/dell%20vostro%203530-idh5a9101lw%20%7C%20i3-1305u%20%7C%208gb%20ddr4%20%7C%20512gb%20nvme%20%7C%2015.6''%20fhd%20%7C%20dos%20%7C%20carbon%20black
Laptops,21133-HP 15-FC0534AU AMD Ryzen™ 3 - 7320U | 8GB DDR5 | 512GB NVMe | 15.6” FHD | Win 11,"Rs. 150,000",Out of Stock,https://www.chamacomputers.lk/products/laptops/hp%2015-fc0534au%20amd%20ryzen%E2%84%A2%203%20-%207320u%20%7C%208gb%20ddr5%20%7C%20512gb%20nvme%20%7C%2015.6%E2%80%9D%20fhd%20%7C%20win%2011
Laptops,"21143-HP VICTUS 15-FA2082WM | i5-13420H | 16GB DDR4 | 512GB NVMe | RTX 4050 6GB | 15.6"" FHD 144HZ | Win 11","Rs. 353,000",Out of Stock,https://www.chamacomputers.lk/products/laptops/hp%20victus%2015-fa2082wm%20%7C%20i5-13420h%20%7C%2016gb%20ddr4%20%7C%20512gb%20nvme%20%7C%20rtx%204050%206gb%20%7C%2015.6%22%20fhd%20144hz%20%7C%20win%2011
Laptops,"21144-HP Victus 16-S1023DX Ryzen 7-8845HS | 16GB DDR5 | 512GB NVMe | RTX 4070 8GB |16.1"" FHD | Win 11","Rs. 415,000",Out of Stock,https://www.chamacomputers.lk/products/laptops/hp%20victus%2016-s1023dx%20ryzen%207-8845hs%20%7C%2016gb%20ddr5%20%7C%20512gb%20nvme%20%7C%20rtx%204070%208gb%20%7C16.1%22%20fhd%20%7C%20win%2011
Laptops,21198-Lenovo IdeaPad 5 2-in-1 14IRU9 | Core7-150U | 16GB DDR5 | 1TB NVMe | 14″ WUXGA | Win 11,"Rs. 299,000",Out of Stock,https://www.chamacomputers.lk/products/laptops/lenovo%20ideapad%205%202-in-1%2014iru9%20%7C%20core7-150u%20%7C%2016gb%20ddr5%20%7C%201tb%20nvme%20%7C%2014%E2%80%B3%20wuxga%20%7C%20win%2011
Laptops,21200-Lenovo Ideapad Slim 3-15ARP10 | Ryzen AI 7-170 | 16GB DDR4 | 512GB NVMe | 15.3'' WQXGA | Touch Screen | Win 11 | Luna Grey,"Rs. 274,000",Out of Stock,https://www.chamacomputers.lk/products/laptops/lenovo%20ideapad%20slim%203-15arp10%20%7C%20ryzen%20ai%207-170%20%7C%2016gb%20ddr4%20%7C%20512gb%20nvme%20%7C%2015.3''%20wqxga%20%7C%20touch%20screen%20%7C%20win%2011%20%7C%20luna%20grey
Laptops,21201-Lenovo Legion Pro 5 16IRX9 | i7-14650HX | 16GB DDR5 | 1TB NVMe | RTX4060 | 16'' WQXGA | DOS,"Rs. 470,000",Out of Stock,https://www.chamacomputers.lk/products/laptops/lenovo%20legion%20pro%205%2016irx9%20%7C%20i7-14650hx%20%7C%2016gb%20ddr5%20%7C%201tb%20nvme%20%7C%20rtx4060%20%7C%2016''%20wqxga%20%7C%20dos
Laptops,21202-Lenovo LOQ 15IRH8 | i5-13500H | 16GB | 1TB NVMe | RTX 4050 6GB | 15.6FHD'' | Win11,"Rs. 335,000",Out of Stock,https://www.chamacomputers.lk/products/laptops/lenovo%20loq%2015irh8%20%7C%20i5-13500h%20%7C%2016gb%20%7C%201tb%20nvme%20%7C%20rtx%204050%206gb%20%7C%2015.6fhd''%20%7C%20win11
Laptops,21204-Lenovo LOQ 15IRX10 | i7-13700HX | 24GB DDR5 | 512GB NVMe | 15.6'' FHD | RTX 5050 8GB | DOS | LUNA GREY,"Rs. 395,000",Out of Stock,https://www.chamacomputers.lk/products/laptops/lenovo%20loq%2015irx10%20%7C%20i7-13700hx%20%7C%2024gb%20ddr5%20%7C%20512gb%20nvme%20%7C%2015.6''%20fhd%20%7C%20rtx%205050%208gb%20%7C%20dos%20%7C%20luna%20grey
Laptops,21206-Lenovo V15 G2 IJL | Intel Celeron N4500 | 4GB DDR4 | 256GB NVMe | DOS,"Rs. 105,000",Out of Stock,https://www.chamacomputers.lk/products/laptops/lenovo%20v15%20g2%20ijl%20%7C%20intel%20celeron%20n4500%20%7C%204gb%20ddr4%20%7C%20256gb%20nvme%20%7C%20dos
Laptops,21234-Mac Studio M4 Max 12-Core CPU 30-Core GPU 36GB 512GB,"Rs. 770,000",Out of Stock,https://www.chamacomputers.lk/products/laptops/mac%20studio%20m4%20max%2012-core%20cpu%2030-core%20gpu%2036gb%20512gb
Laptops,"21258-MSI Katana 15 HX B14WFK |  i7 14650HX 14th Gen | 16GB DDR5 | 512GB NVMe | RTX 5060 8GB |15.6"" FHD 165Hz, IPS | Per-Key RGB Backlit KB | Win 11H","Rs. 599,000",Out of Stock,https://www.chamacomputers.lk/products/laptops/msi%20katana%2015%20hx%20b14wfk%20%7C%20%20i7%2014650hx%2014th%20gen%20%7C%2016gb%20ddr5%20%7C%20512gb%20nvme%20%7C%20rtx%205060%208gb%20%7C15.6%22%20fhd%20165hz%2C%20ips%20%7C%20per-key%20rgb%20backlit%20kb%20%7C%20win%2011h
Laptops,"21268-MSI Modern 15 F13MG 826XLK | i5- 1334U | 8GB DDR4 | 512GB NVMe | 15.6"" FHD | Iris Xe Graphics | Urban Silver","Rs. 225,000",Out of Stock,https://www.chamacomputers.lk/products/laptops/msi%20modern%2015%20f13mg%20826xlk%20%7C%20i5-%201334u%20%7C%208gb%20ddr4%20%7C%20512gb%20nvme%20%7C%2015.6%22%20fhd%20%7C%20iris%20xe%20graphics%20%7C%20urban%20silver
Laptops,21283-MSI Thin 15 B13UC i7-13620H | 8GB DDR4 | 512GB NVMe | RTX 3050 4GB GDDR6 | 15.6'' FHD | DOS,"Rs. 279,000",Out of Stock,https://www.chamacomputers.lk/products/laptops/msi%20thin%2015%20b13uc%20i7-13620h%20%7C%208gb%20ddr4%20%7C%20512gb%20nvme%20%7C%20rtx%203050%204gb%20gddr6%20%7C%2015.6''%20fhd%20%7C%20dos
Laptops,"21284-MSI Thin 15 B2RVE | Core 7 240H | 16GB DDR5 | 512GB NVMe | RTX 4050 6GB | 15.6"" FHD 144Hz IPS | DOS","Rs. 363,000",Out of Stock,https://www.chamacomputers.lk/products/laptops/msi%20thin%2015%20b2rve%20%7C%20core%207%20240h%20%7C%2016gb%20ddr5%20%7C%20512gb%20nvme%20%7C%20rtx%204050%206gb%20%7C%2015.6%22%20fhd%20144hz%20ips%20%7C%20dos
Laptops,32083-Asus TUF Gaming A16 FA607NU-WH73 | Ryzen 7 7445HS | 16GB DDR5 | 512GB NVMe | RTX 4050 6GB | 16'' FHD 144Hz | WIN 11 | Mecha Gray (Display Unit),"Rs. 379,000",Out of Stock,https://www.chamacomputers.lk/products/laptops/asus%20tuf%20gaming%20a16%20fa607nu-wh73%20%7C%20ryzen%207%207445hs%20%7C%2016gb%20ddr5%20%7C%20512gb%20nvme%20%7C%20rtx%204050%206gb%20%7C%2016''%20fhd%20144hz%20%7C%20win%2011%20%7C%20mecha%20gray%20(display%20unit)
Laptops,32180-ACER ASPIRE 5 15 IPS15IRU8 | i3-1315U | 512GB | 8GB | 15.6 FHD | WIN 11 HOME,"Rs. 157,000",Out of Stock,https://www.chamacomputers.lk/products/laptops/acer%20aspire%205%2015%20ips15iru8%20%7C%20i3-1315u%20%7C%20512gb%20%7C%208gb%20%7C%2015.6%20fhd%20%7C%20win%2011%20home
Laptops,"32328-APPLE MacBook PRO 13"" 256GB","Rs. 485,000",Out of Stock,https://www.chamacomputers.lk/products/laptops/apple%20macbook%20pro%2013%22%20256gb
Laptops,"32329-APPLE MacBook PRO M2 13"" 256GB","Rs. 400,000",Out of Stock,https://www.chamacomputers.lk/products/laptops/apple%20macbook%20pro%20m2%2013%22%20256gb
Laptops,"32458-ASUS E410MA  Intel Celeron N4020 | 4GB RAM | 256GB eMMC |14"" FHD | WIN 11 Home","Rs. 109,000",Out of Stock,https://www.chamacomputers.lk/products/laptops/asus%20e410ma%20%20intel%20celeron%20n4020%20%7C%204gb%20ram%20%7C%20256gb%20emmc%20%7C14%22%20fhd%20%7C%20win%2011%20home
Laptops,32464-ASUS EXPERTBOOK B1503CVA | i5-1334U | 16GB DDR5 | 512GB NVMe | 15.6''FHD | DOS,"Rs. 210,000",Out of Stock,https://www.chamacomputers.lk/products/laptops/asus%20expertbook%20b1503cva%20%7C%20i5-1334u%20%7C%2016gb%20ddr5%20%7C%20512gb%20nvme%20%7C%2015.6''fhd%20%7C%20dos
Laptops,32465-ASUS EXPERTBOOK B1503CVA-I58512G5D | i5-1334U | 8GB DDR5 | 512GB NVMe | 15.6''FHD | DOS,"Rs. 185,000",Out of Stock,https://www.chamacomputers.lk/products/laptops/asus%20expertbook%20b1503cva-i58512g5d%20%7C%20i5-1334u%20%7C%208gb%20ddr5%20%7C%20512gb%20nvme%20%7C%2015.6''fhd%20%7C%20dos
Laptops,32466-ASUS EXPERTBOOK B1503CVA-I58512G9D | i5-13420H | 8GB DDR5 | 512GB NVMe | 15.6''FHD | DOS | MISTY GREY,"Rs. 185,000",Out of Stock,https://www.chamacomputers.lk/products/laptops/asus%20expertbook%20b1503cva-i58512g9d%20%7C%20i5-13420h%20%7C%208gb%20ddr5%20%7C%20512gb%20nvme%20%7C%2015.6''fhd%20%7C%20dos%20%7C%20misty%20grey
Laptops,32467-ASUS EXPERTBOOK B1503CVA-I716512G5D | i7-1355U | 16GB DDR5 | 512GB NVMe | 15.6''FHD | DOS,"Rs. 215,000",Out of Stock,https://www.chamacomputers.lk/products/laptops/asus%20expertbook%20b1503cva-i716512g5d%20%7C%20i7-1355u%20%7C%2016gb%20ddr5%20%7C%20512gb%20nvme%20%7C%2015.6''fhd%20%7C%20dos
Laptops,32470-ASUS EXPERTBOOK P1503CVA | i5-13420H | 8GB DDR5 | 512GB NVMe |  15.6''FHD |  DOS,"Rs. 225,000",Out of Stock,https://www.chamacomputers.lk/products/laptops/asus%20expertbook%20p1503cva%20%7C%20i5-13420h%20%7C%208gb%20ddr5%20%7C%20512gb%20nvme%20%7C%20%2015.6''fhd%20%7C%20%20dos
Laptops,32471-ASUS EXPERTBOOK P1503CVA | i7-13620H | 8GB DDR5 | 512GB NVMe |  15.6''FHD |  DOS,"Rs. 215,000",Out of Stock,https://www.chamacomputers.lk/products/laptops/asus%20expertbook%20p1503cva%20%7C%20i7-13620h%20%7C%208gb%20ddr5%20%7C%20512gb%20nvme%20%7C%20%2015.6''fhd%20%7C%20%20dos
Laptops,32566-ASUS ROG G16 G615JPR | i9-14900HX | 16GB DDR5 | 1TB NVMe | 16'' WQXGA 240Hz | RTX 5070 8GB | Win11,"Rs. 719,000",Out of Stock,https://www.chamacomputers.lk/products/laptops/asus%20rog%20g16%20g615jpr%20%7C%20i9-14900hx%20%7C%2016gb%20ddr5%20%7C%201tb%20nvme%20%7C%2016''%20wqxga%20240hz%20%7C%20rtx%205070%208gb%20%7C%20win11
Laptops,32584-ASUS ROG STRIX 18 G814JZR-G18 i9-14900HX | 32GB DDR5  | 2TB NVME | RTX 4080 12GB | 2K 240HZ IPS | WIN 11,"Rs. 990,000",Out of Stock,https://www.chamacomputers.lk/products/laptops/asus%20rog%20strix%2018%20g814jzr-g18%20i9-14900hx%20%7C%2032gb%20ddr5%20%20%7C%202tb%20nvme%20%7C%20rtx%204080%2012gb%20%7C%202k%20240hz%20ips%20%7C%20win%2011
Laptops,"32610-ASUS ROG STRIX G16 G614JV i9-13980HX  | RTX 4070 8GB |32GB RAM | 1TB NVME | 16"" WUXGA | WIN 11 PRO","Rs. 990,000",Out of Stock,https://www.chamacomputers.lk/products/laptops/asus%20rog%20strix%20g16%20g614jv%20i9-13980hx%20%20%7C%20rtx%204070%208gb%20%7C32gb%20ram%20%7C%201tb%20nvme%20%7C%2016%22%20wuxga%20%7C%20win%2011%20pro
Laptops,32611-ASUS ROG STRIX G16 G614JVR i9-14900HX | DDR5 32GB  RAM | 1TB NVME | RTX 4060 8GB | WIN 11 HOME,"Rs. 710,000",Out of Stock,https://www.chamacomputers.lk/products/laptops/asus%20rog%20strix%20g16%20g614jvr%20i9-14900hx%20%7C%20ddr5%2032gb%20%20ram%20%7C%201tb%20nvme%20%7C%20rtx%204060%208gb%20%7C%20win%2011%20home
Laptops,32612-ASUS ROG STRIX G16 G615JPR‑S5035WS (2025) | i9‑14900HX | 16GB DDR5 | 1TB NVMe | RTX 5070 8GB | 16″ WQXGA  240Hz | Win 11 | Eclipse Gray,"Rs. 709,000",Out of Stock,https://www.chamacomputers.lk/products/laptops/asus%20rog%20strix%20g16%20g615jpr%E2%80%91s5035ws%20(2025)%20%7C%20i9%E2%80%9114900hx%20%7C%2016gb%20ddr5%20%7C%201tb%20nvme%20%7C%20rtx%205070%208gb%20%7C%2016%E2%80%B3%20wqxga%20%20240hz%20%7C%20win%2011%20%7C%20eclipse%20gray
Laptops,"32613-ASUS ROG STRIX G18 G814 i9 13980HX | RTX 4080 12GB | 18"" WQXGA 240Hz | 16GB DDR5 | 1TB NVME | WIN 11 HOME","Rs. 970,000",Out of Stock,https://www.chamacomputers.lk/products/laptops/asus%20rog%20strix%20g18%20g814%20i9%2013980hx%20%7C%20rtx%204080%2012gb%20%7C%2018%22%20wqxga%20240hz%20%7C%2016gb%20ddr5%20%7C%201tb%20nvme%20%7C%20win%2011%20home
Laptops,"32614-ASUS ROG STRIX G18 i9 13TH GEN | RTX 4070 8GB | 18"" WQXGA 240Hz | 32GB DDR5 | 1TB NVME | WIN 11 HOME","Rs. 845,000",Out of Stock,https://www.chamacomputers.lk/products/laptops/asus%20rog%20strix%20g18%20i9%2013th%20gen%20%7C%20rtx%204070%208gb%20%7C%2018%22%20wqxga%20240hz%20%7C%2032gb%20ddr5%20%7C%201tb%20nvme%20%7C%20win%2011%20home
Laptops,32667-ASUS ROG Strix G18 G814JVR-IS96 | i9-14900HX | 32GB DDR5 | 1TB NVMe | RTX 4060 8GB | 18'' WQXGA 240Hz | Win11,"Rs. 720,000",Out of Stock,https://www.chamacomputers.lk/products/laptops/asus%20rog%20strix%20g18%20g814jvr-is96%20%7C%20i9-14900hx%20%7C%2032gb%20ddr5%20%7C%201tb%20nvme%20%7C%20rtx%204060%208gb%20%7C%2018''%20wqxga%20240hz%20%7C%20win11
Laptops,"32668-ASUS ROG Strix G18 G814JZR | Intel Core i9-14900HX | 32GB RAM | 2TB NVMe |  RTX 4080 12GB |  18"" WQXGA IPS Display | Win 11 Home","Rs. 1,000,000",Out of Stock,https://www.chamacomputers.lk/products/laptops/asus%20rog%20strix%20g18%20g814jzr%20%7C%20intel%20core%20i9-14900hx%20%7C%2032gb%20ram%20%7C%202tb%20nvme%20%7C%20%20rtx%204080%2012gb%20%7C%20%2018%22%20wqxga%20ips%20display%20%7C%20win%2011%20home
Laptops,32682-ASUS ROG ZEPHYRUS G16 GU603 | i7 13620H | RTX 4070 8GB | DDR4 16GB | 512GB NVMe | Win 11,"Rs. 535,000",Out of Stock,https://www.chamacomputers.lk/products/laptops/asus%20rog%20zephyrus%20g16%20gu603%20%7C%20i7%2013620h%20%7C%20rtx%C2%A04070%208gb%20%7C%20ddr4%2016gb%20%7C%20512gb%20nvme%20%7C%20win%2011
Laptops,32683-ASUS ROG ZEPHYRUS GU603 | INTEL I7 13620H | RTX 4060 8GB | DDR4 16GB | 512GB NVME | 16.0 WUXGA| WIN 11H,Rs. 0,Out of Stock,https://www.chamacomputers.lk/products/laptops/asus%20rog%20zephyrus%20gu603%20%7C%20intel%20i7%2013620h%20%7C%20rtx%C2%A04060%208gb%20%7C%20ddr4%2016gb%20%7C%20512gb%20nvme%20%7C%2016.0%20wuxga%7C%20win%2011h
Laptops,32684-ASUS ROG Zephyrus G14 GA403UM-G14 RYZEN 9 270 HX | 16GB DDR5 | 1TB NVMe | RTX 5060 8GB | 14'' OLED 3K 120Hz | WIN11,"Rs. 565,000",Out of Stock,https://www.chamacomputers.lk/products/laptops/asus%20rog%20zephyrus%20g14%20ga403um-g14%20ryzen%209%20270%20hx%20%7C%2016gb%20ddr5%20%7C%201tb%20nvme%20%7C%20rtx%205060%208gb%20%7C%2014''%20oled%203k%20120hz%20%7C%20win11
Laptops,"32689-ASUS TUF 15 FX507VV |  i7-13620H | 16GB DDR5 | 1TB NVMe | RTX4060 8GB | 15.6""FHD | Win11","Rs. 435,000",Out of Stock,https://www.chamacomputers.lk/products/laptops/asus%20tuf%2015%20fx507vv%20%7C%20%20i7-13620h%20%7C%2016gb%20ddr5%20%7C%201tb%20nvme%20%7C%20rtx4060%208gb%20%7C%2015.6%22fhd%20%7C%20win11
Laptops,32707-ASUS TUF F15 FX507VV4 I7-13TH GEN / RTX 4060 8GB/ 8GB DDR5 / 512GB NVME / 144HZ IPS / WIN 11 GAMING,"Rs. 598,000",Out of Stock,https://www.chamacomputers.lk/products/laptops/asus%20tuf%20f15%20fx507vv4%20i7-13th%20gen%20%2F%20rtx%204060%208gb%2F%208gb%20ddr5%20%2F%20512gb%20nvme%20%2F%20144hz%20ips%20%2F%20win%2011%20gaming
Laptops,32711-ASUS TUF F16 FX607JV | i7-13650HX | 16GB DDR5 | 512GB NVMe |  RTX4060 8GB | 16''FHD | Win11,"Rs. 440,000",Out of Stock,https://www.chamacomputers.lk/products/laptops/asus%20tuf%20f16%20fx607jv%20%7C%20i7-13650hx%20%7C%2016gb%20ddr5%20%7C%20512gb%20nvme%20%7C%20%20rtx4060%208gb%20%7C%2016''fhd%20%7C%20win11
Laptops,32712-ASUS TUF F16 FX607VU-RL131WS | I7 | 16GB DDR5 | 512GB NVMe |  RTX 4050 6GB | 16''WUXGA | WINDOWS 11,"Rs. 369,000",Out of Stock,https://www.chamacomputers.lk/products/laptops/asus%20tuf%20f16%20fx607vu-rl131ws%20%7C%20i7%20%7C%2016gb%20ddr5%20%7C%20512gb%20nvme%20%7C%20%20rtx%204050%206gb%20%7C%2016''wuxga%20%7C%20windows%2011
Laptops,32713-ASUS TUF F16 FX607VU-RL177 | Core 5 210H | 16GB DDR5 | 512GB NVMe |  RTX 4050 6GB | 16''WUXGA | DOS,"Rs. 299,000",Out of Stock,https://www.chamacomputers.lk/products/laptops/asus%20tuf%20f16%20fx607vu-rl177%20%7C%20core%205%20210h%20%7C%2016gb%20ddr5%20%7C%20512gb%20nvme%20%7C%20%20rtx%204050%206gb%20%7C%2016''wuxga%20%7C%20dos
Laptops,"32722-ASUS TUF GAMING A15 FA507NU | RYZEN 7-7735HS | RTX 4050 6GB | 16GB RAM | 512GB NVME | 15.6"" FHD 144HZ | WIN 11","Rs. 385,000",Out of Stock,https://www.chamacomputers.lk/products/laptops/asus%20tuf%20gaming%20a15%20fa507nu%20%7C%20ryzen%207-7735hs%20%7C%20rtx%204050%206gb%20%7C%2016gb%20ram%20%7C%20512gb%20nvme%20%7C%2015.6%22%20fhd%20144hz%20%7C%20win%2011
Laptops,"32723-ASUS TUF GAMING A15 FA507NV | RYZEN 7-7735HS | RTX 4060 8GB | 16GB RAM | 512GB NVME | 15.6"" FHD 144HZ | WIN 11","Rs. 400,000",Out of Stock,https://www.chamacomputers.lk/products/laptops/asus%20tuf%20gaming%20a15%20fa507nv%20%7C%20ryzen%207-7735hs%20%7C%20rtx%204060%208gb%20%7C%2016gb%20ram%20%7C%20512gb%20nvme%20%7C%2015.6%22%20fhd%20144hz%20%7C%20win%2011
Laptops,32724-ASUS TUF GAMING A15 FA507NVR RYZEN 7 | DDR5 16GB | 1TB NVME | RTX 4060 8GB | 15.6 IPS | WIN 11,"Rs. 420,000",Out of Stock,https://www.chamacomputers.lk/products/laptops/asus%20tuf%20gaming%20a15%20fa507nvr%20ryzen%207%20%7C%20ddr5%2016gb%20%7C%201tb%20nvme%20%7C%20rtx%204060%208gb%20%7C%2015.6%20ips%20%7C%20win%2011
Laptops,32760-ASUS TUF Gaming A14  FA401-RG037 | Ryzen 7-8845HS | 16GB DDR5 | 512GB NVMe | RTX 4050 6GB | 14”WQXGA 165Hz | DOS | GREY,"Rs. 347,000",Out of Stock,https://www.chamacomputers.lk/products/laptops/asus%20tuf%20gaming%20a14%20%20fa401-rg037%20%7C%20ryzen%207-8845hs%20%7C%2016gb%20ddr5%20%7C%20512gb%20nvme%20%7C%20rtx%204050%206gb%20%7C%2014%E2%80%9Dwqxga%20165hz%20%7C%20dos%20%7C%20grey
Laptops,32761-ASUS TUF Gaming A15 FA507NVR- LP101 | Ryzen 7 7435HS | 16GB DDR5 | 1TB NVMe | RTX  4060 8GB | 15.6'' FHD 144Hz | DOS,"Rs. 399,000",Out of Stock,https://www.chamacomputers.lk/products/laptops/asus%20tuf%20gaming%20a15%20fa507nvr-%20lp101%20%7C%20ryzen%207%207435hs%20%7C%2016gb%20ddr5%20%7C%201tb%20nvme%20%7C%20rtx%20%204060%208gb%20%7C%2015.6''%20fhd%20144hz%20%7C%20dos
Laptops,32762-ASUS TUF Gaming A16 FA608UP | Ryzen 9 270 | 32GB DDR5 | 1TB NVMe | RTX 5070 8GB | 16'' WUXGA | WIN11 | JAEGER GRAY,"Rs. 650,000",Out of Stock,https://www.chamacomputers.lk/products/laptops/asus%20tuf%20gaming%20a16%20fa608up%20%7C%20ryzen%209%20270%20%7C%2032gb%20ddr5%20%7C%201tb%20nvme%20%7C%20rtx%205070%208gb%20%7C%2016''%20wuxga%20%7C%20win11%20%7C%20jaeger%20gray
Laptops,32763-ASUS TUF Gaming A16 FA608WV | Ryzen 9 AI HX 370 | 32GB DDR5 | 1TB NVMe | RTX 4060 8GB | 16'' FHD 144Hz | WIN11 | Jaeger Gray,"Rs. 440,000",Out of Stock,https://www.chamacomputers.lk/products/laptops/asus%20tuf%20gaming%20a16%20fa608wv%20%7C%20ryzen%209%20ai%20hx%20370%20%7C%2032gb%20ddr5%20%7C%201tb%20nvme%20%7C%20rtx%204060%208gb%20%7C%2016''%20fhd%20144hz%20%7C%20win11%20%7C%20jaeger%20gray
Laptops,32764-ASUS TUF Gaming A16 FA608WV | Ryzen AI 9 HX 370 | 16GB DDR5 | 1TB NVMe | RTX 4060 8GB | 16'' FHD 144Hz | Win 11,"Rs. 535,000",Out of Stock,https://www.chamacomputers.lk/products/laptops/asus%20tuf%20gaming%20a16%20fa608wv%20%7C%20ryzen%20ai%209%20hx%20370%20%7C%2016gb%20ddr5%20%7C%201tb%20nvme%20%7C%20rtx%204060%208gb%20%7C%2016''%20fhd%20144hz%20%7C%20win%2011
Laptops,32765-ASUS TUF Gaming A16 FA608WV-RL055W | Ryzen 9 AI HX 370 | 32GB DDR5 | 1TB NVMe | RTX 4060 8GB | 16'' FHD+ 144Hz | WIN 11 | Jaeger Gray,"Rs. 440,000",Out of Stock,https://www.chamacomputers.lk/products/laptops/asus%20tuf%20gaming%20a16%20fa608wv-rl055w%20%7C%20ryzen%209%20ai%20hx%20370%20%7C%2032gb%20ddr5%20%7C%201tb%20nvme%20%7C%20rtx%204060%208gb%20%7C%2016''%20fhd%2B%20144hz%20%7C%20win%2011%20%7C%20jaeger%20gray
Laptops,32800-ASUS VIVOBOOK 15 M1502IA-BQ086 /8GB/512GB LAPTOP,"Rs. 255,000",Out of Stock,https://www.chamacomputers.lk/products/laptops/asus%20vivobook%2015%20m1502ia-bq086%20%2F8gb%2F512gb%20laptop
Laptops,32802-ASUS VIVOBOOK 15 OLED M513UA AMD RYZEN 5 8GB/512GB/15.6'' WIN 11,"Rs. 308,000",Out of Stock,https://www.chamacomputers.lk/products/laptops/asus%20vivobook%2015%20oled%20m513ua%20amd%20ryzen%205%208gb%2F512gb%2F15.6''%20win%2011
