Title,Price,Stock,URL
HEATSINK PASTE THERMAL PASTE SMALL S,Rs:150.00or 3 XRs:56.00with,In Stock,https://mdcomputers.lk/product/heatsink-paste-thermal-paste-small-s/
SATA CABLE,Rs:200.00or 3 XRs:74.67with,In Stock,https://mdcomputers.lk/product/sata-cable/
cmos battery,Rs:200.00or 3 XRs:74.67with,In Stock,https://mdcomputers.lk/product/cmos-battery/
F-3 SMALL MOUSE PAD,Rs:500.00Rs:800.00or 3 XRs:186.67with,In Stock,https://mdcomputers.lk/product/lagitech-mouse-pad/
1.5M ALUMINIUM CAT6 CABLE,Rs:500.00or 3 XRs:186.67with,In Stock,https://mdcomputers.lk/product/network-cable-1-5m/
USB EXTENTION CABLE  ( 1.5M ),Rs:500.00or 3 XRs:186.67with,In Stock,https://mdcomputers.lk/product/usb-extention-cable-1-5m/
AUX CABLE ( 3.5mm ),Rs:500.00or 3 XRs:186.67with,In Stock,https://mdcomputers.lk/product/aux-cable-3-5mm/
STERIO TO 2RC 1.5M CABLE,Rs:500.00or 3 XRs:186.67with,In Stock,https://mdcomputers.lk/product/sterio-to-2rc-1-5m-cable/
USB PRINTER CABLE – 1.5M,"Rs:500.00Rs:1,000.00or 3 XRs:186.67with",In Stock,https://mdcomputers.lk/product/usb-printer-cable-1-5m/
POWER CABLE,Rs:700.00or 3 XRs:261.33with,In Stock,https://mdcomputers.lk/product/power-cable/
SILK GLIDING QIHE QH-8 MOUSE PAD,"Rs:750.00Rs:1,000.00or 3 XRs:280.00with",In Stock,https://mdcomputers.lk/product/silk-gliding-qihe-qh-8-mouse-pad/
VGA CABLE,Rs:800.00or 3 XRs:298.67with,In Stock,https://mdcomputers.lk/product/vga-cable/
DVI CABLE,Rs:800.00or 3 XRs:298.67with,In Stock,https://mdcomputers.lk/product/dvi-cable/
laptop power cable,Rs:800.00or 3 XRs:298.67with,In Stock,https://mdcomputers.lk/product/laptop-power-cable/
CP0146 LED STRIP POWER CONNECTOR PWM 1 TO 3,Rs:800.00or 3 XRs:298.67with,In Stock,https://mdcomputers.lk/product/led-strip-power-connector-pwm-1-to-3/
HDMI MALE TO FEMALE L’TYPE AGESTERBLE,Rs:800.00or 3 XRs:298.67with,In Stock,https://mdcomputers.lk/product/hdmi-male-to-female-ltype-agesterble/
ARGB Strip Power Connector 5V 1 To 4,Rs:900.00or 3 XRs:336.00with,In Stock,https://mdcomputers.lk/product/argb-strip-power-connector-5v-1-to-4/
USB 5.1 SOUND CARD 3D,"Rs:900.00Rs:1,000.00or 3 XRs:336.00with",In Stock,https://mdcomputers.lk/product/usb-5-1-sound-card-3d/
CON 402 – UGREEN 1M Cat 6 UTP NETWORK CABLE  – NW102 – 11201 – 1 Year Warranty,"Rs:900.00Rs:1,100.00or 3 XRs:336.00with",In Stock,https://mdcomputers.lk/product/con-402-ugreen-1m-cat-6-utp-network-cable-nw102-11201-1-year-warranty/
BASEUS SUPERIOR SERIES 0.25 METER FAST CHARGING DATA CABLE USB TO LIGHTNING 2.4A – WHITE ( CALYS-02 ),"Rs:990.00Rs:1,100.00or 3 XRs:369.60with",In Stock,https://mdcomputers.lk/product/baseus-superior-series-eries-0-25-meter-fast-charging-data-cable-usb-to-lightning-2-4a-white-calys-02/
BLUETOOTH ADAPTER,"Rs:1,000.00Rs:2,000.00or 3 XRs:373.33with",In Stock,https://mdcomputers.lk/product/bluetooth-usb-dongel/
BIAZE DVI TO HDMI CONVERTER.,"Rs:1,000.00or 3 XRs:373.33with",In Stock,https://mdcomputers.lk/product/dvi-to-dhmi-converter/
HDMI TO VGA CONVERTER,"Rs:1,000.00Rs:2,000.00or 3 XRs:373.33with",In Stock,https://mdcomputers.lk/product/hdmi-to-vga/
1155/1150 INTEL CPU COOLER,"Rs:1,000.00Rs:1,200.00or 3 XRs:373.33with",In Stock,https://mdcomputers.lk/product/1155-1150-intel-cpu-cooler/
USB PRINTER CABLE 3METER,"Rs:1,000.00Rs:1,500.00or 3 XRs:373.33with",In Stock,https://mdcomputers.lk/product/usb-printer-cable-5-meter/
HDMI CABLE 1.5M ORGINAL,"Rs:1,000.00or 3 XRs:373.33with",In Stock,https://mdcomputers.lk/product/hdmi-cable-1-5m-orginal/
MEETION M360 USB BRAND NEW WIRED MOUSE (6M),"Rs:1,000.00Rs:1,200.00or 3 XRs:373.33with",In Stock,https://mdcomputers.lk/product/meetion-m360-usb-wired-mouse-6m/
SSD HDD SLIM CADDY 9.5MM,"Rs:1,000.00Rs:1,500.00or 3 XRs:373.33with",In Stock,https://mdcomputers.lk/product/ssd-lap-hdd-slim-caddy/
DISPLAY CABLE ORIGINAL 1.8M (DP ),"Rs:1,000.00or 3 XRs:373.33with",In Stock,https://mdcomputers.lk/product/display-cable-original-1-8m/
USB EXTENTION CABLE ( 3M ),"Rs:1,000.00or 3 XRs:373.33with",In Stock,https://mdcomputers.lk/product/usb-extention-cable-3m/
3M USB PRINTER CABLE,"Rs:1,000.00or 3 XRs:373.33with",In Stock,https://mdcomputers.lk/product/3m-usb-printer-cable/
DUAL RING TRANSPARENT RGB FAN,"Rs:1,000.00Rs:1,200.00or 3 XRs:373.33with",In Stock,https://mdcomputers.lk/product/dual-ring-transparent-rgb-fan/
4K HDMI CABLE 1.5M,"Rs:1,000.00Rs:1,500.00or 3 XRs:373.33with",In Stock,https://mdcomputers.lk/product/4k-hdmi-cable-1-5m/
SILK GLIDING L-18 MOUSE PAD,"Rs:1,000.00Rs:1,200.00or 3 XRs:373.33with",In Stock,https://mdcomputers.lk/product/silk-gliding-l-18-mouse-pad/
SSD HDD CADDY 12.7MM,"Rs:1,100.00Rs:1,500.00or 3 XRs:410.67with",In Stock,https://mdcomputers.lk/product/ssd-hdd-caddy-12-7mm/
Lb Link 150Mbps Wifi Adapter,"Rs:1,200.00Rs:1,800.00or 3 XRs:448.00with",In Stock,https://mdcomputers.lk/product/usb-wifi-adapters/
SATA ARGB MAIN CONTROLER HUB ADEPTER 5V 3PIN,"Rs:1,200.00or 3 XRs:448.00with",In Stock,https://mdcomputers.lk/product/sata-argb-main-controler-hub-adepter-5v-3pin/
CON339 – Baseus CAT 6 1m High Speed Six types of RJ45 Gigabit Network Cable  Black PCWL-B01 1 Year Warranty,"Rs:1,200.00or 3 XRs:448.00with",In Stock,https://mdcomputers.lk/product/con339-baseus-cat-6-1m-high-speed-six-types-of-rj45-gigabit-network-cable-black-pcwl-b01-1-year-warranty/
USB SOUND ADAPTER,"Rs:1,200.00or 3 XRs:448.00with",In Stock,https://mdcomputers.lk/product/usb-sound-adapter/
DISPLAY PORT TO HDMI CONVERTER,"Rs:1,200.00Rs:1,400.00or 3 XRs:448.00with",In Stock,https://mdcomputers.lk/product/display-port-to-hdmi-converter/
JEDEL K13 BRAND NEW OFFICE KAYBOARD,"Rs:1,300.00Rs:1,500.00or 3 XRs:485.33with",In Stock,https://mdcomputers.lk/product/k13-brand-new-keyboard/
K11 BRAND NEW KEYBOARD,"Rs:1,300.00Rs:1,500.00or 3 XRs:485.33with",In Stock,https://mdcomputers.lk/product/k11-brand-new-keyboard/
JEQANG JW-207 BT & 2.4G DUAL MODE WIRLESS MOUSE,"Rs:1,300.00Rs:1,650.00or 3 XRs:485.33with",In Stock,https://mdcomputers.lk/product/jeqang-jw-207-bt-2-4g-dual-mode-wirless-mouse/
ALCATROZ ASIC 3 (BLISTER) BLACK COMPUTER MOUSE,"Rs:1,300.00Rs:1,500.00or 3 XRs:485.33with",In Stock,https://mdcomputers.lk/product/alcatroz-asic-3-blister-black-computer-mouse/
RGB RUNNING FAN,"Rs:1,300.00Rs:1,500.00or 3 XRs:485.33with",In Stock,https://mdcomputers.lk/product/rgb-running-fan/
JYOCUN RJ45 JOINTER STEEL FTP,"Rs:1,350.00or 3 XRs:504.00with",In Stock,https://mdcomputers.lk/product/jyocun-rj45-jointer-steel-ftp/
AMIDA CANON 790 CYAN CARTRIDGE,"Rs:1,350.00or 3 XRs:504.00with",In Stock,https://mdcomputers.lk/product/amida-canon-790-cyan-cartridge-price-srilan/
AMIDA CANON 790 MAGENTA CARTRIDGE,"Rs:1,350.00or 3 XRs:504.00with",In Stock,https://mdcomputers.lk/product/amida-canon-790-magenta-cartridge/
AMIDA CANON 790 YELLOW CARTRIDGE,"Rs:1,350.00or 3 XRs:504.00with",In Stock,https://mdcomputers.lk/product/amida-canon-790-yellow-cartridge/
AMIDA EPSON T6643 MAGENTA CARTRIDGE,"Rs:1,350.00or 3 XRs:504.00with",In Stock,https://mdcomputers.lk/product/amida-epson-t6641-magenta-cartridge/
INTEL CORE I3 2ND GEN USED PROCESSOR,"Rs:1,400.00or 3 XRs:522.67with",In Stock,https://mdcomputers.lk/product/intel-ore-i3-2nd-gen-processor-used/
Meetion K100 Standard USB Wired Keyboard,"Rs:1,400.00Rs:1,800.00or 3 XRs:522.67with",In Stock,https://mdcomputers.lk/product/meetion-ak100-standard-usb-wired-keyboard/
MEETION R547 BRAND NEW WIRLESS MOUSE,"Rs:1,400.00Rs:2,400.00or 3 XRs:522.67with",In Stock,https://mdcomputers.lk/product/meetion-wireless-mouse-r547/
DVI TO HDMI CABLE 1.5M,"Rs:1,400.00or 3 XRs:522.67with",In Stock,https://mdcomputers.lk/product/dvi-to-hdmi-cable-1-5m/
Intel® Pentium® Processor G4400,"Rs:1,500.00Rs:3,500.00or 3 XRs:560.00with",In Stock,https://mdcomputers.lk/product/intel-pentium-processor-g4400/
HDMI Y CABLE,"Rs:1,500.00Rs:2,500.00or 3 XRs:560.00with",In Stock,https://mdcomputers.lk/product/hdmi-y-cable/
LCD LED TV Wall Mount Suitable FOR 14″-24,"Rs:1,500.00or 3 XRs:560.00with",In Stock,https://mdcomputers.lk/product/lcd-led-tv-wall-mount-suitable-for-14-24/
LARGE GAMING MOUSE PAD,"Rs:1,500.00or 3 XRs:560.00with",In Stock,https://mdcomputers.lk/product/large-gaming-mouse-pad/
FALCON F312 RGB RUNNINGFAN FRAME,"Rs:1,500.00Rs:1,600.00or 3 XRs:560.00with",In Stock,https://mdcomputers.lk/product/loving-cool-ready-to-ship-hot-sale-pc-computer-case-fan-120mm-cooling-fan-rgb-cooler-fans/
ASSEMBLE PC,"Rs:1,500.00or 3 XRs:560.00with",In Stock,https://mdcomputers.lk/product/assemble-pc/
JEDEL M600 MINI SPEAKER,"Rs:1,500.00or 3 XRs:560.00with",In Stock,https://mdcomputers.lk/product/jedel-m600-mini-speaker/
LB-LINK BL-WN351 300MBPS WIFI ADAPTER,"Rs:1,500.00Rs:2,000.00or 3 XRs:560.00with",In Stock,https://mdcomputers.lk/product/lb-link-300mbps-wifi-adapter/
MEETION M371 BRAND NEW GAMING MOUSE,"Rs:1,500.00Rs:2,500.00or 3 XRs:560.00with",In Stock,https://mdcomputers.lk/product/meetion-m371-mouse/
LOGITECH B100 OPTICAL USB BRAND NEW MOUSE ( 02 years warranty ),"Rs:1,500.00Rs:2,000.00or 3 XRs:560.00with",In Stock,https://mdcomputers.lk/product/logitech-b100-optical-usb-mouse-price-sri-l/
HDMI 3M CABLE,"Rs:1,500.00or 3 XRs:560.00with",In Stock,https://mdcomputers.lk/product/hdmi-3m-cable/
3M ALUMINIUM CAT6 CABLE,"Rs:1,500.00or 3 XRs:560.00with",In Stock,https://mdcomputers.lk/product/network-cable-3m/
OSCOO DDR3 2GB DESKTOP RAM,"Rs:1,500.00or 3 XRs:560.00with",In Stock,https://mdcomputers.lk/product/oscoo-ddr3-2gb-desktop-ram/
TO-501 5 IN 1 LAPTOP SKIN PACK,"Rs:1,500.00or 3 XRs:560.00with",In Stock,https://mdcomputers.lk/product/to-501-5-in-1-laptop-skin-pack/
HAVIT CB6255 MOBILE SERIES USB CABLE,"Rs:1,500.00or 3 XRs:560.00with",In Stock,https://mdcomputers.lk/product/havit-cb6255-mobile-series-usb-cable/
HAVIT MS72 PC SERIES-USB MOUSE BLACK,"Rs:1,500.00or 3 XRs:560.00with",In Stock,https://mdcomputers.lk/product/havit-ms72-pc-series-usb-mouse-black/
FULL WHITE RGB FAN C08,"Rs:1,500.00or 3 XRs:560.00with",In Stock,https://mdcomputers.lk/product/full-white-rgb-fan-c08/
RGB COOLING FAN C020,"Rs:1,500.00or 3 XRs:560.00with",In Stock,https://mdcomputers.lk/product/rgb-cooling-fan-c020/
LB-LINK BL-CH440 USB-C 4 IN 1 HUB ADAPTER,"Rs:1,500.00Rs:1,900.00or 3 XRs:560.00with",In Stock,https://mdcomputers.lk/product/lb-link-bl-ch440-usb-c-4-in-1-hub-adapter-s/
AURA RGB CASING FAN,"Rs:1,500.00Rs:1,800.00or 3 XRs:560.00with",In Stock,https://mdcomputers.lk/product/aura-rgb-casing-fan/
CON 403 – UGREEN 3M Cat 6 UTP NETWORK CABLE  – NW102 – 11203 – 1 Year Warranty,"Rs:1,500.00Rs:2,500.00or 3 XRs:560.00with",In Stock,https://mdcomputers.lk/product/con-403-ugreen-3m-cat-6-utp-network-cable-nw102-11203-1-year-warranty/
ARGB CABLE WITH REMOTE CONTROLLER,"Rs:1,500.00or 3 XRs:560.00with",In Stock,https://mdcomputers.lk/product/argb-cable-with-remote-controller/
HAVIT MS626GT MOUSE BLACK & GRAY (1y),"Rs:1,550.00Rs:1,800.00or 3 XRs:578.67with",In Stock,https://mdcomputers.lk/product/havit-ms626gt-mouse-black-gray-1y/
BASEUS NIMBLE TYPE-C 23CM PORTABLE SHORT BLACK CABLE ( CATMBJ-01 ),"Rs:1,550.00Rs:1,700.00or 3 XRs:578.67with",In Stock,https://mdcomputers.lk/product/baseus-nimble-type-c-23cm-portable-short-black-cable-catmbj-01/
CON329 -BASEUS SILKY SERIES 100W USB TO TYPE C 1M CABLE  ( CLUSTER BLACK ) 01 YEAR WARRANTY,"Rs:1,600.00or 3 XRs:597.33with",In Stock,https://mdcomputers.lk/product/con329-baseus-silky-series-100w-usb-to-type-c-1m-cable-cluster-black-01-year-warranty/
CON 406 – UGREEN 1M Cat 7 Round Braided NETWORK CABLE  – NW150 – 80421 – 1 Year Warranty,"Rs:1,600.00Rs:2,500.00or 3 XRs:597.33with",In Stock,https://mdcomputers.lk/product/con-406-ugreen-1m-cat-7-round-braided-network-cable-nw150-80421-1-year-warranty/
THERMAL PAD – 100 x 100 x 0.5mm,"Rs:1,600.00Rs:2,500.00or 3 XRs:597.33with",In Stock,https://mdcomputers.lk/product/thermal-pad-100-x-100-x-0-5mm/
JEDEL GM850 LED GAMING LIGHTING MOUSE,"Rs:1,700.00or 3 XRs:634.67with",In Stock,https://mdcomputers.lk/product/usb-mouse-jedel-gm-850/
MEETION M915 BRAND NEW MOUSE,"Rs:1,700.00Rs:2,000.00or 3 XRs:634.67with",In Stock,https://mdcomputers.lk/product/meetion-m915-mouse/
ALCATROZ AIRMOUSE V WIRELESS MOUSE,"Rs:1,700.00Rs:1,900.00or 3 XRs:634.67with",In Stock,https://mdcomputers.lk/product/alcatroz-airmouse-v-wireless-mouse/
THERMAL PAD – 100 x 100 x 1.0mm,"Rs:1,700.00Rs:2,600.00or 3 XRs:634.67with",In Stock,https://mdcomputers.lk/product/thermal-pad-100-x-100-x-1-0mm/
EF-12 PRO RGB FAN,"Rs:1,700.00or 3 XRs:634.67with",In Stock,https://mdcomputers.lk/product/ef-12-pro-rgb-fan/
DP TO VGA CONVERTERS.,"Rs:1,800.00or 3 XRs:672.00with",In Stock,https://mdcomputers.lk/product/dp-to-vga-converters/
Intel® Core™ i3-3RD GEN USED PROCESSOR,"Rs:1,800.00Rs:3,000.00or 3 XRs:672.00with",In Stock,https://mdcomputers.lk/product/intel-core-i3-3220-use-processor/
DELL MS116 OPTICAL USB WIRED MOUSE,"Rs:1,800.00Rs:2,000.00or 3 XRs:672.00with",In Stock,https://mdcomputers.lk/product/dell-optical-usb-wired-mouse-ms116-1y/
MEETION K200 STANDARD USB CHOCOLATE KEYBOARD,"Rs:1,800.00or 3 XRs:672.00with",In Stock,https://mdcomputers.lk/product/meetion-k200-standard-usb-chocolate-keyboard/
14 INCH LAPTOP POUCH,"Rs:1,800.00or 3 XRs:672.00with",In Stock,https://mdcomputers.lk/product/14-inch-laptop-pouch/
14 INCH LAPTOP POUCH,"Rs:1,800.00Rs:2,000.00or 3 XRs:672.00with",In Stock,https://mdcomputers.lk/product/14-inch-laptop-pouch-2/
DVI TO VGA WIRED CONVERTER,"Rs:1,800.00Rs:2,500.00or 3 XRs:672.00with",In Stock,https://mdcomputers.lk/product/dvi-to-vga-wired-converter/
BASEUS NIMBLE PROTABLE CABLE FOR APPLE 23cm BLACK ( CALMBJ-B01 ),"Rs:1,800.00or 3 XRs:672.00with",In Stock,https://mdcomputers.lk/product/baseus-nimble-protable-cable-for-apple-23cm-black-calmbj-b01/
BASEUS 1METER CAFULE USB FOR TYPE-C 3A GRAY+BLACK CABLE ( CATKLF-BG1 ),"Rs:1,800.00or 3 XRs:672.00with",In Stock,https://mdcomputers.lk/product/baseus-1meter-cafule-usb-for-type-c-3a-grayblack-cable-catklf-bg1/
Baseus Type-C to USB A Ingenuity Series Mini OTG Adaptor 3.1,"Rs:1,800.00or 3 XRs:672.00with",In Stock,https://mdcomputers.lk/product/baseus-type-c-to-usb-a-ingenuity-series-mini-otg-adaptor-3-1/
THERMAL PAD – 100 x 100 x 2.0mm,"Rs:1,800.00Rs:2,700.00or 3 XRs:672.00with",In Stock,https://mdcomputers.lk/product/thermal-pad-100-x-100-x-2-0mm/
CON 317 – UGREEN 1 METER 3AMP TYPE-C TO USB QC3.0 FAST CHARGING CABLE – US287 – 60116 ( 1 Year Warranty ),"Rs:1,850.00or 3 XRs:690.67with",In Stock,https://mdcomputers.lk/product/ugreen-1-meter-3amp-type-c-to-usb-qc3-0-fast-charging-cable-us287-60116-1-year-warranty/
CON 348-UGREEN 1.5 METER 3.5MM MALE to 3.5MM MALE AUDIO CABLE– AV119 – 10734 – (1 Year Warranty),"Rs:1,850.00or 3 XRs:690.67with",In Stock,https://mdcomputers.lk/product/con-348-ugreen-1-5-meter-3-5mm-male-to-3-5mm-male-audio-cable-av119-10734-1-year-warranty/
AMIDA 12A TONER (Q2612A),"Rs:1,900.00Rs:2,200.00or 3 XRs:709.33with",In Stock,https://mdcomputers.lk/product/ecoplus-compatible-12a-q2612a-toner/
MEETION R545 BRAND NEW WIRELESS MOUSE,"Rs:1,900.00or 3 XRs:709.33with",In Stock,https://mdcomputers.lk/product/meetion-r545-wireless-mouse/
Amida 85A/435A/436A/278A Compatible Toner,"Rs:1,900.00or 3 XRs:709.33with",In Stock,https://mdcomputers.lk/product/amida-ce285a-cb435a-cb436a-ce278a-compatible-toner/
FALCON RGB 314 FAN,"Rs:1,900.00Rs:2,500.00or 3 XRs:709.33with",In Stock,https://mdcomputers.lk/product/rgb-fan/
X- BRAND CO29 ARGB COOLING FAN,"Rs:1,900.00or 3 XRs:709.33with",In Stock,https://mdcomputers.lk/product/x-brand-co29-rgb-cooling-fan/
ALCATROZ X-CRAFT CYPHER GAMING MOUSE,"Rs:1,900.00Rs:2,100.00or 3 XRs:709.33with",In Stock,https://mdcomputers.lk/product/alcatroz-x-craft-cypher-gaming-mouse/
THERMAL PAD – 100 x 100 x 3.0mm,"Rs:1,900.00Rs:2,800.00or 3 XRs:709.33with",In Stock,https://mdcomputers.lk/product/thermal-pad-100-x-100-x-3-0mm/
X- BRAND DEEP COOL LIGHT CO26 6PIN ARGB COOLING FAN,"Rs:1,950.00or 3 XRs:728.00with",In Stock,https://mdcomputers.lk/product/x-brand-deep-cool-light-co26-6pin-argb-cooling-fan/
X-BRAND CO27 PRISM 5 PRO LIGHT ARGB 6 PIN FAN,"Rs:1,950.00or 3 XRs:728.00with",In Stock,https://mdcomputers.lk/product/x-brand-co27-prism-5-pro-light-argb-6-pin-fan/
USB 3.0 4 PORT HUB 30CM,"Rs:2,000.00or 3 XRs:746.67with",In Stock,https://mdcomputers.lk/product/usb-3-0-4-port-hub-30cm/
RAPOO N200 WIRED 1600 DPI USB OPTICAL MOUSE( 06 MONTH WARRANTY ),"Rs:2,000.00or 3 XRs:746.67with",In Stock,https://mdcomputers.lk/product/rapoo-n200-wired-1600-dpi-usb-optical-mouse/
RAPOO N100 OPTICAL MOUSE,"Rs:2,000.00or 3 XRs:746.67with",In Stock,https://mdcomputers.lk/product/rapoo-n100-optical-mouse/
LOGITECH M90 OPTICAL USB BRAND NEW MOUSE,"Rs:2,000.00Rs:2,400.00or 3 XRs:746.67with",In Stock,https://mdcomputers.lk/product/mouse-logitech-m90-optical-usb/
FANTECH RHASTA II G13 PRO BRAND NEW GAMING MOUSE,"Rs:2,000.00or 3 XRs:746.67with",In Stock,https://mdcomputers.lk/product/fantech-g13-rhasta-ii-mouse/
Windows  installation,"Rs:2,000.00or 3 XRs:746.67with",In Stock,https://mdcomputers.lk/product/windows-installation/
MSI M88 Optical Mouse,"Rs:2,000.00Rs:4,000.00or 3 XRs:746.67with",In Stock,https://mdcomputers.lk/product/msi-m88-optical-mouse/
AARET 120 RGB COOLIN FAN,"Rs:2,000.00or 3 XRs:746.67with",In Stock,https://mdcomputers.lk/product/aaret-120-rgb-coolin-fan/
USB 3.0 TO SATA CONVERTER,"Rs:2,000.00or 3 XRs:746.67with",In Stock,https://mdcomputers.lk/product/usb-3-0-to-sata-converter/
5M ALUMINIUM CAT6 CABLE,"Rs:2,000.00or 3 XRs:746.67with",In Stock,https://mdcomputers.lk/product/network-cable-5m/
JEDEL S-576 USB COLOURFUL LIGHTING SPEAKER,"Rs:2,000.00or 3 XRs:746.67with",In Stock,https://mdcomputers.lk/product/jedel-s-576-usb-colourful-lighting-speaker/
FANTECH GO W605 ERGONOMIC GRIP WIRELESS MOUSE,"Rs:2,000.00Rs:2,200.00or 3 XRs:746.67with",In Stock,https://mdcomputers.lk/product/fantech-go-w605-ergonomic-grip-wireless-mouse/
TB60 TURBOGEAR RECHARGEABLE MOUSE,"Rs:2,000.00or 3 XRs:746.67with",In Stock,https://mdcomputers.lk/product/tb60-turbogear-rechargeable-mouse/
15.6 INCH LAPTOP POUCH,"Rs:2,000.00or 3 XRs:746.67with",In Stock,https://mdcomputers.lk/product/15-6-inch-laptop-pouch/
ALCATROZ  X-CRAFT CRYPTO GAMING MOUSE,"Rs:2,000.00or 3 XRs:746.67with",In Stock,https://mdcomputers.lk/product/alcatroz-x-craft-crypto-gaming-mouse/
BIAZE WX13 RJ45 EXTENSION NETWORK CABLE 2M,"Rs:2,000.00or 3 XRs:746.67with",In Stock,https://mdcomputers.lk/product/biaze-wx13-rj45-extension-network-cable-2m/
MT – WIKI 4 PORT PRINTER SWITCH,"Rs:2,000.00or 3 XRs:746.67with",In Stock,https://mdcomputers.lk/product/mt-wiki-4-port-printer-switch/
USB EXTENTION CABLE ( 10M ),"Rs:2,000.00or 3 XRs:746.67with",In Stock,https://mdcomputers.lk/product/usb-extention-cable-10m/
VGA TO HDMI BROWEN BOX,"Rs:2,000.00or 3 XRs:746.67with",In Stock,https://mdcomputers.lk/product/vga-to-hdmi-browen-box/
HAVIT MS78GT WIRELESS BRAND NEW MOUSE – BLACK,"Rs:2,000.00or 3 XRs:746.67with",In Stock,https://mdcomputers.lk/product/havit-ms78gt-wireless-brand-new-mouse-black/
HAVIT MS76GT PLUS WIRLESS MOUSE – GREY & BLACK,"Rs:2,000.00Rs:2,100.00or 3 XRs:746.67with",In Stock,https://mdcomputers.lk/product/havit-ms76gt-plus-wirless-mouse-grey-black/
10M PRINTER CABLE,"Rs:2,000.00or 3 XRs:746.67with",In Stock,https://mdcomputers.lk/product/10m-printer-cable/
CON337- Baseus Cafule 2M Nylon Braided Cable USB To Type-C QC3.0 2A Black-Grey – CATKLF-CG1- 1 Year Warranty,"Rs:2,000.00or 3 XRs:746.67with",In Stock,https://mdcomputers.lk/product/con337-baseus-cafule-2m-nylon-braided-cable-usb-to-type-c-qc3-0-2a-black-grey-catklf-cg1-1-year-warranty/
COOLMOON YH1 120MM 3-PIN 5V ARGB FAN,"Rs:2,000.00or 3 XRs:746.67with",In Stock,https://mdcomputers.lk/product/coolmoon-yh1-120mm-3-pin-5v-argb-fan/
JEQANG GAMING MOUSE PAD COLOR PRINTED JM-110,"Rs:2,000.00or 3 XRs:746.67with",In Stock,https://mdcomputers.lk/product/jeqang-gaming-mouse-pad-color-printed-jm-110/
ALCATROZ ASIC9 RGB FX MOUSE,"Rs:2,000.00Rs:2,300.00or 3 XRs:746.67with",In Stock,https://mdcomputers.lk/product/alcatroz-asic9-rgb-fx-mouse/
ALCATROZ SILENT KB 1500 WIRED KEYBOARD,"Rs:2,000.00Rs:2,500.00or 3 XRs:746.67with",In Stock,https://mdcomputers.lk/product/alcatroz-silent-kb-1500-wired-keyboard/
CON 404 – UGREEN 5M Cat 6 UTP NETWORK CABLE – NW102 – 11204 – 1 Year Warranty,"Rs:2,000.00Rs:3,500.00or 3 XRs:746.67with",In Stock,https://mdcomputers.lk/product/con-404-ugreen-5m-cat-6-utp-network-cable-nw102-11204-1-year-warranty/
CON 407 – UGREEN 3M Cat 7 Round Braided NETWORK CABLE – NW150 – 80424 – 1 Year Warranty,"Rs:2,000.00Rs:2,500.00or 3 XRs:746.67with",In Stock,https://mdcomputers.lk/product/con-407-ugreen-3m-cat-7-round-braided-network-cable-nw150-80424-1-year-warranty/
CON 408 – UGREEN 1.5M Cat8 Pure Copper Ethernet Round Braided OD 5.5mm Cable – NW153 – 80430 – 1 Year Warranty,"Rs:2,000.00Rs:2,500.00or 3 XRs:746.67with",In Stock,https://mdcomputers.lk/product/con-408-ugreen-1-5m-cat8-pure-copper-ethernet-round-braided-od-5-5mm-cable-nw153-80430-1-year-warranty/
5 METER NETWORK CABLE,"Rs:2,000.00or 3 XRs:746.67with",In Stock,https://mdcomputers.lk/product/5-meter-network-cable/
CON 349-UGREEN 20 Cm 3.5mm Female to 2 Male Audio Cable with ABS Casing – 20898 (1 Year Warranty),"Rs:2,050.00or 3 XRs:765.33with",In Stock,https://mdcomputers.lk/product/con-349-ugreen-20-cm-3-5mm-female-to-2-male-audio-cable-with-abs-casing-20898-1-year-warranty/
KASPERSKY INTERNET SECURITY 2024 1-USER –  VIRUS GUARD,"Rs:2,100.00Rs:2,750.00or 3 XRs:784.00with",In Stock,https://mdcomputers.lk/product/kaspersky-internet-security-2023-1-user/
JEDEL  S-511 ADVANCED SOUND WIRED USB MINI SPEAKER,"Rs:2,100.00or 3 XRs:784.00with",In Stock,https://mdcomputers.lk/product/jedel-s-511-advanced-sound-wired-usb-mini-speaker/
"SON GOKU , PICCOLO , VEGETA , TRUNK ACTION FIGURES KIT ( 9cm )","Rs:2,100.00Rs:3,500.00or 3 XRs:784.00with",In Stock,https://mdcomputers.lk/product/son-goku-piccolo-vegeta-trunk-action-figures-kit-9cm/
CON 419 – UGREEN 1.5M VGA Male to Male 1080P@60Hz Cable – VG101 – 11630 – 1 Year Warranty,"Rs:2,100.00Rs:3,500.00or 3 XRs:784.00with",In Stock,https://mdcomputers.lk/product/con-419-ugreen-1-5m-vga-male-to-male-1080p60hz-cable-vg101-11630-1-year-warranty/
MEETION M930 BRAND NEW GAMING MOUSE,"Rs:2,200.00or 3 XRs:821.33with",In Stock,https://mdcomputers.lk/product/meetion-m930-gaming-mouse/
JEDEL S-575 RGB PORTABLE MINI SPEAKER,"Rs:2,200.00or 3 XRs:821.33with",In Stock,https://mdcomputers.lk/product/jedel-s-575-rgb-portable-mini-speaker/
15.6 INCH LAPTOP POUCH,"Rs:2,200.00or 3 XRs:821.33with",In Stock,https://mdcomputers.lk/product/15-6-inch-laptop-pouch-2/
BASEUS SILKY SERIES 2 METER USB TO LIGHTNING 2.4A FAST CHARGING CABLE ( P10377702113-01 ),"Rs:2,200.00or 3 XRs:821.33with",In Stock,https://mdcomputers.lk/product/baseus-silky-series-2-meter-usb-to-lightning-2-4a-fast-charging-cable-p10377702113-01/
JEQANG JM-112 RGB GAMING MINI MOUSE PAD,"Rs:2,200.00or 3 XRs:821.33with",In Stock,https://mdcomputers.lk/product/jeqang-jm-112-rgb-gaming-mini-mouse-pad/
CON 350-UGREEN 3.5mm Male To Dual 3.5mm Female Headset Splitter – 30620 (1 Year Warranty),"Rs:2,250.00or 3 XRs:840.00with",In Stock,https://mdcomputers.lk/product/con-350-ugreen-3-5mm-male-to-dual-3-5mm-female-headset-splitter-30620-1-year-warranty/
CON 347-UGREEN 1.5METER USB 3.0 EXTENSION MALE CABLE – US129 – 30126 (1 Year Warranty),"Rs:2,250.00or 3 XRs:840.00with",In Stock,https://mdcomputers.lk/product/con-347-ugreen-1-5meter-usb-3-0-extension-male-cable-us129-30126-1-year-warranty/
JEDEL S527 GAMING RGB SPEAKER,"Rs:2,300.00Rs:2,500.00or 3 XRs:858.67with",In Stock,https://mdcomputers.lk/product/jedel-s-527-gaming-rgb-speaker/
BASEUS SUPERIOR SERIES 1M FAST CHARGING DATA CABLE TYPE-C TO LIGHTNING PD 20W BLACK ( CATLYS-A01 ),"Rs:2,300.00or 3 XRs:858.67with",In Stock,https://mdcomputers.lk/product/baseus-superior-series-1m-fast-charging-data-cable-type-c-to-lightning-pd-20w-black-catlys-a01/
SHANKS ACTION FIGURES ( 18cm ),"Rs:2,300.00Rs:2,500.00or 3 XRs:858.67with",In Stock,https://mdcomputers.lk/product/shanks-action-figures-18cm/
RORONOA ZORO ACTION FIGURES ( 18cm ),"Rs:2,300.00Rs:2,500.00or 3 XRs:858.67with",In Stock,https://mdcomputers.lk/product/roronoa-zoro-action-figures-18cm/
VEGAPUNK ACTION FIGURES ( 18cm ),"Rs:2,300.00Rs:3,800.00or 3 XRs:858.67with",In Stock,https://mdcomputers.lk/product/vegapunk-action-figures-18cm/
NAMI ACTION FIGURES ( 18cm ),"Rs:2,300.00Rs:3,500.00or 3 XRs:858.67with",In Stock,https://mdcomputers.lk/product/nami-action-figures-18cm/
MONKEY D. LUFFY ACTION FIGURES ( 18CM ),"Rs:2,300.00Rs:3,500.00or 3 XRs:858.67with",In Stock,https://mdcomputers.lk/product/monkey-d-luffy-action-figures-18cm/
CON 420 –  UGREEN 1M USB-A 3.0 Male to Male Cable – US128 – 10370 – 1 Year warranty,"Rs:2,300.00Rs:3,500.00or 3 XRs:858.67with",In Stock,https://mdcomputers.lk/product/con-420-ugreen-1m-usb-a-3-0-male-to-male-cable-us128-10370-1-year-warranty/
CON 319 – UGREEN 1 METER 60W TYPE C TO TYPE C CABLE NICKEL PLATING US286 – 50997  ( 01 year warranty ),"Rs:2,350.00Rs:2,500.00or 3 XRs:877.33with",In Stock,https://mdcomputers.lk/product/ugreen-1-meter-60w-type-c-to-type-c-cable-nickel-plating-us286-50997-01-year-warranty/
MINI HD VIDEO CONVERTER,"Rs:2,400.00or 3 XRs:896.00with",In Stock,https://mdcomputers.lk/product/mini-hd-video-converter/
A4TECH 2X Click OP-620D Double Click Mouse,"Rs:2,400.00or 3 XRs:896.00with",In Stock,https://mdcomputers.lk/product/a4tech-2x-click-op-620d-double-click-mouse/
ESET INTERNET SECURITY 1 DEVICE 1 YEAR,"Rs:2,400.00Rs:2,800.00or 3 XRs:896.00with",In Stock,https://mdcomputers.lk/product/eset-internet-security-1-device-1-year/
PROLINK GM-2003 WIRLESS MOUSE,"Rs:2,400.00or 3 XRs:896.00with",In Stock,https://mdcomputers.lk/product/prolink-gm-2003-wirless-mouse/
HAVIT CB603 USB-C MOBILE CABLE,"Rs:2,400.00or 3 XRs:896.00with",In Stock,https://mdcomputers.lk/product/havit-cb603-usb-c-mobile-cable/
ARGB FAN CONTROLLER,"Rs:2,400.00or 3 XRs:896.00with",In Stock,https://mdcomputers.lk/product/argb-fan-controller/
CON343 – UGREEN 1 Meter 3Amp Max amp USB-C to USB-C PD Fast Charging Cable Blue 25310 ( 1 Year Warranty ),"Rs:2,490.00or 3 XRs:929.60with",In Stock,https://mdcomputers.lk/product/con343-ugreen-1-meter-3amp-max-amp-usb-c-to-usb-c-pd-fast-charging-cable-blue-25310-1-year-warranty/
CON 416 – UGREEN 1M 4K@60Hz HDMI Male to Male Cable – HD104 – 10106 – 1 Year Warranty,"Rs:2,490.00Rs:3,500.00or 3 XRs:929.60with",In Stock,https://mdcomputers.lk/product/con-416-ugreen-1m-4k60hz-hdmi-male-to-male-cable-hd104-10106-1-year-warranty/
INTEL CORE I3 4TH GEN USED PROCESSOR,"Rs:2,500.00Rs:3,000.00or 3 XRs:933.33with",In Stock,https://mdcomputers.lk/product/intel-core-i3-4th-gn-used-processor/
CONVERTER VGA TO HDMI,"Rs:2,500.00or 3 XRs:933.33with",In Stock,https://mdcomputers.lk/product/converter-vga-to-hdmi/
MEETION C100 USB KEYBOARD AND MOUSE WIRED COMBO,"Rs:2,500.00Rs:5,300.00or 3 XRs:933.33with",In Stock,https://mdcomputers.lk/product/meetion-c100-usb-keyboard-and-mouse-wired-combo/
FANTECH RAIGOR III WG12 WIRELESS GAMING MOUSE,"Rs:2,500.00Rs:3,500.00or 3 XRs:933.33with",In Stock,https://mdcomputers.lk/product/fantech-raigor-iii-wg12-stable-2-4ghz-connection-wireless-mouse/
JEDEL WIRELESS OPEN MOUSE WD141,"Rs:2,500.00or 3 XRs:933.33with",In Stock,https://mdcomputers.lk/product/jedel-wireless-open-mouse/
WD USB 3.0 LAPTOP HARD ENCLOSURE,"Rs:2,500.00or 3 XRs:933.33with",In Stock,https://mdcomputers.lk/product/usb-3-0-hard-disk-enclosure-wd-my-passport-ultra-external-hard-drive-case/
JEDEL S-573 RAINBOW LIGHTING SPEAKER,"Rs:2,500.00or 3 XRs:933.33with",In Stock,https://mdcomputers.lk/product/rainbow-lighting-speaker-jedel-s-573/
HDMI 10M CABLE,"Rs:2,500.00Rs:2,800.00or 3 XRs:933.33with",In Stock,https://mdcomputers.lk/product/hdmi-10m-cable/
CUDY 4 PORT USB-A 3.0 HUB – UH40A,"Rs:2,500.00or 3 XRs:933.33with",In Stock,https://mdcomputers.lk/product/cudy-4-port-usb-a-3-0-hub-uh40a/
10M ALUMINIUM CAT6 CABLE,"Rs:2,500.00or 3 XRs:933.33with",In Stock,https://mdcomputers.lk/product/network-cable-10m/
JEDEL S-578 USB COMPUTER SPEAKER,"Rs:2,500.00Rs:2,600.00or 3 XRs:933.33with",In Stock,https://mdcomputers.lk/product/jedel-s-578-usb-computer-speaker/
JEDEL LG425 WIRLESS SPEAKER,"Rs:2,500.00or 3 XRs:933.33with",In Stock,https://mdcomputers.lk/product/jedel-lg425-wirless-speaker/
LENOVO SIDE BAG,"Rs:2,500.00or 3 XRs:933.33with",In Stock,https://mdcomputers.lk/product/lenovo-side-bag/
DELL LAPTOP BACKPACK,"Rs:2,500.00or 3 XRs:933.33with",In Stock,https://mdcomputers.lk/product/dell-laptop-backpack/
ASUS LAPTOP BACKPACK,"Rs:2,500.00or 3 XRs:933.33with",In Stock,https://mdcomputers.lk/product/asus-laptop-backpack/
ACER LAPTOP BACKPACK,"Rs:2,500.00or 3 XRs:933.33with",In Stock,https://mdcomputers.lk/product/acer-laptop-backpack/
HP LAPTOP BACKPACK,"Rs:2,500.00or 3 XRs:933.33with",In Stock,https://mdcomputers.lk/product/hp-laptop-backpack/
MSI LAPTOP BACKPACK,"Rs:2,500.00or 3 XRs:933.33with",In Stock,https://mdcomputers.lk/product/msi-laptop-backpack/
LENOVO LAPTOP BACKPACK,"Rs:2,500.00or 3 XRs:933.33with",In Stock,https://mdcomputers.lk/product/lenovo-laptop-backpack/
HDMI 1M EXTENSION CABLE 4K,"Rs:2,500.00or 3 XRs:933.33with",In Stock,https://mdcomputers.lk/product/hdmi-1m-extension-cable-4k/
TYPE C TO HDMI CONNECTOR,"Rs:2,500.00Rs:3,500.00or 3 XRs:933.33with",In Stock,https://mdcomputers.lk/product/type-c-to-hdmi-connector/
101W 27 WALL BRACKET,"Rs:2,500.00or 3 XRs:933.33with",In Stock,https://mdcomputers.lk/product/101w-27-wall-bracket/
USED 350W SILVER POWER SUPPLAY,"Rs:2,500.00or 3 XRs:933.33with",In Stock,https://mdcomputers.lk/product/used-350w-silver-power-supplay/
FANTECH TONE II HQ56 WIRED GAMING HEADSET,"Rs:2,500.00or 3 XRs:933.33with",In Stock,https://mdcomputers.lk/product/fantech-tone-ii-hq56-wired-gaming-headset/
ANTEC GPU HOLDER Support Bracket,"Rs:2,500.00or 3 XRs:933.33with",In Stock,https://mdcomputers.lk/product/antec-gpu-holder-support-bracket/
MEETION R571 WIRELESS SILENT BLACK MOUSE,"Rs:2,500.00Rs:3,500.00or 3 XRs:933.33with",In Stock,https://mdcomputers.lk/product/meetion-r571-wireless-silent-black-mouse/
ARMAGGEDDON HPX 100 HEADSET STAND,"Rs:2,500.00Rs:2,800.00or 3 XRs:933.33with",In Stock,https://mdcomputers.lk/product/armaggeddon-hpx-100-headset-stand/
BASEUS 1 METER 100W SUPERIOR SERIES FAST CHARGING DATA CABLE TYPE-C TO TYPE-C BLACK ( CATYS-B01 ),"Rs:2,500.00or 3 XRs:933.33with",In Stock,https://mdcomputers.lk/product/baseus-1-meter-100w-superior-series-fast-charging-data-cable-type-c-to-type-c-black-catys-b01/
CON335 – Baseus Heyo-Camera Detector-White (With Simple Charging Cable USB to Type-C 0.3m)  1 Year Warranty,"Rs:2,500.00or 3 XRs:933.33with",In Stock,https://mdcomputers.lk/product/baseus-heyo-camera-detector-white-with-simple-charging-cable-usb-to-type-c-0-3m-fmhy000002-1-year-warranty/
USB HUB 4 PORT 3.0 120CM,"Rs:2,500.00or 3 XRs:933.33with",In Stock,https://mdcomputers.lk/product/usb-hub-4-port-3-0-120cm/
LAPTOP STAND – METAL,"Rs:2,500.00or 3 XRs:933.33with",In Stock,https://mdcomputers.lk/product/laptop-stand-metal/
JEDEL GH-112 GAMING HEADSET,"Rs:2,500.00or 3 XRs:933.33with",In Stock,https://mdcomputers.lk/product/jedel-gh-112-gaming-headset/
JEQANG JM-112 RGB ILLUMINATED MOUSE PAD,"Rs:2,500.00or 3 XRs:933.33with",In Stock,https://mdcomputers.lk/product/jeqang-jm-112-rgb-illuminated-mouse-pad/
COOLMOON PA1 ARGB 4PIN PWM 5V 3PIN CONTROLLER (WHITE),"Rs:2,500.00or 3 XRs:933.33with",In Stock,https://mdcomputers.lk/product/coolmoon-pa1-argb-4pin-pwm-5v-3pin-controller-white/
RECOOME ACTION FIGURES ( 18cm ),"Rs:2,500.00Rs:3,500.00or 3 XRs:933.33with",In Stock,https://mdcomputers.lk/product/recoome-action-figures-18cm/
MONKEY D. LUFFY GEAR 5 ACTION FIGURES ( 18CM ),"Rs:2,500.00Rs:3,200.00or 3 XRs:933.33with",In Stock,https://mdcomputers.lk/product/monkey-d-luffy-gear-5-action-figures-18cm/
CON 405 – UGREEN 10M Cat 6 UTP NETWORK CABLE – NW102 – 11205 – 1 Year Warranty,"Rs:2,500.00Rs:3,500.00or 3 XRs:933.33with",In Stock,https://mdcomputers.lk/product/con-405-ugreen-10m-cat-6-utp-network-cable-nw102-11205-1-year-warranty/
UGREEN Wired Mouse – MU007 – 90789 – 1 Year Warranty,"Rs:2,500.00Rs:3,500.00or 3 XRs:933.33with",In Stock,https://mdcomputers.lk/product/ugreen-wired-mouse-mu007-90789-1-year-warranty/
FANTECH NS11 NOTEBOOK STAND,"Rs:2,500.00Rs:3,200.00or 3 XRs:933.33with",In Stock,https://mdcomputers.lk/product/fantech-ns11-notebook-stand/
EPSON T6641 BLACK CARTRIDGE,"Rs:2,600.00or 3 XRs:970.67with",In Stock,https://mdcomputers.lk/product/epson-t6641-black-cartridge/
24PIN NORMAL POWER SUPPLY -USED,"Rs:2,700.00Rs:3,000.00or 3 XRs:1,008.00with",In Stock,https://mdcomputers.lk/product/400w-used-power-supply/
USB 2.0 TO SATA / IDE TOOL KIT,"Rs:2,700.00Rs:3,000.00or 3 XRs:1,008.00with",In Stock,https://mdcomputers.lk/product/usb-to-sata-ide-converter/
FANTECH AC3004 HEADSET STAND,"Rs:2,700.00or 3 XRs:1,008.00with",In Stock,https://mdcomputers.lk/product/fantech-ac3004-headset-stand/
HAVIT CB6244 4 IN 1 MULTI CHARGING CABLE,"Rs:2,700.00or 3 XRs:1,008.00with",In Stock,https://mdcomputers.lk/product/havit-cb6244-4-in-1-multi-charging-cable/
CON 351 – UGREEN 2Meter USB-C to USB-B 2.0 Printer Cable 2Meter (Black) – 50446 (1 Year Warranty),"Rs:2,700.00or 3 XRs:1,008.00with",In Stock,https://mdcomputers.lk/product/con-351-ugreen-2meter-usb-c-to-usb-b-2-0-printer-cable-2meter-black-50446-1-year-warranty/
CON-330 BASEUS NEW BRAIDED 100W TYPE- C TO TYPE – C 1M FAST CHARGING CABLE ( COSMIC BLACK)  01 YEAR WARRANTY,"Rs:2,700.00or 3 XRs:1,008.00with",In Stock,https://mdcomputers.lk/product/con-330-baseus-new-braided-100w-type-c-to-type-c-1m-fast-charging-cable-cosmic-black-01-year-warranty/
ALCATROZ AIRMOUSE L6 CHROMA SILENT WIRELESS MOUSE,"Rs:2,700.00or 3 XRs:1,008.00with",In Stock,https://mdcomputers.lk/product/alcatroz-airmouse-l6-chroma-silent-wireless-mouse/
JEDEL S-526 RGB MINI COMPUTER SPEAKER SYSTEM,"Rs:2,800.00or 3 XRs:1,045.33with",In Stock,https://mdcomputers.lk/product/jedel-s-526-rgb-mini-computer-speaker-system/
JEDEL WD109 WIRELESS BRAND NEW GAMING MOUSE,"Rs:2,800.00or 3 XRs:1,045.33with",In Stock,https://mdcomputers.lk/product/jedel-wd109-wireless-gaming-mouse/
MARVO M292 BRAND NEW BLACK MOUSE,"Rs:2,800.00or 3 XRs:1,045.33with",In Stock,https://mdcomputers.lk/product/marvo-m292-brand-new-black-mouse/
COOLMOON CM-RA1 ARGB Memory Vest Desktop Computer Memory Stick Cooling Case(Gray),"Rs:2,800.00or 3 XRs:1,045.33with",In Stock,https://mdcomputers.lk/product/coolmoon-cm-ra1-argb-memory-vest-desktop-computer-memory-stick-cooling-casegray/
TP-LINK 150MBPS WIRLESS USB ADAPTER,"Rs:2,800.00or 3 XRs:1,045.33with",In Stock,https://mdcomputers.lk/product/tp-link-150mbps-wirless-usb-adapter/
USB TO HDMI ADAPTER,"Rs:2,900.00Rs:3,000.00or 3 XRs:1,082.67with",In Stock,https://mdcomputers.lk/product/usb-to-hdmi-adapter/
MEETION SP2011 SPEAKER,"Rs:2,900.00or 3 XRs:1,082.67with",In Stock,https://mdcomputers.lk/product/meetion-sp2011-speaker/
TC906 WIRELESS COMBO PACK,"Rs:2,900.00or 3 XRs:1,082.67with",In Stock,https://mdcomputers.lk/product/tc906-wireless-combo-pack/
JEDEL WD153 WIRLESS BLUETOOTH GAMING MOUSE,"Rs:2,900.00Rs:3,500.00or 3 XRs:1,082.67with",In Stock,https://mdcomputers.lk/product/wd153-wireless-bluetooth-gaming-mouse/
MEETION R600 WIRELESS BRAND NEW MOUSE,"Rs:2,900.00or 3 XRs:1,082.67with",In Stock,https://mdcomputers.lk/product/meetion-r600-wireless-brand-new-mouse/
TP Link TL-WN725N 150Mbps Wireless N Nano USB Adapter,"Rs:2,900.00or 3 XRs:1,082.67with",In Stock,https://mdcomputers.lk/product/tp-link-tl-wn725n-150mbps-wireless-n-nano-usb-adapter/
ALCATROZ AIRMOUSE 3 SILENT WIRLESS MOUSE – PEACH,"Rs:2,900.00Rs:3,200.00or 3 XRs:1,082.67with",In Stock,https://mdcomputers.lk/product/alcatroz-airmouse-3-silent-wirless-mouse-peach/
EPSON T6642 CYAN CARTRIDGE,"Rs:2,900.00or 3 XRs:1,082.67with",In Stock,https://mdcomputers.lk/product/epson-t6642-cyan-cartridge/
EPSON T6643 MAGENTA CARTRIDGE,"Rs:2,900.00or 3 XRs:1,082.67with",In Stock,https://mdcomputers.lk/product/epson-t6643-magenta-cartridge/
EPSON T6644 YELLOW CARTRIDGE,"Rs:2,900.00or 3 XRs:1,082.67with",In Stock,https://mdcomputers.lk/product/epson-t6644-yellow-cartridge/
HAVIT H619BT Bluetooth Headphone- Black,"Rs:2,900.00or 3 XRs:1,082.67with",In Stock,https://mdcomputers.lk/product/havit-h619bt-bluetooth-headphone-black/
HAVIT MS1029 GAMING MOUSE,"Rs:2,900.00or 3 XRs:1,082.67with",In Stock,https://mdcomputers.lk/product/havit-ms1029-gaming-mouse/
CON 358-UGREEN Bluetooth Adapter 5.0V 20 Meter Range – CM390 – 80889CON 358- (1 Year Warranty),"Rs:2,900.00or 3 XRs:1,082.67with",In Stock,https://mdcomputers.lk/product/con-358-ugreen-bluetooth-adapter-5-0v-20-meter-range-cm390-80889con-358-1-year-warranty/
CON 365-UGREEN 2 METER 60W TYPE -C TO TYPE -C 2.0 CABLE – US286 – 10306 – (1 Year Warranty),"Rs:2,900.00or 3 XRs:1,082.67with",In Stock,https://mdcomputers.lk/product/con-365-ugreen-2-meter-60w-type-c-to-type-c-2-0-cable-us286-10306-1-year-warranty/
CON 417 – UGREEN 1M 4K@60hz HDMI Male to Male 90 Degree Black Cable – HD103 – 10172 – 1 Year Warranty,"Rs:2,900.00Rs:3,900.00or 3 XRs:1,082.67with",In Stock,https://mdcomputers.lk/product/con-417-ugreen-1m-4k60hz-hdmi-male-to-male-90-degree-black-cable-hd103-10172-1-year-warranty/
EPSON 003 CYAN INK CARTRIDGE,"Rs:2,950.00or 3 XRs:1,101.33with",In Stock,https://mdcomputers.lk/product/epson-003-cyan-ink-bottle/
EPSON 003 MAGENTA INK CARTRIDGE,"Rs:2,950.00or 3 XRs:1,101.33with",In Stock,https://mdcomputers.lk/product/bottle-ink-epson-003-magenta/
EPSON 003 INK BOTTLE ( YELLOW ),"Rs:2,950.00or 3 XRs:1,101.33with",In Stock,https://mdcomputers.lk/product/epson-003-ink-bottle-yellow/
BASEUS ENCOK H19 WIRED 3.5mm EARPHONE BLACK ( NGH19-01 ),"Rs:2,950.00Rs:3,200.00or 3 XRs:1,101.33with",In Stock,https://mdcomputers.lk/product/baseus-encok-h19-wired-3-5mm-earphone-black-ngh19-01/
UGREEN 2 Meter 4K@60hz HDMI Cable Male to Male – HD104 – 10107 ( 1 Year Warranty ),"Rs:2,990.00or 3 XRs:1,116.27with",In Stock,https://mdcomputers.lk/product/ugreen-2-meter-4k60hz-hdmi-cable-male-to-male-hd104-10107-1-year-warranty/
JEDEL S550 LED GAMING SOUND BAR  &  GAMING SPEAKER,"Rs:3,000.00Rs:3,500.00or 3 XRs:1,120.00with",In Stock,https://mdcomputers.lk/product/jedel-s550-led-gaming-sound-bar-gaming-speaker/
PROLINK Wired USB Multimedia Keyboard GK1002M,"Rs:3,000.00or 3 XRs:1,120.00with",In Stock,https://mdcomputers.lk/product/prolink-wired-usb-multimedia-keyboard-gk1002m/
SERVICE CHARGE,"Rs:3,000.00or 3 XRs:1,120.00with",In Stock,https://mdcomputers.lk/product/service-charge/
FANTECH WG10 RAIGOR II RGB WIRELESS GAMING MOUSE,"Rs:3,000.00Rs:3,500.00or 3 XRs:1,120.00with",In Stock,https://mdcomputers.lk/product/fantech-wg10-raigor-ii-rgb-gaming-mouse/
JEDEL GM1180 BRAND NEW GAMING MOUSE,"Rs:3,000.00or 3 XRs:1,120.00with",In Stock,https://mdcomputers.lk/product/jedel-gm1180-brand-new-gaming-mouse/
HDMI 15M CABLE,"Rs:3,000.00or 3 XRs:1,120.00with",In Stock,https://mdcomputers.lk/product/hdmi-15m-cable/
15M ALUMINIUM CAT6 CABLE,"Rs:3,000.00Rs:4,500.00or 3 XRs:1,120.00with",In Stock,https://mdcomputers.lk/product/network-cable-15m/
JEDEL K37 WIRED SLIM KEYBOARD,"Rs:3,000.00or 3 XRs:1,120.00with",In Stock,https://mdcomputers.lk/product/jedel-k37-wired-slim-keyboard/
BIAZE KZ32 TYPE C 3.0 HUB + CARD READER,"Rs:3,000.00Rs:3,850.00or 3 XRs:1,120.00with",In Stock,https://mdcomputers.lk/product/biaze-kz32-type-c-3-0-hub-card-reader/
D50 ARGB RAM RADIATOR – BLACK,"Rs:3,000.00or 3 XRs:1,120.00with",In Stock,https://mdcomputers.lk/product/d50-argb-ram-radiator-black/
TYPE C – 3 PORT HUB WITH GIGABIT ETHARNET ADAPTER,"Rs:3,000.00or 3 XRs:1,120.00with",In Stock,https://mdcomputers.lk/product/type-c-3-port-hub-with-gigabit-etharnet-adapter/
COOLER MASTER I50 for LGA 1700 COOLER,"Rs:3,000.00or 3 XRs:1,120.00with",In Stock,https://mdcomputers.lk/product/cooler-master-i50-for-lga-1700-cooler/
FANTECH KANATA VX9 GAMING MOUSE,"Rs:3,000.00Rs:3,500.00or 3 XRs:1,120.00with",In Stock,https://mdcomputers.lk/product/fantech-kanata-vx9-gaming-mouse/
BASEUS CRYSTAL SHINE SERIES 2 METER 100W USB TO TYPE-C CABLE ( CAJY000501 ),"Rs:3,000.00or 3 XRs:1,120.00with",In Stock,https://mdcomputers.lk/product/baseus-crystal-shine-series-2-meter-100w-usb-to-type-c-cable-cajy000501/
BASEUS DURA SERIES 1 METER 100W TYPE-C TO TYPE-C FAST CHARGING CACBLE ( P10377803U01-00 ),"Rs:3,000.00or 3 XRs:1,120.00with",In Stock,https://mdcomputers.lk/product/baseus-dura-series-1-meter-100w-type-c-to-type-c-fast-charging-cacble-p10377803u01-00/
CON336 – Baseus Silky Series Type-C to Lightning 2 Meter 20W Fast Charging Cable – 1 Year Warranty,"Rs:3,000.00or 3 XRs:1,120.00with",In Stock,https://mdcomputers.lk/product/con336-baseus-silky-series-type-c-to-lightning-2-meter-20w-fast-charging-cable-1-year-warranty/
SUPER SENKAI ACTION FIGURES ( 18CM ),"Rs:3,000.00Rs:4,500.00or 3 XRs:1,120.00with",In Stock,https://mdcomputers.lk/product/super-senkai-action-figures-18cm/
JEDEL GM1320 BRAND NEW GAMING MOUSE,"Rs:3,100.00or 3 XRs:1,157.33with",In Stock,https://mdcomputers.lk/product/jedel-gm1320-gaming-mouse/
JEDEL GWH-109 TRI MODE GAMING MOUSE,"Rs:3,100.00or 3 XRs:1,157.33with",In Stock,https://mdcomputers.lk/product/jedel-gwh-109-tri-mode-gaming-mouse/
CON 368 – UGREEN INVISIBLE LAPTOP STAND 45415,"Rs:3,100.00Rs:3,300.00or 3 XRs:1,157.33with",In Stock,https://mdcomputers.lk/product/con-300-ugreen-invisible-laptop-stand/
BASEUS CRYSTAL SHINE SERIES 2m TYPE-C TO TYPE-C 100W FAST CHARGING DATA BLACK CABLE  ( CAJY000701 ),"Rs:3,100.00Rs:3,400.00or 3 XRs:1,157.33with",In Stock,https://mdcomputers.lk/product/baseus-crystal-shine-series-2m-type-c-to-type-c-100w-fast-charging-data-black-cable-cajy000701/
ANDROID 16 ACTION FIGURES ( 18cm ),"Rs:3,100.00Rs:3,400.00or 3 XRs:1,157.33with",In Stock,https://mdcomputers.lk/product/android-16-action-figures-18cm/
MUJIN BUU ACTION FIGURES ( 18cm ),"Rs:3,100.00Rs:3,900.00or 3 XRs:1,157.33with",In Stock,https://mdcomputers.lk/product/mujin-buu-action-figures-18cm/
CON 425 – UGREEN 15M Cat 6 UTP NETWORK CABLE – NW102 – 11207 – 1 Year Warranty,"Rs:3,100.00Rs:4,500.00or 3 XRs:1,157.33with",In Stock,https://mdcomputers.lk/product/con-425-ugreen-15m-cat-6-utp-network-cable-nw102-11207-1-year-warranty/
HAVIT MS61WB PC SERIES WIRELESS MOUSE-Black,"Rs:3,200.00or 3 XRs:1,194.67with",In Stock,https://mdcomputers.lk/product/ms61wb-wireless-mouse/
DELL KB216 MULTIMEDIA BRAND NEW KEYBOARD,"Rs:3,200.00or 3 XRs:1,194.67with",In Stock,https://mdcomputers.lk/product/dell-multimedia-keyboard-kb216/
TP-Link LS1005 5-Port 10/100Mbps Desktop Switch,"Rs:3,200.00Rs:3,500.00or 3 XRs:1,194.67with",In Stock,https://mdcomputers.lk/product/tp-link-ls1005-5-port-10-100mbps-desktop-switch/
CANON GI 790 BOTTLE INK (CYAN),"Rs:3,200.00or 3 XRs:1,194.67with",In Stock,https://mdcomputers.lk/product/canon-gi-790-bottle-ink-cyan/
CANON GI 790 BOTTLE INK (MAGENTA),"Rs:3,200.00or 3 XRs:1,194.67with",In Stock,https://mdcomputers.lk/product/canon-gi-790-bottle-ink-magenta/
CANON GI 790 BOTTLE INK (YELLOW),"Rs:3,200.00or 3 XRs:1,194.67with",In Stock,https://mdcomputers.lk/product/canon-gi-790-bottle-ink-yellow/
JEDEL SD-560P USB 2.1 WOOFER SPEAKERS,"Rs:3,200.00or 3 XRs:1,194.67with",In Stock,https://mdcomputers.lk/product/jedel-sd-560p-usb-2-1-woofer-speakers/
MEETION K9320 BACKLIT BRAND NEW GAMING KEYBOARD,"Rs:3,200.00or 3 XRs:1,194.67with",In Stock,https://mdcomputers.lk/product/meetion-k9320-backlit-brand-new-gaming-keyboard/
2 IN 1 USB MICROPHONE + USB 2.0 HUB,"Rs:3,200.00or 3 XRs:1,194.67with",In Stock,https://mdcomputers.lk/product/2-in-1-usb-microphone-usb-2-0-hub/
M-309 USB DRIVE-FREE COMPUTER MICROPHONE (Black),"Rs:3,200.00or 3 XRs:1,194.67with",In Stock,https://mdcomputers.lk/product/m-309-usb-drive-free-computer-microphone-black/
ALCATROZ XP -1  WIRED HEADSET – PINK,"Rs:3,200.00or 3 XRs:1,194.67with",In Stock,https://mdcomputers.lk/product/alcatroz-xp-1-wired-headset-pink/
CON 312 – UGREEN 18W QC3.0 USB FAST CHARGING POWER UK ADAPTER CD122 – 70165 ( 1 Year Warranty ),"Rs:3,200.00or 3 XRs:1,194.67with",In Stock,https://mdcomputers.lk/product/con-312-ugreen-18w-qc3-0-usb-fast-charging-power-uk-adapter-cd122-70165-1-year-warranty/
BASEUS ENCOK HZ20 WIRED EARPHONES – CLUSTER BLACK ( A00171500113-00 ),"Rs:3,200.00Rs:3,500.00or 3 XRs:1,194.67with",In Stock,https://mdcomputers.lk/product/baseus-encok-hz20-wired-earphones-cluster-black-a00171500113-00/
CON333 – Baseus BA04 Wireless Bluetooth Adapter,"Rs:3,200.00or 3 XRs:1,194.67with",In Stock,https://mdcomputers.lk/product/con333-baseus-ba04-wireless-bluetooth-adapter/
COOLMOON 120 COOLING FAN,"Rs:3,200.00or 3 XRs:1,194.67with",In Stock,https://mdcomputers.lk/product/coolmoon-120-cooling-fan/
COOLMOON REMOTE SET WITH ARGB CM-HUB (Music Edition),"Rs:3,200.00or 3 XRs:1,194.67with",In Stock,https://mdcomputers.lk/product/coolmoon-remote-set-with-argb-cm-hub-music-edition/
NAKANO NINO ACTION FIGURES ( 18cm ),"Rs:3,200.00Rs:3,500.00or 3 XRs:1,194.67with",In Stock,https://mdcomputers.lk/product/nakano-nino-action-figures-18cm/
ICHIKA NAKANO ACTION FIGURES ( 18cm ),"Rs:3,200.00Rs:3,500.00or 3 XRs:1,194.67with",In Stock,https://mdcomputers.lk/product/ichika-nakano-action-figures-18cm/
CRASH BANDICOOT ACTION FIGURES ( 18cm ),"Rs:3,200.00Rs:3,500.00or 3 XRs:1,194.67with",In Stock,https://mdcomputers.lk/product/crash-bandicoot-action-figures-18cm-price-i/
SON GOKU ACTION FIGURES ( 18cm ),"Rs:3,200.00Rs:3,500.00or 3 XRs:1,194.67with",In Stock,https://mdcomputers.lk/product/son-goru-action-figures-18cm-price-sl-mdcom/
FANTECH NERABOX BS155 GAMING SPEAKER,"Rs:3,300.00Rs:3,500.00or 3 XRs:1,232.00with",In Stock,https://mdcomputers.lk/product/fantech-nerabox-bs155-gaming-speaker/
MARVO CM009 WIRED KEYBOARD & MOUSE COMBO,"Rs:3,300.00or 3 XRs:1,232.00with",In Stock,https://mdcomputers.lk/product/marvo-cm009-wired-keyboard-mouse-combo-pack/
LB LINK WN650BT AC650 DUAL BAND BLUTOOTH 4.2 USB ADAPTER,"Rs:3,300.00Rs:4,500.00or 3 XRs:1,232.00with",In Stock,https://mdcomputers.lk/product/lb-link-wn650bt-ac650-dual-band-blutooth-4-2-usb-adapter/
BIAZE TYPE C TO LAN 1000mbps,"Rs:3,350.00or 3 XRs:1,250.67with",In Stock,https://mdcomputers.lk/product/biaze-type-c-to-lan-1000mbps/
ECHO PLUS 83A CARTRIDGE,"Rs:3,400.00or 3 XRs:1,269.33with",In Stock,https://mdcomputers.lk/product/echo-plus-83a-cartridge/
FANTECH GS202 SONAR 2.2 BRAND NEW DESKTOP SPEAKERS,"Rs:3,400.00Rs:4,100.00or 3 XRs:1,269.33with",In Stock,https://mdcomputers.lk/product/fantech-gs202-sonar-2-2-desktop-speakers/
BASEUS ENCOK CZ11 TYPE-C WIRED EARPHONES ( A00164300113-Z1 ),"Rs:3,400.00Rs:3,700.00or 3 XRs:1,269.33with",In Stock,https://mdcomputers.lk/product/baseus-encok-cz11-type-c-wired-earphones-a00164300113-z1/
CON353 – UGREEN HDMI to VGA Adapter – CM611 – 90813 (1 Year Warranty),"Rs:3,450.00or 3 XRs:1,288.00with",In Stock,https://mdcomputers.lk/product/con353-ugreen-hdmi-to-vga-adapter-cm611-90813-1-year-warranty/
FANTECH HELLSCREAM GS205 BRAND NEW SPEAKER,"Rs:3,500.00Rs:4,700.00or 3 XRs:1,306.67with",In Stock,https://mdcomputers.lk/product/fantech-hellscream-gs205-speaker/
HP 19.5V 65W BRAND NEW BLUE PIN LAPTOP ADAPTER ( 6 month warranty ),"Rs:3,500.00Rs:4,000.00or 3 XRs:1,306.67with",In Stock,https://mdcomputers.lk/product/hp-19-5v-3-33a-65w-4-53mm-blue-pin-laptop-adapter-6m/
Dell Laptop Charger – Black 19.5V 3.34A 65w 7.4 * 5.0 mm,"Rs:3,500.00Rs:3,800.00or 3 XRs:1,306.67with",In Stock,https://mdcomputers.lk/product/dell-laptop-charger-black-19-5v-3-34a-65w-7-4-5-0-mm/
HP Laptop Charger Big Pin 65W ORIGINAL,"Rs:3,500.00or 3 XRs:1,306.67with",In Stock,https://mdcomputers.lk/product/hp-laptop-charger-big-pin-90w-original/
LENOVO 20V 3.25A BRAND NEW 65W USB PIN LAPTOP POWER ADAPTER ( 6 month warranty ),"Rs:3,500.00Rs:4,000.00or 3 XRs:1,306.67with",In Stock,https://mdcomputers.lk/product/lenovo-laptop-charger-65w-pin-usb-laptop-po/
KINGSTON DATA TRAVELER EXODIA 64GB USB 3.2 FLASH MEMORY,"Rs:3,500.00Rs:3,800.00or 3 XRs:1,306.67with",In Stock,https://mdcomputers.lk/product/kingston-64gb-pen-drive-datatraveler-exodia-m-usb-3-2-flash-drive/
JEDEL K510 BRAND NEW GAMING BACKLIGHT KEYBOARD,"Rs:3,500.00Rs:4,200.00or 3 XRs:1,306.67with",In Stock,https://mdcomputers.lk/product/jedel-k510-gaming-backlight-keyboard/
FANTECH HQ54 MARS II LIGHTWEIGHT BRAND NEW GAMING HEADSET,"Rs:3,500.00Rs:4,900.00or 3 XRs:1,306.67with",In Stock,https://mdcomputers.lk/product/fantech-hq54-mars-ii-lightweight-gaming-headset/
FANTECH BEAT GS203 RGB SPEAKER,"Rs:3,500.00Rs:3,800.00or 3 XRs:1,306.67with",In Stock,https://mdcomputers.lk/product/fantech-beat-gs203-speaker/
LAPTOP BACKPACK (laptop bag ),"Rs:3,500.00or 3 XRs:1,306.67with",In Stock,https://mdcomputers.lk/product/laptop-backpack/
JEDEL – WS671 BRAND NEW WIRLESS  KEYBOARD & MOUSE COMBO ( 03 month warranty ),"Rs:3,500.00Rs:3,600.00or 3 XRs:1,306.67with",In Stock,https://mdcomputers.lk/product/jedel-ws671-wireless-keyboard-mouse-combo/
mk300 combo pack,"Rs:3,500.00or 3 XRs:1,306.67with",In Stock,https://mdcomputers.lk/product/mk300-combo-pack/
FANTECH K515 SHIKARI TRANSPARAN BRAND NEW RGB GAMING KEYBOARD,"Rs:3,500.00or 3 XRs:1,306.67with",In Stock,https://mdcomputers.lk/product/fantech-k515-shikari-transparan-rgb-gaming/
JEDEL GM 109 GAMING MOUSE,"Rs:3,500.00or 3 XRs:1,306.67with",In Stock,https://mdcomputers.lk/product/jedel-gm-109-gaming-mouse/
CUDY USB-A TO ETHERNET ADAPTER,"Rs:3,500.00or 3 XRs:1,306.67with",In Stock,https://mdcomputers.lk/product/cudy-usb-a-to-ethernet-adapter/
NETWORK CABLE  ( 20M ),"Rs:3,500.00or 3 XRs:1,306.67with",In Stock,https://mdcomputers.lk/product/network-cable-20m/
JEDEL S-561 USB SPEAKER,"Rs:3,500.00or 3 XRs:1,306.67with",In Stock,https://mdcomputers.lk/product/jedel-s-561-usb-speaker/
JEDEL GH-269 BRAND NEW GAMING HEADSET ( 03 month warranty ),"Rs:3,500.00or 3 XRs:1,306.67with",In Stock,https://mdcomputers.lk/product/jedel-gh-269-brand-new-gaming-headset/
JEDEL MP02 GAMING RGB MOUSE PAD,"Rs:3,500.00Rs:4,800.00or 3 XRs:1,306.67with",In Stock,https://mdcomputers.lk/product/jedel-gaming-rgb-mouse-pad-big-mp02/
A4TECH FG10S FSTYLER WIRELESS BRAND NEW MOUSE,"Rs:3,500.00or 3 XRs:1,306.67with",In Stock,https://mdcomputers.lk/product/a4tech-fg10s-fstyler-wireless-brand-new-mouse/
MARVO SG-285 BRAND NEW GAMING BLACK SPEAKER,"Rs:3,500.00Rs:4,000.00or 3 XRs:1,306.67with",In Stock,https://mdcomputers.lk/product/marvo-sg-285-brand-new-gaming-black-speaker/
MARVO M358 MOUSE,"Rs:3,500.00Rs:4,500.00or 3 XRs:1,306.67with",In Stock,https://mdcomputers.lk/product/marvo-m358-mouse/
MEETION HP022 BRAND NEW GAMING HEADSET,"Rs:3,500.00or 3 XRs:1,306.67with",In Stock,https://mdcomputers.lk/product/meetion-hp022-brand-new-gaming-headset/
MEETION BACKLIT GM015 MOUSE,"Rs:3,500.00Rs:4,200.00or 3 XRs:1,306.67with",In Stock,https://mdcomputers.lk/product/meetion-backlit-gm015-mouse/
FANTECH CRYPTO II VX7 V2 GAMING MOUSE,"Rs:3,500.00Rs:4,000.00or 3 XRs:1,306.67with",In Stock,https://mdcomputers.lk/product/fantech-crypto-ii-vx7-v2-gaming-mouse-sl-pr/
HAVIT KB866L BRAND NEW GAMING KEYBOARD,"Rs:3,500.00or 3 XRs:1,306.67with",In Stock,https://mdcomputers.lk/product/havit-kb866l-brand-new-gaming-keyboard/
CON321 – UGREEN UNO USB-C to USB-C 100W PD 1M FAST CHARGING CABLE 35501 ( 01 years ),"Rs:3,500.00or 3 XRs:1,306.67with",In Stock,https://mdcomputers.lk/product/ugreen-35501-uno-usb-c-to-usb-c-100w-pd-1m-fast-charging-cable-01-years/
JEDEL GM1390 RGB WIRED GAMING MOUSE,"Rs:3,500.00Rs:4,800.00or 3 XRs:1,306.67with",In Stock,https://mdcomputers.lk/product/jedel-gm1390-rgb-wired-gaming-mouse/
JEDEL GM694 GAMING MOUSE,"Rs:3,500.00Rs:4,800.00or 3 XRs:1,306.67with",In Stock,https://mdcomputers.lk/product/jedel-gm694-gaming-mouse/
MEETION BTM185 2.4G WIRELESS BLUETOOTH SILENT MOUSE,"Rs:3,500.00or 3 XRs:1,306.67with",In Stock,https://mdcomputers.lk/product/meetion-btm185-2-4g-wireless-bluetooth-silent-mouse/
BASEUS UNBREAKABLE SERIES 1 METER USB TO LIGHTNING CABLE 2.4A ( P10355802111-00 ),"Rs:3,500.00or 3 XRs:1,306.67with",In Stock,https://mdcomputers.lk/product/baseus-unbreakable-series-1-meter-usb-to-lightning-cable-2-4a-p10355802111-00/
ACER 19V 3.42A 5.5MM * 1.7MM YELLOW PIN BRAND NEW LAPTOP ADAPTER,"Rs:3,500.00or 3 XRs:1,306.67with",In Stock,https://mdcomputers.lk/product/acer-19v-3-42a-5-5mm-1-7mm-yellow-pin-brand-new-laptop-adapter/
ACER 65W 19V 3.42 3.0 * 1.1MM BRAND NEW LAPTOP ADAPTER,"Rs:3,500.00or 3 XRs:1,306.67with",In Stock,https://mdcomputers.lk/product/acer-65w-19v-3-42-3-0-1-1mm-brand-new-laptop-adapter/
DELL 90W 19.5V 3.34A 4.5MM 3.0MM SMALL PIN BRAND NEW LAPTOP POWER ADAPTER,"Rs:3,500.00Rs:4,000.00or 3 XRs:1,306.67with",In Stock,https://mdcomputers.lk/product/dell-90w-19-5v-4-62a-4-5mm-3-0mm-small-pin-brand-new-adapter/
DELL 19.5V 4.62A 7.4MM 5.0MM BIG PIN BRAND NEW ADAPTER,"Rs:3,500.00or 3 XRs:1,306.67with",In Stock,https://mdcomputers.lk/product/dell-19-5v-4-62a-7-4mm-5-0mm-big-pin-brand-new-adapter/
LENOVA 5 IN 1 USB HUB 4 USB PORT + 1 TYPE C PORT,"Rs:3,500.00or 3 XRs:1,306.67with",In Stock,https://mdcomputers.lk/product/lenova-5-in-1-usb-hub-4-usb-port-1-type-c-port/
RAIDMAX RC-004-R RED SLEEVED CABLE,"Rs:3,500.00or 3 XRs:1,306.67with",In Stock,https://mdcomputers.lk/product/raidmax-rc-004-r-red-sleeved-cable/
RAIDMAX RC-008-R RED SLEEVED EXTENTION CABLE,"Rs:3,500.00or 3 XRs:1,306.67with",In Stock,https://mdcomputers.lk/product/raidmax-rc-008-r-red-sleeved-extention-cable/
AOSOR ARGB CONTROLLER SK3 BLACK,"Rs:3,500.00or 3 XRs:1,306.67with",In Stock,https://mdcomputers.lk/product/aosor-argb-controller-sk3-black-price-sri-l/
ALCATROZ XPLORER C3600 WIRED KEYBOARD AND MOUSE COMBO,"Rs:3,500.00or 3 XRs:1,306.67with",In Stock,https://mdcomputers.lk/product/alcatroz-xplorer-c3600-wired-keyboard-and-mouse-combo/
GOLDEN FIELD Q14 NORMAL CASING,"Rs:3,500.00Rs:4,500.00or 3 XRs:1,306.67with",In Stock,https://mdcomputers.lk/product/golden-field-q14-normal-casing/
FANTECH RAIGOR III WG12R RECHARGEABLE WIRELESS GAMING MOUSE – BLACK,"Rs:3,500.00Rs:4,500.00or 3 XRs:1,306.67with",In Stock,https://mdcomputers.lk/product/fantech-raigor-iii-wg12r-rechargeable-wireless-gaming-mouse-black/
FANTECH SS170 SELFIE STICK,"Rs:3,500.00Rs:4,000.00or 3 XRs:1,306.67with",In Stock,https://mdcomputers.lk/product/fantech-ss170-selfie-stick/
ASUS 19V 3.42A 5.5* 2.5mm MIDDLE PIN BRAND NEW LAPTOP POWER ADAPTER ( 6 month warranty ),"Rs:3,500.00Rs:4,000.00or 3 XRs:1,306.67with",In Stock,https://mdcomputers.lk/product/asus-19v-3-42a-5-5-2-5mm-middle-pin-brand-new-laptop-power-adapter-6-month-warranty/
FALCON SA90R CPU RGB COOLER,"Rs:3,500.00Rs:4,000.00or 3 XRs:1,306.67with",In Stock,https://mdcomputers.lk/product/falcon-sa90r-cpu-rgb-cooler/
CON 310 – UGREEN 3.0 TF/SD TYPE-C AND USB MULTIFUNCTION CARD READER CM304 – 80191 ( 1 Year Warranty ),"Rs:3,550.00or 3 XRs:1,325.33with",In Stock,https://mdcomputers.lk/product/con-310-ugreen-3-0-tf-sd-type-c-and-usb-multifunction-card-reader-cm304-80191-1-year-warranty/
CUDY USB-C TO ETHERNET ADAPTER,"Rs:3,600.00or 3 XRs:1,344.00with",In Stock,https://mdcomputers.lk/product/cudy-usb-c-to-ethernet-adapter/
ALCATROZ AIRMOUSE DUO 3 SILENT WIRELESS MOUSE,"Rs:3,600.00or 3 XRs:1,344.00with",In Stock,https://mdcomputers.lk/product/alcatroz-airmouse-duo-3-silent-wireless-mouse/
CON 418 – UGREEN 1.5M 8K@60hz HDMI Cable Male to Male – HD175 – 45431 – 1 Year Warranty,"Rs:3,600.00Rs:4,500.00or 3 XRs:1,344.00with",In Stock,https://mdcomputers.lk/product/con-418-ugreen-1-5m-8k60hz-hdmi-cable-male-to-male-hd175-45431-1-year-warranty/
INTEL CORE I5 2ND GEN USED PROCESSOR,"Rs:3,700.00Rs:3,900.00or 3 XRs:1,381.33with",In Stock,https://mdcomputers.lk/product/intel-core-i5-2nd-gen-processor-used/
FANTECH KANATA VX9S GAMING MOUSE,"Rs:3,700.00Rs:4,000.00or 3 XRs:1,381.33with",In Stock,https://mdcomputers.lk/product/fantech-kanata-vx9-rgb-gaming-mouse-sl-pric/
HAVIT KB488L GAMING KEYBOARD ( ENGLISH LAYOUT),"Rs:3,700.00or 3 XRs:1,381.33with",In Stock,https://mdcomputers.lk/product/havit-kb488l-gaming-keyboard-english-layout/
JEDEL SA148 WIRLESS CHARGER SPEAKER,"Rs:3,700.00Rs:4,200.00or 3 XRs:1,381.33with",In Stock,https://mdcomputers.lk/product/jedel-sa-148-speaker/
BASEUS 1METER TUNGSTEN GOLD 240W TYPE-C TO TYPE-C FAST CHARGING DATA CABLE – BLACK ( CAWJ040001 ),"Rs:3,700.00or 3 XRs:1,381.33with",In Stock,https://mdcomputers.lk/product/baseus-1meter-tungsten-gold-240w-type-c-to-type-c-fast-charging-data-cable-black-cawj040001/
ALCATROZ AIRMOUSE DUO 6R SILENT WIRELESS SILENT MOUSE,"Rs:3,700.00or 3 XRs:1,381.33with",In Stock,https://mdcomputers.lk/product/alcatroz-airmouse-duo-6r-silent-wireless-silent-mouse/
LOGITECH M170 WIRELESS BRAND NEW MOUSE ( 01y ),"Rs:3,700.00Rs:4,000.00or 3 XRs:1,381.33with",In Stock,https://mdcomputers.lk/product/logitech-m170-wireless-brand-new-mouse-01y/
UGREEN TYPE-C TO 1000Mbps GIGABITE ETHERNET ADAPTER – US236 – 50307,"Rs:3,700.00Rs:4,700.00or 3 XRs:1,381.33with",In Stock,https://mdcomputers.lk/product/ugreen-type-c-to-1000mbps-gigabite-ethernet-adapter-us236-50307/
CON354 – UGREEN HDMI to VGA Converter without Audio – MM105 – 40253 (1 Year Warranty),"Rs:3,750.00or 3 XRs:1,400.00with",In Stock,https://mdcomputers.lk/product/con354-ugreen-hdmi-to-vga-converter-without-audio-mm105-40253-1-year-warranty/
DDR3 4GB USED DESKTOP RAM CARDS ( 3month warranty),"Rs:3,800.00Rs:4,800.00or 3 XRs:1,418.67with",In Stock,https://mdcomputers.lk/product/ddr3-4gb-desktop-ram-cards/
POWER KINGDOM UPS BATTERY 12V 7.2A,"Rs:3,800.00Rs:5,900.00or 3 XRs:1,418.67with",In Stock,https://mdcomputers.lk/product/uplus-ups-battery-12v-7-2a/
DDR3 4GB USED LAPTOP RAM,"Rs:3,800.00Rs:3,900.00or 3 XRs:1,418.67with",In Stock,https://mdcomputers.lk/product/4gb-ddr3-used-laptop-ram/
MEETION BACKLIT GM21 2023 MOUSE,"Rs:3,800.00Rs:4,500.00or 3 XRs:1,418.67with",In Stock,https://mdcomputers.lk/product/meetion-backlit-gm21-2023-mouse/
ARGB EXTENSION CABLE,"Rs:3,800.00or 3 XRs:1,418.67with",In Stock,https://mdcomputers.lk/product/argb-extension-cable/
FALCON F6015 BRAND NEW MINI CASING,"Rs:3,800.00Rs:4,200.00or 3 XRs:1,418.67with",In Stock,https://mdcomputers.lk/product/falcon-6015-casing/
FALCON F6013 BRAND NEW MINI CASING,"Rs:3,800.00or 3 XRs:1,418.67with",In Stock,https://mdcomputers.lk/product/falcon-6013-casing/
KISONLI DESKTOP BLUETOOTH SPEAKER U-3000BT,"Rs:3,800.00Rs:4,300.00or 3 XRs:1,418.67with",In Stock,https://mdcomputers.lk/product/kisonli-desktop-bluetooth-speaker-u-3000bt/
ONIKUMA X29 RGB DYNAMIC PROFESSIONAL GAMING HEADSET STEREO SURROUND SOUND,"Rs:3,800.00or 3 XRs:1,418.67with",In Stock,https://mdcomputers.lk/product/onikuma-x29-rgb-dynamic-professional-gaming-headset-stereo-surround-sound/
BASEUS DISPLAY 2 100W 1METER TYPE-C TO TYPE-C FAST CHARGING DATA CABLE ( P10382702121-00 ),"Rs:3,800.00or 3 XRs:1,418.67with",In Stock,https://mdcomputers.lk/product/baseus-display-2-100w-1meter-type-c-to-type-c-fast-charging-data-cable-p10382702121-00/
ONIKUMA T1 EAR BUDS,"Rs:3,800.00or 3 XRs:1,418.67with",In Stock,https://mdcomputers.lk/product/onikuma-t1-ear-buds/
CON 332 – BASEUS USB – A TO RJ45 100Mbps LITE SERIES ETHERNET ADAPTER LAN PORT ( 01 YEAR WARRANTY ),"Rs:3,800.00or 3 XRs:1,418.67with",In Stock,https://mdcomputers.lk/product/con-332-baseus-usb-a-to-rj45-100mbps-lite-series-ethernet-adapter-lan-port-01-year-warranty/
MARVO M796W WIRELESS DUAL-MODE GAMING MOUSE,"Rs:3,800.00or 3 XRs:1,418.67with",In Stock,https://mdcomputers.lk/product/marvo-m796w-wireless-dual-mode-gaming-brand/
MONKEY D. LUFFY 2 ACTION FIGURES ( 18CM ),"Rs:3,800.00Rs:4,500.00or 3 XRs:1,418.67with",In Stock,https://mdcomputers.lk/product/monkey-d-luffy-2-action-figures-18cm/
500W  USED GAMING POWER SUPPLY.,"Rs:3,900.00Rs:4,500.00or 3 XRs:1,456.00with",In Stock,https://mdcomputers.lk/product/500-w-gaming-used-power-supply/
LOGITECH B175 – 2.4GHz WIRELESS BRAND NEW MOUSE,"Rs:3,900.00or 3 XRs:1,456.00with",In Stock,https://mdcomputers.lk/product/logitech-b175-2-4ghz-wireless-brand-new-mouse/
X-BRAND ATX TOWER TT3145R BRAND NEW CASING,"Rs:3,900.00or 3 XRs:1,456.00with",In Stock,https://mdcomputers.lk/product/xbrand-atx-tower-tt3145r-brand-new-casing/
MARVO H8326 RGB BACKLIT WIRED GAMING HEADSET,"Rs:3,900.00Rs:4,500.00or 3 XRs:1,456.00with",In Stock,https://mdcomputers.lk/product/marvo-h8326-gaming-headset/
BRAND NEW 450W POWER SUPPLY ( 01 year warranty ),"Rs:3,900.00or 3 XRs:1,456.00with",In Stock,https://mdcomputers.lk/product/brand-new-450w-power-suppluy-01-year-warranty/
CON 362-UGREEN 20W USB-C GAN FAST CHARGER UK PIN – X512 – 55529 – (1 Year Warranty),"Rs:3,950.00or 3 XRs:1,474.67with",In Stock,https://mdcomputers.lk/product/con-362-ugreen-20w-usb-c-gan-fast-charger-uk-pin-x512-55529-1-year-warranty/
EMBERTON M8 BRAND NEW BLUETOOTH SPEAKER,"Rs:3,990.00or 3 XRs:1,489.60with",In Stock,https://mdcomputers.lk/product/emberton-m8-brand-new-bluetooth-speaker/
TP-LINK TL-WN823N 300Mbps MINI WIRELESS N USB ADAPTER ( 01 year warranty ),"Rs:4,000.00Rs:5,000.00or 3 XRs:1,493.33with",In Stock,https://mdcomputers.lk/product/tp-link-tl-wn823n-300mbps-mini-wireless-n-u/
GAMDIAS ZEUS E2 RGB WIRED GAMING MOUSE,"Rs:4,000.00or 3 XRs:1,493.33with",In Stock,https://mdcomputers.lk/product/gamdias-zeus-e2-rgb-wired-gaming-mouse/
FANTECH FLASH HQ53 LIGHTWEIGHT GAMING HEADSET,"Rs:4,000.00or 3 XRs:1,493.33with",In Stock,https://mdcomputers.lk/product/fantech-flash-hq53-lightweight-gaming-headset/
FANTECH X9 THOR GAMING MOUSE,"Rs:4,000.00Rs:4,500.00or 3 XRs:1,493.33with",In Stock,https://mdcomputers.lk/product/fantech-x9-thor-gaming-mouse/
FANTECH VX6  PHANTOM II RGB GAMING MOUSE,"Rs:4,000.00Rs:4,700.00or 3 XRs:1,493.33with",In Stock,https://mdcomputers.lk/product/fantech-vx6-x15-phantom-ii-rgb-gaming-mouse/
AIRMOUSE DUO 7X MOUSE,"Rs:4,000.00or 3 XRs:1,493.33with",In Stock,https://mdcomputers.lk/product/airmouse-duo-7x-mouse/
KISONLI PC-2 WEBCAM – 1080P,"Rs:4,000.00Rs:5,000.00or 3 XRs:1,493.33with",In Stock,https://mdcomputers.lk/product/kisonli-webcam/
FANTECH K511 HUNTER PRO RGB BRAND NEW GAMING KEBOARD,"Rs:4,000.00Rs:4,500.00or 3 XRs:1,493.33with",In Stock,https://mdcomputers.lk/product/fantech-k511-hunter-pro-rgb-gaming-keboard/
ECO PLUS P3020 COMPATIBLE TONER,"Rs:4,000.00or 3 XRs:1,493.33with",In Stock,https://mdcomputers.lk/product/eco-plus-p3020-compatible-toner/
GOLDEN FIELD H04 AIR COOLER,"Rs:4,000.00Rs:5,000.00or 3 XRs:1,493.33with",In Stock,https://mdcomputers.lk/product/golden-field-h04-air-cooler/
Dell Wireless Mouse WM118,"Rs:4,000.00or 3 XRs:1,493.33with",In Stock,https://mdcomputers.lk/product/dell-wireless-mouse-wm118/
Jedel GM-1401 7D RGB Gaming Mouse,"Rs:4,000.00or 3 XRs:1,493.33with",In Stock,https://mdcomputers.lk/product/jedel-gm-1401-7d-rgb-gaming-mouse/
MEETION GM19 GAMING MOUSE WITH RGB BAKLIT,"Rs:4,000.00or 3 XRs:1,493.33with",In Stock,https://mdcomputers.lk/product/meetion-gm19-gaming-mouse-with-rgb-baklit/
JEDEL GH-561 RGB LIGHTING HEADSET,"Rs:4,000.00Rs:4,700.00or 3 XRs:1,493.33with",In Stock,https://mdcomputers.lk/product/jedel-gh-561-rgb-lighting-headset/
"Marvo Scorpion M411 RGB Wired Gaming Mouse, 12800 DPI, 8 Programmable Buttons","Rs:4,000.00Rs:5,000.00or 3 XRs:1,493.33with",In Stock,https://mdcomputers.lk/product/marvo-scorpion-m411-rgb-wired-gaming-mouse-12800-dpi-8-programmable-buttons/
DCP 12V 7AH BRAND NEW UPS BATTERY ( 01y ),"Rs:4,000.00or 3 XRs:1,493.33with",In Stock,https://mdcomputers.lk/product/dcp-12v-7ah-brand-new-ups-battery-01y/
JEDEL S-599 RGB USB GAMING SPEAKERS WITH BLUETOOTH,"Rs:4,000.00Rs:4,200.00or 3 XRs:1,493.33with",In Stock,https://mdcomputers.lk/product/jedel-s-599-rgb-usb-gaming-speakers-with-bluetooth/
FANTECH NERABOX BS154 GAMING SPEAKER,"Rs:4,000.00Rs:4,500.00or 3 XRs:1,493.33with",In Stock,https://mdcomputers.lk/product/fantech-nerabox-bs154-gaming-speaker/
HP H509 LAPTOP BACK PACK,"Rs:4,000.00or 3 XRs:1,493.33with",In Stock,https://mdcomputers.lk/product/hp-h509-laptop-back-pack/
LENOVO 1821 LAPTOP BACK PACK,"Rs:4,000.00or 3 XRs:1,493.33with",In Stock,https://mdcomputers.lk/product/lenovo-1821-laptop-back-pack/
PROLINK GM-5002 MULTI- DEVICE WIRLESS MOUSE,"Rs:4,000.00or 3 XRs:1,493.33with",In Stock,https://mdcomputers.lk/product/prolink-gm-5002-multi-device-wirless-mouse/
SONICGEAR HYPERBASS BUDS – 1 CHAMPAGNE ( TYPE – C ),"Rs:4,000.00or 3 XRs:1,493.33with",In Stock,https://mdcomputers.lk/product/sonicgear-hyperbass-buds-1-champagne-type-c/
ARMAGGEDDON MAGNUM PRO 250W 80 PLUS POWER SUPPLY ( 01 Year Warranty ),"Rs:4,000.00or 3 XRs:1,493.33with",In Stock,https://mdcomputers.lk/product/armaggeddon-voltron-250w-80-plus-power-supply-01-year-warranty/
BASEUS 4-PORT HUB ULTRAJOY SERIES LITE 15cm SPACE GRAY USB-A TO USB3.0 x 4 ( B0005280B8 ),"Rs:4,000.00or 3 XRs:1,493.33with",In Stock,https://mdcomputers.lk/product/baseus-4-port-hub-ultrajoy-series-lite-15cm-space-gray-usb-a-to-usb3-0-x-4-b0005280b8/
INTEL I5 10400 LG1200 CPU COOLER FAN,"Rs:4,000.00Rs:5,000.00or 3 XRs:1,493.33with",In Stock,https://mdcomputers.lk/product/intel-i5-10400-lg1200-cpu-cooler-fan/
ASUS 90W 19V 4.74A 5.5 2.5MM BRAND NEW ADAPTER,"Rs:4,000.00or 3 XRs:1,493.33with",In Stock,https://mdcomputers.lk/product/asus-90w-19v-4-74a-5-5-2-5mm-brand-new-adapter/
HP 90W 19V 4.74 7.4 5.0MM BIGPIN BRAND NEW LAPTOP POWER ADAPTER,"Rs:4,000.00or 3 XRs:1,493.33with",In Stock,https://mdcomputers.lk/product/hp-90w-19v-4-74-7-4-5-0mm-bigpin-brand-new-laptop-power-adapter/
RAIDMAX RC-003-R RED SLEEVED CABLE,"Rs:4,000.00or 3 XRs:1,493.33with",In Stock,https://mdcomputers.lk/product/raidmax-rc-003-r-red-sleeved-cable/
ECHO PLUS 15A/13A CARTRIDGE (BLACK),"Rs:4,100.00or 3 XRs:1,530.67with",In Stock,https://mdcomputers.lk/product/echo-plus-15a-13a-cartridge-black/
CON 424 – UGREEN 20M Cat 6 UTP NETWORK CABLE  – NW102 – 11206 – 1 Year Warranty,"Rs:4,100.00Rs:5,500.00or 3 XRs:1,530.67with",In Stock,https://mdcomputers.lk/product/con-424-ugreen-20m-cat-6-utp-network-cable-nw102-11206-1-year-warranty/
CON 356-UGREEN  (USB Dual-Band) Adapter – CM762 – 35264 (1 Year Warranty),"Rs:4,150.00or 3 XRs:1,549.33with",In Stock,https://mdcomputers.lk/product/con-356-ugreen-usb-dual-band-adapter-cm762-35264-1-year-warranty/
Intel Core i3 6TH GEN USED PROCESSOR,"Rs:4,200.00Rs:5,500.00or 3 XRs:1,568.00with",In Stock,https://mdcomputers.lk/product/intel-core-i3-6th-gen-used-processor/
GT610 1GB USED VGA CARD ( RANDOM BRAND),"Rs:4,200.00or 3 XRs:1,568.00with",In Stock,https://mdcomputers.lk/product/gt610-1gb-used-vga-card-random-brand/
JEDEL GM1402 GAMING MOUSE,"Rs:4,200.00Rs:5,200.00or 3 XRs:1,568.00with",In Stock,https://mdcomputers.lk/product/jedel-gm1402-gaming-mouse/
"BASEUS RAPID 1.5 METER TYPE-C TO M+L+T PD 20W, 3A, 2A CABLE  ( CAMLT-SC01 )","Rs:4,200.00or 3 XRs:1,568.00with",In Stock,https://mdcomputers.lk/product/baseus-rapid-1-5-meter-type-c-to-mlt-pd-20w-3a-2a-cable-camlt-sc01/
UGREEN 2.4G WIRELESS MOUSE MIDNIGHT BLUE – MU105 – 90550  (1 Year Warranty),"Rs:4,200.00or 3 XRs:1,568.00with",In Stock,https://mdcomputers.lk/product/ugreen-2-4g-wireless-mouse-midnight-blue-mu105-90550-1-year-warranty/
CON 428 – UGREEN USB 2.0 To 100Mbps ETHERNET ADAPTER – CR110 – 20254 ( 01 YEAR WARRANTY ),"Rs:4,200.00Rs:5,200.00or 3 XRs:1,568.00with",In Stock,https://mdcomputers.lk/product/con-428-ugreen-usb-2-0-to-100mbps-ethernet-adapter-cr110-20254-01-year-warranty/
CON 372 – UGREEN 20W TYPE-C PD FAST CHARGING ADAPTER UK WHITE – ( 1 Year Warranty ) CD137 – 60451,"Rs:4,250.00or 3 XRs:1,586.67with",In Stock,https://mdcomputers.lk/product/con-314-ugreen-20w-type-c-pd-fast-charging-adapter-uk-white-cd137-60451-1-year-warranty/
KASPERSKY STANDARD SECURITY (3 USER),"Rs:4,300.00Rs:5,200.00or 3 XRs:1,605.33with",In Stock,https://mdcomputers.lk/product/kaspersky-internet-security-3-user-2/
VIPER MINI CASING,"Rs:4,300.00or 3 XRs:1,605.33with",In Stock,https://mdcomputers.lk/product/viper-mini-casing/
RUIX MINI CASING NORMAL 06,"Rs:4,300.00or 3 XRs:1,605.33with",In Stock,https://mdcomputers.lk/product/ruix-mini-casing-normal-06/
JEDEL WS737 3 IN 1 WIRELESS  KEYBOARD AND MOUSE COMBO,"Rs:4,300.00or 3 XRs:1,605.33with",In Stock,https://mdcomputers.lk/product/jedel-ws737-3-in-1-wireless-keyboard-and-mouse-combo/
CON 410 – UGREEN 4 – Port USB to USB 3.0 Hub – CM219 – 25851 – 1 Year Warranty,"Rs:4,300.00Rs:5,500.00or 3 XRs:1,605.33with",In Stock,https://mdcomputers.lk/product/con-410-ugreen-4-port-usb-to-usb-3-0-hub-cm219-25851-1-year-warranty/
WD 500GB USED DESKTOP HDD DISK,"Rs:4,400.00Rs:4,900.00or 3 XRs:1,642.67with",In Stock,https://mdcomputers.lk/product/500gb-desktop-hdd-disk-brand-new/
HAVIT MS954 GAMING MOUSE – BLACK,"Rs:4,400.00or 3 XRs:1,642.67with",In Stock,https://mdcomputers.lk/product/havit-ms954-gaming-mouse-black/
CON 306 – UGREEN PCIe 4.0(16) TO M.2 NVME EXPANSION CARD ( 1 Year Warranty ) CM465 – 30715,"Rs:4,400.00or 3 XRs:1,642.67with",In Stock,https://mdcomputers.lk/product/con-306-ugreen-pcie-4-016-to-m-2-nvme-expansion-card-cm465-30715-1-year-warranty/
SAINT SEIYA WARRIORS ACTION FIGURES ( 6cm ),"Rs:4,400.00Rs:5,400.00or 3 XRs:1,642.67with",In Stock,https://mdcomputers.lk/product/saini-seiya-warriors-action-figures-6cm/
Q14 CASING,"Rs:4,500.00or 3 XRs:1,680.00with",In Stock,https://mdcomputers.lk/product/q14-casing/
MEETION R390 VERTICAL WIRELESS MOUSE,"Rs:4,500.00Rs:5,000.00or 3 XRs:1,680.00with",In Stock,https://mdcomputers.lk/product/meetion-mt-r390-ergonomic-2-4g-wireless-vertical-mouse/
MEETION WIRELESS MINI 4000 BRAND NEW KEYBOARD & MOUSE COMBO,"Rs:4,500.00Rs:4,800.00or 3 XRs:1,680.00with",In Stock,https://mdcomputers.lk/product/meetion-wireless-mini-4000-combo/
LOGITECHogitec M171 WIRELESS BRAND NEW MOUSE ( 01 years warranty ),"Rs:4,500.00Rs:4,900.00or 3 XRs:1,680.00with",In Stock,https://mdcomputers.lk/product/logitech-m171-wireless-mouse/
MEETION SP2110 2.1 BLUETOOTH SPEAKER,"Rs:4,500.00Rs:5,500.00or 3 XRs:1,680.00with",In Stock,https://mdcomputers.lk/product/meetion-sp2110-2-1-bluetooth-speaker/
ARMAGGEDDON SCORPION 3 RGB GAMING MOUSE,"Rs:4,500.00Rs:4,900.00or 3 XRs:1,680.00with",In Stock,https://mdcomputers.lk/product/armaggeddon-scorpion-3-rgb-gaming-mouse/
MEETION BTM005 TRANSPARENT WIRELESS MOUSE,"Rs:4,500.00or 3 XRs:1,680.00with",In Stock,https://mdcomputers.lk/product/meetion-btm005-transparent-wireless-mouse/
TP-LINK LS1008 8 PORT 10/100MBPS SWITCH,"Rs:4,500.00or 3 XRs:1,680.00with",In Stock,https://mdcomputers.lk/product/tp-link-ls1008-8-port-10-100mbps-switch-2y/
JEDEL GH-580 RGB HEADSET,"Rs:4,500.00or 3 XRs:1,680.00with",In Stock,https://mdcomputers.lk/product/jedel-gh-580-rgb-headset/
450W FALCON BRAND NEW POWER SUPPLY ( 06 month warranty ),"Rs:4,500.00or 3 XRs:1,680.00with",In Stock,https://mdcomputers.lk/product/450w-falcon-brand-new-power-supply-06-month-warranty/
FALCON 5022 BRAND NEW MINI CASING,"Rs:4,500.00or 3 XRs:1,680.00with",In Stock,https://mdcomputers.lk/product/falcon-5022-casing/
HP BACKPACK,"Rs:4,500.00Rs:4,800.00or 3 XRs:1,680.00with",In Stock,https://mdcomputers.lk/product/hp-backpack/
SONICGEAR QUATRO 2 B.GREY BRAND NEW SPEAKER,"Rs:4,500.00Rs:6,500.00or 3 XRs:1,680.00with",In Stock,https://mdcomputers.lk/product/sonicgear-quatro-2-b-grey-brand-new-speaker/
MARVO HG8921 GAMING HEADSET,"Rs:4,500.00Rs:5,200.00or 3 XRs:1,680.00with",In Stock,https://mdcomputers.lk/product/marvo-hg8921-gaming-headset/
MEETION CW235 2.4G WIRELESS KEYBOARD & MOUSE COMBO,"Rs:4,500.00or 3 XRs:1,680.00with",In Stock,https://mdcomputers.lk/product/meetion-cw235-2-4g-wireless-keyboard-mouse-combo/
ONIKUMA X33 GAMING HEADSET MULI – DEVICE COMPATIBLE INTELLIGENT COMPATIBILITY,"Rs:4,500.00Rs:5,200.00or 3 XRs:1,680.00with",In Stock,https://mdcomputers.lk/product/onikuma-x33-gaming-headset-muli-device-compatible-intelligent-compatibility/
JUNGLE LEOPARD K200 BLACK CPU COOLER,"Rs:4,500.00Rs:5,000.00or 3 XRs:1,680.00with",In Stock,https://mdcomputers.lk/product/jungle-leopard-k200-black-cpu-cooler/
FANTECH EOS WGP17 POCKET SIZED MINI GAMEPAD,"Rs:4,500.00or 3 XRs:1,680.00with",In Stock,https://mdcomputers.lk/product/fantech-eos-wgp17-pocket-sized-mini-gamepad/
T-WOLF V9 WIRED RGB GAMING MOUSE,"Rs:4,500.00Rs:5,500.00or 3 XRs:1,680.00with",In Stock,https://mdcomputers.lk/product/t-wolf-v9-wired-rgb-gaming-mouse/
JEDEL KL69 PORTABLE CONTRACTED RAINBOW LIGHTING MECHANICAL KEYBOARD,"Rs:4,500.00Rs:5,500.00or 3 XRs:1,680.00with",In Stock,https://mdcomputers.lk/product/jedel-kl-69-portable-contracted-rainbow-lighting-mechanical-keyboard/
FALCON F6017 BRAND NEW MINI CASING,"Rs:4,500.00or 3 XRs:1,680.00with",In Stock,https://mdcomputers.lk/product/falcon-f6017-brand-new-casing/
ARMAGGEDDON PULSE 1 CHORMA OVER EAR GAMING HEADSET,"Rs:4,500.00Rs:5,000.00or 3 XRs:1,680.00with",In Stock,https://mdcomputers.lk/product/armaggeddon-pulse-1-chorma-over-ear-gaming-headset/
BASEUS ENCOK CZ20 WIRED EARPHONES – MOON WHITE ( 01 YEAR WARRANTY ),"Rs:4,500.00Rs:5,200.00or 3 XRs:1,680.00with",In Stock,https://mdcomputers.lk/product/baseus-encok-cz20-wired-earphones-moon-white-01-year-warranty/
HAVIT KB252 USB KEYBOARD ( ENGLISH LAYOUT ),"Rs:4,500.00Rs:5,500.00or 3 XRs:1,680.00with",In Stock,https://mdcomputers.lk/product/havit-kb252-usb-keyboard-english-layout/
VERBATIM SEA GLASS 64GB USB 3.2 – 71273 PEN DRIVE ( 03 YEARS WARRANTY ),"Rs:4,500.00or 3 XRs:1,680.00with",In Stock,https://mdcomputers.lk/product/verbatim-sea-glass-64gb-usb-3-2-71273-pen-drive-03-years-warranty/
MARVO PACT 40 GT-019 PS3 WIRED GAMING CONTROLLER,"Rs:4,500.00or 3 XRs:1,680.00with",In Stock,https://mdcomputers.lk/product/marvo-pact-40-gt-019-ps3-wired-gaming-contr/
LING YUE MINI RGB CASING,"Rs:4,500.00or 3 XRs:1,680.00with",In Stock,https://mdcomputers.lk/product/ling-yue-mini-rgb-casing/
LA0095- LAPTOP COOLING PAD S601,"Rs:4,500.00or 3 XRs:1,680.00with",In Stock,https://mdcomputers.lk/product/la0095-laptop-cooling-pad-s601/
FANTECH NERABOX BS152 PORTABLE SPEAKER ( 06 month warranty ),"Rs:4,500.00Rs:5,500.00or 3 XRs:1,680.00with",In Stock,https://mdcomputers.lk/product/fantech-nerabox-bs152-portable-speaker-06-month-warranty/
15M HDMI 4K 15+1 CCA BRAND NEW CABLE,"Rs:4,600.00or 3 XRs:1,717.33with",In Stock,https://mdcomputers.lk/product/15m-hdmi-4k-151-cca-brand-new-cable/
CON 422 – UGREEN 1 TO 2 GIGABIT ETHERNET SPLITTER – 45311 ( 01 YEAR WARRANTY ),"Rs:4,600.00Rs:6,500.00or 3 XRs:1,717.33with",In Stock,https://mdcomputers.lk/product/con-422-ugreen-1-to-2-gigabit-ethernet-splitter-45311-01-year-warranty/
CON 313 – UGREEN 20W TYPE C + USB PORT FAST CHARGER UK WHITE  ( 1 Year Warranty ) X227 – 45315,"Rs:4,650.00or 3 XRs:1,736.00with",In Stock,https://mdcomputers.lk/product/con-313-ugreen-20w-type-c-usb-port-fast-charger-uk-white-x227-45315-1-year-warranty/
INTEL CORE I5 3RD GEN USED PROCESSOR,"Rs:4,700.00Rs:5,500.00or 3 XRs:1,754.67with",In Stock,https://mdcomputers.lk/product/intel-core-i5-3rd-gen-used-processor/
SEAGATE 500GB USED DESKTOP HARD,"Rs:4,700.00or 3 XRs:1,754.67with",In Stock,https://mdcomputers.lk/product/seagate-500gb-used-desktop-hard/
JERTECH JR322 VERTICAL MOUSE,"Rs:4,700.00or 3 XRs:1,754.67with",In Stock,https://mdcomputers.lk/product/jertech-jr322-vertical-mouse/
CON338 – BASEUS 1000Mbps TYPE – C TO RJ45 LAN PORT ETHERNET GIGABIT ADAPTER,"Rs:4,700.00Rs:5,200.00or 3 XRs:1,754.67with",In Stock,https://mdcomputers.lk/product/baseus-1000mbps-type-c-to-rj45-lan-port-ethernet-gigabit-adapter/
MARVO WS005 WIRELESS KEYBOARD & MOUSE COMBO,"Rs:4,700.00or 3 XRs:1,754.67with",In Stock,https://mdcomputers.lk/product/marvo-ws005-wireless-keyboard-mouse-combo-p/
ALCATROZ  X-CRAFT XC 1000 GAMING KEYBOARD AND MOUSE COMBO,"Rs:4,700.00or 3 XRs:1,754.67with",In Stock,https://mdcomputers.lk/product/alcatroz-x-craft-xc-1000-gaming-keyboard-and-mouse-combo/
JUNGLE LEOPARD K200 WHITE CPU COOLER,"Rs:4,750.00Rs:5,500.00or 3 XRs:1,773.33with",In Stock,https://mdcomputers.lk/product/jungle-leopard-k200-white-cpu-cooler/
ESET INTERNET SECURITY 3 DEVICE 1 YEAR,"Rs:4,800.00Rs:5,400.00or 3 XRs:1,792.00with",In Stock,https://mdcomputers.lk/product/eset-internet-security-3-device-1-year/
MEETION CW295 SILENT 2.4G WIRELESS KEYBOARD & MOUSE COMBO,"Rs:4,800.00or 3 XRs:1,792.00with",In Stock,https://mdcomputers.lk/product/meetion-cw295-silent-2-4g-wireless-keyboard-mouse-combo/
MEETION HP012 HEADSET,"Rs:4,800.00Rs:5,600.00or 3 XRs:1,792.00with",In Stock,https://mdcomputers.lk/product/meetion-hp012-headset/
VERBATIM DUAL 64GB USB 3.2 – 66796 PEN DRIVE ( 03 YEARS WARRANTY ),"Rs:4,800.00or 3 XRs:1,792.00with",In Stock,https://mdcomputers.lk/product/verbatim-dual-64gb-usb-3-2-66796-pen-drive-03-years-warranty/
600W USED GAMING POWER SUPPLY,"Rs:4,900.00Rs:5,500.00or 3 XRs:1,829.33with",In Stock,https://mdcomputers.lk/product/600w-used-gaming-power-supply-price-in-sri/
R400 LASER PRESENTATION REMOTE,"Rs:4,900.00or 3 XRs:1,829.33with",In Stock,https://mdcomputers.lk/product/r400-laser-presentation-remote/
Alcatroz Futura N1000,"Rs:4,900.00or 3 XRs:1,829.33with",In Stock,https://mdcomputers.lk/product/alcatroz-futura-n3000/
LOGITECH M185 BRAND NEW WIRELESS MOUSE,"Rs:4,900.00or 3 XRs:1,829.33with",In Stock,https://mdcomputers.lk/product/mouse-logitech-w-l-m185/
OSCOO SP2 M.2 NVME SSD ENCLOSURE,"Rs:4,900.00or 3 XRs:1,829.33with",In Stock,https://mdcomputers.lk/product/oscoo-m-2-nvme-ssd-enclosure/
ONIKUMA CW925 RGB BACKLIT WIRED BRAND NEW MOUSE,"Rs:4,900.00or 3 XRs:1,829.33with",In Stock,https://mdcomputers.lk/product/onikuma-cw925-rgb-backlit-wired-brand-new-mouse/
FANTECH GROOVE BAR LITE GS206 SPEAKER,"Rs:4,900.00or 3 XRs:1,829.33with",In Stock,https://mdcomputers.lk/product/fantech-groove-bar-lite-gs206-speaker/
"ONIKUMA X89 RGB GAMING HEADSET- 360° ROTATABLE MIC , IMMERSIVE 3D SOUND & ERGONOMIC DESIGN","Rs:4,900.00Rs:5,800.00or 3 XRs:1,829.33with",In Stock,https://mdcomputers.lk/product/onikuma-x89-rgb-gaming-headset-360-rotatable-mic-immersive-3d-sound-ergonomic-design/
HAVIT I62 BLUETOOTH HEADPHONE,"Rs:4,900.00or 3 XRs:1,829.33with",In Stock,https://mdcomputers.lk/product/havit-i62-bluetooth-headphone/
HAVIT SK835BT PORTABLE SPEAKER,"Rs:4,900.00or 3 XRs:1,829.33with",In Stock,https://mdcomputers.lk/product/havit-sk835bt-portable-speaker/
HIFROST P400 RGB CPU COOLER,"Rs:4,900.00or 3 XRs:1,829.33with",In Stock,https://mdcomputers.lk/product/hifrost-p400-rgb-cpu-cooler/
KINGSTON DDR3 4GB (1333mhz ) BRAND NEW DESKTOP RAM ( 03 years warranty ),"Rs:4,900.00or 3 XRs:1,829.33with",In Stock,https://mdcomputers.lk/product/kingston-ddr3-4gb-1333mhz-brand-new-desktop-ram-03-years-warranty/
TP-LINK UB400 BLUETOOTH 4.0 NANO ADAPTER,"Rs:4,900.00Rs:5,900.00or 3 XRs:1,829.33with",In Stock,https://mdcomputers.lk/product/tp-link-ub400-bluetooth-4-0-nano-adapter-br/
VERBATIM 66630 WIRED KEYBOARD & MOUSE COMBO,"Rs:4,900.00or 3 XRs:1,829.33with",In Stock,https://mdcomputers.lk/product/verbatim-66630-wired-keyboard-mouse-combo/
VERBATIM 66859 BLUETOOTH 5.0 MOUSE,"Rs:4,900.00or 3 XRs:1,829.33with",In Stock,https://mdcomputers.lk/product/verbatim-66859-bluetooth-5-0-mouse/
CON 411 – UGREEN 4-Port USB3.0 5Gbps Hub with Type-C Power Port – CM219 – 50985 – 1 Year Warranty,"Rs:4,900.00Rs:5,900.00or 3 XRs:1,829.33with",In Stock,https://mdcomputers.lk/product/con-411-ugreen-4-port-usb3-0-5gbps-hub-with-type-c-power-port-cm219-50985-1-year-warranty/
CON345 – UGREEN 5 Meter 4K@30Hz HDMI Male to Male Cable HD104 – 10109 ( 1 Year Warranty ),"Rs:4,950.00or 3 XRs:1,848.00with",In Stock,https://mdcomputers.lk/product/con345-ugreen-5-meter-4k30hz-hdmi-male-to-male-cable-hd104-10109-1-year-warranty/
SONICGEAR TITAN 2 BRAND NEW SPEAKERS,"Rs:4,990.00or 3 XRs:1,862.93with",In Stock,https://mdcomputers.lk/product/sonic-gear-titan-2-speaker/
ARMAGGEDDON SCORPION 7 GAMING MOUSE,"Rs:5,000.00Rs:5,900.00or 3 XRs:1,866.67with",In Stock,https://mdcomputers.lk/product/armaggeddon-scorpion-7-gaming-mouse/
GOLDEN FIELD Q20 BRAND NEW PC CASING,"Rs:5,000.00or 3 XRs:1,866.67with",In Stock,https://mdcomputers.lk/product/golden-field-q20-brand-new-pc-casing/
FANTECH ORBIT HG25 7.1 VIRTUAL SURROUND SOUND BRAND NEW GAMING HEADSET,"Rs:5,000.00or 3 XRs:1,866.67with",In Stock,https://mdcomputers.lk/product/fantech-hg25-wired-7-1-rgb-gaming-headset/
LOGITECH MK120 BRAND NEW KEYBOARD & MOUSE COMBO PACK,"Rs:5,000.00Rs:5,500.00or 3 XRs:1,866.67with",In Stock,https://mdcomputers.lk/product/logitec-mk120-combo-keyboard-mouse/
REDRAGON M601 CENTROPHORUS 2 RGB 7200DPI BRAND NEW GAMING MOUSE – BLACK,"Rs:5,000.00Rs:5,500.00or 3 XRs:1,866.67with",In Stock,https://mdcomputers.lk/product/redragon-m601-centrophorus-2-rgb-7200dpi-gaming-mouse-black/
MARVO HG9086 BRAND NEW BLACK GAMING HEADSET ( 06m ),"Rs:5,000.00Rs:6,500.00or 3 XRs:1,866.67with",In Stock,https://mdcomputers.lk/product/marvo-hg9086-brand-new-black-gaming-headset/
"MARVO Gaming Headset with Microphone H8618, RGB, Black","Rs:5,000.00Rs:6,500.00or 3 XRs:1,866.67with",In Stock,https://mdcomputers.lk/product/marvo-gaming-headset-with-microphone-h8618-rgb-black/
MEETION BTM010L BLUETOOTH LEFT ERGONOMIC WIRELESS BRAND NEW MOUSE-BLACK,"Rs:5,000.00Rs:5,500.00or 3 XRs:1,866.67with",In Stock,https://mdcomputers.lk/product/meetion-btm010l-bluetooth-wireless-brand-new-mouse/
FALCON F5031 BRAND NEW MINI CASING,"Rs:5,000.00or 3 XRs:1,866.67with",In Stock,https://mdcomputers.lk/product/falcon-f5031-brand-new-casing/
REDRAGON M816 RGB DECIDE ULTRA LIGHT WEIGHT WIRED MOUSE,"Rs:5,000.00Rs:5,200.00or 3 XRs:1,866.67with",In Stock,https://mdcomputers.lk/product/redragon-m816-rgb-decide-ultra-light-weight/
JUNGLE LEOPARD KF200 DGT BLACK CPU COOLER,"Rs:5,000.00Rs:5,500.00or 3 XRs:1,866.67with",In Stock,https://mdcomputers.lk/product/jungle-leopard-kf200-dgt-cpu-cooler/
FANTECH ATOM104S MK878S MECHANICAL GAMING KEYBOARD MORI EDITION WHITE – TARO SWICH ( RGB NOT WORKING ),"Rs:5,000.00Rs:7,400.00or 3 XRs:1,866.67with",In Stock,https://mdcomputers.lk/product/fantech-atom104s-mk878s-mechanical-gaming-keyboard-mori-edition-white-taro-swich/
HAVIT H2043U GAMING HEADPHONE,"Rs:5,000.00or 3 XRs:1,866.67with",In Stock,https://mdcomputers.lk/product/havit-h2043u-gaming-headphone/
SEAGATE BARRACUDA 500GB USED DESKTOP HARD,"Rs:5,000.00or 3 XRs:1,866.67with",In Stock,https://mdcomputers.lk/product/seagate-barracuda-500gb-used-desktop-hard/
ONIKUMA T36 EARBUDS,"Rs:5,000.00Rs:5,100.00or 3 XRs:1,866.67with",In Stock,https://mdcomputers.lk/product/onikuma-t36-earbuds/
COOLMOON RGB CONTROLLER,"Rs:5,000.00or 3 XRs:1,866.67with",In Stock,https://mdcomputers.lk/product/coolmoon-rgb-controller/
FANTECH ATO MP905 LONDON TOUR MOUSE PAD,"Rs:5,000.00or 3 XRs:1,866.67with",In Stock,https://mdcomputers.lk/product/fantech-ato-mp905-london-tour-mouse-pad/
SONICGEAR AIRPHONE 3 SAND ( TYPE – C ),"Rs:5,100.00Rs:6,000.00or 3 XRs:1,904.00with",In Stock,https://mdcomputers.lk/product/sonicgear-airphone-3-sand-type-c/
CON 307 – UGREEN M.2 SATA+M.2 NVME TO PCI-E 3.0 X4 EXPANSION CARD ( 1 Year Warranty ) CM302 – 70504,"Rs:5,100.00or 3 XRs:1,904.00with",In Stock,https://mdcomputers.lk/product/con-307-ugreen-m-2-satam-2-nvme-to-pci-e-3-0-x4-expansion-card-cm302-70504-1-year-warranty/
CON357-UGREEN AX900 USB High-Gain Dual Band Wi-Fi Adapter – CM763 – 35265  (1 Year Warranty),"Rs:5,100.00or 3 XRs:1,904.00with",In Stock,https://mdcomputers.lk/product/con357-ugreen-ax900-usb-high-gain-dual-band-wi-fi-adapter-cm763-35265-1-year-warranty/
MEETION Wired Gaming Headphone MT-HP020,"Rs:5,200.00or 3 XRs:1,941.33with",In Stock,https://mdcomputers.lk/product/meetion-wired-gaming-headphone-mt-hp020/
FANTECH MH89 VALOR II MULTI – PLATFORM GAMING HEADSET,"Rs:5,200.00or 3 XRs:1,941.33with",In Stock,https://mdcomputers.lk/product/fantech-mh89-valor-ii-multi-platform-gaming-headset/
ALCATROZ X-CRAFT AIR ULTRA SILENT 6000 GAMING MOUSE,"Rs:5,200.00Rs:5,700.00or 3 XRs:1,941.33with",In Stock,https://mdcomputers.lk/product/alcatroz-x-craft-air-ultra-silent-6000-gaming-mouse/
ONIKUMA X12 RGB GAMING HEADSET,"Rs:5,200.00Rs:5,500.00or 3 XRs:1,941.33with",In Stock,https://mdcomputers.lk/product/onikuma-x12-rgb-gaming-headset/
VERBATIM 66705 MULTIMEDIA HEADSET WITH NOISE-CANCELLING MIC,"Rs:5,200.00or 3 XRs:1,941.33with",In Stock,https://mdcomputers.lk/product/verbatim-66705-multimedia-headset-with-noise-cancelling-mic/
CUDY 5 PORT GIGABIT DESKTOP SWICH ( 02 Y ),"Rs:5,250.00or 3 XRs:1,960.00with",In Stock,https://mdcomputers.lk/product/cudy-5-port-gigabit-desktop-swich/
USED CORE I3 7TH GEN PROCESSOR (3 MONTH WARRANTY),"Rs:5,300.00Rs:6,300.00or 3 XRs:1,978.67with",In Stock,https://mdcomputers.lk/product/used-core-i3-7th-gen-processor/
JEDEL KL-68  COMPACT WIRED MECHANICAL KEYBOARD,"Rs:5,300.00or 3 XRs:1,978.67with",In Stock,https://mdcomputers.lk/product/jedel-kl68-compact-wired-mechanical-keyboard/
500GB USED SLIM LAPTOP HARD DISK,"Rs:5,300.00Rs:6,400.00or 3 XRs:1,978.67with",In Stock,https://mdcomputers.lk/product/500gb-used-laptop-hard-price-in-sri-lankmd/
MEETION HP030 HIFI BACKLIT GAMING HEADSET,"Rs:5,400.00Rs:6,500.00or 3 XRs:2,016.00with",In Stock,https://mdcomputers.lk/product/meetion-hp030-hifi-backlit-gaming-headset/
MEETION P010 RGB BACKLIT GAMING MOUSE PAD,"Rs:5,400.00or 3 XRs:2,016.00with",In Stock,https://mdcomputers.lk/product/meetion-p010-rgb-backlit-gaming-mouse-pad/
FANTECH GS303 GROOVE BAR GAMING SPEAKER,"Rs:5,400.00Rs:5,900.00or 3 XRs:2,016.00with",In Stock,https://mdcomputers.lk/product/fantech-gs303-groove-bar-gaming-speaker/
FANTECH CHIEF II HG20 BRAND NEW HEADSET,"Rs:5,400.00or 3 XRs:2,016.00with",In Stock,https://mdcomputers.lk/product/fantech-chief-ii-hg20-brand-new-headset/
SONICGEAR AIRPHONE 3 BRAND NEW HEADPHONE ( indigo ),"Rs:5,400.00or 3 XRs:2,016.00with",In Stock,https://mdcomputers.lk/product/sonicgear-airphone-3-brand-new-headphone-indigo/
SONICGEAR AIRPHONE 3 BRAND NEW HEADPHONE ( carbon ),"Rs:5,400.00or 3 XRs:2,016.00with",In Stock,https://mdcomputers.lk/product/sonicgear-airphone-3-brand-new-headphone-carbon/
MEETION CP3030 LAPTOP COOLING PAD,"Rs:5,500.00Rs:6,300.00or 3 XRs:2,053.33with",In Stock,https://mdcomputers.lk/product/meetion-cp3030-cooler-pad/
USED LITE ON  128GB M.2 SSD,"Rs:5,500.00or 3 XRs:2,053.33with",In Stock,https://mdcomputers.lk/product/used-lite-on-128gb-m-2-ssd/
FANTECH REVOLVER GP12 GAMING CONTROLLER,"Rs:5,500.00Rs:6,500.00or 3 XRs:2,053.33with",In Stock,https://mdcomputers.lk/product/fantech-gp12-revolver-controller/
FANTECH SHOOTER II GP13 GAMING CONTROLLER,"Rs:5,500.00Rs:5,800.00or 3 XRs:2,053.33with",In Stock,https://mdcomputers.lk/product/fantech-shooter-ii-gp13-pro-gaming-controller/
FANTECH TRINITY MH88 BRND NEW GAMING HEADSET,"Rs:5,500.00or 3 XRs:2,053.33with",In Stock,https://mdcomputers.lk/product/fantech-trinity-mh88-gaming-headset/
REDRAGON TIANA M614-RGB WIRED BRAND NEW GAMING MOUSE,"Rs:5,500.00Rs:6,900.00or 3 XRs:2,053.33with",In Stock,https://mdcomputers.lk/product/redragon-tiana-m614-rgb-wired-gaming-mouse/
FANTECH Aurora HG29 7.1 Virtual Surround Sound USB Gaming Headset RGB Lightning Mic Pc Mobile,"Rs:5,500.00or 3 XRs:2,053.33with",In Stock,https://mdcomputers.lk/product/fantech-aurora-hg29-7-1-virtual-surround-sound-usb-gaming-headset-rgb-lightning-mic-pc-mobile/
FANTECH VENOM ii WGC2 RECHARGEABLE WIRELESS RGB GAMING MOUSE | DUAL POWER,"Rs:5,500.00Rs:6,500.00or 3 XRs:2,053.33with",In Stock,https://mdcomputers.lk/product/fantech-venom-ii-wgc2-rechargeable-wireless-rgb-gaming-mouse-mouse-dual-power/
REDRAGON PELIAS H130 GAMING HEADSET,"Rs:5,500.00or 3 XRs:2,053.33with",In Stock,https://mdcomputers.lk/product/redragon-pelias-h130-gaming-headset/
Gamdias Boreas E1-210 Lite CPU Air Cooler,"Rs:5,500.00or 3 XRs:2,053.33with",In Stock,https://mdcomputers.lk/product/gamdias-boreas-e1-210-lite-cpu-air-cooler/
PROLINK 12V/8.2A UPS BATTERY ( 01 YEAR WARRANTY ),"Rs:5,500.00Rs:5,800.00or 3 XRs:2,053.33with",In Stock,https://mdcomputers.lk/product/prolink-12v-8-2a-ups-battery/
Cf 120 MODEL 3FAN KIT WITH CONTROLLE,"Rs:5,500.00or 3 XRs:2,053.33with",In Stock,https://mdcomputers.lk/product/cp-120-model-3fan-kit-with-controlle/
GOLDEN FIELD S06 RGB CPU COOLER,"Rs:5,500.00Rs:6,000.00or 3 XRs:2,053.33with",In Stock,https://mdcomputers.lk/product/golden-failed-cooler-s06/
LOGITECH MK200 WIRED KEYBOARD AND MOUSE ( 02 Years Warranty ),"Rs:5,500.00Rs:6,500.00or 3 XRs:2,053.33with",In Stock,https://mdcomputers.lk/product/logitech-mk200-wired-keyboard-and-mouse/
"FANTECH P31 HERO BRAND NEW GAMING WIRED KEYBOARD, MOUSE & PAD COMBO","Rs:5,500.00or 3 XRs:2,053.33with",In Stock,https://mdcomputers.lk/product/fantech-p31-hero-brand-new-gaming-wired-keyboard-mouse-pad-combo/
17 INCH USED MONITOR ( without cable ),"Rs:5,500.00Rs:6,800.00or 3 XRs:2,053.33with",In Stock,https://mdcomputers.lk/product/dell-17-inch-used-monitor/
KINGSTON DATATRAVELER EXODIA 128GB BRAND NEW PEN DRIVERS ( 03 years warranty ),"Rs:5,500.00or 3 XRs:2,053.33with",In Stock,https://mdcomputers.lk/product/kingston-datatraveler-exodia-128gb-brand-new-pen-drivers-03-years-warranty/
ASUS ROG A121 BACKPACK,"Rs:5,500.00Rs:7,000.00or 3 XRs:2,053.33with",In Stock,https://mdcomputers.lk/product/asus-rog-backpack/
MEETION BTM002 BRAND NEW WIRELESS MOUSE,"Rs:5,500.00Rs:6,500.00or 3 XRs:2,053.33with",In Stock,https://mdcomputers.lk/product/meetion-btm002-wireless-mouse/
REDRAGON M656 GAINER WIRELESS GAMING MOUSE,"Rs:5,500.00or 3 XRs:2,053.33with",In Stock,https://mdcomputers.lk/product/redragon-m656-gainer-wireless-gaming-mouse/
JUNGLE LEOPARD KF200 DGT WHITE CPU COOLER,"Rs:5,500.00or 3 XRs:2,053.33with",In Stock,https://mdcomputers.lk/product/jungle-leopard-kf200-dgt-white-cpu-cooler/
PIX-LINK GS05 – 5 PORT 10/ 100 / 1000Mbps DESKTOP SWITCH,"Rs:5,500.00or 3 XRs:2,053.33with",In Stock,https://mdcomputers.lk/product/pix-link-gs05-5-port-10-100-1000mbps-desktop-switch/
SONICGEAR POWERFUL BASS EARPUMP Q1 BLUETOOTH 5.4 EARBUDS,"Rs:5,500.00or 3 XRs:2,053.33with",In Stock,https://mdcomputers.lk/product/sonicgear-powerful-bass-earpump-q1-bluetooth-5-4-earbuds/
KINGSTON 64GB CANVAS SELECT PLUS MEMORY CARD,"Rs:5,500.00or 3 XRs:2,053.33with",In Stock,https://mdcomputers.lk/product/kingston-64gb-canvas-select-plus-memory-card/
ARMAGGEDDON GRUMMAN RAVEN – III SIGMA STEALTH GAMING MOUSE,"Rs:5,500.00Rs:7,200.00or 3 XRs:2,053.33with",In Stock,https://mdcomputers.lk/product/armaggeddon-grumman-raven-iii-sigma-stealth-gaming-mouse/
ONIKUMA M930 GAMING MICROPHONE,"Rs:5,500.00or 3 XRs:2,053.33with",In Stock,https://mdcomputers.lk/product/onikuma-m930-gaming-microphone/
LENOVO TYPE C 65W BRAND NEW ADAPTER,"Rs:5,500.00or 3 XRs:2,053.33with",In Stock,https://mdcomputers.lk/product/lenovo-type-c-65w-brand-new-adapter/
DELL 65W TYPE-C BRAND NEW LAPTOP POWER ADAPTER,"Rs:5,500.00or 3 XRs:2,053.33with",In Stock,https://mdcomputers.lk/product/dell-65w-type-c-brand-new-laptop-power-adapter/
LENOVO 45W ORGINAL 20V 2.25A 1.7MM SQUARE BRAND NEW LAPTOP ADAPTER,"Rs:5,500.00or 3 XRs:2,053.33with",In Stock,https://mdcomputers.lk/product/lenovo-45w-orginal-20v-2-25a-1-7mm-square-brand-new-laptop-adapter/
ASUS 65W 19V 3.42A 4.0*1.35MM SQUARE BRAND NEW ADAPTER,"Rs:5,500.00or 3 XRs:2,053.33with",In Stock,https://mdcomputers.lk/product/asus-65w-19v-3-42a-4-01-35mm-square-brand-new-adapter/
CON 311- UGREEN Multifunction TF/SD Dual Card Reader Case – CM868 – 55886 (1 Year Warranty),"Rs:5,500.00or 3 XRs:2,053.33with",In Stock,https://mdcomputers.lk/product/con-311-ugreen-multifunction-tf-sd-dual-card-reader-case-cm868-55886-1-year-warranty-2/
S18 LAPTOP COOLING PAD WITH DISPLAY AND CONTROLER,"Rs:5,500.00or 3 XRs:2,053.33with",In Stock,https://mdcomputers.lk/product/s18-laptop-cooling-pad-with-display-and-controler/
H61 USED MOTHERBOARD ( random brands ),"Rs:5,500.00Rs:6,000.00or 3 XRs:2,053.33with",In Stock,https://mdcomputers.lk/product/h61-used-motherboard-random-brands/
FANTECH WK901 GO ULTRA THIN WIRELESS COMBO,"Rs:5,500.00Rs:6,000.00or 3 XRs:2,053.33with",In Stock,https://mdcomputers.lk/product/fantech-wk901-go-ultra-thin-wireless-combo/
SQ-120 3 IN 1 ARGB WITH FAN KIT,"Rs:5,500.00or 3 XRs:2,053.33with",In Stock,https://mdcomputers.lk/product/sq-120-3-in-1-argb-with-fan-kit/
CON352 – UGREEN Type-C to HDMI Aluminum Adapter – CM297 – 70444 (1 Year Warranty),"Rs:5,550.00or 3 XRs:2,072.00with",In Stock,https://mdcomputers.lk/product/con352-ugreen-type-c-to-hdmi-aluminum-adapter-cm297-70444-1-year-warranty/
JEDEL GH-562 RGB HEADSET,"Rs:5,700.00or 3 XRs:2,128.00with",In Stock,https://mdcomputers.lk/product/jedel-gh-562-rgb-headset/
JEDEL GH-562 HEADSET  ( BLUE ),"Rs:5,700.00or 3 XRs:2,128.00with",In Stock,https://mdcomputers.lk/product/jedel-gh-562-headset-blue/
A4Tech 3330N Wireless Desktop Brand New Keyboard & Mouse Combo Pack,"Rs:5,700.00or 3 XRs:2,128.00with",In Stock,https://mdcomputers.lk/product/a4tech-3330n-wireless-desktop-brand-new-keyboard-mouse-combo-pack/
HAVIT HN25G WEBCAM – Black,"Rs:5,700.00or 3 XRs:2,128.00with",In Stock,https://mdcomputers.lk/product/havit-hn25g-webcam-black/
MARVO ATLAS 40 FN-40 LAPTOP COOLING PAD,"Rs:5,700.00or 3 XRs:2,128.00with",In Stock,https://mdcomputers.lk/product/marvo-atlas-40-fn-40-laptop-cooling-pad/
INTEL CORE I5 4TH ( 4590s ) USED PROCESSOR,"Rs:5,700.00Rs:6,300.00or 3 XRs:2,128.00with",In Stock,https://mdcomputers.lk/product/intel-core-i5-4th-4590s-used-processor-pric/
DDR3 8GB USED DESKTOP RAM CARDS,"Rs:5,800.00Rs:6,000.00or 3 XRs:2,165.33with",In Stock,https://mdcomputers.lk/product/ddr3-8gb-used-desktop-ram/
SONICGEAR AIRPHONE 5 BLUETOOTH HEADPHONES,"Rs:5,800.00or 3 XRs:2,165.33with",In Stock,https://mdcomputers.lk/product/sonicgear-airphone-5/
ASUS H61 USED MOTHERBOARD,"Rs:5,800.00Rs:6,500.00or 3 XRs:2,165.33with",In Stock,https://mdcomputers.lk/product/asus-h61-used-motherboard/
SONICGEAR AIRPHONE 5 BLUETOOTH HEADFONES ( RAINDROP ),"Rs:5,800.00Rs:6,500.00or 3 XRs:2,165.33with",In Stock,https://mdcomputers.lk/product/sonicgear-airphone-5-bluetooth-headfones-raindrop/
SONICGEAR AIRPHONE 5 HEADFONES ( CLOUD ),"Rs:5,800.00Rs:6,500.00or 3 XRs:2,165.33with",In Stock,https://mdcomputers.lk/product/sonicgear-airphone-5-headfones-cloud/
H67 4 RAM SLOT USED MOTHERBOARD ( WITHOUT ONBOARD VGA ),"Rs:5,800.00Rs:6,500.00or 3 XRs:2,165.33with",In Stock,https://mdcomputers.lk/product/h67-ram-slot-4-used-motherboard/
BASEUS PALM 20W UK PIN TYPE-C FAST CHARGER WITH TYPE-C TO TYPE-C 60W CABLE ( P1011160C113-01 ),"Rs:5,800.00or 3 XRs:2,165.33with",In Stock,https://mdcomputers.lk/product/baseus-palm-20w-uk-pin-type-c-fast-charger-with-type-c-to-type-c-60w-cable-p1011160c113-01/
FANTECH HG28 PORTAL 7.1 OVER-EAR GAMING HEADSET,"Rs:5,900.00or 3 XRs:2,202.67with",In Stock,https://mdcomputers.lk/product/fantech-hg28-portal-7-1-over-ear-gaming-headset/
B75 RAM SLOT 2 USED MOTHER BOAD ( RANDOM BRAND ),"Rs:5,900.00Rs:6,800.00or 3 XRs:2,202.67with",In Stock,https://mdcomputers.lk/product/b75-ram-slot-2-used-mother-boad-random-brand/
ONIKUMA X7 PRO WIRED RGB LIGHT NOISE-CANCELING GAMING HEADSET,"Rs:5,900.00or 3 XRs:2,202.67with",In Stock,https://mdcomputers.lk/product/onikuma-x7-pro-wired-rgb-light-noise-canceling-gaming-headset/
BIAZE TYPE C TO HDMI CONVERTER ADAPTER,"Rs:5,900.00or 3 XRs:2,202.67with",In Stock,https://mdcomputers.lk/product/biaze-type-c-to-hdmi-converter-adapter/
MARVO M727 BRAND NEW MOUSE – WHITE,"Rs:5,900.00or 3 XRs:2,202.67with",In Stock,https://mdcomputers.lk/product/marvo-m727-brand-new-mouse-white/
HAVIT GAMENOTE H2230D GAMING HEADPHONE,"Rs:5,900.00or 3 XRs:2,202.67with",In Stock,https://mdcomputers.lk/product/havit-gamenote-h2230d-gaming-headphone/
ONIKUMA T20 EAR BUDS,"Rs:5,900.00or 3 XRs:2,202.67with",In Stock,https://mdcomputers.lk/product/onikuma-t20-ear-buds/
WD PURPLE 500GB REFUBLISH DESKTOP HARD DISK ( 1 year warranty ),"Rs:5,900.00or 3 XRs:2,202.67with",In Stock,https://mdcomputers.lk/product/seagate-skyhawk-500gb-brand-new-desktop-hard-disk-1-year-warranty/
VERBATIM 66519 WIRLESS KEYBOARD & MOUSE COMBO,"Rs:5,900.00or 3 XRs:2,202.67with",In Stock,https://mdcomputers.lk/product/verbatim-66519-wirless-keyboard-mouse-combo/
GOLDEN FIELD 1076B BRAND NEW CASING,"Rs:5,900.00or 3 XRs:2,202.67with",In Stock,https://mdcomputers.lk/product/golden-field-1076b-brand-new-casing/
ARCTIC P12 PWM PST A-RGB FAN ( WHITE ),"Rs:5,900.00Rs:6,500.00or 3 XRs:2,202.67with",In Stock,https://mdcomputers.lk/product/arctic-p12-pwm-pst-a-rgb-fan-white/
ALCATROZ X-CRAFT AIR ULTRA SILENT 8000 GAMING MOUSE,"Rs:5,900.00Rs:6,700.00or 3 XRs:2,202.67with",In Stock,https://mdcomputers.lk/product/alcatroz-x-craft-air-ultra-silent-8000-gaming-mouse/
SEAGATE SKYHAWK 500GB REFUBLISH DESKTOP HARD DISK ( 1 year warranty ),"Rs:5,900.00or 3 XRs:2,202.67with",In Stock,https://mdcomputers.lk/product/seagate-skyhawk-500gb-refublish-desktop-hard-disk-1-year-warranty/
CON 383 – UGREEN 4 IN 1 – 3 x USB 3.0 HUB WITH 1Gbps GIGBIT ETHERNET ADAPTER – 20265 ( 1 Year Warranty ),"Rs:5,900.00Rs:6,900.00or 3 XRs:2,202.67with",In Stock,https://mdcomputers.lk/product/con-383-ugreen-4-in-1-3-x-usb-3-0-hub-with/
ONIKUMA X22 BRAND NEW HEADSET,"Rs:5,950.00Rs:6,500.00or 3 XRs:2,221.33with",In Stock,https://mdcomputers.lk/product/onikuma-x22-brand-new-headset-brand-new-ite/
DDR3 8GB USED  Laptop RAM,"Rs:6,000.00Rs:7,500.00or 3 XRs:2,240.00with",In Stock,https://mdcomputers.lk/product/ddr3-8gb-used-laptop-ram/
FANTECH WK895 POP KEYS WIRELESS KEYBOARD MOUSE COMBO OFFICE SERIES,"Rs:6,000.00Rs:6,500.00or 3 XRs:2,240.00with",In Stock,https://mdcomputers.lk/product/teclado-fantech-go-pop-wk895-azul/
JEDEL KL63D MECHANICAL KEYBOARD,"Rs:6,000.00or 3 XRs:2,240.00with",In Stock,https://mdcomputers.lk/product/kl-63d-jedel-mechanical-keyboard-2/
LOGITECH M331 SILENT WIRELESS BRAND NEW BLUE  MOUSE,"Rs:6,000.00or 3 XRs:2,240.00with",In Stock,https://mdcomputers.lk/product/logitech-m331-silent-wireless-black-mouse/
HONER HAO BRAND NEW CASING ( WITHOUT FAN),"Rs:6,000.00Rs:7,000.00or 3 XRs:2,240.00with",In Stock,https://mdcomputers.lk/product/honer-hao-brand-new-casing-without-fan/
GOLDEN FIELED V01 BRAND NEW WHITE GAMING CASING,"Rs:6,000.00Rs:8,500.00or 3 XRs:2,240.00with",In Stock,https://mdcomputers.lk/product/golden-fieled-v01-white-brand-new-gaming-casing/
REIDMAX 7 RGB CASING FAN KIT,"Rs:6,000.00or 3 XRs:2,240.00with",In Stock,https://mdcomputers.lk/product/reidmax-7-rgb-casing-fan-kit/
SAILOR MOON SAILOR MERCURY SAILOR MARS ACTION FIGURES ( 21cm ),"Rs:6,000.00Rs:6,500.00or 3 XRs:2,240.00with",In Stock,https://mdcomputers.lk/product/sailor-moon-sailor-mercury-sailor-mars-acti/
BRANRESTO GRANDISTA HATAKE KAKASHI ACTION FIGURES ( 26cm ),"Rs:6,000.00Rs:6,200.00or 3 XRs:2,240.00with",In Stock,https://mdcomputers.lk/product/branresto-grandista-harake-hakashi-action-f/
SABO FIGURE ACTION FIGURES ( 22CM ),"Rs:6,000.00Rs:7,500.00or 3 XRs:2,240.00with",In Stock,https://mdcomputers.lk/product/sabo-figure-action-figures-22cm/
"CON 363-UGREEN 30W 2-PORT GAN FAST CHARGER  (UK Plug, Space Gray) – X516 – 65036 – (1 Year Warranty)","Rs:6,100.00or 3 XRs:2,277.33with",In Stock,https://mdcomputers.lk/product/con-363-ugreen-30w-2-port-gan-fast-charger-uk-plug-space-gray-x516-65036-1-year-warranty/
Raider Mini CASING,"Rs:6,200.00or 3 XRs:2,314.67with",In Stock,https://mdcomputers.lk/product/raider-mini-casing/
REDRAGON H260 RGB GAMING HEADSET BLACK,"Rs:6,200.00Rs:6,800.00or 3 XRs:2,314.67with",In Stock,https://mdcomputers.lk/product/redragon-h260-rgb-gaming-headset-black/
ALCATROZ JELLYBEAN AIRDOCK 2 BLUETOOTH KEYBOARD,"Rs:6,200.00Rs:6,500.00or 3 XRs:2,314.67with",In Stock,https://mdcomputers.lk/product/jellybean-airdock-2-keyboards/
ONIKUMA X20 RGB GAMING HEADSET NOISE CANCELING HEADSET 7.1 SURROUND SOUND WITH HD MIC,"Rs:6,200.00or 3 XRs:2,314.67with",In Stock,https://mdcomputers.lk/product/onikuma-x20-pro-rgb-gaming-headset-noise-canceling-headset-7-1-surround-sound-with-hd-mic/
ALCATROZ XPLORER GO BTR200 TRI – MODE WIRLESS RECHARGEABLE KEYBOARD – SAND,"Rs:6,200.00or 3 XRs:2,314.67with",In Stock,https://mdcomputers.lk/product/alcatroz-xplorer-go-btr200-tri-mode-wirless-rechargeable-keyboard-sand/
ALCATROZ XPLORER GO BTR200 TRI – MODE WIRLESS RECHARGEABLE KEYBOARD – SLATE,"Rs:6,200.00or 3 XRs:2,314.67with",In Stock,https://mdcomputers.lk/product/alcatroz-xplorer-go-btr200-tri-mode-wirless-rechargeable-keyboard-slate/
ALCATROZ XPLORER GO BTR200 TRI – MODE WIRLESS RECHARGEABLE KEYBOARD – MIST,"Rs:6,200.00or 3 XRs:2,314.67with",In Stock,https://mdcomputers.lk/product/alcatroz-xplorer-go-btr200-tri-mode-wirless-rechargeable-keyboard-mist/
PETER PAN BLACK CASING – BRAND NEW,"Rs:6,300.00or 3 XRs:2,352.00with",In Stock,https://mdcomputers.lk/product/peter-pan-black-casing-brand-new/
B75 RAM SLOT 2 MOTHER BOAD,"Rs:6,400.00Rs:14,500.00or 3 XRs:2,389.33with",In Stock,https://mdcomputers.lk/product/b75-ram-slot-2-mother-boad/
SONICGEAR AIRPHONE 6 BLUETOOTH BRAND NEW HEADPHONE,"Rs:6,400.00Rs:7,000.00or 3 XRs:2,389.33with",In Stock,https://mdcomputers.lk/product/sonicgear-airphone-6-bluetooth-headphone-champagne/
SonicGear Airphone 6 Bluetooth Headphones ( AZURITE ),"Rs:6,400.00Rs:7,000.00or 3 XRs:2,389.33with",In Stock,https://mdcomputers.lk/product/sonicgear-airphone-6-bluetooth-headphones-azurite/
LOGITECH MK220 WIRELESS KEYBOARD AND MOUSE COMBO,"Rs:6,500.00Rs:8,000.00or 3 XRs:2,426.67with",In Stock,https://mdcomputers.lk/product/mk220-wireless-keyboard-and-mouse-combo/
REDRAGON H260 RGB GGAMING HEADSET,"Rs:6,500.00Rs:7,000.00or 3 XRs:2,426.67with",In Stock,https://mdcomputers.lk/product/redragon-h260-rgb-gaming-headset-white/
LOGITECH MK215 WIRELESS KEYBOARD AND MOUSE COMBO ( 01 Year Warranty ),"Rs:6,500.00Rs:7,500.00or 3 XRs:2,426.67with",In Stock,https://mdcomputers.lk/product/logitech-mk215-wireless-keyboard-and-mouse-combo/
JEDEL Gaming KL89 Mechanical Keyboard,"Rs:6,500.00or 3 XRs:2,426.67with",In Stock,https://mdcomputers.lk/product/jedel-gaming-kl89-mechanical-keyboard/
COLORFULL K2 BRAND NEW GAMING CASING,"Rs:6,500.00or 3 XRs:2,426.67with",In Stock,https://mdcomputers.lk/product/colorfull-k2-brand-new-gaming-casing/
MF70 ARGB 70mm proprietary upgrade fan kit for IceMyst series All-In-One liquid coolers,"Rs:6,500.00or 3 XRs:2,426.67with",In Stock,https://mdcomputers.lk/product/mf70-argb-70mm-proprietary-upgrade-fan-kit-for-icemyst-series-all-in-one-liquid-coolers/
SONICGEAR AIRPHONE 7 BLUETOOTH BRAND NEW HEADPHONE,"Rs:6,500.00Rs:7,000.00or 3 XRs:2,426.67with",In Stock,https://mdcomputers.lk/product/sonicgear-airphone-7-bluetooth-headphones/
ONIKUMA X25 RGB BRAND NEW GAMING HEADSET,"Rs:6,500.00or 3 XRs:2,426.67with",In Stock,https://mdcomputers.lk/product/onikuma-x25-rgb-brand-new-gaming-headset/
ONIKUMA ST-2 BRAND NEW HEADSET STAND,"Rs:6,500.00Rs:7,500.00or 3 XRs:2,426.67with",In Stock,https://mdcomputers.lk/product/onikuma-st-2-brand-new-headset-stand/
PROLINK DH-5106U AX900 WIFI 6 USB ADAPTER,"Rs:6,500.00or 3 XRs:2,426.67with",In Stock,https://mdcomputers.lk/product/prolink-dh-5106u-ax900-wifi-6-usb-adapter/
MEETION C490 GAMING COMBO 4 IN 1 BRAND NEW COMBO PACK ( KEYBOARD/ MOUSE/HEADSET/MOUSEPAD ),"Rs:6,500.00or 3 XRs:2,426.67with",In Stock,https://mdcomputers.lk/product/meetion-c490-gaming-combo-4-in-1-brand-new-combo-pack-keyboard-mouse-headset-mousepad/
120GB USED SATA SSD -RANDOM BRANDS  ( 03 month warranty ),"Rs:6,500.00Rs:7,000.00or 3 XRs:2,426.67with",In Stock,https://mdcomputers.lk/product/korean-120gb-used-ssd-03-month-warranty/
MEETION IKEY K210 WIRELESS BRAND NEW KEYBOARD,"Rs:6,500.00or 3 XRs:2,426.67with",In Stock,https://mdcomputers.lk/product/meetion-k210-wireless-brand-new-keyboard/
DDR4 4GB USED DESKTOP RAM,"Rs:6,500.00Rs:7,800.00or 3 XRs:2,426.67with",In Stock,https://mdcomputers.lk/product/ddr4-4gb-used-desktop-ram/
Intel® Pentium® Gold G5400T Used Processor,"Rs:6,500.00or 3 XRs:2,426.67with",In Stock,https://mdcomputers.lk/product/intel-pentium-gold-g5400t-used-processor/
ONIKUMA X15 PRO WIRED B BRAND NEW GAMING HEADSET,"Rs:6,500.00or 3 XRs:2,426.67with",In Stock,https://mdcomputers.lk/product/onikuma-x15-pro-wired-b-brand-new-gaming-headset/
INTEL CORE I5 4TH GEN USED PROCESSOR,"Rs:6,500.00Rs:7,500.00or 3 XRs:2,426.67with",In Stock,https://mdcomputers.lk/product/intel-core-i5-4th-gen-used-processor-2/
GOLDEN FIELD AJ600 CPU COOLER,"Rs:6,500.00or 3 XRs:2,426.67with",In Stock,https://mdcomputers.lk/product/golden-field-aj600-cpu-cooler/
JEDEL KL108 TOP MOUNT RAINBOW LIGHTING GAMING MECHANICAL KEYBOARD,"Rs:6,500.00Rs:7,500.00or 3 XRs:2,426.67with",In Stock,https://mdcomputers.lk/product/jedel-kl-108-top-mount-rainbow-lighting-gaming-mechanical-keyboard/
MSI FORGE GM300 RGB GAMING MOUSE (1 year warranty),"Rs:6,500.00or 3 XRs:2,426.67with",In Stock,https://mdcomputers.lk/product/msi-forge-gm300-rgb-gaming-mouse-1-year-warranty/
CON 303 – UGREEN 4 – Port Type-C Multifunction Hub – CM475 – 60600 ( 1 Year Warranty ),"Rs:6,500.00Rs:7,500.00or 3 XRs:2,426.67with",In Stock,https://mdcomputers.lk/product/con-303-ugreen-4-port-type-c-multifunction-hub-cm475-60600-1-year-warranty/
JEDEL KL95D MECHANICAL GAMING KEYBOARD,"Rs:6,500.00Rs:6,900.00or 3 XRs:2,426.67with",In Stock,https://mdcomputers.lk/product/jedel-kl95d-mechanical-gaming-keyboard/
ARMAGGEDDON BLIZZARD 1 BLACK COOLER,"Rs:6,500.00or 3 XRs:2,426.67with",In Stock,https://mdcomputers.lk/product/armaggeddon-blizzard-1-black-cooler/
SONICGEAR AIRPHONE 6 BLUETOOTH HEADSET – OBSIDIAN,"Rs:6,500.00or 3 XRs:2,426.67with",In Stock,https://mdcomputers.lk/product/sonicgear-airphone-6-bluetooth-headset-obsidian/
FANTECH CRUISER II WG11V2RD WIRELESS GAMING MOUSE,"Rs:6,500.00Rs:7,000.00or 3 XRs:2,426.67with",In Stock,https://mdcomputers.lk/product/fantech-cruiser-ii-wg11v2rd-wireless-gaming/
JEDEL KL 91 MECHANICAL BACKLIGHTING KEYBOARD,"Rs:6,500.00Rs:8,500.00or 3 XRs:2,426.67with",In Stock,https://mdcomputers.lk/product/jedel-kl-91-mechanical-backlighting-keyboard/
RUIX ROCKET WHITE GAMING CASING,"Rs:6,500.00Rs:7,500.00or 3 XRs:2,426.67with",In Stock,https://mdcomputers.lk/product/ruix-rocket-white-gaming-casing/
REDRAGON M916-LIT-1K 3 MODES GAMING MOUSE,"Rs:6,500.00Rs:7,500.00or 3 XRs:2,426.67with",In Stock,https://mdcomputers.lk/product/redragon-m916-lit-1k-3-modes-gaming-mouse/
CON 413 – UGREEN 1.5 Meter 100W 4k 60Hz 5Gbps Type-C to Type-C 3.2Gen Data Cable – US161 – 50751 – 1 Year Warranty,"Rs:6,600.00Rs:6,900.00or 3 XRs:2,464.00with",In Stock,https://mdcomputers.lk/product/con-413-ugreen-1-5-meter-100w-4k-60hz-5gbps-type-c-to-type-c-3-2gen-data-cable-us161-50751-1-year-warranty/
B75 ( 4RAM SLOT ) USED MOTHERBOARD,"Rs:6,700.00Rs:13,500.00or 3 XRs:2,501.33with",In Stock,https://mdcomputers.lk/product/b75-motherboard-4ram-slot-used-mother-board/
BASEUS ORANGE DOT RECHARGEABLE WIRELESS PRESENTER (Red Laser) GREY ( WKCD000013 ),"Rs:6,700.00Rs:7,300.00or 3 XRs:2,501.33with",In Stock,https://mdcomputers.lk/product/baseus-orange-dot-rechargeable-wireless-presenter-red-laser-grey-wkcd000013/
CON 369-UGREEN 45W TYPE-C GAN FAST CHARGER UK – X524 – 65056B – (1 Year Warranty),"Rs:6,750.00or 3 XRs:2,520.00with",In Stock,https://mdcomputers.lk/product/con-369-ugreen-45w-type-c-gan-fast-charger-uk-x524-65056b-1-year-warranty/
ANTEC A30 NEO ARGB BRAND NEW CPU COOLER,"Rs:6,800.00Rs:8,000.00or 3 XRs:2,538.67with",In Stock,https://mdcomputers.lk/product/antec-a30-neo-argb-cpu-cooler/
FALCON 8013 CAING,"Rs:6,800.00or 3 XRs:2,538.67with",In Stock,https://mdcomputers.lk/product/falcon-8013-caing/
ARMAGGEDDON MIKOYAN FOXBAT-III NEOGLYPH WIRELESS GAMING MOUSE,"Rs:6,800.00or 3 XRs:2,538.67with",In Stock,https://mdcomputers.lk/product/armaggeddon-mikoyan-foxbat-iii-neoglyph-wireless-gaming-mouse/
JEDEL WKL-66 TRIPLE MODE RGB PROFESSIONAL MECHANICAL GAMING KEYBOARD,"Rs:6,800.00Rs:7,000.00or 3 XRs:2,538.67with",In Stock,https://mdcomputers.lk/product/jedel-wkl-66-triple-mode-rgb-professional-s/
Redragon Roadmaster M723 Gaming Mouse,"Rs:6,900.00or 3 XRs:2,576.00with",In Stock,https://mdcomputers.lk/product/redragon-roadmaster-m723-gaming-mouse/
ALCATROZ TETRIZ AIR3 AUTUM BLACK KEYBOARD,"Rs:6,900.00Rs:7,500.00or 3 XRs:2,576.00with",In Stock,https://mdcomputers.lk/product/alcatroz-tetriz-air3-autum-black-keyboard/
ONIKUMA T209 IN EAR TWS GAMING EARBUDS,"Rs:6,900.00or 3 XRs:2,576.00with",In Stock,https://mdcomputers.lk/product/onikuma-t20-in-ear-tws-2/
PIX-LINK GS08 – 8 PORT 10/ 100 / 1000Mbps DESKTOP SWITCH,"Rs:6,900.00or 3 XRs:2,576.00with",In Stock,https://mdcomputers.lk/product/pix-link-gs08-8-port-10-100-1000mbps-desktop-switch/
T-WOLF T60 MECHANICAL BRAND NEW GAMING KEYBOARD,"Rs:6,900.00or 3 XRs:2,576.00with",In Stock,https://mdcomputers.lk/product/t-wolf-t60-mechanical-brand-new-gaming-keyboard/
ALCATROZ TETRIZ AIR3 WIRELESS WINTER WHITE KEYBOARD,"Rs:6,900.00Rs:10,500.00or 3 XRs:2,576.00with",In Stock,https://mdcomputers.lk/product/alcatroz-tetriz-air-3-wireless-winter-white-keyboard/
ALCATROZ TETRIZ AIR3 WIRELESS SUMMER WHITE KEYBOARD,"Rs:6,900.00or 3 XRs:2,576.00with",In Stock,https://mdcomputers.lk/product/alcatroz-tetriz-air3-wireless-summer-white-keyboard/
USED H81- 4TH GEN GAMING MOTHER BOARD,"Rs:7,000.00Rs:7,500.00or 3 XRs:2,613.33with",In Stock,https://mdcomputers.lk/product/h81-4th-gen-gaming-mother-board/
KL123 MECHANICAL KEYBOAR,"Rs:7,000.00or 3 XRs:2,613.33with",In Stock,https://mdcomputers.lk/product/kl123-mechanical-keyboar/
REDRAGON CARMEN H261 RGB GAMING HEADSET,"Rs:7,000.00or 3 XRs:2,613.33with",In Stock,https://mdcomputers.lk/product/redragon-carmen-h261-rgb-gaming-headset/
REDRAGON M711 COBRA GAMING MOUSE,"Rs:7,000.00or 3 XRs:2,613.33with",In Stock,https://mdcomputers.lk/product/redragon-m711-cobra-gaming-mouse/
MEETION MT-G3325 Professional Wired Gaming Mouse,"Rs:7,000.00or 3 XRs:2,613.33with",In Stock,https://mdcomputers.lk/product/meetion-mt-g3325-professional-wired-gaming-mouse/
REDRAGON K502 KARURA 7 COLOR BACKLIGHT GAMING KEYBOARD,"Rs:7,000.00or 3 XRs:2,613.33with",In Stock,https://mdcomputers.lk/product/redragon-k502-karura-7-color-backlight-gaming-keyboard/
REDRAGON YORICK GS511 WIRLESS RGB GAMING  SPEAKERS,"Rs:7,000.00or 3 XRs:2,613.33with",In Stock,https://mdcomputers.lk/product/redragon-yorick-gs511-wireless-rgb-gaming-speakers/
COOLER MASTER T400K COOLER,"Rs:7,000.00or 3 XRs:2,613.33with",In Stock,https://mdcomputers.lk/product/cooler-master-t400k-cooler/
EVESKEY CASING,"Rs:7,000.00or 3 XRs:2,613.33with",In Stock,https://mdcomputers.lk/product/eveskey-casing/
FALCON F8027 BRAND NEW GAMING CASING,"Rs:7,000.00Rs:8,500.00or 3 XRs:2,613.33with",In Stock,https://mdcomputers.lk/product/falcon-f8027-brand-new-gaming-casing/
JUNGLE LEOPARD STARLINK LITE 3 IN 1 BLACK CASING FAN,"Rs:7,000.00or 3 XRs:2,613.33with",In Stock,https://mdcomputers.lk/product/jungle-leopard-starlink-lite-3-in-1-black-casing-fan/
"ONIKUMA X13 RGB GAMING HEADSET -120° ADJUSTABLE MIC , MULTI COLOUR OPTION","Rs:7,000.00Rs:9,500.00or 3 XRs:2,613.33with",In Stock,https://mdcomputers.lk/product/onikuma-x13-rgb-gaming-headset-120-adjustable-mic-multi-colour-option/
JEDEL KL-158 WIRED FULL SIZE MECHANICAL KEYBOARD,"Rs:7,000.00or 3 XRs:2,613.33with",In Stock,https://mdcomputers.lk/product/jedel-kl-158-wired-full-size-mechanical-keyboard/
JEDEL KL-150 / 68 KEYS WIRED TRAINSPARENT MECHANICAL KEYBOARD,"Rs:7,000.00Rs:9,500.00or 3 XRs:2,613.33with",In Stock,https://mdcomputers.lk/product/jedel-kl-150-68-keys-wired-trainsparent-mechanical-keyboard/
BASEUS ENERFILL FP11 POWER BANK 10000mAh 15W COSMIC BLACK ( P1008210C123-00 ),"Rs:7,000.00or 3 XRs:2,613.33with",In Stock,https://mdcomputers.lk/product/baseus-enerfill-fp11-power-bank-10000mah-15w-cosmic-black-p1008210c123-00/
MARVO GT-90 WIRELESS GAMING PAD,"Rs:7,000.00Rs:7,500.00or 3 XRs:2,613.33with",In Stock,https://mdcomputers.lk/product/marvo-gt-90-wireless-gaming-pad/
"SON GOKU , SON GOHAN , VEGETA , TRUNKS ACTION FIGURES ( 18cm )","Rs:7,000.00Rs:7,500.00or 3 XRs:2,613.33with",In Stock,https://mdcomputers.lk/product/son-goku-son-gohan-vegeta-trunks-action-figures-18cm/
HATSUNE MIKU ACTION FIGURES SET ( 6CM ),"Rs:7,000.00Rs:8,500.00or 3 XRs:2,613.33with",In Stock,https://mdcomputers.lk/product/hatsune-miku-action-figures-set-6cm/
FANTECH WHG04 TAMAGO II MULTI- PLATFORM WIRELESS GAMING HEADSET – BLACK,"Rs:7,000.00or 3 XRs:2,613.33with",In Stock,https://mdcomputers.lk/product/fantech-whg04-tamago-ii-multi-platform-wireless-gaming-headset-black/
FALCON F8020 BRAND NEW GAMING CASING – BLACK,"Rs:7,000.00or 3 XRs:2,613.33with",In Stock,https://mdcomputers.lk/product/falcon-f8020-brand-new-gaming-casing/
CON355 – UGREEN Type-C to NVMe M.2 Enclosure – CM400 – 10902 (1 Year Warranty),"Rs:7,200.00or 3 XRs:2,688.00with",In Stock,https://mdcomputers.lk/product/con355-ugreen-type-c-to-nvme-m-2-enclosure-cm400-10902-1-year-warranty/
CON 364-UGREEN 30W TYPE -C GAN FAST CHARGER UK WITH TYPE-C CABLE – X513 – 75958 – (1 Year Warranty),"Rs:7,200.00or 3 XRs:2,688.00with",In Stock,https://mdcomputers.lk/product/con-364-ugreen-30w-type-c-gan-fast-charger-uk-with-type-c-cable-x513-75958-1-year-warranty/
ALXATEL BT71 4G Wi-Fi HOTSPOT,"Rs:7,250.00Rs:9,000.00or 3 XRs:2,706.67with",In Stock,https://mdcomputers.lk/product/alxatel-bt71-4g-wi-fi-hotspot/
MEETION MC20 BRAND NEW GAME MICROPHONE,"Rs:7,300.00Rs:8,500.00or 3 XRs:2,725.33with",In Stock,https://mdcomputers.lk/product/meetion-mc20-game-microphone/
REDRAGON M812 PLANK RGB WIRED GAMING MOUSE,"Rs:7,300.00Rs:7,500.00or 3 XRs:2,725.33with",In Stock,https://mdcomputers.lk/product/redragon-m812-plank-rgb-wired-gaming-mouse/
JEDEL GH-564P GAMING HEADSET,"Rs:7,300.00or 3 XRs:2,725.33with",In Stock,https://mdcomputers.lk/product/jedel-gh-564p-gaming-headset/
CON 371-UGREEN 8-Port Gigabit Ethernet Switch PC+ABS Housing – CM834 – 35499UK – (1 Year Warranty),"Rs:7,300.00Rs:8,500.00or 3 XRs:2,725.33with",In Stock,https://mdcomputers.lk/product/con-371-ugreen-8-port-gigabit-ethernet-switch-pcabs-housing-cm834-35499uk-1-year-warranty/
ASUS H81M-K USED MOTHERBOARD,"Rs:7,300.00Rs:7,500.00or 3 XRs:2,725.33with",In Stock,https://mdcomputers.lk/product/asus-h81m-k-used-motherboard/
SCREAM H231 WHITE HEADSET,"Rs:7,400.00or 3 XRs:2,762.67with",In Stock,https://mdcomputers.lk/product/scream-h231-white-headset/
ONIKUMA G55 RGB MECHANICAL BRAND NEW GAMING KEYBOARD,"Rs:7,400.00or 3 XRs:2,762.67with",In Stock,https://mdcomputers.lk/product/onikuma-g55-rgb-mechanical-brand-new-gaming-keyboard/
ARMAGGEDDON SMK 1C NEO BLACK MECHANICAL KEYBOARD ( CLICKY ),"Rs:7,400.00or 3 XRs:2,762.67with",In Stock,https://mdcomputers.lk/product/armaggeddon-smk-1c-psychsparrow-linear-rgb-mechanical-keyboard/
ONIKUMA B60 GAMING HEADSET,"Rs:7,400.00or 3 XRs:2,762.67with",In Stock,https://mdcomputers.lk/product/onikuma-b60-gaming-headset/
JEQANG JK-929 GAMING RGB MECHANICAL KEYBOARD,"Rs:7,400.00or 3 XRs:2,762.67with",In Stock,https://mdcomputers.lk/product/jeqang-jk-929-87-key-rgb-mechanical-keyboard/
LOGITECH G102 LIGHTSYNC RGB GAMING MOUSE ( 02 YEARS WARRANTY ),"Rs:7,500.00Rs:8,900.00or 3 XRs:2,800.00with",In Stock,https://mdcomputers.lk/product/logitech-g102-lightsync-rgb-gaming-mouse/
LOGITECH G102 PRODIGY RGB WIRED GAMING MOUSE ( 2 Year Warranty ),"Rs:7,500.00or 3 XRs:2,800.00with",In Stock,https://mdcomputers.lk/product/logitech-g102-white-rgb-gaming-mouse/
FANTECH HG23 OCTANE 7.1 SURROUND BRAND NEW GAMING HEADSET,"Rs:7,500.00Rs:7,900.00or 3 XRs:2,800.00with",In Stock,https://mdcomputers.lk/product/fantech-octane-hg23-rgb-gaming-headset-hg-23-hg-23/
Redragon GS520W anvil Stereo Speakers with RGB Lighting,"Rs:7,500.00or 3 XRs:2,800.00with",In Stock,https://mdcomputers.lk/product/redragon-gs520w-anvil-stereo-speakers-with-rgb-lighting/
JEDEL KL 150 MECHANICAL BRAND NEW KEYBOARD,"Rs:7,500.00Rs:8,500.00or 3 XRs:2,800.00with",In Stock,https://mdcomputers.lk/product/jedel-kl-150-mechanical-brand-new-keyboard/
TWILIGHT BLACK –   GAMING CASING ( WITHOUT FAN ),"Rs:7,500.00Rs:8,000.00or 3 XRs:2,800.00with",In Stock,https://mdcomputers.lk/product/gaming-casing-twilight-black/
RUIX ROCKET WHITE GAMING CASING,"Rs:7,500.00or 3 XRs:2,800.00with",In Stock,https://mdcomputers.lk/product/ruix-rocket-atx-gaming-casing-disply-unit/
FANTECH KANATA  WG9S WIRELESS GAMING MOUSE,"Rs:7,500.00Rs:7,900.00or 3 XRs:2,800.00with",In Stock,https://mdcomputers.lk/product/fantech-kanata-wg9s-wireless-gaming-mouse/
FANTECH MK877S BRAND NEW GAMING WIRED KEYBOARD ( BLUE SWITCH ),"Rs:7,500.00or 3 XRs:2,800.00with",In Stock,https://mdcomputers.lk/product/fantech-mk877s-gaming-wired-keyboard-detachableusb-ccable87key-hot-swappable-12-lighting-modesdesign-for-pc-computerwhite-blue-blue-switch/
KOORUI BK0104 WIRELESS KEYBOARD AND MOUSE COMBO,"Rs:7,500.00or 3 XRs:2,800.00with",In Stock,https://mdcomputers.lk/product/koorui-bk0104-wireless-keyboard-and-mouse-combo/
A4TECH 9300F Padless Wireless Keyboard & Mouse Combo pack,"Rs:7,500.00or 3 XRs:2,800.00with",In Stock,https://mdcomputers.lk/product/a4tech-9300f-padless-wireless-keyboard-mouse-combo-pack/
GT 2GB USED VGA,"Rs:7,500.00Rs:7,900.00or 3 XRs:2,800.00with",In Stock,https://mdcomputers.lk/product/gt-2gb-used-vga/
REDRAGON GS522 USB SPEAKER,"Rs:7,500.00or 3 XRs:2,800.00with",In Stock,https://mdcomputers.lk/product/redragon-gs522-usb-speaker/
FANTECH MK211 ATOM61 MECHANICAL GAMING KEYBOARD,"Rs:7,500.00Rs:8,200.00or 3 XRs:2,800.00with",In Stock,https://mdcomputers.lk/product/fantech-mk211-atom61-mechanical-gaming-keyboard/
FANTECH CARBON MH92 BRAND NEW HEADSET,"Rs:7,500.00Rs:9,500.00or 3 XRs:2,800.00with",In Stock,https://mdcomputers.lk/product/fantech-carbon-mh92-brand-new-headset/
JUNGLE LEOPARD K400 PRO BLACK CPU COOLER,"Rs:7,500.00Rs:8,000.00or 3 XRs:2,800.00with",In Stock,https://mdcomputers.lk/product/jungle-leopard-k400-pro-black-cpu-cooler/
ANTEC F12 RACING 5 PACK,"Rs:7,500.00or 3 XRs:2,800.00with",In Stock,https://mdcomputers.lk/product/antec-f12-racing-5-pack/
HAVIT KB903L GAMING KEYBOARD,"Rs:7,500.00or 3 XRs:2,800.00with",In Stock,https://mdcomputers.lk/product/havit-kb903l-gaming-keyboard/
HAVIT H2018U USB 7.1 BRAND NEW GAMING HEADPHONE,"Rs:7,500.00or 3 XRs:2,800.00with",In Stock,https://mdcomputers.lk/product/havit-h2018u-usb-7-1-brand-new-gaming-headphone/
GAMDIAS POSEIDON E2 KEYBOARD + MOUSE + HEADSET 3 In 1 GAMING COMBO (1 Year Warranty),"Rs:7,500.00Rs:9,000.00or 3 XRs:2,800.00with",In Stock,https://mdcomputers.lk/product/gamdias-poseidon-e2-keyboard-mouse-headset-3-in-1-gaming-combo-1-year-warranty/
REDRAGON GRENDEL H314 RGB WIRED HEADSET,"Rs:7,500.00or 3 XRs:2,800.00with",In Stock,https://mdcomputers.lk/product/redragon-grendel-h314-rgb-wired-headset/
ARMAGGEDDON BLIZZARD 2 ARGB CPU COOLER ( white ),"Rs:7,500.00or 3 XRs:2,800.00with",In Stock,https://mdcomputers.lk/product/armaggeddon-blizzard-2-argb-cpu-cooler-white/
MSI FORGE GK110 RGB WIRED GAMING KEYBOARD ( 01 year warranty ),"Rs:7,500.00or 3 XRs:2,800.00with",In Stock,https://mdcomputers.lk/product/msi-forge-gk110-rgb-wired-gaming-keyboard-01-year-warranty/
RUIX V8 BRAND NEW BLACK GAMING CASIN,"Rs:7,500.00Rs:8,500.00or 3 XRs:2,800.00with",In Stock,https://mdcomputers.lk/product/ruix-v8-brand-new-black-gaming-casin/
FALCON F8020 BRAND NEW GAMING CASING – WHITE,"Rs:7,600.00or 3 XRs:2,837.33with",In Stock,https://mdcomputers.lk/product/falcon-f8020-brand-new-gaming-casing-white/
JEDEL KL71 WIRED 68 KEYS MECHANICAL KEYBOARD WITH COOL RGB LIGHTING BOX,"Rs:7,700.00Rs:9,900.00or 3 XRs:2,874.67with",In Stock,https://mdcomputers.lk/product/jedel-kl-71-wired-68-keys-mechanical-keyboard-with-cool-rgb-lighting-box/
BASEUS 45W PICOGO AE11 GAN 6 TYPE-C FAST CHARGER – COSMIC BLACK ( E0120J00 ),"Rs:7,700.00or 3 XRs:2,874.67with",In Stock,https://mdcomputers.lk/product/baseus-45w-picogo-ae11-gan-6-type-c-fast-charger-cosmic-black-e0120j00/
FanCF8 Pro Cooling Fan,"Rs:7,800.00or 3 XRs:2,912.00with",In Stock,https://mdcomputers.lk/product/fancf8-pro-cooling-fan/
FALCON 8011 BRAND NEW GAMING CASING,"Rs:7,800.00or 3 XRs:2,912.00with",In Stock,https://mdcomputers.lk/product/falcon-8011-casing/
CON-331 BASEUS 6 IN 1 LITE AIR JOY TYPE – C HUB DOCKING STATION ( 01 YEAR WARRANTY ),"Rs:7,800.00or 3 XRs:2,912.00with",In Stock,https://mdcomputers.lk/product/con-331-baseus-6-in-1-lite-air-joy-type-c-hub-docking-station-01-year-warranty/
ARMAGGEDDON ATOM 9 GAMING HEADSET,"Rs:7,800.00or 3 XRs:2,912.00with",In Stock,https://mdcomputers.lk/product/armaggeddon-atom-9-gaming-headset/
FANTECH MK878S ATOM104S MECHANICAL KEYBOARD – WHITE TARO SWITCH,"Rs:7,800.00Rs:8,000.00or 3 XRs:2,912.00with",In Stock,https://mdcomputers.lk/product/fantech-mk878s-atom104s-mechanical-keyboard-blue-taro-switch/
FANTECH MK878S ATOM104S MECHANICAL KEYBOARD – BLUE TARO SWITCH,"Rs:7,800.00Rs:8,000.00or 3 XRs:2,912.00with",In Stock,https://mdcomputers.lk/product/fantech-mk878s-atom104s-mechanical-keyboard-blue-taro-switch-2/
RUIX LEI Q ATX MID TOWER BRAND NEW CASING – Black,"Rs:7,800.00Rs:8,000.00or 3 XRs:2,912.00with",In Stock,https://mdcomputers.lk/product/ruix-lei-q-atx-mid-tower-brand-new-casing-black/
AULA F2066 MECHANICAL GAMING KEYBOARD,"Rs:7,850.00or 3 XRs:2,930.67with",In Stock,https://mdcomputers.lk/product/aula-f2066-ii-mechanical-gaming-keyboard/
SONICGEAR AIRPHONE DNC 3000 BLUETOOTH 5.4 DIGITAL ACTIVE NOISE CANCELLING HEADPHONE,"Rs:7,900.00Rs:8,500.00or 3 XRs:2,949.33with",In Stock,https://mdcomputers.lk/product/sonicgear-airphone-dnc-3000-bluetooth-5-4-digital-active-noise-cancelling-headphone/
DELL KM3322W WIRELESS BRAND NEW COMBO (1y),"Rs:7,900.00or 3 XRs:2,949.33with",In Stock,https://mdcomputers.lk/product/dell-km3322w-wireless-brand-new-combo-1y/
LOGITECH C270 HD WEBCAM WITH NOISE REDUCING ( 01 year warranty),"Rs:8,000.00Rs:9,500.00or 3 XRs:2,986.67with",In Stock,https://mdcomputers.lk/product/logitech-c270-hd-webcam/
B85 4TH GENERATION USED MOTHERBOARD 4 RAM SLOT,"Rs:8,000.00Rs:8,300.00or 3 XRs:2,986.67with",In Stock,https://mdcomputers.lk/product/b85-4th-gegeneration-gaming-motherboard-ram-slot-4/
INTEL CORE I3 8TH GEN USED PROCESSOR (3 MONTH WARRANTY),"Rs:8,000.00Rs:9,500.00or 3 XRs:2,986.67with",In Stock,https://mdcomputers.lk/product/intel-core-i3-8100-desktop-processor/
GOLDEN FIELD SNOW BRAND NEW CASING ( BLACK ),"Rs:8,000.00or 3 XRs:2,986.67with",In Stock,https://mdcomputers.lk/product/golden-field-snow-casing/
FANTECH REVOLVER II WGP12 WIRELESS GAMEPAD,"Rs:8,000.00Rs:8,750.00or 3 XRs:2,986.67with",In Stock,https://mdcomputers.lk/product/fantech-wgp12-wireless-gaming-controller/
LOGITECH MK235 WIRELESS KEYBOARD & MOUSE BRAND NEW COMBO ( 01 year warranty  ),"Rs:8,000.00or 3 XRs:2,986.67with",In Stock,https://mdcomputers.lk/product/logitech-mk235-wireless-keyboard-and-mouse-combo/
FANTECH MH91 ALTO MUTI-PLATFORM GAMING HEADSET,"Rs:8,000.00Rs:8,900.00or 3 XRs:2,986.67with",In Stock,https://mdcomputers.lk/product/fantech-mh91-alto-multi-platform-gaming-headset-2/
LOGITECH MK240 NANO WIRELESS BRAND NEW KEYBOARD & MOUSE COMBO ( 02 years warranty ),"Rs:8,000.00Rs:8,300.00or 3 XRs:2,986.67with",In Stock,https://mdcomputers.lk/product/logitech-mk240-nano-wireless-keyboard-mouse-combo/
WJ COOLMAN  CUIRASS F46 GAMING CASING,"Rs:8,000.00or 3 XRs:2,986.67with",In Stock,https://mdcomputers.lk/product/wj-coolman-cuirass-gaming-casing/
RUIX GAMING CASING 04,"Rs:8,000.00or 3 XRs:2,986.67with",In Stock,https://mdcomputers.lk/product/ruix-gaming-casing-04/
WJ COOLMAN F09 CUIRASS BRAND NEW GAMING CASING,"Rs:8,000.00or 3 XRs:2,986.67with",In Stock,https://mdcomputers.lk/product/wj-coolman-f09-cuirass-brand-new-gaming-casing/
RUIX CG72 TWILIGHT WHITE CASING (WITHOUT FAN),"Rs:8,000.00or 3 XRs:2,986.67with",In Stock,https://mdcomputers.lk/product/twilight-white-casing-without-fan/
REDRAGON M602-KS GRIFFIN WIRELESS GAMING MOUSE,"Rs:8,000.00Rs:8,400.00or 3 XRs:2,986.67with",In Stock,https://mdcomputers.lk/product/redragon-m602-ks-griffin-wireless-gaming-mouse/
JUNGLE LEOPARD STARLINK LITE 3 IN 1 WHITE CASING FAN,"Rs:8,000.00or 3 XRs:2,986.67with",In Stock,https://mdcomputers.lk/product/jungle-leopard-starlink-lite-3-in-1-white-casing-fan/
ARMAGGEDDON MKA-1C CORE RGB MECHANICAL GAMING KEYBOARD – CLICKY – BLACK,"Rs:8,000.00Rs:8,500.00or 3 XRs:2,986.67with",In Stock,https://mdcomputers.lk/product/armaggeddon-mka-1c-core-rgb-mechanical-gaming-keyboard-black/
JUNGLE LEOPARD K400 PRO WHITE CPU COOLER,"Rs:8,000.00Rs:9,500.00or 3 XRs:2,986.67with",In Stock,https://mdcomputers.lk/product/jungle-leopard-k400-pro-white-cpu-cooler/
COOLMOON AOSOR AS600 ARGB CPU COOLER,"Rs:8,000.00or 3 XRs:2,986.67with",In Stock,https://mdcomputers.lk/product/coolmoon-aosor-as600-argb-cpu-cooler-2/
KINGSTON 128GB CANVAS SELECT PLUS SDXC MEMORY CARD,"Rs:8,000.00or 3 XRs:2,986.67with",In Stock,https://mdcomputers.lk/product/kingston-128gb-canvas-select-plus-sdxc-memory-card-v30/
ONIKUMA K9 RGB WIRED GAMING HEADSET,"Rs:8,000.00or 3 XRs:2,986.67with",In Stock,https://mdcomputers.lk/product/onikuma-k9-rgb-wired-gaming-headset/
ONIKUMA X31 RGB WIRED BRAND NEW GAMING HEADSET,"Rs:8,000.00or 3 XRs:2,986.67with",In Stock,https://mdcomputers.lk/product/onikuma-x31-rgb-wired-brand-new-gaming-headset/
MEETION DIRECTOR A 2.4GHZ & BLUETOOTH DUAL ERGONOMIC KEYBOARD & MOUSE COMBO,"Rs:8,000.00or 3 XRs:2,986.67with",In Stock,https://mdcomputers.lk/product/meetion-director-a-2-4ghz-bluetooth-dual-ergonomic-keyboard-mouse-combo/
BASEUS ENERFILL FP21 POWER BANK 10000mAh 22.5W COSMIC BLACK ( P1008210D123-00 ),"Rs:8,000.00or 3 XRs:2,986.67with",In Stock,https://mdcomputers.lk/product/baseus-enerfill-fp21-power-bank-10000mah-22-5w-cosmic-black-p1008210d123-00/
FANTECH MK875V2 ATOM 81 MECHANICAL KEYBOARD – SKY BLU ROSIE SWITCH,"Rs:8,000.00Rs:8,500.00or 3 XRs:2,986.67with",In Stock,https://mdcomputers.lk/product/fantech-mk875v2-atom-81-mechanical-keyboard-sky-blu-rosie-switch/
FANTECH MK875V2 ATOM 81 MECHANICAL KEYBOARD- SKY BLUE TARO SWITCH,"Rs:8,000.00Rs:8,500.00or 3 XRs:2,986.67with",In Stock,https://mdcomputers.lk/product/fantech-mk875v2-atom-81-mechanical-keyboard-sky-blue-taro-switch/
SONICGEAR IOX 3 USB BRAND NEW SUBWOOFER,"Rs:8,200.00Rs:8,500.00or 3 XRs:3,061.33with",In Stock,https://mdcomputers.lk/product/sonicgear-iox-3-usb-brand-new-subwoofer/
S500 LAPTOP COOLING PAD WITH MOBILE PHONE STAND,"Rs:8,200.00or 3 XRs:3,061.33with",In Stock,https://mdcomputers.lk/product/s500-laptop-cooling-pad-with-mobile-phone-stand/
FANTECH ATOM63 MK874 V2  MECHANICAL KEYBOARD SKY BLUE – RED SWITCH,"Rs:8,400.00or 3 XRs:3,136.00with",In Stock,https://mdcomputers.lk/product/fantech-mk874-v2-atom-63-rgb-mechanical-mizu-edition-sky-blue/
FANTECH ATOM63 MK874 V2 MECHANICAL KEYBOARD SKY BLUE – BLUE SWITCH,"Rs:8,400.00Rs:8,900.00or 3 XRs:3,136.00with",In Stock,https://mdcomputers.lk/product/fantech-atom63-mk874-v2-mechanical-keyboard-sky-blue-blue-switch/
FANTECH ATOM63 MK874 V2 MECHANICAL KEYBOARD NAVY BLUE – BLUE SWITCH,"Rs:8,400.00Rs:8,900.00or 3 XRs:3,136.00with",In Stock,https://mdcomputers.lk/product/fantech-atom63-mk874-v2-mechanical-keyboard-navy-blue-blue-switch/
FANTECH ATOM63 MK874 V2 MECHANICAL KEYBOARD NAVY BLUE – RED SWITCH,"Rs:8,400.00Rs:9,500.00or 3 XRs:3,136.00with",In Stock,https://mdcomputers.lk/product/fantech-atom63-mk874-v2-mechanical-keyboard-navy-blue-red-switch/
UGREEN MULTI-MODE BLUETOOTH + WIRELESS VERTICAL MOUSE – MU008 – 25444 – (1 Year Warranty),"Rs:8,400.00or 3 XRs:3,136.00with",In Stock,https://mdcomputers.lk/product/ugreen-multi-mode-bluetooth-wireless-vertical-mouse-mu008-25444-1-year-warranty/
TP-LINK TL-WN881ND 300Mbps Wireless N PCI Express Adapter,"Rs:8,500.00or 3 XRs:3,173.33with",In Stock,https://mdcomputers.lk/product/tp-link-tl-wn881nd-300mbps-wireless-n-pci-express-adapter/
FANTECH HG11 BRAND NEW GAMING HEADPHONE 7.1,"Rs:8,500.00Rs:8,700.00or 3 XRs:3,173.33with",In Stock,https://mdcomputers.lk/product/fantech-hg11-headphone/
JBL TUNE 110,"Rs:8,500.00or 3 XRs:3,173.33with",In Stock,https://mdcomputers.lk/product/jbl-tune-110/
REDRAGON PERDITION M901-K2 RGB Wired Gaming Mouse,"Rs:8,500.00Rs:9,500.00or 3 XRs:3,173.33with",In Stock,https://mdcomputers.lk/product/redragon-perdition-m901-k-2-rgb-wired-gaming-mouse-2/
FANTECH NC22 RGB NOTEBOOK COOLER,"Rs:8,500.00Rs:9,500.00or 3 XRs:3,173.33with",In Stock,https://mdcomputers.lk/product/fantech-nc22-black-notebook-cooler-with-rgb-lighting-laptop-cooling-pad/
GAMDIAS AETHER M1-7301 3x120mm FAN LAPTOP COOLING PAD (01 Year warranty ),"Rs:8,500.00or 3 XRs:3,173.33with",In Stock,https://mdcomputers.lk/product/gamdias-aether-m1-7301-3x120mm-fan-laptop-cooling-pad/
GOLDEN FIELD 1098B BRAND NEW CASING ( WITH 1 RGB FAN ),"Rs:8,500.00Rs:10,000.00or 3 XRs:3,173.33with",In Stock,https://mdcomputers.lk/product/golden-field-1098b-brand-new-casing-with-1-rgb-fan/
GAMEKM EFFICIENT DELUXE D12 WHITE GAMING CASING,"Rs:8,500.00or 3 XRs:3,173.33with",In Stock,https://mdcomputers.lk/product/gamekm-efficient-deluxe-d12-white-gaming-casing/
CUDY 8 PORT GIGABIT DESKTOP SWITCH ( 02 Y ),"Rs:8,500.00Rs:9,000.00or 3 XRs:3,173.33with",In Stock,https://mdcomputers.lk/product/cudy-8-port-gigabit-desktop-switch-02-y/
SONICGEAR NEOX 8 Bluetooth Bedside Speaker | Deep Bass 10W | RGB Lights | TWS Wireless Pairing,"Rs:8,500.00Rs:8,700.00or 3 XRs:3,173.33with",In Stock,https://mdcomputers.lk/product/sonicgear-neox-8-bluetooth-bedside-speaker-deep-bass-10w-rgb-lights-tws-wireless-pairing/
REDRAGON M690 PRO WIRELESS BRAND NEW GAMING MOUSE,"Rs:8,500.00or 3 XRs:3,173.33with",In Stock,https://mdcomputers.lk/product/redragon-m690-pro-wireless-brand-new-gaming-mouse/
ONIKUMA K10 PRO PROFESSIONAL WIRED GAMING HEADSET,"Rs:8,500.00or 3 XRs:3,173.33with",In Stock,https://mdcomputers.lk/product/onikuma-k10-pro-professional-wired-gaming-headset/
ONIKUMA B3 Wireless Bluetooth Headphones with ANC Microphone Rainbow RGB Lights Effect Lightweight Foldable Over-Ear Headphones with Music & Game Mode 45H Playback for Travel Home Office Hands-Free Clear Calls,"Rs:8,500.00or 3 XRs:3,173.33with",In Stock,https://mdcomputers.lk/product/onikuma-b3-wireless-bluetooth-headphones-with-anc-microphone-rainbow-rgb-lights-effect-lightweight-foldable-over-ear-headphones-with-music-game-mode-45h-playback-for-travel-home-office-hands-fre/
SOYEYI B701 BRAND NEW BLACK GAMING CASING,"Rs:8,500.00or 3 XRs:3,173.33with",In Stock,https://mdcomputers.lk/product/soyeyi-b701-brand-new-black-gaming-casing/
GOLDEN FIELD SNOW BRAND NEW CASING ( WHITE ),"Rs:8,500.00Rs:9,000.00or 3 XRs:3,173.33with",In Stock,https://mdcomputers.lk/product/golden-field-snow-brand-new-casing-white/
FANTECH HG31 CRUZE 7.1 SURROUND SOUND GAMING HEADSET,"Rs:8,500.00or 3 XRs:3,173.33with",In Stock,https://mdcomputers.lk/product/fantech-hg31-cruze-7-1-surround-sound-gaming-headset/
EMARK MB-588 PORTABLE SPEAKER,"Rs:8,500.00or 3 XRs:3,173.33with",In Stock,https://mdcomputers.lk/product/emark-mb-588-portable-speaker/
PHEONIX G2 GAMING CASING,"Rs:8,500.00Rs:9,500.00or 3 XRs:3,173.33with",In Stock,https://mdcomputers.lk/product/pheonix-g2-gaming-casing/
REDRAGON RM112 2.5 128GB BRAND NEW SATA SSD,"Rs:8,500.00Rs:10,500.00or 3 XRs:3,173.33with",In Stock,https://mdcomputers.lk/product/redragon-rm112-2-5-128gb-brand-new-sata-ssd/
COOLMOON T600 120MM COOLER,"Rs:8,500.00or 3 XRs:3,173.33with",In Stock,https://mdcomputers.lk/product/coolmoon-t600-120mm-cooler/
FALCON F330 BRAND NEW GAMING CASING,"Rs:8,500.00or 3 XRs:3,173.33with",In Stock,https://mdcomputers.lk/product/falcon-f330-brand-new-gaming-casing/
BASEUS BASS BS2 LITE TRUE WIRELESS EARBUDS MOON WHITE,"Rs:8,500.00Rs:9,500.00or 3 XRs:3,173.33with",In Stock,https://mdcomputers.lk/product/baseus-bass-bs2-lite-true-wireless-earbuds-moon-white/
ALCATROZ TETRIZ AIR300C SUMMER WHITE WIRLESS KEYBOARD MOUSE COMBO,"Rs:8,500.00or 3 XRs:3,173.33with",In Stock,https://mdcomputers.lk/product/alcatroz-tetriz-air300c-summer-white-wirless-keyboard-mouse-combo/
ARMAGGEDDON MKA-1C CORE MACHANICAL GAMING KEYBOARD – WHITE,"Rs:8,500.00or 3 XRs:3,173.33with",In Stock,https://mdcomputers.lk/product/armaggeddon-mka-1c-core-machanical-gaming-keyboard-white/
MEETION MK009 HOTSWAP BRAND NEW MECHANICAL KEYBOARD,"Rs:8,500.00Rs:8,900.00or 3 XRs:3,173.33with",In Stock,https://mdcomputers.lk/product/meetion-mk009-hotswap-brand-new-mechanical-keyboard/
FANTECH BS156 NERABAR STEREO PORTABLE SPEAKER,"Rs:8,500.00Rs:9,000.00or 3 XRs:3,173.33with",In Stock,https://mdcomputers.lk/product/fantech-bs156-nerabar-stereo-portable-speke/
CON 414 – UGREEN USB 3.0 3.5inch SATA Hard Disk Enclosure – 50422 – 1 Year Warranty,"Rs:8,500.00Rs:9,500.00or 3 XRs:3,173.33with",In Stock,https://mdcomputers.lk/product/con-414-ugreen-usb-3-0-3-5inch-sata-hard-disk-enclosure-50422-1-year-warranty/
EMARK E76 SPORT WIRELESS HEADSET,"Rs:8,500.00or 3 XRs:3,173.33with",In Stock,https://mdcomputers.lk/product/emark-e76-sport-wireless-headset/
BASEUS 10000mAh 22.5W ADAMAN METAL DIGITAL DISPLAY QUICK CHARGE POWER BANK ( PPAD070001 ),"Rs:8,600.00or 3 XRs:3,210.67with",In Stock,https://mdcomputers.lk/product/baseus-10000mah-22-5w-adaman-metal-digital-display-quick-charge-power-banck-ppad070001/
INTEL CORE I5 6TH GEN USED PROCESOR,"Rs:8,700.00Rs:11,300.00or 3 XRs:3,248.00with",In Stock,https://mdcomputers.lk/product/intel-core-i5-6th-gen-used-procesor/
REDRAGON M914 WIRED/2.4G WIRLESS/ BLUETOOTH 3 MODES CONNECTION GAMING MOUSE,"Rs:8,700.00Rs:9,800.00or 3 XRs:3,248.00with",In Stock,https://mdcomputers.lk/product/redragon-m914-wired-2-4g-wirless-bluetooth-3-modes-connection-gaming-mouse/
FANTECH MK611 BRAND NEW MECHANICAL KEYBOARD – BLUE TARO SWITCH,"Rs:8,700.00Rs:9,500.00or 3 XRs:3,248.00with",In Stock,https://mdcomputers.lk/product/fantech-mk611-brand-new-mechanical-keyboard/
FANTECH MK611 BRAND NEW MECHANICAL KEYBOARD – WHITE ROSEI SWITCH,"Rs:8,700.00Rs:9,500.00or 3 XRs:3,248.00with",In Stock,https://mdcomputers.lk/product/fantech-mk611-brand-new-mechanical-keyboard-white-rosei-switch/
H87 4TH GEN USED MOTHERBOARD 4 RAM SLOT ( Random Brands ),"Rs:8,700.00Rs:8,900.00or 3 XRs:3,248.00with",In Stock,https://mdcomputers.lk/product/h87-4-port-used-motherboard-random-brands/
SONICGEAR TITAN 3 BTMI BLUETOOTH PORTABLE MUSIC SYNCHRONIZED LIGHT DISPLAY SPEAKER,"Rs:8,800.00or 3 XRs:3,285.33with",In Stock,https://mdcomputers.lk/product/sonicgear-titan-3-btmi-bluetooth-portable-music-synchronized-light-display-speaker/
PHEONIX IRON GAMING CASING,"Rs:8,800.00Rs:9,500.00or 3 XRs:3,285.33with",In Stock,https://mdcomputers.lk/product/pheonix-iron-gaming-casing/
LB-LINK AX300 WIFI 6 4G ROUTER,"Rs:8,800.00Rs:9,800.00or 3 XRs:3,285.33with",In Stock,https://mdcomputers.lk/product/lb-link-ax300-wifi-6-4g-router/
USED  H110 m.2 6/7TH GEN MOTHERBOARD WITH  2 RAM SLOT,"Rs:8,900.00Rs:9,500.00or 3 XRs:3,322.67with",In Stock,https://mdcomputers.lk/product/gigabyte-ga-h110-d3a-used-motherboard/
LOGITECH MK270R WIRELESS KEYBOARD AND MOUSE COMBO,"Rs:8,900.00or 3 XRs:3,322.67with",In Stock,https://mdcomputers.lk/product/logitech-wireless-keyboard-and-mouse-combo-mk270r/
FANTECH HG30 CARBON 7.1 BRAND NEW GAMING HEADSET,"Rs:8,900.00Rs:9,900.00or 3 XRs:3,322.67with",In Stock,https://mdcomputers.lk/product/fantech-hg30-carbon-7-1-brand-new-gaming-headset/
MEETION BK100 SMART RGB LIGHTING TOWER HEADSET STAND,"Rs:8,900.00or 3 XRs:3,322.67with",In Stock,https://mdcomputers.lk/product/meetion-bk100-smart-rgb-lighting-tower-headset-stand/
INTEL CORE I7 2ND GEN USED PROCESSOR ( 03 month warranty ),"Rs:9,000.00or 3 XRs:3,360.00with",In Stock,https://mdcomputers.lk/product/intel-core-i7-2nd-gen-used-processor/
6 fan kit WHITE COLOR,"Rs:9,000.00or 3 XRs:3,360.00with",In Stock,https://mdcomputers.lk/product/6-fan-kit/
ZIMA 650VA – LINE INTERACTIVE BRAND NEW UPS (2 YEAR WARRANTY ),"Rs:9,000.00Rs:10,000.00or 3 XRs:3,360.00with",In Stock,https://mdcomputers.lk/product/650va-zima-line-interactive-ups-2-year-warranty/
MSI CLUTCH GM11 GAMING MOUSE,"Rs:9,000.00or 3 XRs:3,360.00with",In Stock,https://mdcomputers.lk/product/msi-clutch-gm11-gaming-mouse/
AOCZHTA CASING ( with fan ),"Rs:9,000.00or 3 XRs:3,360.00with",In Stock,https://mdcomputers.lk/product/aoczhta-casing/
6 FAN KIT BLACK COLOR,"Rs:9,000.00or 3 XRs:3,360.00with",In Stock,https://mdcomputers.lk/product/6-fan-kit-black-color/
REDRAGON HYLAS H371 RGB 7.1 WIRED GAMING HEADSET,"Rs:9,000.00Rs:9,500.00or 3 XRs:3,360.00with",In Stock,https://mdcomputers.lk/product/redragon-hylas-h371-rgb-7-1-wired-gaming-headset/
GOLDEN FIELD 99A BRAND NEW GAMING CASING – BLACK,"Rs:9,000.00or 3 XRs:3,360.00with",In Stock,https://mdcomputers.lk/product/golden-field-99a-black-casing/
RUIX WIND BLACK BRAND NEW GAMING CASING ( WITHOUT FANS ),"Rs:9,000.00or 3 XRs:3,360.00with",In Stock,https://mdcomputers.lk/product/ruix-wind-black-brand-new-gaming-casing-without-fans/
KOORUI GKM01 KEYBOARD AND MOUSE COMBO,"Rs:9,000.00or 3 XRs:3,360.00with",In Stock,https://mdcomputers.lk/product/koorui-gkm01-keyboard-and-mouse-combo/
KINGSTON DDR3 8GB ( 1600mhz) BRAND NEW DESKTOP RAM ( 03 years warranty ),"Rs:9,000.00Rs:11,000.00or 3 XRs:3,360.00with",In Stock,https://mdcomputers.lk/product/kingston-ddr3-8gb-12800mhz-brand-new-desktop-ram-03-years-warranty/
SUPER SAIYAN GOGETA BLUE ACTION FIGURES ( 38cm ),"Rs:9,000.00Rs:9,800.00or 3 XRs:3,360.00with",In Stock,https://mdcomputers.lk/product/super-saiyan-gogeta-blue-action-figures-38cm/
SUPER SAIYAN VEGETA ACTION FIGURES ( 38cm ),"Rs:9,000.00Rs:9,800.00or 3 XRs:3,360.00with",In Stock,https://mdcomputers.lk/product/super-saiyan-vegeta-action-figures-38cm-sl/
RAZER DEATHADDER ESSENTIAL – ERGONOMIC WIRED GAMING MOUSE ( 1 Years Warranty ),"Rs:9,000.00Rs:9,500.00or 3 XRs:3,360.00with",In Stock,https://mdcomputers.lk/product/form-factor-right-handed-connectivity-wired/
REDRAGON CC-1014 CPU COOLER WITH TEMPERATURE DISPLAY 9CM RGB FAN 4 HEAT PIPES ( 1Y ),"Rs:9,200.00or 3 XRs:3,434.67with",In Stock,https://mdcomputers.lk/product/redragon-cc-1014-cpu-cooler-with-temperature-display-9cm-rgb-fan-4-heat-pipes/
CON334 – BASEUS 7 – PORTS HUB ULTRAJOY SERIES DOCKING STATION – SPACE GRAY ( 01 YEAR WARRANTY ),"Rs:9,300.00or 3 XRs:3,472.00with",In Stock,https://mdcomputers.lk/product/baseus-7-ports-hub-ultrajoy-series-docking-station-space-gray-01-year-warranty/
CON 384 – UGREEN 6 IN 1 TYPE-C UNO SERIES HUB – 35998 ( 1 Year Warranty ),"Rs:9,300.00Rs:10,500.00or 3 XRs:3,472.00with",In Stock,https://mdcomputers.lk/product/con-384-ugreen-6-in-1-type-c-uno-series-hub-35998-1-year-warranty/
ARMAGGEDDON BLIZZARD 3 ARGB CPU COOLER ( white ),"Rs:9,400.00or 3 XRs:3,509.33with",In Stock,https://mdcomputers.lk/product/armaggeddon-blizzard-3-argb-cpu-cooler-white/
ARMAGGEDDON FALCON V STEALTH WIRED GAMING MOUSE – BLACK,"Rs:9,400.00or 3 XRs:3,509.33with",In Stock,https://mdcomputers.lk/product/armaggeddon-falcon-v-stealth-wired-gaming-mouse-black/
GTX750 1GB USED GRAPHICS CARD ( DVI ONLY ),"Rs:9,500.00Rs:12,500.00or 3 XRs:3,546.67with",In Stock,https://mdcomputers.lk/product/gtx-650-1gb-vga/
LOGITECH MK275 WIRELESS BRANDNEW KEYBOARD & MOUSE COMBO ( 01 year warranty ),"Rs:9,500.00or 3 XRs:3,546.67with",In Stock,https://mdcomputers.lk/product/logitech-mk275-wireless-keyboard-and-mouse-combo/
REDRAGON SEYFERT GM100 STREAMING MICROPHONE,"Rs:9,500.00or 3 XRs:3,546.67with",In Stock,https://mdcomputers.lk/product/redragon-seyfert-gm100-streaming-microphone/
JE01 BRAND NEW GAMING CASING ( with out fan  ),"Rs:9,500.00or 3 XRs:3,546.67with",In Stock,https://mdcomputers.lk/product/je01-brand-new-gaming-casing/
FANTECH GROOVE BAR PRO BS151 BLUETOOTH SPEAKER,"Rs:9,500.00Rs:10,500.00or 3 XRs:3,546.67with",In Stock,https://mdcomputers.lk/product/fantech-groove-bar-pro-bs151-bluetooth-speaker/
FANTECH MK612 BRAND NEW MECHANICAL KEYBOARD – BLUE ROSIE SWITCH,"Rs:9,500.00Rs:10,500.00or 3 XRs:3,546.67with",In Stock,https://mdcomputers.lk/product/fantech-mk612-atom-x83-ame-edition-blue-whi/
RUIX S01 GAMING CASING,"Rs:9,500.00or 3 XRs:3,546.67with",In Stock,https://mdcomputers.lk/product/ruix-s01-gaming-casing/
JUNGLE LEOPARD KF401 ARGB DIGITAL CPU COOLER – BLACK,"Rs:9,500.00Rs:12,000.00or 3 XRs:3,546.67with",In Stock,https://mdcomputers.lk/product/jungle-leopard-kf401-digital-cpu-cooler-black/
HAVIT KB903L GAMING KEYBOARD – WHITE+BLUE,"Rs:9,500.00or 3 XRs:3,546.67with",In Stock,https://mdcomputers.lk/product/havit-kb903l-gaming-keyboard-whiteblue/
HAVIT H2002S GAMING HEADPHONE Black & Ochre,"Rs:9,500.00Rs:11,500.00or 3 XRs:3,546.67with",In Stock,https://mdcomputers.lk/product/havit-h2002s-gaming-headphone-black-ochre/
HAVIT MS963WB TRI-MODE WIRELESS GAMING MOUSE,"Rs:9,500.00or 3 XRs:3,546.67with",In Stock,https://mdcomputers.lk/product/havit-ms963wb-tri-mode-wireless-gaming-mouse/
ARCTIC MX-4 (20g) ULTIMATE PERFORMANCE THERMAL PASTE,"Rs:9,500.00or 3 XRs:3,546.67with",In Stock,https://mdcomputers.lk/product/arctic-mx-4-20g-ultimate-performance-thermal-paste/
MSI VIGOR GK20 RGB GAMING KEYBOARD ( 1 Year Warranty),"Rs:9,500.00Rs:10,000.00or 3 XRs:3,546.67with",In Stock,https://mdcomputers.lk/product/msi-vigor-gk20-rgb-gaming-keyboard-1-year-warranty-2/
CORSAIR KATAR PRO ULTRA-LIGHT WIRED GAMING MOUSE (2 Years Warranty),"Rs:9,500.00or 3 XRs:3,546.67with",In Stock,https://mdcomputers.lk/product/corsair-katar-pro-ultra-light-wired-gaming-mouse-2-years-warranty/
FANTECH MK612 BRAND NEW MECHANICAL KEYBOARD – WHITE ROSIE SWITCH,"Rs:9,500.00Rs:10,500.00or 3 XRs:3,546.67with",In Stock,https://mdcomputers.lk/product/fantech-mk612-brand-new-mechanical-keyboard-white-rosie-switch/
FANTECH NC30 NOTEBOOK COOLING PAD,"Rs:9,500.00Rs:10,000.00or 3 XRs:3,546.67with",In Stock,https://mdcomputers.lk/product/fantech-nc30-notebook-cooling-pad/
KEYTECH ARMOR KNIGHT SERIES GAMING CASE (Black),"Rs:9,500.00Rs:10,000.00or 3 XRs:3,546.67with",In Stock,https://mdcomputers.lk/product/keytech-armor-gaming-case-black/
FANTECH MK614 ATOM X66 MECHANICAL GAMING KEYBOARD – BLACK ICE APRICOT SWITCH,"Rs:9,700.00Rs:11,000.00or 3 XRs:3,621.33with",In Stock,https://mdcomputers.lk/product/fantech-mk614-atom-x66-mechanical-gaming-keyboard/
DCP 650VA LINE INTERACTIVE UPS,"Rs:9,800.00Rs:11,000.00or 3 XRs:3,658.67with",In Stock,https://mdcomputers.lk/product/dcp-650va-line-interactive-ups/
MEETION HP099 RGB HEADSET,"Rs:9,800.00Rs:12,500.00or 3 XRs:3,658.67with",In Stock,https://mdcomputers.lk/product/meetion-hp099-rgb-headset/
ARMAGGEDDON AQUARON WIBO GAMING CASING – WHITE,"Rs:9,800.00or 3 XRs:3,658.67with",In Stock,https://mdcomputers.lk/product/armaggeddon-aquaron-wibo-gaming-casing-white/
SUPER SAIYAN 3 SON GOKU ACTION FIGURES ( 38CM ),"Rs:9,800.00or 3 XRs:3,658.67with",In Stock,https://mdcomputers.lk/product/super-saiyan-3-son-goku-action-figures-38cm/
SON GOKU ACTION FIGURES ( 38CM ),"Rs:9,800.00Rs:10,500.00or 3 XRs:3,658.67with",In Stock,https://mdcomputers.lk/product/son-goku-action-figures-38cm/
SUPER SAIYAN SON GOKU ACTION FIGURES ( 38CM ),"Rs:9,800.00Rs:10,500.00or 3 XRs:3,658.67with",In Stock,https://mdcomputers.lk/product/super-saiyan-son-goku-action-figures-38cm/
BANPRESTO GOHAN ACTION FIGURES ( 38CM ),"Rs:9,800.00Rs:11,200.00or 3 XRs:3,658.67with",In Stock,https://mdcomputers.lk/product/banpresto-gohan-action-figures-38cm/
MSI PAG SHIELD M500L BLACK GAMING CASING ( with out fans ),"Rs:9,900.00or 3 XRs:3,696.00with",In Stock,https://mdcomputers.lk/product/msi-pag-shield-m500l-black-gaming-casing-with-out-fans/
FALCON F1901 BLACK GAMING CASING,"Rs:9,900.00or 3 XRs:3,696.00with",In Stock,https://mdcomputers.lk/product/falcon-f1901-black-gaming-casing/
FANTECH WHG05 STELLAR MULTI- PLATFORM WIRELESS HEADSET – BLACK,"Rs:9,900.00or 3 XRs:3,696.00with",In Stock,https://mdcomputers.lk/product/fantech-whg05-stellar-multi-platform-wireless-headset-black/
USED 250GB SATA SSD (random brand ),"Rs:10,000.00Rs:11,500.00or 3 XRs:3,733.33with",In Stock,https://mdcomputers.lk/product/samsung-evo-250gb-ssd-used/
ARMAGGEDDON COSMIC III LITE BLUETOOTH WIRELESS 2.4G GAMING HEADSET WITH DETACHABLE MIC,"Rs:10,000.00Rs:10,500.00or 3 XRs:3,733.33with",In Stock,https://mdcomputers.lk/product/armaggeddon-cosmic-iii-lite-bluetooth-wireless-2-4g-gaming-headset-with-detachable-mic/
REDRAGON K512 SHIVA RGB MEMBRANE GAMING KEYBOARD,"Rs:10,000.00Rs:12,700.00or 3 XRs:3,733.33with",In Stock,https://mdcomputers.lk/product/redragon-k512-shiva-rgb-membrane-gaming-keyboard/
FANTECH LUMINOUS C30 QUAD HIGH DEFINITION WEBCAM,"Rs:10,000.00or 3 XRs:3,733.33with",In Stock,https://mdcomputers.lk/product/fantech-luminous-c30-quad-high-definition-webcam/
JEDEL KL-139B BRAND NEW MECHANICAL KEYBOARD,"Rs:10,000.00or 3 XRs:3,733.33with",In Stock,https://mdcomputers.lk/product/jedel-kl-139b-brand-new-mechanical-keyboard/
PXN P5 WIRELESS BRAND NEW GAMING CONTROLLER – BLACK,"Rs:10,000.00Rs:12,000.00or 3 XRs:3,733.33with",In Stock,https://mdcomputers.lk/product/pxn-p5-wireless-brand-new-gaming-controller/
MEETION G3360 WIRED MOUSE,"Rs:10,000.00Rs:10,500.00or 3 XRs:3,733.33with",In Stock,https://mdcomputers.lk/product/meetion-g3360-wired-mouse/
ANTEC VX310 ARGB GAMING CASE ( WITH 04 FANS ),"Rs:10,000.00Rs:14,000.00or 3 XRs:3,733.33with",In Stock,https://mdcomputers.lk/product/antec-vx310-argb-gaming-case/
GOLDEN FIELD CLOUDWIND PRO BRAND NEW CPU COOLER,"Rs:10,000.00Rs:12,000.00or 3 XRs:3,733.33with",In Stock,https://mdcomputers.lk/product/golden-field-cloudwind-pro-brand-new-cpu-cooler/
MEETION BK200 SMART RGB LIGHTING TOWER HEADSET STAND,"Rs:10,000.00or 3 XRs:3,733.33with",In Stock,https://mdcomputers.lk/product/meetion-bk200-smart-rgb-lighting-tower-headset-stand/
FANTECH LEVIOSA MCX04 MICROPHONE,"Rs:10,000.00Rs:10,800.00or 3 XRs:3,733.33with",In Stock,https://mdcomputers.lk/product/fantech-leviosa-mcx04-microphone/
FANTECH ATOM HE68 MK811 WIRED MAGNETIC GAMING KEYBOARD – BLACK EMERALD SWITCH,"Rs:10,000.00or 3 XRs:3,733.33with",In Stock,https://mdcomputers.lk/product/fantech-atom-he68-mk811-wired-magnetic-gaming-keyboard-black/
REDRAGON M915 SWAIN WIRED GAMING MOUSE,"Rs:10,000.00or 3 XRs:3,733.33with",In Stock,https://mdcomputers.lk/product/redragon-m915-swain-wired-gaming-mouse/
HP MU 06 CQ42 G62 ORGINAL BATTERY,"Rs:10,000.00or 3 XRs:3,733.33with",In Stock,https://mdcomputers.lk/product/hp-mu-06-cq42-g62-orginal-battery/
FANTECH EOS PRO II WGP15V2 S WIRELESS GAMING CONTROLLER ( vibration is not working ),"Rs:10,000.00Rs:13,000.00or 3 XRs:3,733.33with",In Stock,https://mdcomputers.lk/product/fantech-eos-pro-ii-wgp15v2-s-wireless-gaming-controller-vibration-is-not-working/
GAMDIAS BOREAS M1-610 DUAL RING ARGB FAN CPU AIR COOLER ( 1 YEAR WARRANTY ),"Rs:10,000.00or 3 XRs:3,733.33with",In Stock,https://mdcomputers.lk/product/gamdias-boreas-m1-610-dual-ring-argb-fan-cpu-air-cooler-1-year-warranty/
H97 4TH GEN M.2 USED MOTHERBOARD ( random brand ),"Rs:10,200.00Rs:10,500.00or 3 XRs:3,808.00with",In Stock,https://mdcomputers.lk/product/used-z97-4th-gen-motherboard-price-in-sri-l/
FANTECH MCX03 LEVIOSA MAX MIC,"Rs:10,200.00or 3 XRs:3,808.00with",In Stock,https://mdcomputers.lk/product/fantech-mcx03-leviosa-max-mic-2/
ARMAGGEDDON AQUARON DUPLEX ONE WHITE GAMING CASING,"Rs:10,300.00or 3 XRs:3,845.33with",In Stock,https://mdcomputers.lk/product/armaggeddon-aquaron-duplex-one-white-gaming-casing/
CON 421 – UGREEN 1.5m 10-in-1 Extension Code – 6 Way Power Strip + 1x USB Type C & 3x USB A – T620 – 55318 – 1 Year Warranty,"Rs:10,400.00Rs:12,500.00or 3 XRs:3,882.67with",In Stock,https://mdcomputers.lk/product/con-421-ugreen-1-5m-10-in-1-extension-code-6-way-power-strip-1x-usb-type-c-3x-usb-a-t620-55318-1-year-warranty/
PROLINK 650VA PRO700SFC – LINE INTERACTIVE UPS,"Rs:10,500.00Rs:12,500.00or 3 XRs:3,920.00with",In Stock,https://mdcomputers.lk/product/650va-prolink-pro700sfc-line-interactive-ups/
LOGITECH G402 HYPERION FURY FPS BRAND NEW GAMING MOUSE,"Rs:10,500.00Rs:11,500.00or 3 XRs:3,920.00with",In Stock,https://mdcomputers.lk/product/logitech-g402-hyperion-fury-fps-gaming-mouse/
FANTECH ALTO HG26 7.1 BRAND NEW GAMING HEADSET,"Rs:10,500.00Rs:11,500.00or 3 XRs:3,920.00with",In Stock,https://mdcomputers.lk/product/fantech-alto-7-1-hg26-gaming-headset-witch-noise-cancelling/
FALCON 17INCH SQUARE LED HDMI MONITOR,"Rs:10,500.00or 3 XRs:3,920.00with",In Stock,https://mdcomputers.lk/product/falcon-17-inch-monitor/
XING BLACK BRAND NEW GAMING CASING,"Rs:10,500.00Rs:11,000.00or 3 XRs:3,920.00with",In Stock,https://mdcomputers.lk/product/xing-black-casing/
MEETION MK005BT BLUETOOTH GAMING KEYBOARD,"Rs:10,500.00Rs:11,400.00or 3 XRs:3,920.00with",In Stock,https://mdcomputers.lk/product/meetion-mk005bt-blutooth-gaming-keyboard/
MEETION MK12 BLUETOOTH KEYBOARD,"Rs:10,500.00Rs:10,800.00or 3 XRs:3,920.00with",In Stock,https://mdcomputers.lk/product/meetion-mk12-bluetooth-keyboard/
ARMAGGEDDON TRITRON 1 TEMPERED GLASS GAMING CASING – BLACK ( WITH 03 FANS ),"Rs:10,500.00or 3 XRs:3,920.00with",In Stock,https://mdcomputers.lk/product/armaggeddon-tritron-1-tempered-glass-gaming-casing-black/
REDRAGON H350 PANDORA RGB WIRED GAMING HEADSET,"Rs:10,500.00Rs:15,500.00or 3 XRs:3,920.00with",In Stock,https://mdcomputers.lk/product/redragon-h350-pandora-rgb-wired-gaming-head/
DARK FLASH A290 BLACK GAMING CASING,"Rs:10,500.00or 3 XRs:3,920.00with",In Stock,https://mdcomputers.lk/product/dark-flash-a290-black-gaming-casing/
SOEYI V930 BRAND NEW BLACK GAMING CASING,"Rs:10,500.00or 3 XRs:3,920.00with",In Stock,https://mdcomputers.lk/product/soeyi-v930-brand-new-black-gaming-casing/
MSI PAG SHIELD 100L BRAND NEW BLACK CASING,"Rs:10,500.00or 3 XRs:3,920.00with",In Stock,https://mdcomputers.lk/product/msi-pag-shield-100l-brand-new-black-casing/
FANTECH WHG06 CARBON PRO MULTI -PLATFORM SUPER MAXFIT WIRELESS GAMING HEADSET,"Rs:10,500.00Rs:14,500.00or 3 XRs:3,920.00with",In Stock,https://mdcomputers.lk/product/fantech-whg06-carbon-pro-multi-platform-super-maxfit-wireless-gaming-headset/
GAMDIAS HERMES E6 ELITE KEYBOARD+ MOUSE 2 In 1 GAMING COMBO (1 Year Warranty),"Rs:10,500.00Rs:11,000.00or 3 XRs:3,920.00with",In Stock,https://mdcomputers.lk/product/gamdias-hermes-e6-elite-keyboard-mouse-2-in-1-gaming-combo-1-year-warranty/
FALCON F1901 WHITE GAMING CASING,"Rs:10,500.00or 3 XRs:3,920.00with",In Stock,https://mdcomputers.lk/product/falcon-f1901-white-gaming-casing/
HP HT03XL ORGINAL LAP BATTERY,"Rs:10,500.00or 3 XRs:3,920.00with",In Stock,https://mdcomputers.lk/product/hp-ht03xl-orginal-lap-battery/
HP JC04 ORIGINAL BATTERY,"Rs:10,500.00or 3 XRs:3,920.00with",In Stock,https://mdcomputers.lk/product/hp-jc04-original-battery/
DELL WDXOR ORGINAL LAPTOP BATTERY,"Rs:10,500.00or 3 XRs:3,920.00with",In Stock,https://mdcomputers.lk/product/dell-wdxor-orginal-laptop-battery/
DELL 3521 40W ORGINAL LAP BATTERY ( XCMRD ),"Rs:10,500.00or 3 XRs:3,920.00with",In Stock,https://mdcomputers.lk/product/dell-3521-40w-orginal-lap-battery-xcmrd/
DELL INSPIRON 5558 ( M5Y1K ) ORGINAL BATTERY,"Rs:10,500.00or 3 XRs:3,920.00with",In Stock,https://mdcomputers.lk/product/dell-inspiron-5558-m5y1k-orginal-battery/
MSI FORGE GK110 RGB GAMING WIRED COMBO KEYBOARD AND MOUSE ( 1 Year warranty),"Rs:10,500.00or 3 XRs:3,920.00with",In Stock,https://mdcomputers.lk/product/msi-forge-gk110-rgb-gaming-wired-combo-keyboard-and-mouse-1-year-warrantygk110/
RAIDMAX AM1204 DIGITAL DISPLAY CPU AIR COOLER,"Rs:10,500.00or 3 XRs:3,920.00with",In Stock,https://mdcomputers.lk/product/raidmax-am1204-digital-display-cpu-air-cooler/
SEAGATE BARRACUDA 1TB USED DESKTOP HARD DISK,"Rs:10,800.00Rs:14,000.00or 3 XRs:4,032.00with",In Stock,https://mdcomputers.lk/product/seagate-1tb-used-desktop-hard-disk/
WESTERN DIGITAL BLUE 1TB USED HARD DISK,"Rs:10,800.00Rs:15,000.00or 3 XRs:4,032.00with",In Stock,https://mdcomputers.lk/product/western-digital-blue-1tb-used-hard-disk/
Baseus 10000mAh 22.5W Qpow2 Dual-Cable Power Bank,"Rs:10,800.00or 3 XRs:4,032.00with",In Stock,https://mdcomputers.lk/product/baseus-10000mah-22-5w-qpow2-dual-cable-power-bank/
UGREEN HD 1080P Web Camera- CM678 – 15728 – 1 Year Warranty,"Rs:10,800.00Rs:11,500.00or 3 XRs:4,032.00with",In Stock,https://mdcomputers.lk/product/ugreen-hd-1080p-web-camera-cm678-15728-1-year-warranty/
CON 415 – UGREEN USB 3.0 to SATA Dual-Bay Hard Drive Docking Station – CM198 – 50857 – 1 Year Warranty,"Rs:10,800.00Rs:12,000.00or 3 XRs:4,032.00with",In Stock,https://mdcomputers.lk/product/con-415-ugreen-usb-3-0-to-sata-dual-bay-hard-drive-docking-station-cm198-50857-1-year-warranty/
FANTECH P51 WIRED KEYBOARD MOUSE HEADSET STAND & MOUSE PAD COMBO,"Rs:10,900.00Rs:12,000.00or 3 XRs:4,069.33with",In Stock,https://mdcomputers.lk/product/fantech-p51-5in1-bundle/
240GB USED M.2 SSD ( random brands ),"Rs:10,900.00Rs:11,900.00or 3 XRs:4,069.33with",In Stock,https://mdcomputers.lk/product/240gb-used-m-2-ssd-random-brands/
INTEL CORE I7 3RD GEN USED PROCESSOR,"Rs:11,000.00Rs:13,000.00or 3 XRs:4,106.67with",In Stock,https://mdcomputers.lk/product/intel-core-i7-3rd-gen-used-processor/
REDRAGON FIZZ K617 WIRED MECHANICAL KEYBOARD – WHITE GRAY,"Rs:11,000.00Rs:11,500.00or 3 XRs:4,106.67with",In Stock,https://mdcomputers.lk/product/redragon-fizz-k617-60-wired-mechanical-keyboard/
REDRAGON SINDRI K671 WIRED GAMING MECHANICAL KEYBOARD,"Rs:11,000.00or 3 XRs:4,106.67with",In Stock,https://mdcomputers.lk/product/redragon-sindri-k671-wired-gaming-mechanical-keyboard/
XING WHITE BRAND NEW GAMING CASING,"Rs:11,000.00Rs:12,000.00or 3 XRs:4,106.67with",In Stock,https://mdcomputers.lk/product/xing-white-casing/
LOGITECH BRIO 100 WEB CAMERA,"Rs:11,000.00Rs:12,950.00or 3 XRs:4,106.67with",In Stock,https://mdcomputers.lk/product/logitech-brio-100-full-hd-webcam-sl-price-h/
RUIX AO 360 BLACK CASING,"Rs:11,000.00or 3 XRs:4,106.67with",In Stock,https://mdcomputers.lk/product/ruix-ao-360-black-casing/
FANTECH NOVA II WGP16 WIRELESS GAMING CONTROLLER,"Rs:11,000.00Rs:12,000.00or 3 XRs:4,106.67with",In Stock,https://mdcomputers.lk/product/fantech-nova-ii-wgp16-wireless-gaming-controller/
E -TEK 550W 80 PLUS BRONZE BRAND NEW POWER SUPPLY ( 02 years warranty  ),"Rs:11,000.00or 3 XRs:4,106.67with",In Stock,https://mdcomputers.lk/product/e-tek-550w-80-plus-bronze-brand-new-power-supply/
CLOUD RIDGE CC2-07 BLACK CASING ( with 03 fans ),"Rs:11,000.00or 3 XRs:4,106.67with",In Stock,https://mdcomputers.lk/product/cloud-ridge-cc2-07-black-casing-without-fan/
SAMSUNG EVO 256GB USED SATA SSD,"Rs:11,000.00or 3 XRs:4,106.67with",In Stock,https://mdcomputers.lk/product/samsung-evo-256gb-used-sata-ssd/
JUNGLE LEOPARD K400 RGB 120MM CPU COOLER  ( BLACK ),"Rs:11,000.00Rs:11,500.00or 3 XRs:4,106.67with",In Stock,https://mdcomputers.lk/product/jungle-leopard-k400-rgb-120mm-cpu-cooler-black/
REDRAGON FIZZ K617 WIRED MECHANICAL KEYBOARD – GRAY WHITE,"Rs:11,000.00Rs:13,500.00or 3 XRs:4,106.67with",In Stock,https://mdcomputers.lk/product/redragon-fizz-k617-wired-mechanical-keyboard-gray-white/
BASEUS 5000mAh 20W MAGNETIC MINI WIRELESS POWER BANK – CLUSTER BLACK ( P1002210611200 ),"Rs:11,000.00or 3 XRs:4,106.67with",In Stock,https://mdcomputers.lk/product/baseus-5000mah-20w-magnetic-mini-wireless-power-bank-cluster-black-p1002210611200/
TP-LINK ARCHER T4U 2.4G-5G AC1300 WIRLESS USB ADAPTER,"Rs:11,000.00Rs:13,500.00or 3 XRs:4,106.67with",In Stock,https://mdcomputers.lk/product/tp-link-archer-t4u-2-4g-5g-ac1300-wirless-u/
GOLDEN FIELD T980 BRAND NEW GAMING CASING BLACK,"Rs:11,000.00Rs:13,000.00or 3 XRs:4,106.67with",In Stock,https://mdcomputers.lk/product/golden-field-t980-brand-new-gaming-casing-black/
REDRAGON ADNE GM212 STREAMING MIC,"Rs:11,200.00or 3 XRs:4,181.33with",In Stock,https://mdcomputers.lk/product/redragon-adne-gm212-streaming-mic/
GAMDIAS AURA GP550 – 550 WATT POWER SUPPLY ( 02 YEAR WARRANTY ),"Rs:11,500.00Rs:13,500.00or 3 XRs:4,293.33with",In Stock,https://mdcomputers.lk/product/gamdias-aura-gp550-550-watt-power-supply-1-year-warranty/
JBL TUNE 125BT Earphone,"Rs:11,500.00or 3 XRs:4,293.33with",In Stock,https://mdcomputers.lk/product/jbl-tune-125bt-earphone/
Intel® Core™ i7-2600K Processor,"Rs:11,500.00or 3 XRs:4,293.33with",In Stock,https://mdcomputers.lk/product/intel-core-i7-2600k-processor/
Gamdias Aura GC9M ARGB Micro-Tower Case,"Rs:11,500.00or 3 XRs:4,293.33with",In Stock,https://mdcomputers.lk/product/gamdias-aura-gc9m-argb-micro-tower-case/
H310 USED SATA MOTHTHER BOARD ( 03 Month warranty ),"Rs:11,500.00Rs:13,500.00or 3 XRs:4,293.33with",In Stock,https://mdcomputers.lk/product/h310-used-mothther-board-m-2-03-month-warranty/
ARMAGGEDDON GMK – 100 RGB BLUETOOTH MECHANICAL GAMING KEYBOARD -LINEAR – WINTER,"Rs:11,500.00Rs:12,500.00or 3 XRs:4,293.33with",In Stock,https://mdcomputers.lk/product/armaggeddon-gmk-100-rgb-bluetooth-mechanical-gaming-keyboard-linear-winter/
MICROLAB COOUL 118BT 2.1 MULTIMEDIA SPEAKER,"Rs:11,500.00Rs:12,000.00or 3 XRs:4,293.33with",In Stock,https://mdcomputers.lk/product/microlab-cooul-118bt-2-1-multimedia-speaker/
CON 382 – UGREEN HDMI 4K 60Hz SPLITTER 1 IN 4 OUT CM570 – 90514 ( 1 Year Warranty ),"Rs:11,500.00or 3 XRs:4,293.33with",In Stock,https://mdcomputers.lk/product/con-382-ugreen-hdmi-4k-60hz-splitter-1-in-4-out-cm570-90514-1-year-warranty/
REDRAGON LAMIA H320 RGB WIRED GAMING HEADSE,"Rs:11,500.00Rs:13,500.00or 3 XRs:4,293.33with",In Stock,https://mdcomputers.lk/product/redragon-lamia-h320-rgb-wired-gaming-headse/
FANTECH MK894 MAXPOWER MECHANICAL GAMING KEYBOARD BLACK – BLACK YELLOW ZEST SWITCH,"Rs:11,500.00Rs:13,500.00or 3 XRs:4,293.33with",In Stock,https://mdcomputers.lk/product/fantech-mk894-maxpower-mechanical-gaming-keyboard-black-black-yellow-zest-switch/
LEXAR 256GB USED SATA SSD,"Rs:12,000.00or 3 XRs:4,480.00with",In Stock,https://mdcomputers.lk/product/lexar-ns100-256gb-ssd/
FANTECH NOVA PRO WGP14 V2 WIRELESS MULTI – PLATFORM GAMING CONTROLLER,"Rs:12,000.00or 3 XRs:4,480.00with",In Stock,https://mdcomputers.lk/product/fantech-nova-wgp14-multi-platform-hall-effect-gamepad/
CORSAIR HARPOON RGB WIRED GAMING MOUSE ( 1 year warranty ),"Rs:12,000.00Rs:15,000.00or 3 XRs:4,480.00with",In Stock,https://mdcomputers.lk/product/corsair-harpoon-rgb-wired-gaming-mouse-1-year-warranty/
RUIX V8 BRAND NEW BLACK GAMING CASIN ( with 03 fans ),"Rs:12,000.00or 3 XRs:4,480.00with",In Stock,https://mdcomputers.lk/product/ruix-v8-brand-new-black-gaming-casing/
CASIN – RUIX FENG MESH BLACK,"Rs:12,000.00or 3 XRs:4,480.00with",In Stock,https://mdcomputers.lk/product/casin-feng-mesh-black/
MICROLAB M-106BT 2.1 SUB WOOFER ( 01 YEAR WARRANTY ),"Rs:12,000.00or 3 XRs:4,480.00with",In Stock,https://mdcomputers.lk/product/microlab-m-106bt-2-1-sub-woofer1y/
ANTEC VCX300 ARGB ATX BRAND NEW GAMING CASING ( WITH 05 FANS ),"Rs:12,000.00Rs:13,500.00or 3 XRs:4,480.00with",In Stock,https://mdcomputers.lk/product/antec-vcx300-argb-atx-brand-new-gaming-casing-with-05-fans/
FANTECH STUDIO WHG03 7.1 BLUETOOTH & WIRELESS GAMING HEADSET,"Rs:12,000.00Rs:13,500.00or 3 XRs:4,480.00with",In Stock,https://mdcomputers.lk/product/fantech-studio-whg03-7-1-bluetooth-wireless-gaming-headset/
GAMDIAS BOREAS M2-51D ARGB CPU AIR BLACK COOLER ( 3 Years Warranty ),"Rs:12,000.00or 3 XRs:4,480.00with",In Stock,https://mdcomputers.lk/product/gamdias-boreas-m2-51d-argb-cpu-air-black-cooler-3-years-warranty/
FANTECH LEVIOSA WAVE WMCX01 MICROPHONE,"Rs:12,000.00or 3 XRs:4,480.00with",In Stock,https://mdcomputers.lk/product/fantech-leviosa-wave-wmcx01-microphone/
RMAGGEDDON MM-98S MIMETIC YELLOW JACKET KEYBOARD,"Rs:12,000.00or 3 XRs:4,480.00with",In Stock,https://mdcomputers.lk/product/keyboard-amg-mm-98s-mimetic-yellow-jacket/
FANTECH GROOVE BAR PRO BS163 RGB GAMING SPEAKER,"Rs:12,000.00or 3 XRs:4,480.00with",In Stock,https://mdcomputers.lk/product/fantech-groove-bar-pro-bs163-rgb-gaming-speaker/
IIYAMA PROLITE B2283HS 22 INCH FULL HD LED WIDE SCREEN HDMI USED MONITOR ( without cables ),"Rs:12,000.00Rs:13,500.00or 3 XRs:4,480.00with",In Stock,https://mdcomputers.lk/product/liyama-prolite-b2283hs-22-inch-full-hd-led-wide-screen-hdmi-used-monitor-without-cables/
TG H310 USED MOTHERBOARD NVME,"Rs:12,200.00Rs:12,700.00or 3 XRs:4,554.67with",In Stock,https://mdcomputers.lk/product/tg-h310-used-motherboard-nvme/
NORTH BAYOU F80 FULL MOTIION SWIVEL SINGLE MONITOR ARM 17″-30″,"Rs:12,400.00Rs:16,000.00or 3 XRs:4,629.33with",In Stock,https://mdcomputers.lk/product/north-bayou-f80-full-motiion-swivel-single-monitor-arm-17-30/
RAIDMAX RGB FAN KIT,"Rs:12,500.00or 3 XRs:4,666.67with",In Stock,https://mdcomputers.lk/product/raidmax-rgb-fan-kit/
USED I5 7500T 7TH GEN PROCESSOR,"Rs:12,500.00Rs:13,500.00or 3 XRs:4,666.67with",In Stock,https://mdcomputers.lk/product/used-i5-7th-gen-processor/
USED 256GB NVME SSD,"Rs:12,500.00Rs:14,000.00or 3 XRs:4,666.67with",In Stock,https://mdcomputers.lk/product/256gb-m-2-nvme-ssd/
LOGITECH MK345 COMFORT WIRELESS KEYBOARD & MOUSE COMBO PACK,"Rs:12,500.00Rs:13,500.00or 3 XRs:4,666.67with",In Stock,https://mdcomputers.lk/product/logitech-mk345-comfort-blue-2-4ghz-wireless-keyboard-mouse-combo/
GAMDIAS AURA GP650 – 650 WATT EFFICIENT POWER SUPPLY ( 02 year warraty ),"Rs:12,500.00or 3 XRs:4,666.67with",In Stock,https://mdcomputers.lk/product/gamdias-aura-gp650-650-watt-efficient-power-supply-2-years-warranty/
FALCON CL-SA2401 LIQUID COOLER,"Rs:12,500.00Rs:13,500.00or 3 XRs:4,666.67with",In Stock,https://mdcomputers.lk/product/falcon-cl-sa2401-liquid-cooler/
MEETION GW39 WIRED BLUETOOTH GAMING MOUSE,"Rs:12,500.00Rs:14,500.00or 3 XRs:4,666.67with",In Stock,https://mdcomputers.lk/product/meetion-gw39-wired-bluetooth-gaming-mouse/
Gamdias Aura GC9M ARGB Micro-Tower White Case,"Rs:12,500.00or 3 XRs:4,666.67with",In Stock,https://mdcomputers.lk/product/gamdias-aura-gc9m-argb-micro-tower-white-case/
MSI MAG COREFROZR AA13 CPU BLACK AIR COOLER,"Rs:12,500.00or 3 XRs:4,666.67with",In Stock,https://mdcomputers.lk/product/msi-mag-corefrozr-aa13-cpu-black-air-cooler/
TG 22 INCH FULL HD HDMI USED MONITOR ( without cables ),"Rs:12,500.00or 3 XRs:4,666.67with",In Stock,https://mdcomputers.lk/product/tg-22-inch-full-hd-hdmi-used-monitor/
PXN P5 8K WIRELESS GAMEPAD ( 01 YEAR WARRANTY ),"Rs:12,500.00Rs:15,000.00or 3 XRs:4,666.67with",In Stock,https://mdcomputers.lk/product/pxn-p5-8k-wireless-gamepad-01-year-warranty/
VIEWTECH VT-AQ7190 1D/2D DESKTOP BARCODE SCANNER,"Rs:12,500.00or 3 XRs:4,666.67with",In Stock,https://mdcomputers.lk/product/viewtech-vt-aq7190-1d-2d-desktop-barcode-scanner/
ARNGGEDDON COSMIC V ULTRACLEAR WIRELESS GAMING HEADSET | Quad-Mode,"Rs:12,500.00or 3 XRs:4,666.67with",In Stock,https://mdcomputers.lk/product/arnggeddon-cosmic-v-ultraclear-wireless-gaming-headset-quad-mode/
GAMDIAS AETHER P1 PRO RGB LAPTOP COOLING PAD ( 01 Years Warranty ),"Rs:12,500.00Rs:13,000.00or 3 XRs:4,666.67with",In Stock,https://mdcomputers.lk/product/gamdias-aether-p1-pro-rgb-laptop-cooling-pad-01-years-warranty/
GAMDIAS AURA GC103M ARGB MICRO-TOWER CASE,"Rs:12,500.00or 3 XRs:4,666.67with",In Stock,https://mdcomputers.lk/product/gamdias-aura-gc103m-argb-micro-twer-case/
H310 MOTHER BOARD NVME,"Rs:12,700.00Rs:13,500.00or 3 XRs:4,741.33with",In Stock,https://mdcomputers.lk/product/h310-mothther-board-m-2-ecs-brand/
XPRINTER XP-80T 80MM USB +LAN TRERMAL RCP,"Rs:12,750.00Rs:15,500.00or 3 XRs:4,760.00with",In Stock,https://mdcomputers.lk/product/xprinter-xp-80t-80mm-usb-lan-trermal-rcp-pr/
USED B250 6/7TH GEN 4RAM SLOT m.2 nvme MOTHERBOARD,"Rs:12,800.00Rs:13,900.00or 3 XRs:4,778.67with",In Stock,https://mdcomputers.lk/product/used-gigabyte-b250-6-7th-gen-4ram-slot-motherboard/
GK-6002M DESMODUS BRAND NEW MECHANICAL GAMING KEYBOARD,"Rs:12,900.00Rs:15,000.00or 3 XRs:4,816.00with",In Stock,https://mdcomputers.lk/product/gk-6002m-desmodus-mechanical-gaming-keyboard/
JBL Tune 305C USB-C Headphones,"Rs:12,900.00or 3 XRs:4,816.00with",In Stock,https://mdcomputers.lk/product/jbl-tune-305c-usb-c-headphones/
USED I5 7500 7TH GEN PROCESSOR,"Rs:13,000.00Rs:14,000.00or 3 XRs:4,853.33with",In Stock,https://mdcomputers.lk/product/used-i5-7400-7th-gen-processor/
NB H100 LONG ARM HEAVY DUTY SINGLE MONITOR ARM FOR 17-30 INCH DISPLAYS,"Rs:13,000.00or 3 XRs:4,853.33with",In Stock,https://mdcomputers.lk/product/nb-h100-long-arm-heavy-duty-single-monitor-arm-for-22-35-inch-displays/
GAMDIAS BOREAS M2-51D ARGB CPU WHITE AIR COOLER,"Rs:13,000.00or 3 XRs:4,853.33with",In Stock,https://mdcomputers.lk/product/gamdias-boreas-m2-51d-argb-cpu-white-air-cooler/
FANTECH WGP13X SHOOTER III X WIRELESS CONTROLLER,"Rs:13,000.00or 3 XRs:4,853.33with",In Stock,https://mdcomputers.lk/product/fantech-wgp13x-shooter-iii-x-wireless-controller/
MSI VIGOR GK30 GAMING KEYBOARD ( 1 year warranty),"Rs:13,000.00or 3 XRs:4,853.33with",In Stock,https://mdcomputers.lk/product/msi-vigor-gk30-gaming-keyboard-1-year-warranty-2/
DDR4 8GB USED DESKTOP RAM,"Rs:13,200.00or 3 XRs:4,928.00with",In Stock,https://mdcomputers.lk/product/ddr4-8gb-used-desktop-ram/
INTEL CORE I7 4TH GEN USED PROCESSOR ( 03 month warranty ),"Rs:13,500.00Rs:14,000.00or 3 XRs:5,040.00with",In Stock,https://mdcomputers.lk/product/intel-core-i7-4th-gen-used-processor/
DDR4 8GB USED LAPTOP RAM,"Rs:13,500.00Rs:13,900.00or 3 XRs:5,040.00with",In Stock,https://mdcomputers.lk/product/ddr4-8gb-used-laptop-ram/
GOLDEN FIELD GZ360  BRAND NEW GAMING CASING – BLACK,"Rs:13,500.00or 3 XRs:5,040.00with",In Stock,https://mdcomputers.lk/product/gaming-pc-casing-golden-field-seaview-360-plus-gz-360-gaming-casing/
A320 USED USED MOTHERBOARD,"Rs:13,500.00Rs:14,500.00or 3 XRs:5,040.00with",In Stock,https://mdcomputers.lk/product/gigabyte-amd-a320-motherboard-used/
RAIDMAX INFINITA i802 AIR RGB MID-TOWER GAMING CASING,"Rs:13,500.00Rs:15,000.00or 3 XRs:5,040.00with",In Stock,https://mdcomputers.lk/product/raidmax-infinita-i802-air-rgb-mid-tower-gam/
FANTECH MK912 ATOM63 MECHANICAL WIRED / WIRELESS KEYBOARD – SATURN RED SWITCH,"Rs:13,500.00or 3 XRs:5,040.00with",In Stock,https://mdcomputers.lk/product/fantech-atom63-mk912-mechanical-wired-wireless-keyboard/
ARMAGGEDDON TRITRON 2 GAMING CASING – WHITE ( WITH 03 FANS ),"Rs:13,500.00or 3 XRs:5,040.00with",In Stock,https://mdcomputers.lk/product/armaggeddon-tritron-2-gaming-casing-white-with-03-fans/
NORTH BAYOU F150 17″-35″ FULL MOTION MONITOR & TV WALL MOUNT,"Rs:13,500.00or 3 XRs:5,040.00with",In Stock,https://mdcomputers.lk/product/north-bayou-f150-17%e2%80%b3-35%e2%80%b3-full-motion-monitor-tv-wall-mount/
EMARK MT-17 BRAND NEW PORTABLE SPEAKER,"Rs:13,500.00Rs:13,800.00or 3 XRs:5,040.00with",In Stock,https://mdcomputers.lk/product/emark-mt-17-brand-new-portable-speaker/
ONIKUMA G52 MECHANICAL WIRED RGB KEYBOARD,"Rs:13,500.00or 3 XRs:5,040.00with",In Stock,https://mdcomputers.lk/product/onikuma-g52-wired-rgb-keyboard/
AMIDA EPSON T6644 YELLOW CARTRIDGE,"Rs:13,500.00or 3 XRs:5,040.00with",In Stock,https://mdcomputers.lk/product/amida-epson-t6644-yellow-cartridge/
PNY XLR8 Gaming Class 10 U3 V30 microSDXC Flash Memory Card – 256GB,"Rs:13,500.00or 3 XRs:5,040.00with",In Stock,https://mdcomputers.lk/product/pny-xlr8-gaming-class-10-u3-v30-microsdxc-flash-memory-card-256gb/
FANTECH EOS PRO ii WGP15V2 MULTI-PLATFORM WIRELESS CONTROLLER,"Rs:13,500.00Rs:14,000.00or 3 XRs:5,040.00with",In Stock,https://mdcomputers.lk/product/fantech-eos-pro-ii-wgp15vs-multi-platform-wireless-controller/
CON 367-UGREEN Magnetic M.2 NVMe SSD Enclosure – D619 – 55151 – 55151 – (1 Year Warranty),"Rs:13,600.00or 3 XRs:5,077.33with",In Stock,https://mdcomputers.lk/product/con-367-ugreen-magnetic-m-2-nvme-ssd-enclosure-d619-55151-55151-1-year-warranty/
Baseus 20000 mAh 22.5 W EnerFill FC21 “QPow 3 Ultra” Power Bank,"Rs:13,800.00or 3 XRs:5,152.00with",In Stock,https://mdcomputers.lk/product/baseus-20000-mah-22-5-w-enerfill-fc21-qpow-3-ultra-power-bank/
GTX660 2GB USED VGA CARD ( RANDOM BRAND ),"Rs:13,900.00Rs:15,000.00or 3 XRs:5,189.33with",In Stock,https://mdcomputers.lk/product/gtx-660-2gb-used-vga-cards/
WJ COOLMAN INFINITY GAMING CASING,"Rs:13,900.00or 3 XRs:5,189.33with",In Stock,https://mdcomputers.lk/product/wj-infinity-gaming-casing/
REDRAGON BALDER CC-2199 ARGB CPU AIR COOLER,"Rs:13,900.00Rs:14,000.00or 3 XRs:5,189.33with",In Stock,https://mdcomputers.lk/product/redragon-balder-cc-2199-argb-cpu-air-cooler/
ARMAGGEDDON MORPH-7 RGB NITRO WIRELESS CONTROLLER,"Rs:13,900.00or 3 XRs:5,189.33with",In Stock,https://mdcomputers.lk/product/armaggeddon-morph-7-rgb-nitro-wireless-controller/
REDRAGON AKALI K642 Wired Gaming Mechanical Keyboard,"Rs:13,990.00or 3 XRs:5,222.93with",In Stock,https://mdcomputers.lk/product/redragon-akali-k642-wired-gaming-mechanical-keyboard/
ROG JK PRO GAMING CASING BLACK WITH 3 FAN,"Rs:14,000.00Rs:14,900.00or 3 XRs:5,226.67with",In Stock,https://mdcomputers.lk/product/rog-gaming-casing-black-with-3-fan/
MSI MAG FORGE M100A RGB CASING,"Rs:14,000.00Rs:15,500.00or 3 XRs:5,226.67with",In Stock,https://mdcomputers.lk/product/msi-mag-forge-m100a-rgb-casing/
ASUS TUF P307 TUF GAMING M4 AIR MOUSE ( 1y ),"Rs:14,000.00Rs:15,300.00or 3 XRs:5,226.67with",In Stock,https://mdcomputers.lk/product/asus-p307-tufasus-p307-tuf-gaming-m4-air-mouse1y/
REDRAGON KUMARA K552 MECHANICAL BRAND NEW WIRED KEYBOARD,"Rs:14,000.00Rs:14,500.00or 3 XRs:5,226.67with",In Stock,https://mdcomputers.lk/product/kumara-k552-led-rainbow-backlit-wired-keyboard/
GAMDIAS AURA GP750 – 750 WATT WATT EFFICIENT POWER SUPPLY ( 02 year warranty ),"Rs:14,000.00or 3 XRs:5,226.67with",In Stock,https://mdcomputers.lk/product/gamdias-aura-gp750-750-watt-efficient-power-supply-2-years-warranty/
GAMDIAS HELIOS M1-450B 450W 80 PLUS BRONZE CERTIFIED BRAND NEW POWER SUPPLY ( 03 years warranty ),"Rs:14,000.00or 3 XRs:5,226.67with",In Stock,https://mdcomputers.lk/product/gamdias-helios-m1-450b-450w-80-plus-bronze-certified-power-supply/
Gamdias Aura GC5 Elite With Digital Display ARGB Mid-Tower Case Black,"Rs:14,000.00or 3 XRs:5,226.67with",In Stock,https://mdcomputers.lk/product/gamdias-aura-gc5-elite-with-digital-display-argb-mid-tower-case-black/
CORSAIR HS35 STEREO v2 MULTIPLATFORM HAMING HEADSET – CARBON ( 01 year warranty ),"Rs:14,000.00Rs:15,000.00or 3 XRs:5,226.67with",In Stock,https://mdcomputers.lk/product/corsair-stereo-hs35-v2-multiplatform-gaming-headset-carbon/
RAIDMAX VECTOR V158 RGB MID-TOWER GAMING CASE,"Rs:14,000.00or 3 XRs:5,226.67with",In Stock,https://mdcomputers.lk/product/raidmax-vector-v158-rgb-mid-tower-gaming-case/
ANTEC AX83 RGB BRAND NEW GAMING CASING ( with 04 fans ),"Rs:14,000.00Rs:15,500.00or 3 XRs:5,226.67with",In Stock,https://mdcomputers.lk/product/antec-ax83-rgb-brand-new-gaming-casing/
FANTECH C50 WEBCAM,"Rs:14,000.00or 3 XRs:5,226.67with",In Stock,https://mdcomputers.lk/product/fantech-c50-webcam-high-definition-camera-p/
GAMDIAS AURA GC6 ELITE ARGB BRAND NEW MID-TOWER GAMING CASING,"Rs:14,000.00or 3 XRs:5,226.67with",In Stock,https://mdcomputers.lk/product/gamdias-aura-gc6-elite-argb-brand-new-mid-tower-gaming-casing/
LOGITECH G304 LIGHTSPEED WIRELESS GAMING MOUSE,"Rs:14,000.00Rs:16,500.00or 3 XRs:5,226.67with",In Stock,https://mdcomputers.lk/product/logitech-g304-lightspeed-wireless-gaming-mouse/
MSI PAG FORGE M100L BRAND NEW BLACK CASING,"Rs:14,000.00or 3 XRs:5,226.67with",In Stock,https://mdcomputers.lk/product/msi-pag-forge-m100l-brand-new-black-casing/
GAMDIAS AURA GC101M ARGB MICRO-TOWER CASE,"Rs:14,000.00Rs:15,000.00or 3 XRs:5,226.67with",In Stock,https://mdcomputers.lk/product/gamdias-aura-gc101m-argb-micro-tower-case/
REDRAGON Sniper Pro M801P RGB USB 2.4G Wireless Gaming Mouse,"Rs:14,300.00or 3 XRs:5,338.67with",In Stock,https://mdcomputers.lk/product/redragon-sniper-pro-m801p-rgb-usb-2-4g-wireless-gaming-mouse/
SAMSUNG INTEL CORE I3 2ND GEN USED BRANDED DESKTOP,"Rs:14,500.00Rs:20,000.00or 3 XRs:5,413.33with",In Stock,https://mdcomputers.lk/product/intel-core-i3-2nd-gen-used-desktop/
ASUS TUF GAMING H3 GAMING HEADSET,"Rs:14,500.00or 3 XRs:5,413.33with",In Stock,https://mdcomputers.lk/product/asus-tuf-gaming-h3-gaming-headset/
REDRAGON H848 IRE PRO 3 MODE GAMING HEADSET – BLACK,"Rs:14,500.00Rs:15,500.00or 3 XRs:5,413.33with",In Stock,https://mdcomputers.lk/product/redragon-h848-ire-pro-3-mode-gaming-headset-black/
FANTECH ATOM63 MK912 MECHANICAL WIRED/WIRELESS KEYBOARD STELLAR EDITION,"Rs:14,500.00or 3 XRs:5,413.33with",In Stock,https://mdcomputers.lk/product/fantech-atom63-mk912-mechanical-wired-wireless-keyboard-green/
NZXT KRAKEN 120 120mm CPU Liquid Cooler,"Rs:14,500.00Rs:27,000.00or 3 XRs:5,413.33with",In Stock,https://mdcomputers.lk/product/nzxt-kraken-120-120mm-cpu-liquid-cooler/
Gamdias Kratos M1-600B RGB 600 WATT 80 Plus Bronz Power Supply(2 YEARS WARRANTY),"Rs:14,500.00Rs:21,500.00or 3 XRs:5,413.33with",In Stock,https://mdcomputers.lk/product/gamdias-kratos-m1-600b-rgb-600-watt-80-plus-bronz-power-supply/
GOLDEN FIELD GZ360 BRAND NEW GAMING CASING ( WHITE),"Rs:14,500.00or 3 XRs:5,413.33with",In Stock,https://mdcomputers.lk/product/golden-field-gz360-brand-new-gaming-casing-white/
GAMDIAS AURA GC1 ELITE ARGB MID-TOWER BRAND NEW CASING,"Rs:14,500.00Rs:15,500.00or 3 XRs:5,413.33with",In Stock,https://mdcomputers.lk/product/gamdias-aura-gc1-elite-argb-mid-tower-brand-new-gaming-casing/
FANTECH ATOM PRO83 MK913 WIRELESS MECHANICAL GAMING KEYBOARD – BLUE SWITCH,"Rs:14,500.00Rs:16,500.00or 3 XRs:5,413.33with",In Stock,https://mdcomputers.lk/product/fantech-atom-pro83-mk913-wireless-mechanical-gaming-keyboard/
GAMDIAS AURA GC10M V2 ARGB MICRO – TOWER GAMING CASING,"Rs:14,500.00or 3 XRs:5,413.33with",In Stock,https://mdcomputers.lk/product/gamdias-aura-gc10m-v2-argb-micro-tower-gaming-casing/
DARKFLASH DK351 BLACK BRAND NEW CASING ( WITH 04 ARGB FANS ),"Rs:14,500.00or 3 XRs:5,413.33with",In Stock,https://mdcomputers.lk/product/darkflash-dk351-black-brand-new-casing-with-04-argb-fans/
GAMDIAS BOREAS M1-620 CPU BLACK AIR COOLER,"Rs:14,500.00or 3 XRs:5,413.33with",In Stock,https://mdcomputers.lk/product/gamdias-boreas-m1-620-cpu-black-air-cooler/
ZENO M622 DUAL MONITOR ARM CLAMP MOUNT. EACH ARM SUPPORTS UP TO 27 INCHES,"Rs:14,500.00Rs:15,500.00or 3 XRs:5,413.33with",In Stock,https://mdcomputers.lk/product/zeno-m622-dual-monitor-arm-clamp-mount-each-arm-supports-up-to-27-inches/
Gamdias Mercury P1 1500 15-IN-1 USB Expansion Type C Hub,"Rs:14,500.00or 3 XRs:5,413.33with",In Stock,https://mdcomputers.lk/product/gamdias-mercury-p1-1500-15-in-1-usb-expansion-type-c-hub/
RAIDMAX INFINITA I610  DUAL CHAMBER MID-TOWER GAMING CASING ( without fan ),"Rs:14,500.00or 3 XRs:5,413.33with",In Stock,https://mdcomputers.lk/product/raidmax-infinita-i610-dual-chamber-mid-tower-gaming-casing-without-fan/
GAMIDIAS AURA GC15 ARGB MID-TOWER CASE,"Rs:14,500.00or 3 XRs:5,413.33with",In Stock,https://mdcomputers.lk/product/gamidias-aura-gc15-argb-mid-tower-case-gmb2610026/
JUNGLE LEOPARD KF620-DGT ARGB CPU AIR COOLER – BLACK ( 06 month warranty ),"Rs:14,500.00Rs:15,000.00or 3 XRs:5,413.33with",In Stock,https://mdcomputers.lk/product/jungle-leopard-kf620-dgt-argb-cpu-air-coole/
BASEUS GAN5 CHARGER 1xUSB-A 1xUSB-C With  USB-C CABLE 65W GRAY ( CCGP150113 ),"Rs:14,900.00or 3 XRs:5,562.67with",In Stock,https://mdcomputers.lk/product/baseus-gan5-charger-1xusb-a-1xusb-c-with-usb-c-cable-65w-gray-ccgp150113/
GAMDIAS AURA GC5 ELITE WHITE WITH DIGITAL DISPLAY ARGB MID TOWER CASING,"Rs:15,000.00Rs:15,500.00or 3 XRs:5,600.00with",In Stock,https://mdcomputers.lk/product/gamdias-aura-gc5-elite-white-with-digital-display-argb-mid-tower-casing/
LOGITECH Z313 2.1 BRAND NEW SPEAKER SYSTEM ( 02 Years warranty ),"Rs:15,000.00Rs:16,000.00or 3 XRs:5,600.00with",In Stock,https://mdcomputers.lk/product/logitech-z313-2-1-brand-new-speaker-system/
ARMAGGEDDON TRITRON PRO 200 GAMING CASING – WHITE (with 4 RGB Fan),"Rs:15,000.00or 3 XRs:5,600.00with",In Stock,https://mdcomputers.lk/product/armaggeddon-tritron-pro-200-gaming-casing-white-with-4-rgb-fan/
REDRAGON BLAZER GM300 STREAMING MICROPHONE,"Rs:15,000.00Rs:15,300.00or 3 XRs:5,600.00with",In Stock,https://mdcomputers.lk/product/redragon-blazer-gm300-streaming-microphone/
INTEL CORE I3 9TH ( 9100 ) GEN USED PROCESSOR,"Rs:15,000.00Rs:18,000.00or 3 XRs:5,600.00with",In Stock,https://mdcomputers.lk/product/intel-core-i3-9th-9100-gen-used-processor/
MICROLAB M380BT MULTIMEDIA BLUETOOTH SPEAKER,"Rs:15,000.00Rs:16,500.00or 3 XRs:5,600.00with",In Stock,https://mdcomputers.lk/product/microlab-m380bt-multimedia-bluetooth-speaker/
ARCTIC MX-4 (45g) ULTIMATE PERFORMANCE THERMAL PASTE,"Rs:15,000.00Rs:15,500.00or 3 XRs:5,600.00with",In Stock,https://mdcomputers.lk/product/arctic-mx-4-45g-ultimate-performance-thermal-paste/
KALOC DS110 SINGLE MONITOR ARM FOR 17 TO 35 INCHES,"Rs:15,000.00Rs:19,500.00or 3 XRs:5,600.00with",In Stock,https://mdcomputers.lk/product/kaloc-ds-110-single-monitor-arm-for-17-to-35-inches/
FANTECH FINECOUSTIC RESONO WFM1 DUAL MODE CONDENSER WIRELESS MICROPHONE,"Rs:15,000.00Rs:15,500.00or 3 XRs:5,600.00with",In Stock,https://mdcomputers.lk/product/fantech-finecoustic-resono-wfm1-dual-mode-m/
FANTECH MK913 ATOM PRO83 WIRELESS MECHANICAL GAMING KEYBOARD – SATURN BLUE SWITCH,"Rs:15,000.00or 3 XRs:5,600.00with",In Stock,https://mdcomputers.lk/product/fantech-mk913-atom-pro83-wireless-mechanical-gaming-keyboard-saturn-blue-switch/
USED H410 ( sata ) MOTHERBOARD,"Rs:15,300.00Rs:18,000.00or 3 XRs:5,712.00with",In Stock,https://mdcomputers.lk/product/h410-motherboard/
LOGITECH G213 PRODIGY BRAND NEW GAMING KEYBOARD,"Rs:15,400.00Rs:17,500.00or 3 XRs:5,749.33with",In Stock,https://mdcomputers.lk/product/logitech-g213-prodigy-gaming-keyboard/
REDRAGON MITRA K551 RGB Wired Gaming Mechanical Keyboard,"Rs:15,500.00Rs:17,800.00or 3 XRs:5,786.67with",In Stock,https://mdcomputers.lk/product/redragon-mitra-k551-rgb-wired-gaming-mechanical-keyboard/
DDR4 8GB USED GAMING RAM ( 03 month warranty ),"Rs:15,500.00or 3 XRs:5,786.67with",In Stock,https://mdcomputers.lk/product/ddr4-8gb-ram-random-brand/
GAMDIAS HELIOS M1-550B 550W 80 PLUS BRONZE CERTIFIED POWER SUPPLY (3 YEARS WARRANTY),"Rs:15,500.00Rs:16,500.00or 3 XRs:5,786.67with",In Stock,https://mdcomputers.lk/product/gamdias-helios-m1-550b-550w-80-plus-bronze-certified-power-supply/
JBL Tune 510BT HEADSET,"Rs:15,500.00or 3 XRs:5,786.67with",In Stock,https://mdcomputers.lk/product/jbl-tune-510bt-headset/
"JBL Go 3: Portable Speaker with Bluetooth, Built-in Battery, Waterproof and Dustproof Feature","Rs:15,500.00or 3 XRs:5,786.67with",In Stock,https://mdcomputers.lk/product/jbl-go-3-portable-speaker-with-bluetooth-built-in-battery-waterproof-and-dustproof-feature/
JBL TUNE 520BT WIRELESS ON EAR HEADPHONE,"Rs:15,500.00or 3 XRs:5,786.67with",In Stock,https://mdcomputers.lk/product/jbl-tune-520bt-wireless-on-ear-headphones/
REDRAGON RAMMUS K677 PRO BRAND NEW KEYBOARD,"Rs:15,500.00Rs:17,000.00or 3 XRs:5,786.67with",In Stock,https://mdcomputers.lk/product/redragon-rammus-k677-pro-keyboard/
LOGITECH G403 HERO WIRED BRAND NEW GAMING MOUSE (2y),"Rs:15,500.00Rs:17,000.00or 3 XRs:5,786.67with",In Stock,https://mdcomputers.lk/product/logitech-g403-hero-wired-gaming-mouse-2y/
"GOLDEN FIELD GPG 80+GOLD 550W PC POWER SUPPLY , FULLY MODULAR , ACTIVE PFC ( 03 YEARS WARRANTY )","Rs:15,500.00Rs:16,500.00or 3 XRs:5,786.67with",In Stock,https://mdcomputers.lk/product/golden-field-gpg-80-gold-550w-pc-power-supply-unit-fully-modular-active-pfc/
MICROLAB M280BT 2.1 SUBWOOFER ( 01 YEAR WARRANTY ),"Rs:15,500.00Rs:16,700.00or 3 XRs:5,786.67with",In Stock,https://mdcomputers.lk/product/microlab-m280bt-2-1-sub-woofer1y/
DDR4 8GB ( 3200Mhz) USED LAPTOP MEMORY ( random brands ),"Rs:15,500.00or 3 XRs:5,786.67with",In Stock,https://mdcomputers.lk/product/crucial-8gb-ddr4-3200mhz-brand-new-laptop-s/
REDRAGON H848 IRE PRO GAMING HEADSET – WHITE,"Rs:15,500.00or 3 XRs:5,786.67with",In Stock,https://mdcomputers.lk/product/redragon-h848-ire-pro-gaming-headset-white/
ANTEC AX85 ARGB BRAND NEW GAMING CASING ( DISPLAY UNIT ),"Rs:15,500.00or 3 XRs:5,786.67with",In Stock,https://mdcomputers.lk/product/antec-ax85-argb-brand-new-gaming-casing/
LOGITECH K400 PLUS WIRELESS TOUCH BRAND NEW KEYBOARD,"Rs:15,500.00or 3 XRs:5,786.67with",In Stock,https://mdcomputers.lk/product/logitech-k400-plus-wireless-touch-brand-new-keyboard/
LOGITECH H390 NOISE CANCELLING HEADSET ( TYPE -C ),"Rs:15,500.00Rs:16,900.00or 3 XRs:5,786.67with",In Stock,https://mdcomputers.lk/product/logitech-h390-noise-cancelling-headset-type-c/
DAHUA DHI-SSD-C800AS256G 256GB 2.5 BRAND NEW SSD ( 03 year warranty ),"Rs:15,500.00or 3 XRs:5,786.67with",In Stock,https://mdcomputers.lk/product/dahua-dhi-ssd-c800as256g-256gb-2-5-brand-new-ssd/
GTX750 2GB USED VGA ( RANDOM BRAND ),"Rs:15,500.00Rs:16,000.00or 3 XRs:5,786.67with",In Stock,https://mdcomputers.lk/product/gtx750-2gb-used-vga-random-brand/
REDRAGON RM113 2.5 256GB BRAND NEW SATA SSD,"Rs:15,500.00or 3 XRs:5,786.67with",In Stock,https://mdcomputers.lk/product/redragon-rm113-2-5-256gb-brand-new-sata-ssd/
HAVIT KB899L RGB MECHANICAL KEYBOARD,"Rs:15,500.00or 3 XRs:5,786.67with",In Stock,https://mdcomputers.lk/product/havit-kb899l-rgb-mechanical-keyboard/
Baseus 20000 mAh 45 W EnerFill FC21 “QPow 3 Ultra” Power Bank,"Rs:15,500.00or 3 XRs:5,786.67with",In Stock,https://mdcomputers.lk/product/baseus-20000-mah-45-w-enerfill-fc21-qpow-3-ultra-power-bank/
PXN 008 ARCADE FIGHTSTICK ( 01 YEARS WARRANTY ),"Rs:15,500.00Rs:17,000.00or 3 XRs:5,786.67with",In Stock,https://mdcomputers.lk/product/pxn-008-arcade-fightstick-01-years-warranty/
SEAGATE SKYHAWK 1TB REPUBLISH DESKTOP HARD DISK ( 01 year warranty ),"Rs:15,500.00or 3 XRs:5,786.67with",In Stock,https://mdcomputers.lk/product/seagate-skyhawk-1tb-brand-new-desktop-hard-disk-01-year-warranty/
ALCATROZ  X-CRAFT NEXUS RECHARGEABLE WIRLESS 4 – IN – 1 GAMING COMBO,"Rs:15,500.00or 3 XRs:5,786.67with",In Stock,https://mdcomputers.lk/product/alcatroz-x-craft-nexus-rechargeable-wirless-4-in-1-gaming-combo/
FANTECH ATOM PRO97 MK918 WIRELESS MECHANICAL KEYBOARRD,"Rs:15,500.00or 3 XRs:5,786.67with",In Stock,https://mdcomputers.lk/product/fantech-atom-pro97-mk918-wireless-mechanical-keyboarrd/
HP P240VA 24 INCH FULL HD USED MONITOR ( without cables ),"Rs:15,500.00Rs:16,000.00or 3 XRs:5,786.67with",In Stock,https://mdcomputers.lk/product/hp-p240va-24-inch-full-hd-used-monitor-without-cables/
KALOC DZ220-J HEIGHT ADJUSTABLE DOUBLE MONITOR DESK MOUNT,"Rs:15,500.00or 3 XRs:5,786.67with",In Stock,https://mdcomputers.lk/product/kaloc-dz220-j-height-adjustable-double-monitor-desk-mount/
CON 423 – UGREEN 11-in-1 Hub Type-C To HDMI 4k 60Hz/ VGA / Typec-C Data /2 * USB 3.0 / RJ45 Gigabit / SD/TF / AUX3.5mm/ PD – CM639 – 45520 – 1 Year Warranty,"Rs:15,600.00Rs:17,500.00or 3 XRs:5,824.00with",In Stock,https://mdcomputers.lk/product/con-423-ugreen-11-in-1-hub-type-c-to-hdmi-4k-60hz-vga-typec-c-data-2-usb-3-0-rj45-gigabit-sd-tf-aux3-5mm-pd-cm639-45520-1-year-warranty/
B360 USED 4RAM SLOT MOTHERBOARD,"Rs:15,900.00Rs:16,500.00or 3 XRs:5,936.00with",In Stock,https://mdcomputers.lk/product/asrock-z360-8th-9th-gen-used-motherboard/
ASUS TUF P306 GAMING M4 BRAND NEW WIRELESS MOUSE (1y),"Rs:16,000.00Rs:16,500.00or 3 XRs:5,973.33with",In Stock,https://mdcomputers.lk/product/asus-p306-tuf-gaming-m4-wireless-mouse1y/
ASUS TUF GAMIN H1 GAMING HEADSET ( 01year warranty ),"Rs:16,000.00or 3 XRs:5,973.33with",In Stock,https://mdcomputers.lk/product/asus-tuf-h1-gen-ii-usb-7-1-brand-new-gaming-headset/
JUNGLE LEOPARD INTERSTELLAR V4 3 IN 1 CASING FAN ( WHITE ),"Rs:16,000.00or 3 XRs:5,973.33with",In Stock,https://mdcomputers.lk/product/jungle-leopard-interstellar-v4-3-in-1-casing-fan/
CORSAIR HS35 V2 MULTIPLATFORM GAMING HEADSET – BLUE ( 01 YEARS WARRANTY ),"Rs:16,000.00or 3 XRs:5,973.33with",In Stock,https://mdcomputers.lk/product/corsair-hs35-v2-multiplatform-gaming-headset-blue-02-years-warranty/
REDRAGON CASTOR K631 PRO WIRLESS MECHANICAL KEYBOARD,"Rs:16,000.00or 3 XRs:5,973.33with",In Stock,https://mdcomputers.lk/product/redragon-k631-rgb-castor-pro-wireless-mech-gaming-keyboard/
KINGSTON FURY DDR4 8GB 2666MHZ BRAND NEW DESKTOP MEMORY ( 01 year warranty ),"Rs:16,000.00Rs:16,500.00or 3 XRs:5,973.33with",In Stock,https://mdcomputers.lk/product/kingston-fury-ddr4-8gb-2666mhz-brand-new-de/
ANTEC AX81 ELITE ATX BRAND NEW GAMING CASING,"Rs:16,300.00or 3 XRs:6,085.33with",In Stock,https://mdcomputers.lk/product/antec-ax81-elite-atx-brand-new-gaming-casing/
LOGITECH G502 HERO HIGH PERFORMANCE WIRED GAMING MOUSE ( 02 years warranty ),"Rs:16,500.00Rs:18,500.00or 3 XRs:6,160.00with",In Stock,https://mdcomputers.lk/product/logitech-g502-hero-wired-gaming-mouse-2-year-warranty/
RAIDMAX INFINITA I610  DUAL CHAMBER MID-TOWER GAMING CASING ( with 7 fans ),"Rs:16,500.00Rs:22,000.00or 3 XRs:6,160.00with",In Stock,https://mdcomputers.lk/product/raidmax-infinita-i610-argb-dual-chamber-mid-tower-gaming-case/
JBL Wave 200TWS Bluetooth In-Ear Headphones,"Rs:16,500.00or 3 XRs:6,160.00with",In Stock,https://mdcomputers.lk/product/jbl-wave-200tws-bluetooth-in-ear-headphones/
512GB  M.2 USED SSD,"Rs:16,500.00or 3 XRs:6,160.00with",In Stock,https://mdcomputers.lk/product/512gb-m-2-ssd-card/
ANTEC DP505 WHITE CASING,"Rs:16,500.00Rs:21,500.00or 3 XRs:6,160.00with",In Stock,https://mdcomputers.lk/product/antec-dp505-white-casing/
ZIMA ZM2140 SUBWOOFER,"Rs:16,500.00Rs:16,900.00or 3 XRs:6,160.00with",In Stock,https://mdcomputers.lk/product/zima-zm2140-subwoofer/
WD PURPLE 1TB REPUBLISH DESKTOP HARD DISK ( 01 Year warranty ),"Rs:16,500.00or 3 XRs:6,160.00with",In Stock,https://mdcomputers.lk/product/1tb-wd-purple-republish-desktop-hard-disk-01-year-warranty/
GIGABYTE H370 USED MOTHERBOARD,"Rs:16,500.00Rs:17,500.00or 3 XRs:6,160.00with",In Stock,https://mdcomputers.lk/product/gigabyte-h370-used-motherboard/
DDR4 8GB USED RGB GAMING RAM,"Rs:16,500.00Rs:17,500.00or 3 XRs:6,160.00with",In Stock,https://mdcomputers.lk/product/chill-ddr4-8gb-rgb-used-ram/
ANTEC AX85 ARGB GAMING CASING,"Rs:16,500.00or 3 XRs:6,160.00with",In Stock,https://mdcomputers.lk/product/antec-ax85-argb-gaming-casing/
FANTECH FINECOUSTIC SONARA UFM1 USB CONDENSER MICROPHONE,"Rs:16,500.00Rs:17,000.00or 3 XRs:6,160.00with",In Stock,https://mdcomputers.lk/product/fantech-finecoustic-sonara-ufm1-usb-condenser-microphone/
ANTEC ATOM B550 550W 80+ BRONZE BRAND NEW POWER SUPPLY,"Rs:16,500.00or 3 XRs:6,160.00with",In Stock,https://mdcomputers.lk/product/antec-atom-b550-550w-80-bronze-brand-new-power-supply/
USED GTX750TI 2GB VGA ( RANDOM BRAND ),"Rs:16,500.00Rs:18,000.00or 3 XRs:6,160.00with",In Stock,https://mdcomputers.lk/product/used-gtx750ti-2gb-vga-random-brand/
MSI FORGE GK320 MECHANICAL RGB GAMING WIRED COMBO KEYBOARD AND MOUSE ( 01 years Warranty ),"Rs:16,500.00or 3 XRs:6,160.00with",In Stock,https://mdcomputers.lk/product/mdcomputers-lk-products-msi-force-gk320/
ASUS TUF GAMING H1 GEN II USB 7.1 BRAND NEW HEADSET ( 1 Year Warranty ),"Rs:16,500.00or 3 XRs:6,160.00with",In Stock,https://mdcomputers.lk/product/asus-tuf-gaming-h1-gen-ii-usb-7-1-brand-new-headset/
JEDEL WKL-100 TRIPLE MODE COLORFUL MULTIMEDIA DISPLAY MECHANICAL GAMING KEYBOARD,"Rs:16,500.00or 3 XRs:6,160.00with",In Stock,https://mdcomputers.lk/product/jedel-wkl-100-triple-mode-colorful-multimedia-display-mechanical-gaming-keyboard/
KALOC DZ220-T ADIJUSTABLE HORIZONTAL DUAL MONITOR ARM,"Rs:16,500.00or 3 XRs:6,160.00with",In Stock,https://mdcomputers.lk/product/kaloc-dz220-t-adijustable-horizontal-dual-monitor-arm/
ZENO M624 MULTI FUNCTION QUAD STAND DESKTOP MONITOR MOUNT,"Rs:16,900.00Rs:18,000.00or 3 XRs:6,309.33with",In Stock,https://mdcomputers.lk/product/zeno-m624-multi-function-quad-stand-desktop-monitor-mount/
FALCON – 19” INCH LED+HDMI BRAND NEW MONITOR ( 2 YEARS WARRANTY ),"Rs:17,000.00Rs:17,500.00or 3 XRs:6,346.67with",In Stock,https://mdcomputers.lk/product/falcon-19-inch-ledhdmi-brand-new-monitor-2-years-warranty/
RAIDMAX INFINITA I800 ARGB MID-TOWER GAMING CASING,"Rs:17,000.00or 3 XRs:6,346.67with",In Stock,https://mdcomputers.lk/product/raidmax-infinita-i800-argb-mid-tower-gaming-case/
JBL Tune 710BT Pure Bass Sound Headphone,"Rs:17,000.00or 3 XRs:6,346.67with",In Stock,https://mdcomputers.lk/product/jbl-tune-710bt-pure-bass-sound-headphone/
H510M M.2 USED MOTHERBOARD,"Rs:17,000.00Rs:17,800.00or 3 XRs:6,346.67with",In Stock,https://mdcomputers.lk/product/msi-h510m-bomber-brand-new-motherboard/
FANTECH ATOM PRO96 MK914 MECHANICAL WIRELESS BRAND NEW GAMING KEYBOARD – BLUE SWICH,"Rs:17,000.00or 3 XRs:6,346.67with",In Stock,https://mdcomputers.lk/product/fantech-atom-pro96-mk914-mechanical-wireless-brand-new-gaming-keyboard-black/
REDRAGON TRUNDLE K668 WBO-RGB GAMING KEYBOARD,"Rs:17,000.00or 3 XRs:6,346.67with",In Stock,https://mdcomputers.lk/product/redragon-trundle-k668-wbo-rgb-gaming-keyboard/
ASUS GTX750TI 2GB OC USED GRHAPIC CARD,"Rs:17,000.00Rs:20,000.00or 3 XRs:6,346.67with",In Stock,https://mdcomputers.lk/product/asus-gtx750ti-2gb-oc-used-grhapic-card/
USED 2TB DESKTOP HARD DISK,"Rs:17,500.00Rs:19,000.00or 3 XRs:6,533.33with",In Stock,https://mdcomputers.lk/product/seagate-2tb-desktop-hard-drive/
ARMAGGEDDON SMK 9R MECHANICAL GAMING KEYBOARD,"Rs:17,500.00or 3 XRs:6,533.33with",In Stock,https://mdcomputers.lk/product/armaggeddon-smk-9r-mechanical-gaming-keyboard/
GAMDIAS ATHENA M3 ARGB MID-TOWER GAMING CASING,"Rs:17,500.00or 3 XRs:6,533.33with",In Stock,https://mdcomputers.lk/product/gamdias-athena-m3-argb-mid-tower-gaming-case/
JBL Go 4 Portable Bluetooth Speaker,"Rs:17,500.00or 3 XRs:6,533.33with",In Stock,https://mdcomputers.lk/product/jbl-go-4-portable-bluetooth-speaker/
REDRAGON SION K653 RGB GAMING KEYBOARD,"Rs:17,500.00or 3 XRs:6,533.33with",In Stock,https://mdcomputers.lk/product/redragon-sion-k653-rgb-gaming-keyboard/
MICROLAB G200BT 2.1 GAMING SUBWOOFER WITH BLUETOOTH (  01 YEAR WARRANTY ),"Rs:17,500.00Rs:17,800.00or 3 XRs:6,533.33with",In Stock,https://mdcomputers.lk/product/microlab-g200bt-2-1-gaming-sub-woofer-with-bluetooth-1y/
THERMALTAKE SMART BX3 550w 80 PLUS BRONZE POWER SUPPLY ( 05 years warranty ),"Rs:17,500.00or 3 XRs:6,533.33with",In Stock,https://mdcomputers.lk/product/thermaltake-smart-bx3-550w-80-plus-bronze-power-supply-03y/
GAMDIAS AURA GL240 LITE ARGB 240MM CPU LIQUID COOLER ( 01 year warranty ),"Rs:17,500.00Rs:18,500.00or 3 XRs:6,533.33with",In Stock,https://mdcomputers.lk/product/gamdias-aura-gl240-lite-argb-240mm-cpu-liquid-cooler/
FANTECH MK921 MAXFIT QMK WIRLESS MECHANICAL KEYBOARD,"Rs:17,500.00Rs:19,000.00or 3 XRs:6,533.33with",In Stock,https://mdcomputers.lk/product/fantech-maxfit-qmk/
Z370 USED 4 RAM SLOT GAMING MOTHERBOARD ( DUAL M.2 ),"Rs:17,500.00Rs:18,500.00or 3 XRs:6,533.33with",In Stock,https://mdcomputers.lk/product/z370-used-4-ram-slot-gaming-motherboard-dual-m-2/
CORSAIR HS55 STEREO WIRED GAMING HEADSET -CARBON ( 01 Years Warranty ),"Rs:17,500.00Rs:22,000.00or 3 XRs:6,533.33with",In Stock,https://mdcomputers.lk/product/corsair-hs55-stereo-gaming-headset-carbon-2-years-warranty/
APPLE A1657 USED MAGIC MOUSE,"Rs:17,500.00or 3 XRs:6,533.33with",In Stock,https://mdcomputers.lk/product/apple-a1657-used-magic-mouse/
ASUS H510 USED MOTHERBOARD,"Rs:17,500.00Rs:18,000.00or 3 XRs:6,533.33with",In Stock,https://mdcomputers.lk/product/asus-h510-used-motherboard/
FANTECH MAXFIT6 MK920 WIRELESS MECHANICAL KEYBOARD – BLACK BROWN SWITCH,"Rs:17,500.00Rs:18,700.00or 3 XRs:6,533.33with",In Stock,https://mdcomputers.lk/product/fantech-maxfit6-mk920-wireless-mechanical-keyboard-black-brown-switch/
RAZER DEATHADDER V2 X HYPERSPEED WIRELESS ERGONOMIC GAMING MOUSE ( 1 Years Warranty ),"Rs:17,500.00Rs:19,000.00or 3 XRs:6,533.33with",In Stock,https://mdcomputers.lk/product/razer-deathadder-v2-x-hyperspeed-wireless-ergonomic-gaming-mouse-1-years-warranty/
GAMDIAS HELIOS M1-650B 650W 80 PLUS BRONZE CERTIFIED POWER SUPPLY ( 03 Years warranty ),"Rs:18,000.00Rs:19,500.00or 3 XRs:6,720.00with",In Stock,https://mdcomputers.lk/product/gamdias-helios-m1-650b-650w-80-plus-bronze-certified-power-supply/
Intel® Core™ i7-6700T Processor,"Rs:18,000.00or 3 XRs:6,720.00with",In Stock,https://mdcomputers.lk/product/intel-core-i7-6700t-processor/
RAIDMAX INFINITA I800 ARGB MID-TOWER GAMING CASE – White,"Rs:18,000.00or 3 XRs:6,720.00with",In Stock,https://mdcomputers.lk/product/raidmax-infinita-i800-argb-mid-tower-gaming-case-white/
AARCTEC XL-2610 BRAND NEW BARCODE SACNNER,"Rs:18,000.00or 3 XRs:6,720.00with",In Stock,https://mdcomputers.lk/product/aarctec-xl-2610-brand-new-barcode-sacnner/
JUNGLE LEOPARD 9.16 INCH LCD MINI CUSTOMIZABLE 1920*480 IPS TEMPERATURE DISPLAY SCREEN ( BLACK ),"Rs:18,000.00or 3 XRs:6,720.00with",In Stock,https://mdcomputers.lk/product/jungle-leopard-9-16-inch-lcd-mini-customizable-1920480-ips-temperature-display-screen/
INTEL CORE I7 6700 6TH GEN USED PROCESSOR,"Rs:18,000.00Rs:19,000.00or 3 XRs:6,720.00with",In Stock,https://mdcomputers.lk/product/intel-core-i7-6700t-6th-gen-used-processor/
GAMIDIAS ATLAS E2 CG ARGB MID-TOWER BRAND NEW GAMING CASING,"Rs:18,500.00Rs:19,500.00or 3 XRs:6,906.67with",In Stock,https://mdcomputers.lk/product/gamidias-atlas-e2-cg-argb-mid-tower-brand-new-gaming-casing/
MSI MAG FORGE 320L BRAND NEW BLACK GAMING CASING,"Rs:18,500.00or 3 XRs:6,906.67with",In Stock,https://mdcomputers.lk/product/msi-mag-forge-320l-brand-new-black-gaming-casing/
INTEL CORE I7 6700K 6TH GEN USED PROCESSOR,"Rs:18,500.00or 3 XRs:6,906.67with",In Stock,https://mdcomputers.lk/product/intel-core-i7-6700k-6th-gen-used-processor/
ECS H410 M.2 USED MOTHERBOARD,"Rs:18,500.00or 3 XRs:6,906.67with",In Stock,https://mdcomputers.lk/product/ecs-b410-m-2-used-motherboard/
KOORUI DY01 DOUBLE LAYER DESKTOP LIFTING TABLE,"Rs:18,500.00Rs:20,500.00or 3 XRs:6,906.67with",In Stock,https://mdcomputers.lk/product/koorui-dy01-double-layer-desktop-lifting-table/
GAMDIAS AURA GC12 ARGB MID-TOWER BRAND NEW GAMING CASING,"Rs:18,500.00or 3 XRs:6,906.67with",In Stock,https://mdcomputers.lk/product/gamdias-aura-gc12-argb-mid-tower-brand-new-gaming-casing/
ARMAGGEDDON ORION 7 BLUETOOTH HEADPHONE,"Rs:18,500.00or 3 XRs:6,906.67with",In Stock,https://mdcomputers.lk/product/armaggeddon-orion-7-bluetooth-headphone/
H410 10th/11th GEN SUPPOTED USED MOTHERBOARD (random brands ),"Rs:18,500.00or 3 XRs:6,906.67with",In Stock,https://mdcomputers.lk/product/h419-used-10-11th-used-motherboard-price-in/
USED H610 MOTHERBOARD ( RANDOM BRAND ),"Rs:18,500.00Rs:20,500.00or 3 XRs:6,906.67with",In Stock,https://mdcomputers.lk/product/used-h610-motherboard-random-brand/
NORTH BAYOU A5C DUAL MONITOR ARM,"Rs:18,500.00or 3 XRs:6,906.67with",In Stock,https://mdcomputers.lk/product/north-bayou-a5c-dual-monitor-arm/
MICROLAB MINI KTV100 WIRELESS KARAOKE STEREO SPEAKER,"Rs:18,800.00or 3 XRs:7,018.67with",In Stock,https://mdcomputers.lk/product/microlab-mini-ktv100-wireless-karaoke-stereo-speaker/
ZENO M12 22INCH – 40INCH MONITOR ARM,"Rs:19,000.00Rs:20,000.00or 3 XRs:7,093.33with",In Stock,https://mdcomputers.lk/product/zeno-m12-22inch-40inch-monitor-arm/
REDRAGON H510 ZUES RGB WIRED GAMING HEADSET WITH MICROPHONE,"Rs:19,200.00or 3 XRs:7,168.00with",In Stock,https://mdcomputers.lk/product/redragon-h510-zues-rgb-wired-gaming-headset-with-microphone/
ASUS B460 USED MOTHERBOARD,"Rs:19,400.00Rs:22,000.00or 3 XRs:7,242.67with",In Stock,https://mdcomputers.lk/product/asus-prime-b460m-a-used-motherboardb460/
CORSAIR CX550 80 PLUS BROZE CERTIFIED POWER SUPPLY  ( 05 years warranty ),"Rs:19,500.00Rs:20,500.00or 3 XRs:7,280.00with",In Stock,https://mdcomputers.lk/product/corsair-cx550-80-plus-bronze-550w-atx-power-supply/
GAMDIAS HELIOS M1-750B 750W 80 PLUS BRONZE CERTIFIED POWER SUPPLY ( 03 years warranty ),"Rs:19,500.00Rs:21,000.00or 3 XRs:7,280.00with",In Stock,https://mdcomputers.lk/product/gamdias-helios-m1-750b-750w-80-plus-bronze-certified-power-supply/
PHILIPS 243S7E – 24 INCH FULL HD LED ROTATABLE USED MONITOR ( delivery not available ),"Rs:19,500.00Rs:22,900.00or 3 XRs:7,280.00with",In Stock,https://mdcomputers.lk/product/philips-b-line-242b1-led-monitor-full-hd-1080p/
ZENO M623 15 27 Inch MULTI MONITOR STAND HEIGHT ADJUSTABLE MONITOR RISER TRIPLE DISPLAY MOUNT,"Rs:19,500.00Rs:21,500.00or 3 XRs:7,280.00with",In Stock,https://mdcomputers.lk/product/zeno-m623-15-27-inch-multi-monitor-stand-height-adjustable-monitor-riser-triple-display-mount/
ANTEC AX1000 ARGB LITE BRAND NEW GAMING CASING,"Rs:19,500.00or 3 XRs:7,280.00with",In Stock,https://mdcomputers.lk/product/antec-ax1000-argb-mid-tower-gaming-casing/
NORTH BAYOU F160 FULL MOTION DUAL MONITOR MOUNT,"Rs:19,500.00Rs:20,500.00or 3 XRs:7,280.00with",In Stock,https://mdcomputers.lk/product/nb-north-bayou-f160-dual-screen-desktop-mount-support-load-from-2-to-9kg-and-17-to-27-inchesper-arm/
ASUS A31 TG BLACK GAMING CASING ( without fan ),"Rs:19,500.00or 3 XRs:7,280.00with",In Stock,https://mdcomputers.lk/product/asus-a31-tg-black-gaming-casing-without-fan/
WD PURPLE 1.5TB REPUBLISH HARD DISK ( 01 Years Warranty ),"Rs:19,500.00Rs:23,000.00or 3 XRs:7,280.00with",In Stock,https://mdcomputers.lk/product/wd-purple-1-5tb-republish-hard-disk-01-years-warranty/
PHILIPS 241B7Q – 24 INCH FULL HD LED USED MONITOR WITH WEBCAM ( delivery not available ),"Rs:19,500.00Rs:24,900.00or 3 XRs:7,280.00with",In Stock,https://mdcomputers.lk/product/philips-241b7q-24-inch-full-hd-led-rotatable-used-monitor-with-webcam-delivery-not-available/
MSI PRO H610M-C EX USED DDR5 MOTHERBOARD,"Rs:19,500.00or 3 XRs:7,280.00with",In Stock,https://mdcomputers.lk/product/msi-pro-h610m-c-ex-used-ddr5-motherboard/
I3 2ND GEN RGB NORMAL DESKTOP,"Rs:19,700.00Rs:21,700.00or 3 XRs:7,354.67with",In Stock,https://mdcomputers.lk/product/i3-2nd-gen-rgb-normal-desktop/
15.6″ 30 PIN FHD SLIM LAPTOP SCREEN,"Rs:20,000.00Rs:23,500.00or 3 XRs:7,466.67with",In Stock,https://mdcomputers.lk/product/15-6%e2%80%b3-30-pin-fhd-slim-laptop-screen/
MICROLAB M-300BT 2.1 SUB WOOFER ( 1y ),"Rs:20,000.00Rs:21,500.00or 3 XRs:7,466.67with",In Stock,https://mdcomputers.lk/product/microlab-m-300bt-2-1-sub-woofer1y/
LOGITECH G335 BRAND NEW GAMING HEADSET ( 02 years warranty ),"Rs:20,000.00or 3 XRs:7,466.67with",In Stock,https://mdcomputers.lk/product/logitech-g335-gaming-headset/
GAMDIAS ATHENA M3 ARGB MID-TOWER GAMING CASING,"Rs:20,000.00Rs:22,000.00or 3 XRs:7,466.67with",In Stock,https://mdcomputers.lk/product/gamdias-athena-m3-argb-mid-tower-gaming-wh-casing/
ADATA XPG DEFENDER PRO MID TOWER CASE – BLACK,"Rs:20,000.00or 3 XRs:7,466.67with",In Stock,https://mdcomputers.lk/product/adata-xpg-defender-pro-mid-tower-case-black/
JBL CLIP 5 BT SPEAKER,"Rs:20,500.00or 3 XRs:7,653.33with",In Stock,https://mdcomputers.lk/product/jbl-clip-5-bt-speaker/
NORTH BAYOU LONG ARM HEAVY DUTY DUAL MONITOR ARM H180 STACK MONITOR MOUNT STAND,"Rs:20,500.00Rs:21,500.00or 3 XRs:7,653.33with",In Stock,https://mdcomputers.lk/product/long-arm-heavy-duty-dual-monitor-arm-h180-stack-monitor-mount-stand/
Baseus 30000mAh 30W Star-Lord Digital Display Fast Charging Power Bank,"Rs:20,500.00or 3 XRs:7,653.33with",In Stock,https://mdcomputers.lk/product/baseus-30000mah-30w-star-lord-digital-display-fast-charging-power-bank/
INTEL CORE I7 7TH GEN USED PROCESSOR ( 03 month warranty ),"Rs:21,000.00Rs:32,500.00or 3 XRs:7,840.00with",In Stock,https://mdcomputers.lk/product/i7-7th-gen-processor/
CORSAIR CX650 80 PLUS BRONZE CERTIFIED BRAND NEW POWER SUPPLY  ( 5 years warranty ),"Rs:21,000.00Rs:24,500.00or 3 XRs:7,840.00with",In Stock,https://mdcomputers.lk/product/cx-series-cx650-650-watt-80-plus-bronze-atx-power-supply/
GAMDIAS AURA GL360 RGB 360MM CPU LIQUID COOLER (1 YEAR WARRANTY),"Rs:21,000.00Rs:22,000.00or 3 XRs:7,840.00with",In Stock,https://mdcomputers.lk/product/gamdias-aura-gl360-rgb-360mm-cpu-liquid-cooler-1-year-warranty/
GIGABYTE GTX960 2GB USED GRAPHICS CARD,"Rs:21,000.00Rs:25,000.00or 3 XRs:7,840.00with",In Stock,https://mdcomputers.lk/product/used-zotac-gtx960-2gb-vga/
DCP 1.2KV  (1200VA) LINE INTERACTIVE UPS(2Y),"Rs:21,000.00Rs:25,000.00or 3 XRs:7,840.00with",In Stock,https://mdcomputers.lk/product/1-2kv-dcp-1200va-line-interactive-ups2y/
USED DDR4 16GB LAPTOP RAM,"Rs:21,000.00Rs:25,000.00or 3 XRs:7,840.00with",In Stock,https://mdcomputers.lk/product/used-ddr4-16gb-2666-3200mhz-laptop-ram/
LOGITECH DRIVING FORCE SHIFTER,"Rs:21,000.00or 3 XRs:7,840.00with",In Stock,https://mdcomputers.lk/product/logitech-driving-force-shifter/
INTEL CORE I5 8TH GEN USED PROCESSOR (3 MONTH WARRANTY),"Rs:21,500.00Rs:23,500.00or 3 XRs:8,026.67with",In Stock,https://mdcomputers.lk/product/i5-8th-gen-used-processor/
GAMDIAS TALOS M3 MESH ARGB GAMING CASING,"Rs:21,500.00or 3 XRs:8,026.67with",In Stock,https://mdcomputers.lk/product/gamdias-talos-e3-mesh-argb-gaming-case/
REDRAGON AZURE K652GG RGB GAMING KEYBOARD,"Rs:21,500.00or 3 XRs:8,026.67with",In Stock,https://mdcomputers.lk/product/redragon-azure-k652gg-rgb-gaming-keyboard/
THERMALTAKE SMART BX3 PRO SE 650W 80 PLUS BRAND NEW POWER SUPPLY ( 05 years warranty ),"Rs:21,500.00or 3 XRs:8,026.67with",In Stock,https://mdcomputers.lk/product/thermaltake-smart-bx3-650w-80-plus-bronzesu/
NZXT H3 FLOW WHITE MICRO ATX CASE,"Rs:21,500.00Rs:23,000.00or 3 XRs:8,026.67with",In Stock,https://mdcomputers.lk/product/nzxt-h3-flow-edition-2025-atx-mid-tower-white-casing-01-years-warranty/
ATEC 27 INCH FULL HD LED HDMI USED MONITOR ( without cables  ),"Rs:21,500.00Rs:23,500.00or 3 XRs:8,026.67with",In Stock,https://mdcomputers.lk/product/27-inch-full-hd-led-used-monitor/
NORTH BAYOU A5 SINGLE MONITOR DESK ARM FOR 27 to 50 INCHES DISPLAYS,"Rs:21,500.00or 3 XRs:8,026.67with",In Stock,https://mdcomputers.lk/product/north-bayou-a5-gaming-single-desk-arm-monitor-mount-for-27-to-50-inches-displays/
GAMDIAS BOREAS P2-62D CPU BLACK AIR COOLER,"Rs:21,500.00or 3 XRs:8,026.67with",In Stock,https://mdcomputers.lk/product/gamdias-boreas-p2-62d-cpu-black-air-cooler/
MSI MAG A550BN – 550 WATT 80 PLUS BRONZE CERTIFIED BRAND NEW POWER SUPPLY ( 03 years wrranty ),"Rs:21,500.00Rs:25,000.00or 3 XRs:8,026.67with",In Stock,https://mdcomputers.lk/product/msi-mag-a550bn-550-watt-80-plus-bronze-certified-brand-new-power-supply/
DATO DDR4 8GB 3200MHZ BRAND NEW DESKTOP RAM ( 03 YEARS WARRANTY ),"Rs:21,500.00Rs:24,500.00or 3 XRs:8,026.67with",In Stock,https://mdcomputers.lk/product/dato-ddr4-8gb-3200mhz-brand-new-desktop-ram-03-years-warranty/
GAMDIAS AURA GC107 ELITE ARGB MICRO-TOWER CASE,"Rs:21,500.00or 3 XRs:8,026.67with",In Stock,https://mdcomputers.lk/product/gamdias-aura-gc107-elite-argb-micro-tower-case/
CORE I3 2ND GEN USED DESKTOP PC ( 03 MONTH WARRANTY ),"Rs:21,600.00Rs:23,600.00or 3 XRs:8,064.00with",In Stock,https://mdcomputers.lk/product/core-i3-2nd-gen-desktop/
CORE I3 3RD GEN USED DESKTOP PC ( 03 MONTH WARRANTY ),"Rs:22,000.00Rs:24,000.00or 3 XRs:8,213.33with",In Stock,https://mdcomputers.lk/product/core-i3-3rd-gen-used-desktop/
INTEL CORE I5 9TH ( 9400 ) GEN USED PROCESSOR,"Rs:22,000.00Rs:27,500.00or 3 XRs:8,213.33with",In Stock,https://mdcomputers.lk/product/intel-core-i5-9500-processor/
CORE I5 2ND GEN RGB NORMAL DESKTOP,"Rs:22,000.00Rs:24,000.00or 3 XRs:8,213.33with",In Stock,https://mdcomputers.lk/product/core-i5-2nd-gen-rgb-normal-desktop/
KALOC DS110-2 DESKTOP MOUNT MULTI SCREEN DISPLAY BRACKET ARM,"Rs:22,000.00Rs:24,500.00or 3 XRs:8,213.33with",In Stock,https://mdcomputers.lk/product/kaloc-ds110-2-desktop-mount-multi-screen-display-bracket-arm/
RAIDMAX INFINITA I803 ARGB MID-TOWER GAMING CASING,"Rs:22,000.00or 3 XRs:8,213.33with",In Stock,https://mdcomputers.lk/product/raidmax-infinita-i803-argb-mid-tower-gaming-casing/
RAIDMAX INFINITAS LD360 360mm ARGB LIQUID COOLER WITH DISPLAY,"Rs:22,000.00or 3 XRs:8,213.33with",In Stock,https://mdcomputers.lk/product/raidmax-infinitas-ld360-360mm-argb-liquid-cooler-with-display/
GTX1050 2GB USED GRAPHICS CARD,"Rs:22,000.00or 3 XRs:8,213.33with",In Stock,https://mdcomputers.lk/product/gtx1050-2gb-used-graphics-card/
PROLINK 1.2KVA PRO1201SFC BRAND NEW UPS ( 02 years warranty ),"Rs:22,500.00Rs:23,500.00or 3 XRs:8,400.00with",In Stock,https://mdcomputers.lk/product/prolink-1-2kva-brand-new-ups/
15.6″ LED 40 PIN SLIM LAPTOP SCREEN,"Rs:22,500.00or 3 XRs:8,400.00with",In Stock,https://mdcomputers.lk/product/15-6%e2%80%b3-led-40-pin-slim-laptop-screen/
ANTEC ATOM G650 650W 80+ GOLD SEMI MODULAR ATX 2.0,"Rs:22,500.00Rs:25,500.00or 3 XRs:8,400.00with",In Stock,https://mdcomputers.lk/product/antec-atom-g650-650w-80-gold-semi-modular-atx-2-0/
DAHUA 19 INCH DHI-LM19-A202Y LED BRAND NEW MONITOR ( 03y ),"Rs:22,500.00Rs:25,000.00or 3 XRs:8,400.00with",In Stock,https://mdcomputers.lk/product/dahua-19-inch-dhi-lm19-a202y-led-brand-new-monitor-03y/
MICROLAB 2.1 TMN-8BT BRAND NEW BLUETOOTH SPEAKER ( 01y ),"Rs:22,500.00or 3 XRs:8,400.00with",In Stock,https://mdcomputers.lk/product/microlab-2-1-tmn-8bt-brand-new-bluetooth-speaker-01y/
DELL ULTRASHARP U2419H 24 INCH FULL HD IPS FRAMELESS USED MONITOR ( without cables ),"Rs:22,500.00Rs:23,500.00or 3 XRs:8,400.00with",In Stock,https://mdcomputers.lk/product/dell-ultrasharp-24-inch-full-hd-ips-frameless-used-monitor-without-cables/
SAMSUNG BRANDED CORE I3 2ND GEN USED DESKTOP PC FULLSET,"Rs:22,500.00Rs:27,700.00or 3 XRs:8,400.00with",In Stock,https://mdcomputers.lk/product/samsung-branded-core-i3-2nd-gen-used-desktop-pc-fullset/
MSI MAG A650BN – 650 WATT 80 PLUS BRONZE CERTIFIED POWER SUPPLY ( 03 years warranty ),"Rs:23,000.00or 3 XRs:8,586.67with",In Stock,https://mdcomputers.lk/product/msi-mag-a650bn-650-watt-80-plus-bronze-certified-power-supply-2/
ZENO MH10D DOUBLE MONITOR ARM EXTENDED HEAVY DESK MOUNT 17 TO 35 INCHES,"Rs:23,000.00Rs:25,000.00or 3 XRs:8,586.67with",In Stock,https://mdcomputers.lk/product/zeno-mh10d-double-monitor-arm-extended-heavy-desk-mount-17-to-35-inches/
GOLDEN FIELD AESTHETICS VISION 360 A-RGB BRAND NEW LIQUID COOLER,"Rs:23,000.00Rs:25,000.00or 3 XRs:8,586.67with",In Stock,https://mdcomputers.lk/product/golden-field-aesthetics-vision-360-brand-new-liquid-cooler/
LOGITECH G435 LIGHTSPEED & BLUETOTH WIRELESS GAMING HEADSET ( WHITE ),"Rs:23,400.00or 3 XRs:8,736.00with",In Stock,https://mdcomputers.lk/product/logitech-g435-lightspeed-bluetoth-wireless-gaming-headset-white/
LEXAR NM620 256GB M.2 2280 PCI-E x4 GEN3 BRAND NEW NVME ( 03 YEARS WARRANTY ),"Rs:23,500.00Rs:26,500.00or 3 XRs:8,773.33with",In Stock,https://mdcomputers.lk/product/lexar-nm620-256gb-m-2-2280-pci-e-x4-gen3-nvme/
SILVERSTONE SST-ST70F-ES230 – 700W 80 PLUS 230V EU ATX BRAND NEW PC POWER SUPPLY ( 03 Years warranty ),"Rs:23,500.00or 3 XRs:8,773.33with",In Stock,https://mdcomputers.lk/product/silverstone-sst-st70f-es230-700w-80-plus-230v-eu-atx-pc-power-supply/
JUNGLE LEOPARD ASTROBEAT DGT 240 LIQUID COOLER – WHITE,"Rs:23,500.00or 3 XRs:8,773.33with",In Stock,https://mdcomputers.lk/product/jungle-leopard-astrobeat-dgt-240-liquid-cooler-white/
FANTECH R2 RACING WHEEL,"Rs:23,500.00or 3 XRs:8,773.33with",In Stock,https://mdcomputers.lk/product/fantech-r2-racing-wheel/
BASEUS 20000mAh 100W Blade H1 Power Bank HD Edition ( 01 YEAR WARRANTY ),"Rs:23,500.00or 3 XRs:8,773.33with",In Stock,https://mdcomputers.lk/product/baseus-20000mah-100w-blade-h1-power-bank-hd-edition-01-year-warranty/
NORTH BAYOU A6 GAMING SINGLE DESK ARM,"Rs:23,500.00or 3 XRs:8,773.33with",In Stock,https://mdcomputers.lk/product/north-bayou-a6-gaming-single-desk-arm/
KALOC DS160-2 DUAL MONITOR ARM,"Rs:23,500.00or 3 XRs:8,773.33with",In Stock,https://mdcomputers.lk/product/kaloc-ds160-2-dual-monitor-arm/
CORE I5 2ND GEN USED DESKTOP PC ( 03 MONTH WARRANTY ),"Rs:23,900.00Rs:25,900.00or 3 XRs:8,922.67with",In Stock,https://mdcomputers.lk/product/core-i5-2nd-gen-used-desktop/
NZXT C750 – 750W BRONZE NON-MODULAR POWER SUPPLY ( 03 years warranty ),"Rs:24,000.00Rs:25,000.00or 3 XRs:8,960.00with",In Stock,https://mdcomputers.lk/product/nzxt-c750-750-watt-80-plus-bronze-certified-power-supply-3-years-warranty/
INTEL CORE I5 9TH (9500) GEN USED PROCESSOR,"Rs:24,000.00Rs:28,000.00or 3 XRs:8,960.00with",In Stock,https://mdcomputers.lk/product/intel-core-i5-9th-gen-used-processor/
RAIMAX HURIKKAN H200 ARGB MID-TOWER CASING,"Rs:24,000.00or 3 XRs:8,960.00with",In Stock,https://mdcomputers.lk/product/raimax-hurikkan-h200-argb-mid-tower-casing/
KINGSTON DDR4 8GB BRAND NEW DESKTOP MEMORY ( 03 years warranty ),"Rs:24,000.00or 3 XRs:8,960.00with",In Stock,https://mdcomputers.lk/product/adata-ddr4-8gb-3200mhz-pc4-25600-brand-new-desktop-memory/
BASEUS FREE2FULL 20000mAh 65W POWER BANK WITH RETRACTABLE CABLE,"Rs:24,000.00Rs:24,500.00or 3 XRs:8,960.00with",In Stock,https://mdcomputers.lk/product/baseus-free2full-20000mah-65w-power-bank-with-retractable-cable/
INTEL CORE I3 3RD GEN 4GB RAM 120GB SSD WITH RGB DESKTOP PC,"Rs:24,000.00Rs:25,500.00or 3 XRs:8,960.00with",In Stock,https://mdcomputers.lk/product/intel-core-i3-3rd-gen-rgb-desktop-pc-hoamag/
THERMALTAKE SMART BX3 PRO 750W 80 PLUS BRONZE POWER SUPPLY,"Rs:24,000.00Rs:25,000.00or 3 XRs:8,960.00with",In Stock,https://mdcomputers.lk/product/thermaltake-smart-bx3-pro-750w-80-plus-bron/
INTEL CORE I3 4TH GEN USED DESKTOP PC ( 03 MONTH WARRANTY ),"Rs:24,200.00Rs:26,200.00or 3 XRs:9,034.67with",In Stock,https://mdcomputers.lk/product/intel-core-i3-4th-gen-used-desktop/
MICROLAB M-600BT 2.1 SUB WOOFER ( 01 YEAR WARRANTY ),"Rs:24,500.00Rs:25,500.00or 3 XRs:9,146.67with",In Stock,https://mdcomputers.lk/product/microlab-m-600bt-2-1-sub-woofer1y/
ANTEC ATOM G750 750W 80+ GOLD SEMI MODULAR ATX 2.0 BRAND NEW POWER SUPPLY,"Rs:24,500.00Rs:28,500.00or 3 XRs:9,146.67with",In Stock,https://mdcomputers.lk/product/antec-atom-g750-750w-80-gold-semi-modular-atx-2-0/
ZIMA ZM6150 SUBWOOFER,"Rs:24,500.00Rs:25,000.00or 3 XRs:9,146.67with",In Stock,https://mdcomputers.lk/product/zima-zm6150-soundbar/
NORTH BAYOU G35 DUAL LCD LED DISPLAY MOUNT GAS SPRING ARM FULL MOTION DESKTOP MONITOR HOLDER FOR 22″-32″,"Rs:24,500.00Rs:26,000.00or 3 XRs:9,146.67with",In Stock,https://mdcomputers.lk/product/nb-g35-dual-lcd-led-display-mount-gas-spring-arm-full-motion-desktop-monitor-holder-for-22%e2%80%b3-32%e2%80%b3/
GAMDAS ATLAS M4 ARGB MID-TOWER CASING,"Rs:24,500.00Rs:26,500.00or 3 XRs:9,146.67with",In Stock,https://mdcomputers.lk/product/gamdas-atlas-m4-argb-mid-tower-casing/
MICROLAB T11 2.1 MULTIMEDIA BLUETOOTH GAMING SPEAKER,"Rs:24,500.00or 3 XRs:9,146.67with",In Stock,https://mdcomputers.lk/product/microlab-t11-2-1-multimedia-bluetooth-gaming-speaker/
AMD RYZEN 5 2600 PROCESSOR (16M UP TO 3.9 GHZ) – WITHOUT BOX/COOLER,"Rs:24,500.00Rs:26,000.00or 3 XRs:9,146.67with",In Stock,https://mdcomputers.lk/product/amd-ryzen-5-2600-processor-16m-up-to-3-9-ghz-without-box-cooler/
CORE I5 3RD GEN DESKTOP PC ( 03 MONTH WARRANTY ),"Rs:24,900.00Rs:26,900.00or 3 XRs:9,296.00with",In Stock,https://mdcomputers.lk/product/core-i5-3rd-gen-pc-4gb-ram-500gb-hdd/
GOLDEN FIELED XD 360 LIQUID COOLER,"Rs:25,000.00or 3 XRs:9,333.33with",In Stock,https://mdcomputers.lk/product/golden-fieled-xd-360-liquid-cooler/
COOLMOON GLACIER 360 COMPUTER HOST INTEGRATED ARGB CPU COOLER,"Rs:25,000.00or 3 XRs:9,333.33with",In Stock,https://mdcomputers.lk/product/coolmoon-glacier-360-computer-host-integrated-argb-cpu-cooler/
LIAN-LI V100R GAMING CASING,"Rs:25,000.00Rs:28,500.00or 3 XRs:9,333.33with",In Stock,https://mdcomputers.lk/product/lian-li-v100r-gaming-casing/
MSI MAG FORGE 321R ARGB MID-TOWER BRAND NEW CASE ( 2 Years Warranty ),"Rs:25,000.00or 3 XRs:9,333.33with",In Stock,https://mdcomputers.lk/product/msi-mag-forge-321r-argb-mid-tower-brand-new-case-2-years-warranty/
MICROLAB M-660BT BRAND NEW SUBWOOFER ( 01 year warranty ),"Rs:25,000.00or 3 XRs:9,333.33with",In Stock,https://mdcomputers.lk/product/microlab-m-660bt-brand-new-subwoofer-01-year-warranty/
ASUS RA07 TUF GAMING K3 GEN II KEYBOARD ( 01 year warranty ),"Rs:25,300.00or 3 XRs:9,445.33with",In Stock,https://mdcomputers.lk/product/asus-ra07-tuf-gaming-k3-gen-ii-keyboard-01-year-warranty/
INTEL CORE I5 3RD GEN 4GB RAM 500GB HARD DISK WITH RGB DESKTOP PC,"Rs:25,400.00Rs:26,900.00or 3 XRs:9,482.67with",In Stock,https://mdcomputers.lk/product/intel-core-i5-3rd-gen-4gb-ram-500gb-hard-disk-with-rgb-desktop-pc/
DDR4 16GB USED DESKTOP RAM,"Rs:25,500.00Rs:28,500.00or 3 XRs:9,520.00with",In Stock,https://mdcomputers.lk/product/ddr4-16gb-desktop-ram/
CORSAIR CX750 80 PLUS BRONZE CERTIFIED POWER SUPPLY ( 5 YEARS WARRANTY ),"Rs:25,500.00Rs:28,000.00or 3 XRs:9,520.00with",In Stock,https://mdcomputers.lk/product/corsair-cx750-80-plus-bronze-certified-powe/
Raidmax Infinita I620 ARGB Mid-Tower Gaming Case Black,"Rs:25,500.00or 3 XRs:9,520.00with",In Stock,https://mdcomputers.lk/product/raidmax-infinita-i620-argb-mid-tower-gaming-case-black/
NZXT KRAKEN240 (240mm) RGB CPU Liquid Cooler With LCD DISPLAY WHITE ( 03 YEARS WARRANTY ),"Rs:25,500.00Rs:52,000.00or 3 XRs:9,520.00with",In Stock,https://mdcomputers.lk/product/nzxt-kraken240-240mm-rgb-cpu-liquid-cooler-with-lcd-display-white/
KOORUI 22 INCH  22N1 VA 1080P 100HZ BRAND NEW MONITOR ( 03 years warranty ),"Rs:25,500.00or 3 XRs:9,520.00with",In Stock,https://mdcomputers.lk/product/koorui-22-inch-22n1-va-1080p-100hz-brand-new-monitor-03-years-warranty/
AMD RYZEN™ 3 3200G BRAND NEW TRAY PROCESSORS ( 03 years warranty ),"Rs:26,000.00or 3 XRs:9,706.67with",In Stock,https://mdcomputers.lk/product/amd-ryzen-3-3200g-processors/
NZXT KRAKEN 240 (240mm) CPU Liquid Cooler With LCD Display Black ( 03 YEARS WARRANTY ),"Rs:26,000.00Rs:43,500.00or 3 XRs:9,706.67with",In Stock,https://mdcomputers.lk/product/nzxt-kraken-240-240mm-cpu-liquid-cooler-with-lcd-display-black/
NZXT KRAKEN 280 (280mm) CPU Liquid Cooler With LCD Display Black,"Rs:26,000.00Rs:48,500.00or 3 XRs:9,706.67with",In Stock,https://mdcomputers.lk/product/nzxt-kraken-280-280mm-cpu-liquid-cooler-with-lcd-display-black/
GAMDIAS AURA GL360 DIGITAL ARGB 360MM BRAND NEW CPU LIQUID COOLER ( 03 Years warranty ),"Rs:26,000.00or 3 XRs:9,706.67with",In Stock,https://mdcomputers.lk/product/gamdias-aura-gl360-digital-argb-360mm-cpu-liquid-cooler/
TWINMOS H2ULTRA 512GB 2.5” SSD SATAIII ( 03 YEARS WARRANTY ),"Rs:26,000.00Rs:34,500.00or 3 XRs:9,706.67with",In Stock,https://mdcomputers.lk/product/twinmos-h2ultra-512gb-2-5-ssd-sataiii-03-years-warranty/
ASUS PRIME 650B BLACK 650W BRONZE POWER SUPPLY ( 03 YEARS WARRANTY ),"Rs:26,000.00or 3 XRs:9,706.67with",In Stock,https://mdcomputers.lk/product/asus-prime-650b-black-650w-bronze-power-supply-03-years-warranty/
MSI A520M-A PRO BRAND NEW MOTHER BOARD ( 03 years warranty ),"Rs:26,500.00Rs:27,500.00or 3 XRs:9,893.33with",In Stock,https://mdcomputers.lk/product/msi-a520m-a-pro-brand-new-mother-board/
ASUS PRIME A520M-K (DDR4) MICRO  ATX MOTHERBOARD ( 03 YEARS WARRANTY ),"Rs:26,500.00Rs:28,500.00or 3 XRs:9,893.33with",In Stock,https://mdcomputers.lk/product/asus-prime-a520m-k-motherboard/
ASUS RA05 TUF K3 BRAND NEW GAMING KEYBOARD (1y),"Rs:26,500.00Rs:29,900.00or 3 XRs:9,893.33with",In Stock,https://mdcomputers.lk/product/asus-ra05-tuf-gaming-k3-keyboard1y/
GAMDIAS BOREAS M2-61L CPU AIR COOLER ( 3 Years Warranty ),"Rs:26,500.00Rs:27,500.00or 3 XRs:9,893.33with",In Stock,https://mdcomputers.lk/product/gamdias-boreas-m2-61l-cpu-air-cooler/
PXN V3 PRO Racing Steering Wheel,"Rs:26,500.00Rs:32,500.00or 3 XRs:9,893.33with",In Stock,https://mdcomputers.lk/product/pxn-v3-pro-racing-steering-wheel/
WD PURPLE 2TB REPUBLISH HARD DISK ( 01 YEARS WARRANTY ),"Rs:26,500.00Rs:29,000.00or 3 XRs:9,893.33with",In Stock,https://mdcomputers.lk/product/wd-purple-2tb-republish-hard-disk-01-years-warranty/
SEAGATE SKYHAWK 2TB REPUBLISH DESKTOP HARD DISK ( 01 year warranty ),"Rs:26,500.00Rs:29,500.00or 3 XRs:9,893.33with",In Stock,https://mdcomputers.lk/product/seagate-skyhawk-2tb-brand-new-desktop-hard-disk-01-year-warranty/
B560 10th / 11th GEN SUPPORTED USED MOTHERBOARD ( random brands ),"Rs:26,500.00Rs:27,500.00or 3 XRs:9,893.33with",In Stock,https://mdcomputers.lk/product/b560-used-10th-11th-supported-used-motherb/
JBR-810 WIRELESS KARAOKE PARTY BOX,"Rs:26,900.00Rs:31,000.00or 3 XRs:10,042.67with",In Stock,https://mdcomputers.lk/product/jbr-810-wireless-karaoke-party-box/
GAMDIAS CHIONE E4-240 ARGB 240MM LIGUID COOLER,"Rs:27,000.00or 3 XRs:10,080.00with",In Stock,https://mdcomputers.lk/product/gamdias-chione-e4-240-argb-240mm-liquid-cooler/
AMD RYZEN 5 3400G TRAY PROCESSOR  – WITH OUT BOX & COOLER,"Rs:27,000.00Rs:30,000.00or 3 XRs:10,080.00with",In Stock,https://mdcomputers.lk/product/amd-ryzen-5-3400g-tray-processor-03-years/
CANON SCAN LIDE 300 SCANNER,"Rs:27,000.00or 3 XRs:10,080.00with",In Stock,https://mdcomputers.lk/product/canon-scan-lide-300-scanner/
ASUS VP227HF 22 INCH LED EYE CARE 100Hz GAMING MONITOR ( 03 years warranty ),"Rs:27,000.00Rs:36,700.00or 3 XRs:10,080.00with",In Stock,https://mdcomputers.lk/product/asus-vp227hf-22-inch-led-eye-care-100hz-gaming-monitor-03-years-warranty/
CORE I7 2ND GEN RGB NORMAL DESKTOP,"Rs:27,300.00Rs:29,300.00or 3 XRs:10,192.00with",In Stock,https://mdcomputers.lk/product/core-i7-2nd-gen-rgb-normal-desktop-3/
WESTERN DIGITAL BLUE 1TB HARD DISK BRAND NEW ( 03 Years Warranty ),"Rs:27,500.00Rs:278,500.00or 3 XRs:10,266.67with",In Stock,https://mdcomputers.lk/product/western-digital-blue-7200rpm-1tb-hard-disk/
ANTEC P20C ARGB CASING,"Rs:27,500.00or 3 XRs:10,266.67with",In Stock,https://mdcomputers.lk/product/antec-p20c-black-casing/
SEAGATE BARRACUDA 1TB 7200RPM BRAND NEW DESKTOP HDD ( 3 years warranty ),"Rs:27,500.00Rs:28,500.00or 3 XRs:10,266.67with",In Stock,https://mdcomputers.lk/product/seagate-barracuda-1tb-desktop-internal-hard-drive-2-years-warranty/
LENOVO THINKVISION 27 INCH IPS FHD HDMI USED MONITOR ( DELIVERY NOT AVAILABLE ),"Rs:27,500.00Rs:29,500.00or 3 XRs:10,266.67with",In Stock,https://mdcomputers.lk/product/lenovo-thinkvision-27-inch-led-fhd-used-monitor-delivery-not-available/
MSI PRO MP225 E12VL 21.5″ Inch 120Hz 1ms FHD ULTRA SLIM FRAMLESS MONITOR,"Rs:27,500.00Rs:28,000.00or 3 XRs:10,266.67with",In Stock,https://mdcomputers.lk/product/msi-pro-mp225-e12vl-21-5-inch-120hz-1ms-fhd-ultra-slim-framless-monitor/
DELL P2422HE 24 INCH IPS FRAMELESS USED TYPE-C FHD MONITOR ( without cables ),"Rs:27,500.00Rs:29,500.00or 3 XRs:10,266.67with",In Stock,https://mdcomputers.lk/product/dell-p2422he-24-inch-ips-frameless-used-type-c-monitor-without-cables/
Silverstone IceMyst 240 All-in-One ARGB Liquid Cooler,"Rs:28,000.00or 3 XRs:10,453.33with",In Stock,https://mdcomputers.lk/product/silverstone-icemyst-240-all-in-one-argb-liquid-cooler/
JBL Tune Buds,"Rs:28,000.00or 3 XRs:10,453.33with",In Stock,https://mdcomputers.lk/product/jbl-tune-buds/
AMD RYZEN 5 3600 BRAND NEW TRAY PROCESSOR  ( 01 YEAR WARRANTY ),"Rs:28,000.00Rs:30,000.00or 3 XRs:10,453.33with",In Stock,https://mdcomputers.lk/product/amd-ryzen-5-3600-desktop-processors-with-w/
MSI MAG CORELIQUID ARGB A13 240mm CPU Liquid Cooler Black ( 3 YEARS WARRANTY ),"Rs:28,000.00or 3 XRs:10,453.33with",In Stock,https://mdcomputers.lk/product/msi-mag-coreliquid-argb-a13-240mm-cpu-liquid-cooler-black-3-years-warranty/
ASUS PRIME 750B BRONZE 750W POWER SUPPLY,"Rs:28,000.00or 3 XRs:10,453.33with",In Stock,https://mdcomputers.lk/product/asus-prime-750b-black-750w-bronze-power-supply/
DELL P2714HC 27 INCH IPS LED USED MONITOR ( without cable ),"Rs:28,000.00or 3 XRs:10,453.33with",In Stock,https://mdcomputers.lk/product/dell-p2714hc-27-inch-ips-led-used-monitor-without-cable/
ADATA DDR4 8GB 3200MHz BRAND NEW DESKTOP MEMORY ( 3 years warranty ),"Rs:28,000.00Rs:28,500.00or 3 XRs:10,453.33with",In Stock,https://mdcomputers.lk/product/adata-8gb-1x8gb-ddr4-3200mhz-so-dimm-laptop/
KINGSTON DDR4 8GB (3200mhz ) BRAND NEW DESKTOP RAM ( 03 years warranty ),"Rs:28,000.00Rs:28,500.00or 3 XRs:10,453.33with",In Stock,https://mdcomputers.lk/product/kingston-ddr4-8gb-3200mhz-brand-new-desktop-ram-03-years-warranty/
CORE I5 4TH GEN USED DESKTOP PC ( 03 MONTH WARRANTY ),"Rs:28,200.00Rs:30,200.00or 3 XRs:10,528.00with",In Stock,https://mdcomputers.lk/product/core-i5-4th-gen-used-desktop-2/
MICROLAB PT600 BLUETOOTH PARTY SPEAKER ( 1y ),"Rs:28,500.00Rs:35,000.00or 3 XRs:10,640.00with",In Stock,https://mdcomputers.lk/product/microlab-pt600-bluetooth-party-speaker-1y/
DDR5 8GB ( 5600Mhz ) USED LAPTOP MEMORY ( random brands ),"Rs:28,500.00Rs:30,000.00or 3 XRs:10,640.00with",In Stock,https://mdcomputers.lk/product/ddr5-8gb-4800mhz-brand-new-laptop-ram-01-year-warranty/
USED DDR4 16GB RGB GAMING DESKTOP RAM ( random brands ),"Rs:28,500.00Rs:35,000.00or 3 XRs:10,640.00with",In Stock,https://mdcomputers.lk/product/used-ddr4-16gb-rgb-gaming-desktop-ram-random-brands/
ADATA DDR4 8GB (3200MHz) SO-DIMM LAPTOP MEMORY ( 3 YEARS WARRANTY ),"Rs:28,500.00or 3 XRs:10,640.00with",In Stock,https://mdcomputers.lk/product/adata-ddr4-8gb-3200mhz-so-dimm-laptop-memor/
JBL Tune Flex Wireless In-Ear Earbuds,"Rs:29,000.00or 3 XRs:10,826.67with",In Stock,https://mdcomputers.lk/product/jbl-tune-flex-wireless-in-ear-earbuds/
SOEYI CH1L BLACK CASIN,"Rs:29,000.00or 3 XRs:10,826.67with",In Stock,https://mdcomputers.lk/product/soeyi-ch1l-black-casin/
ASTROSHEL V2G 240 BLACK LIQUID COOLER ( 03 Years Warranty ),"Rs:29,000.00or 3 XRs:10,826.67with",In Stock,https://mdcomputers.lk/product/astroshel-v2g-240-black-liquid-cooler-03-years-warranty/
AMD RYZEN 7 2700X BRAND NEW PROCESSOR ( WITH OUT BOX & COOLER ),"Rs:29,000.00or 3 XRs:10,826.67with",In Stock,https://mdcomputers.lk/product/amd-ryzen-7-2700x-brand-new-processor-with-out-box-cooler/
AMD RYZEN 5 3500X BRAND NEW PROCESSOR ( WITH OUT BOX & COOLER ),"Rs:29,000.00or 3 XRs:10,826.67with",In Stock,https://mdcomputers.lk/product/amd-ryzen-5-3500x-brand-new-processor-with-out-box-cooler/
ADDLINK S20 3D NAND 2.5 INCH 512GB BRAND NEW SATA SSD,"Rs:29,500.00Rs:33,500.00or 3 XRs:11,013.33with",In Stock,https://mdcomputers.lk/product/addlink-s20-512gb-ssd-3d-nand-2-5-inch-2/
AMD RYZEN 5 3600X BRAND NEW DESKTOP PROCESSOR ( 01 year warranty ),"Rs:29,500.00Rs:30,000.00or 3 XRs:11,013.33with",In Stock,https://mdcomputers.lk/product/amd-ryzen-5-3600x-brand-new-desktop-process/
ARMAGGEDDON PF22HD 22 INCH PIXXEL+PRO 100Hz BRAND NEW GAMING MONITOR ( 02years warranty ),"Rs:29,500.00or 3 XRs:11,013.33with",In Stock,https://mdcomputers.lk/product/armaggeddon-pf22hd-22-inch-pixxelpro-100hz-brand-new-gaming-monitor-02years-warranty/
MICROLAB PT800 BLUETOOTH PARTY SPEAKER – ( Display Unit ),"Rs:30,000.00Rs:55,000.00or 3 XRs:11,200.00with",In Stock,https://mdcomputers.lk/product/microlab-pt800-bluetooth-party-speaker-1y/
SOEYI CH1L WHITE BRAND NEW GAMING CASING,"Rs:30,000.00Rs:32,000.00or 3 XRs:11,200.00with",In Stock,https://mdcomputers.lk/product/soeyi-ch1l-white-gaming-casing/
ASTROSHEL V2G 240 WHITE LIQUID COOLER ( 03 Years Warranty ),"Rs:30,000.00or 3 XRs:11,200.00with",In Stock,https://mdcomputers.lk/product/astroshel-v2g-240-white-liquid-cooler-03-years-warranty/
MSI H610M-E PRO DDR5 BRAND NEW MOTHERBOARD ( 3 YEARS WARRANTY),"Rs:31,000.00Rs:33,000.00or 3 XRs:11,573.33with",In Stock,https://mdcomputers.lk/product/msi-h610m-e-pro-ddr5-motherboard-3-years-wa/
CORSIAR NAUTILUS ARGB 240mm LIQUID CPU COOLER (3 Years Warranty),"Rs:31,000.00or 3 XRs:11,573.33with",In Stock,https://mdcomputers.lk/product/corsair-nautilus-argb-240mm-liquid-cpu-cooler-3-years-warranty/
ASUS TUF GT301 BRAND NEW GAMING CASING,"Rs:31,000.00Rs:31,500.00or 3 XRs:11,573.33with",In Stock,https://mdcomputers.lk/product/asus-tuf-gt301-brand-new-gaming-casing/
ARCTIC LIQUID FREEZER III 240 BLACK COOLER ( 06 year warranty ),"Rs:31,000.00or 3 XRs:11,573.33with",In Stock,https://mdcomputers.lk/product/arctic-liquid-freezer-iii-240-black-cooler-06-year-warranty/
ASUS VZ24EHF 24 INCH FULL HD IPS 100Hz EYE CARE BRAND NEW MONITOR ( 3 years warranty ),"Rs:31,000.00Rs:33,000.00or 3 XRs:11,573.33with",In Stock,https://mdcomputers.lk/product/asus-vz24ehf-24-inch-full-hd-ips-100hz-brand-new-monitor-3-years-warranty/
CORE I7 2ND GEN USED ASSEMBLE DESKTOP PC ( 03 MONTH WARRANTY ),"Rs:31,200.00Rs:33,200.00or 3 XRs:11,648.00with",In Stock,https://mdcomputers.lk/product/core-i7-2nd-gen-used-desktop-computer/
CORSAIR VENGEANCE LPX DDR4 8GB 3200MHZ BRAND NEW RAM (10 YEAR WARRANTY),"Rs:31,500.00Rs:35,000.00or 3 XRs:11,760.00with",In Stock,https://mdcomputers.lk/product/corsair-vengeance-lpx-8gb-brand-new-ram/
GAMDIAS CHIONE E4-360 ARGB 360MM LIQUID COOLER ( 03 YEARS WARRANTY),"Rs:31,500.00Rs:32,000.00or 3 XRs:11,760.00with",In Stock,https://mdcomputers.lk/product/gamdias-chione-e4-360-argb-360mm-liquid-cooler-2-years-warranty/
GTX1050TI 4GB USED VGA ( RANDOM BRAND ),"Rs:31,500.00Rs:32,500.00or 3 XRs:11,760.00with",In Stock,https://mdcomputers.lk/product/zotac-gtx1050ti-4gb-used-vga/
ARMAGGEDON AQUARON X-CURVE GIGA 10 BLACK GAMING CASING,"Rs:31,900.00or 3 XRs:11,909.33with",In Stock,https://mdcomputers.lk/product/armaggedon-aquaron-x-curve-giga-10-black-gaming-casing/
INTEL CORE I3 2ND GEN DESKTOP FULL SET PC WITH 17 INCH LED MONITOR,"Rs:32,000.00Rs:35,300.00or 3 XRs:11,946.67with",In Stock,https://mdcomputers.lk/product/core-i3-2nd-gen-full-set-computer/
SilverStone Technology IceMyst 360 All-in-One Liquid Cooler with ARGB Lighting,"Rs:32,000.00or 3 XRs:11,946.67with",In Stock,https://mdcomputers.lk/product/silverstone-technology-icemyst-360-all-in-one-liquid-cooler-with-argb-lighting/
MICROLAB M-200BT PLATINUM 2.1 SUB WOOFER ( 01 YEAR WARRANTY ),"Rs:32,000.00or 3 XRs:11,946.67with",In Stock,https://mdcomputers.lk/product/microlab-m-200bt-platinum-2-1-sub-woofer1y/
CRUCIAL E100 480GB PCIE GEN 4 NVME SSD ( 03 years warranty ),"Rs:32,000.00Rs:35,500.00or 3 XRs:11,946.67with",In Stock,https://mdcomputers.lk/product/crucial-e100-480gb-pcie-gen-4-nvme-ssd-03-years-warranty/
NETAC SA500 960GB SATA III SSD,"Rs:32,000.00Rs:34,000.00or 3 XRs:11,946.67with",In Stock,https://mdcomputers.lk/product/netac-sa500-960gb-sata-iii-ssd-03y/
MSI PRO H610M-E DDR4 MOTHERBOARD ( 3 YEARS WARRANTY ),"Rs:32,000.00Rs:35,500.00or 3 XRs:11,946.67with",In Stock,https://mdcomputers.lk/product/msi-pro-h610m-e-ddr4-motherboard-3-years-warranty/
GOLDEN FIELD PRISTINE VISION LIQUID 360 LIQUID COOLER,"Rs:32,000.00Rs:36,000.00or 3 XRs:11,946.67with",In Stock,https://mdcomputers.lk/product/golden-field-pristine-vision-liquid-360-liquid-cooler/
LEXAR NM620 M.2 GEN3X4 512GB BRAND NEW NVME ( 03Y ),"Rs:32,500.00Rs:36,500.00or 3 XRs:12,133.33with",In Stock,https://mdcomputers.lk/product/lexar-nm620-m-2-gen3x4-nvme-512gb/
"JEDEL GAMING CHAIR ( RED+ BLACK , BLUE + BLACK )","Rs:32,500.00Rs:34,000.00or 3 XRs:12,133.33with",In Stock,https://mdcomputers.lk/product/dareu-gaming-chair/
LIAN – LI LANCOOL II MESH C GAMING CASIN,"Rs:32,500.00or 3 XRs:12,133.33with",In Stock,https://mdcomputers.lk/product/lian-li-lancool-ii-mesh-c-gaming-casin/
SP PC60 512GB PORTABLE BRAND NEW SSD ( 03 years warranty ),"Rs:32,500.00or 3 XRs:12,133.33with",In Stock,https://mdcomputers.lk/product/sp-pc60-512gb-portable-brand-new-ssd-03-years-warranty/
USED CORE I7 8700 8TH GEN PROCESSOR,"Rs:33,000.00Rs:40,000.00or 3 XRs:12,320.00with",In Stock,https://mdcomputers.lk/product/used-core-i7-8700-8th-gen-processor/
ASUS PRIME H610M-K DDR5 BRAND NEW MOTHERBOARD ( 03 years warranty ),"Rs:33,000.00or 3 XRs:12,320.00with",In Stock,https://mdcomputers.lk/product/asus-prime-h610m-k-ddr5-brand-new-motherboa/
INTEL CORE I7 3RD GEN USED ASSEMBLE DESKTOP PC,"Rs:33,200.00Rs:35,200.00or 3 XRs:12,394.67with",In Stock,https://mdcomputers.lk/product/intel-i7-3rd-gen-desktop/
INTEL CORE I3 3RD GEN DESKTOP FULL SET COMPUTER WITH 17 INCH LED MONITOR,"Rs:33,500.00Rs:35,700.00or 3 XRs:12,506.67with",In Stock,https://mdcomputers.lk/product/intel-core-i3-3rd-gen-full-set-computer/
GAMIDIAS ATLAS P2 CG ARGB MID-TOWER BRAND NEW GAMING CASING,"Rs:33,500.00or 3 XRs:12,506.67with",In Stock,https://mdcomputers.lk/product/gamidias-atlas-p2-cg-argb-mid-tower-case/
CANON SCAN LIDE 400 SCANNER,"Rs:33,500.00or 3 XRs:12,506.67with",In Stock,https://mdcomputers.lk/product/canon-scan-lide-400-scanner/
MSI A620M-E PRO DDR5 BRAND NEW MOTHERBOARD ( 3 year warranty ),"Rs:34,000.00Rs:35,000.00or 3 XRs:12,693.33with",In Stock,https://mdcomputers.lk/product/msi-a620m-e-pro-ddr5-motherboard-3-years-wa/
GTX 1060 3GB USED GRAPHICS CARD,"Rs:34,000.00Rs:36,000.00or 3 XRs:12,693.33with",In Stock,https://mdcomputers.lk/product/gtx-1060-3gb-graphic-card-used/
MSI MAG CORELIQUID ARGB A13 360mm CPU BLACK LIQUID COOLER ( 3 YEARS WARRANTY ),"Rs:34,000.00Rs:35,500.00or 3 XRs:12,693.33with",In Stock,https://mdcomputers.lk/product/msi-mag-coreliquid-argb-a13-360mm-cpu-liquid-cooler-black-3-years-warranty/
ACER EK251QP6 24.5INCH 144Hz IPS BRAND NEW MONTOR ( 03 years warranty ),"Rs:34,000.00Rs:35,000.00or 3 XRs:12,693.33with",In Stock,https://mdcomputers.lk/product/acer-ek251qp6-24-5inch-144hz-ips-brand-new-montor-03-years-warranty/
THERMALTAKE CERES 300TG ARGB MID TOWER BLACK GAMING CASING WITH 02 ARGB 140MM FANS & 01 EXHAUST FAN,"Rs:34,000.00or 3 XRs:12,693.33with",In Stock,https://mdcomputers.lk/product/thermaltake-ceres-300tg-argb-mid-tower-black-gaming-casing-with-02-argb-140mm-fans-01-exhaust-fan/
ASUS PRIME H510M-K R2.0 BRAND NEW MOTHER BOARD ( 03 years warranty ),"Rs:34,500.00Rs:36,500.00or 3 XRs:12,880.00with",In Stock,https://mdcomputers.lk/product/asus-prime-h510m-e/
LOGITECH G512 CARBON RGB BRAND NEW MECHANICAL GAMING KEYBOARD,"Rs:34,500.00Rs:37,000.00or 3 XRs:12,880.00with",In Stock,https://mdcomputers.lk/product/logitech-g512-carbon-rgb-brand-new-mechanical-gaming-keyboard/
MSI PRO MP243L E14 23.8 INCH FHD 144Hz IPS BRAND NEW MONITOR,"Rs:34,500.00Rs:37,500.00or 3 XRs:12,880.00with",In Stock,https://mdcomputers.lk/product/msi-pro-mp243l-e14-23-8-inch-fhd-144hz-ips-brand-new-monitor/
ZIMA ZM-840 KAROKE PARTY BOX WITH WIRELESS MIC,"Rs:34,500.00Rs:35,000.00or 3 XRs:12,880.00with",In Stock,https://mdcomputers.lk/product/zima-zm-840-karoke-party-box-with-wireless-mic/
DELL ULTRASHARP 30 INCH IPS HDMI USED MONITOR ( DILIVERY NOT AVAILABLE  ) WITH OUT CABLE,"Rs:34,500.00or 3 XRs:12,880.00with",In Stock,https://mdcomputers.lk/product/dell-ultrasharp-30-inch-ips-hdmi-used-monitor-with-out-cable/
"ASUS VA249HG 24 INCH IPS, FRAMELESS, 120Hz BRAND NEW MONITOR ( 03 years warranty )","Rs:34,500.00Rs:37,600.00or 3 XRs:12,880.00with",In Stock,https://mdcomputers.lk/product/asus-va249hg-24-inch-ips-frameless-120hz-brand-new-monitor-03-years-warranty/
INTEL CORE I3 2ND GEN USED GAMING DESKTOP PC WITH GTX750 1GB VGA,"Rs:34,500.00Rs:37,100.00or 3 XRs:12,880.00with",In Stock,https://mdcomputers.lk/product/intel-core-i3-2nd-gen-used-gaming-desktop-pc-with-gtx750-1gb-vga/
JEDEL TD-03 RGB TABLE,"Rs:34,500.00Rs:35,000.00or 3 XRs:12,880.00with",In Stock,https://mdcomputers.lk/product/jedel-td-03-rgb-table/
INTEL CORE I7 4TH GEN – USED DESKTOP COMPUTER ( 03 month warranty ),"Rs:34,600.00Rs:36,600.00or 3 XRs:12,917.33with",In Stock,https://mdcomputers.lk/product/core-i7-4th-gen-use-desktop-computer/
LEXAR® NS100 512GB SSD BRAND NEW ( 03 YEARS WARRANTY ),"Rs:35,000.00Rs:35,500.00or 3 XRs:13,066.67with",In Stock,https://mdcomputers.lk/product/lexar-ns100-512gb-ssd-brand-new/
"AMD RYZEN 5 5500 (6 Cores, 12 Threads) Up To 4.2GHz BRAND NEW DESKTOP TRAY PROCESSOR ( 3 YEARS WARRANTY)","Rs:35,000.00Rs:36,500.00or 3 XRs:13,066.67with",In Stock,https://mdcomputers.lk/product/amd-ryzen-5-5500-brand-new-processor-price/
Corsair 3500X ARGB CALL OF DUTY BLACK OPS 6 EDITION Mid-Tower Case – Black (2 Years Warranty),"Rs:35,000.00or 3 XRs:13,066.67with",In Stock,https://mdcomputers.lk/product/corsair-3500x-argb-call-of-duty-black-ops-6-edition-mid-tower-case-black-2-years-warranty/
"ASUS VA259HGA EYE CARE GAMING MONITOR – 25-inch , IPS, FULL HD, FRAMLESS, 120Hz ( 03 YEARS WARRANTY  )","Rs:35,000.00Rs:38,000.00or 3 XRs:13,066.67with",In Stock,https://mdcomputers.lk/product/asus-25-va259hga-120hz-ips-monitor/
ANTEC GSK750 750W ATX3.1 FULLY MODULAR 80+ GOLD BRAND NEW POWER SUPPLY,"Rs:35,000.00Rs:35,500.00or 3 XRs:13,066.67with",In Stock,https://mdcomputers.lk/product/antec-gsk750-750w-atx3-1-fully-modular-80-gold-brand-new-power-supply/
AOC 25B36H 25 INCH 120Hz 1ms FHD IPS BRAND NEW MONITOR,"Rs:35,000.00or 3 XRs:13,066.67with",In Stock,https://mdcomputers.lk/product/aoc-25b36h-25-inch-120hz-1ms-fhd-ips-brand-new-monitor/
SAMSUNG LS24F320GAEXXS 24″ IPS FHD 120Hz ESSENTIAL MONITOR ( 03 years warranty ),"Rs:35,000.00Rs:39,500.00or 3 XRs:13,066.67with",In Stock,https://mdcomputers.lk/product/samsung-ls24f320gaexxs-24-ips-fhd-120hz-new/
INTEL CORE I3 4TH GEN DESKTOP FULL SET COMPUTERS WITH 17 INCH MONITOR,"Rs:35,500.00Rs:37,900.00or 3 XRs:13,253.33with",In Stock,https://mdcomputers.lk/product/core-i3-4th-gen-full-set-computers/
INTEL CORE I5 2ND GEN DESKTOP PC FULL SET WITH 17 INCH MONITOR,"Rs:35,500.00Rs:37,600.00or 3 XRs:13,253.33with",In Stock,https://mdcomputers.lk/product/core-i5-2nd-full-set-computer/
ANTEC PERFORMANCE 1 FT ARGB FULL TOWER CASING,"Rs:35,500.00Rs:38,500.00or 3 XRs:13,253.33with",In Stock,https://mdcomputers.lk/product/antec-performance-1-ft-full-tower-case/
ARMAGGEDON XF24HD SUPER-16 PIXXEL+XTREME BRAND NEW MONITOR ( 02 years warranty ),"Rs:35,500.00or 3 XRs:13,253.33with",In Stock,https://mdcomputers.lk/product/armaggedon-xf24hd-super-16-pixxelxtreme-brand-new-monitor-02-years-warranty/
EMARK LIBRASCREEN 15P PORTABLE MONITOR,"Rs:35,500.00Rs:38,900.00or 3 XRs:13,253.33with",In Stock,https://mdcomputers.lk/product/emark-librascreen-15p-portable-monitor/
LENOVO L24-4C 24 INCH 144HZ FHD IPS BRAND NEW MONITOR ( 03 years warranty ),"Rs:35,500.00Rs:37,500.00or 3 XRs:13,253.33with",In Stock,https://mdcomputers.lk/product/lenovo-l24-4c-24-inch-144hz-fhd-ips-brand-n/
MSI MPG VELOX 100R ARGB BRAND NEW GAMING CASING,"Rs:36,000.00Rs:38,000.00or 3 XRs:13,440.00with",In Stock,https://mdcomputers.lk/product/msi-mpg-velox-100r-argb-casing/
INTEL CORE I5 3RD GEN DESKTOP COMPUTER FULLSET WITH 17 INCH MONITOR,"Rs:36,500.00Rs:38,600.00or 3 XRs:13,626.67with",In Stock,https://mdcomputers.lk/product/intel-core-i5-3rd-gen-full-set-computer-with-17-inch-monitor/
INTEL CORE I5 10TH GEN USED PROCESSOR,"Rs:36,500.00Rs:38,000.00or 3 XRs:13,626.67with",In Stock,https://mdcomputers.lk/product/intel-core-i5-10400-tray-processor-12m-cache-up-to-4-30-ghz/
ASUS PRIME A620M-K DDR5 BRAND NEW MOTHERBOARD,"Rs:36,500.00or 3 XRs:13,626.67with",In Stock,https://mdcomputers.lk/product/asus-prime-a620m-k-ddr5-brand-new-motherboard/
INTEL CORE I3 2ND GEN DESKTOP FULL SET PC WITH 20 INCH LED MONITOR,"Rs:37,000.00Rs:39,200.00or 3 XRs:13,813.33with",In Stock,https://mdcomputers.lk/product/core-i3-3rd-gen-full-set-computer/
MSI MAG PANO M100R PZ MID-TOWER BRAND NEW BLACK CASING,"Rs:37,000.00Rs:39,000.00or 3 XRs:13,813.33with",In Stock,https://mdcomputers.lk/product/msi-mag-pano-m100r-pz-argb-casing-pricelank/
ANTEC VORTEX LUM 360 ARGB,"Rs:37,000.00or 3 XRs:13,813.33with",In Stock,https://mdcomputers.lk/product/antec-vortex-lum-360-argb/
DELL PRO E2425HM 23.8 INCH FULL HD IPS 100Hz BRAND NEW MONITOR ( 03 years warranty ),"Rs:37,000.00Rs:43,000.00or 3 XRs:13,813.33with",In Stock,https://mdcomputers.lk/product/dell-e2425hn-23-8-inch-full-hd-ips-100hz-br/
HAVIT GC933 GAMING CHAIR ( Black+Red ),"Rs:37,000.00or 3 XRs:13,813.33with",In Stock,https://mdcomputers.lk/product/havit-gc933-gaming-chair-blackred/
CORE I5 2ND GEN USED GAMING PC – GTX 650 1GB VGA,"Rs:37,100.00Rs:41,400.00or 3 XRs:13,850.67with",In Stock,https://mdcomputers.lk/product/core-i5-2nd-gen-gaming-pc-gtx750-2gb-vga/
INTEL CORE I3 6TH GEN – 8GB RAM – 500GB HDD USED DESKTOP PC ( 03 month warranty ),"Rs:37,200.00Rs:39,200.00or 3 XRs:13,888.00with",In Stock,https://mdcomputers.lk/product/i3-6th-gen-desktop-computer-8gb-ram/
TOSHIBA CANVIO BASICS 1TB EXTERNAL HARD DRIVE,"Rs:37,300.00Rs:39,500.00or 3 XRs:13,925.33with",In Stock,https://mdcomputers.lk/product/toshiba-canvio-basics-1tb-external-hard-drive/
INTEL CORE I3 3RD GEN DESKTOP FULL SET PC WITH 20 INCH LED MONITOR,"Rs:37,500.00Rs:39,600.00or 3 XRs:14,000.00with",In Stock,https://mdcomputers.lk/product/intel-core-i3-3rd-gen-desktop-full-set-pc-with-20-inch-led-monitor/
MSI MAG A750GL PCIE5 750 WATT 80 PLUS GOLD CERTIFIED FULLY MODULAR BRAND NEW POWER SUPPLY (7 YEARS WARRANTY),"Rs:37,500.00or 3 XRs:14,000.00with",In Stock,https://mdcomputers.lk/product/msi-mag-a750gl-pcie5-750-watt-80-plus-goldc/
ARCTIC LIQUID FREEZER III 240 A-RGB BLACK COOLER ( 06 YEARS WARRANTY ),"Rs:37,500.00or 3 XRs:14,000.00with",In Stock,https://mdcomputers.lk/product/arctic-liquid-freezer-iii-240-a-rgb-black-cooler/
ASUS PRIME H410M-A BRAND NEW MOTHERBOARD  ( 03 years warranty ),"Rs:37,500.00or 3 XRs:14,000.00with",In Stock,https://mdcomputers.lk/product/asus-prime-h410m-a-brand-new-motherboard/
MSI PRO A620AM-B EVO DDR5 BRAND NEW MOTHERBOARD ( 3 years warranty ),"Rs:37,500.00or 3 XRs:14,000.00with",In Stock,https://mdcomputers.lk/product/msi-pro-a620am-b-evo-ddr5-brand-new-motherboard-3-years-warranty/
MEETION CHR04 PROFESSIONAL GAMING CHAIR ( BLACK & ORANGE ),"Rs:38,000.00Rs:40,000.00or 3 XRs:14,186.67with",In Stock,https://mdcomputers.lk/product/meetion-chr04-professional-gaming-chair/
JBL Wireless Microphone – 2 IN 1,"Rs:38,000.00or 3 XRs:14,186.67with",In Stock,https://mdcomputers.lk/product/jbl-wireless-microphone-2-in-1/
JUNGLE LEOPARD PRO FLOW 240 BLACK LIQUID COOLER ( 03 Years Warranty ),"Rs:38,000.00Rs:40,500.00or 3 XRs:14,186.67with",In Stock,https://mdcomputers.lk/product/jungle-leopard-pro-flow-240-black-liquid-cooler-03-years-warranty/
JUNGLE LEOPARD PRO FLOW 240 WHITE LIQUID COOLER ( 03 Years Warranty ),"Rs:38,000.00Rs:38,500.00or 3 XRs:14,186.67with",In Stock,https://mdcomputers.lk/product/jungle-leopard-pro-flow-240-white-liquid-cooler-03-years-warranty/
APPLE A2450 BRAND NEW MAGIC KEYBOARD,"Rs:38,000.00or 3 XRs:14,186.67with",In Stock,https://mdcomputers.lk/product/apple-a2450-brand-new-magic-keyboard/
INTEL CORE I3 7TH GEN – 8GB RAM – 500GB HDD USED DESKTOP PC ( 03 month warranty ),"Rs:38,300.00Rs:40,300.00or 3 XRs:14,298.67with",In Stock,https://mdcomputers.lk/product/i3-4th/
MSI H610M S PRO (WIFI) DDR4 MOTHERBOARD ( 3 Years Warranty ),"Rs:38,500.00Rs:40,000.00or 3 XRs:14,373.33with",In Stock,https://mdcomputers.lk/product/msi-pro-h610m-s-ddr4-brand-new-motherboard/
HP ELITE E230T 23″INCH IPS TOUCH SCREEN USED MONITOR ( without cables ),"Rs:38,500.00or 3 XRs:14,373.33with",In Stock,https://mdcomputers.lk/product/hp-elite-e230t-23%e2%80%b3inch-ips-touch-screen-used-monitor/
INTEL CORE I7 8TH (8700K) GEN USED PROCESSOR,"Rs:38,500.00Rs:42,000.00or 3 XRs:14,373.33with",In Stock,https://mdcomputers.lk/product/intel-core-i7-8th-8700k-gen-used-processor/
INTEL CORE I5 2ND GEN USED GAMING DESKTOP PC WITH GTX750 1GB VGA,"Rs:38,900.00Rs:40,900.00or 3 XRs:14,522.67with",In Stock,https://mdcomputers.lk/product/intel-core-i5-2nd-gen-used-gaming-desktop-pc-with-gtx750-1gb-vga/
KINGSTON DDR4 16GB (3200MHz) BRAND NEW LAPTOP RAM (03 years warranty ),"Rs:39,000.00or 3 XRs:14,560.00with",In Stock,https://mdcomputers.lk/product/16gb-kingston-ddr4-3200mhz-laptop-ram-memor/
KOORUI 25″ G2511P 200Hz IPS FHD HDR400 BRAND NEW MONITOR ( 03 YEARS WARRANTY ),"Rs:39,000.00Rs:40,000.00or 3 XRs:14,560.00with",In Stock,https://mdcomputers.lk/product/koorui-25-g2511p-200hz-ips-fhd-hdr400-brand-new-monitor-03-years-warranty/
TRANSCEND DDR4 16GB (3200Mhz) BRAND NEW LAPTOP MEMORY,"Rs:39,000.00Rs:40,000.00or 3 XRs:14,560.00with",In Stock,https://mdcomputers.lk/product/transcend-ddr4-16gb-3200mhz-brand-new-laptop-memory/
INTEL CORE I5 4TH GEN DESKTOP FULL SET COMPUTER WITH 17 INCH MONITOR,"Rs:39,400.00Rs:41,400.00or 3 XRs:14,709.33with",In Stock,https://mdcomputers.lk/product/i5-4th-gen-full-set-with-17-inch-monitor/
CORE I3 4TH GEN FULL SET COMPUTER 20 INCH LED MONITOR,"Rs:39,500.00Rs:41,800.00or 3 XRs:14,746.67with",In Stock,https://mdcomputers.lk/product/core-i3-4th-gen-full-set-computer/
CORSAIR NAUTILUS 360 RS ARGB Liquid CPU Cooler(5 Years Warranty),"Rs:39,500.00Rs:42,500.00or 3 XRs:14,746.67with",In Stock,https://mdcomputers.lk/product/corsair-nautilus-argb-360mm-liquid-cpu-cooler-5-years-warranty/
NZXT KRAKEN CORE 240 (240mm) CPU LIQUID COOLER BLACK ( 06 Years Warranty ),"Rs:39,500.00or 3 XRs:14,746.67with",In Stock,https://mdcomputers.lk/product/nzxt-kraken-core-240-240mm-cpu-liquid-cooler-black-06-years-warranty/
AMD RYZEN 5 4650G TRAY PROCESSOR ( WITH OUT BOX & COOLER ),"Rs:39,500.00or 3 XRs:14,746.67with",In Stock,https://mdcomputers.lk/product/ryzen-5-4650g-tray-processor-with-out-box-c/
SP PC60 1TB PORTABLE BRAND NEW SSD ( 03 years warranty ),"Rs:39,500.00or 3 XRs:14,746.67with",In Stock,https://mdcomputers.lk/product/sp-pc60-1tb-portable-brand-new-ssd-03-years-warranty/
KINGSTON DDR4 16GB (3200mhz ) BRAND NEW DESKTOP RAM ( 03 years warranty ),"Rs:39,500.00Rs:50,500.00or 3 XRs:14,746.67with",In Stock,https://mdcomputers.lk/product/ddr4-16gb-3200mhz-brand-new-desktop-ram-03/
LENOVO LEGION 24-10  24 INCH IPS 1080P 240Hz BRAND NEW GAMING MONITOR ( 03 years warranty ),"Rs:39,500.00Rs:45,000.00or 3 XRs:14,746.67with",In Stock,https://mdcomputers.lk/product/lenovo-legion-24-inch-24-10-ips-1080p-240hz/
ACER EK271G 27 INCH FULL HD IPS 144HZ BRAND NEW MONITOR ( 03 years warranty ),"Rs:39,500.00Rs:42,000.00or 3 XRs:14,746.67with",In Stock,https://mdcomputers.lk/product/acer-ek271g-27inch-full-hd-ips-144hz-brand/
ACER CB242Y 24” INCH LED BRAND NEW VERTICAL MONITOR,"Rs:39,900.00Rs:45,000.00or 3 XRs:14,896.00with",In Stock,https://mdcomputers.lk/product/acer-cb242y-24-inch-led-brand-new-vertical-monitor/
MSI PRO B760M-E DDR4 BRAND NEW MOTHERBOARD ( 3 years warranty ),"Rs:40,000.00Rs:43,500.00or 3 XRs:14,933.33with",In Stock,https://mdcomputers.lk/product/msi-pro-b760m-e-ddr4-motherboard-3-years-warranty/
CRUCIAL DDR5 8GB 5600MHz BRAND NEW LAPTOP MEMORY,"Rs:40,000.00Rs:42,000.00or 3 XRs:14,933.33with",In Stock,https://mdcomputers.lk/product/crucial-8gb-ddr5-5600mhz-brand-new-laptop-ram/
HAVIT GC932 DESK GAMING CHAIR ( DISPLAY UNIT ),"Rs:40,000.00Rs:44,500.00or 3 XRs:14,933.33with",In Stock,https://mdcomputers.lk/product/havit-gc932-desk-gaming-chair/
INTEL CORE I7 2ND GEN DESKTOP FULL SET COMPUTER WITH 17 INCH MONITOR,"Rs:40,900.00Rs:42,900.00or 3 XRs:15,269.33with",In Stock,https://mdcomputers.lk/product/intel-core-i7-2nd-gen-desktop-full-set-computer-with-17-inch-monitor/
MSI MAG CORELIQUID ARGB E240 240MM CPU LIQUID COOLER ( 3 YEARS WARRANTY ),"Rs:41,000.00Rs:48,000.00or 3 XRs:15,306.67with",In Stock,https://mdcomputers.lk/product/msi-mag-coreliquid-argb-e240-240mm-cpu-liquid-cooler-3-years-warranty/
APPLE A2449 BRAND NEW MAGIC KEYBOARD WITH TOUCH ID,"Rs:41,000.00or 3 XRs:15,306.67with",In Stock,https://mdcomputers.lk/product/apple-a2449-brand-new-magic-keyboard-with-touch-id/
LOGITECH G535 LIGHTSPEED BRAND NEW WIRELESS GAMING HEADSET,"Rs:41,500.00or 3 XRs:15,493.33with",In Stock,https://mdcomputers.lk/product/logitech-g535-lightspeed-brand-new-wireless-gaming-headset/
MSI PRO MP165 E6 PORTABLE ULTRA SLIM BUISNESS MONITOR ( 03 YEARS WARRANTY),"Rs:41,500.00Rs:45,500.00or 3 XRs:15,493.33with",In Stock,https://mdcomputers.lk/product/msi-pro-mp165-e6-portable-ultra-slim-buisness-monitor-3-years-warranty/
DAHUA DHI-LM25-E231B 24.5” 180Hz FHD GAMING MONITOR ( 03 YEARS WARRANTY ),"Rs:41,500.00Rs:44,500.00or 3 XRs:15,493.33with",In Stock,https://mdcomputers.lk/product/dahua-dhi-lm25-e231b-24-5-180hz-fhd-gaming-monitor-03-years-warranty/
ZOTAC GTX1650 4GB USED GRAPHICS CARD,"Rs:41,500.00Rs:43,500.00or 3 XRs:15,493.33with",In Stock,https://mdcomputers.lk/product/zotac-gtx1650-4gb-used-graphics-card/
PALIT GTX1650 4GB USED GRAPHICS CARD,"Rs:41,500.00or 3 XRs:15,493.33with",In Stock,https://mdcomputers.lk/product/palit-gtx1650-4gb-used-graphics-card/
CORE I3 3RD GEN GAMING PC WITH GTX660 2GB VGA CARD,"Rs:41,850.00Rs:44,500.00or 3 XRs:15,624.00with",In Stock,https://mdcomputers.lk/product/core-i3-3rd-gen-gaming-pc-with-1gb-vga-card/
INTEL CORE I3 2ND GEN GAMING PC WITH GTX650 1GB VGA ( 03 month warranty ),"Rs:42,000.00or 3 XRs:15,680.00with",In Stock,https://mdcomputers.lk/product/i3-2nd-gen-pc-with-1gb-vga/
GAMDIAS HELIOS P2-850G 850W 80 PLUS GOLD CERTIFIED POWER SUPPLY ( 03 Years warranty ),"Rs:42,000.00Rs:45,000.00or 3 XRs:15,680.00with",In Stock,https://mdcomputers.lk/product/gamdias-helios-p2-850g-750w-80-plus-brand-n/
JUNGLE LEOPARD PRO FLOW 360 BLACK LIQUID COOLER  ( 03 Years Warranty ),"Rs:42,000.00Rs:45,000.00or 3 XRs:15,680.00with",In Stock,https://mdcomputers.lk/product/jungle-leopard-pro-flow-360-black-liquid-cooler-03-years-warranty/
AMD RADEON AORUS RX580 8GB USED VGA,"Rs:42,000.00Rs:45,500.00or 3 XRs:15,680.00with",In Stock,https://mdcomputers.lk/product/msi-radeon-rx580-8gb-armor-used-vga/
MSI ARMOR RX570 8GB USED GRAPHICS CARD,"Rs:42,000.00Rs:45,000.00or 3 XRs:15,680.00with",In Stock,https://mdcomputers.lk/product/amd-rx570-8gb-used-graphics-card/
ASUS TUF GTX1650 4GB USED GRAPHICS CARD,"Rs:42,000.00Rs:45,000.00or 3 XRs:15,680.00with",In Stock,https://mdcomputers.lk/product/asus-tuf-gtx1650-4gb-used-graphics-card/
INTEL CORE I7 2ND GEN GAMING PC WITH GTX650 1GB VGA CARD,"Rs:42,400.00Rs:43,700.00or 3 XRs:15,829.33with",In Stock,https://mdcomputers.lk/product/i7-2nd-gen-gaming-pc-gtx960-4gb-vga-card/
INTEL CORE I3 3RD GEN USED GAMING DESKTOP PC WITH GTX660 2GB VGA,"Rs:42,500.00Rs:45,450.00or 3 XRs:15,866.67with",In Stock,https://mdcomputers.lk/product/intel-core-i3-3rd-gen-used-gaming-desktop-pc-with-gtx660-2gb-vga/
INTEL CORE I5 6TH GEN – 8GB RAM – 500GB HDD USED DESKTOP ( 03 MONTH WARRANTY ),"Rs:42,900.00Rs:44,900.00or 3 XRs:16,016.00with",In Stock,https://mdcomputers.lk/product/intel-core-i5-6th-gen-used-desktop/
INTEL CORE I7 3RD GEN DESKTOP COMPUTER FULLSET WITH 17 INCH MONITOR,"Rs:42,900.00Rs:44,900.00or 3 XRs:16,016.00with",In Stock,https://mdcomputers.lk/product/intel-core-i7-3rd-gen-desktop-computer-fullset-with-17-inch-monitor/
NZXT C850 GOLD CORE 850 WATT 80 PLUS GOLD FULLY MODULAR POWER SUPPLY ( 07 YEARS WARRANTY ),"Rs:43,000.00or 3 XRs:16,053.33with",In Stock,https://mdcomputers.lk/product/nzxt-c850-850-watt-80-plus-gold-certified-fully-modular-uk-power-supply/
DAHUA DHI-LM27-E231 27” FHD IPS 165Hz GAMING MONITOR ( 03 YEARS WARRANTY ),"Rs:43,000.00Rs:52,000.00or 3 XRs:16,053.33with",In Stock,https://mdcomputers.lk/product/dahua-dhi-lm27-e231-27-fhd-ips-165hz-gaming-monitor-03-years-warranty/
MSI RX580 8GB GAMING X USED GRAPHICS CARD,"Rs:43,000.00or 3 XRs:16,053.33with",In Stock,https://mdcomputers.lk/product/msi-rx580-8gb-gaming-x-used-graphics-card/
ASUS ROG STRIX RX 580 8GB USED GRAPHICS CARD,"Rs:43,000.00or 3 XRs:16,053.33with",In Stock,https://mdcomputers.lk/product/asus-rog-strix-rx-580-8gb-used-graphics-card/
INTEL CORE I5 4TH GEN FULL SET COMPUTERS WITH 20 INCH LED MONITOR,"Rs:43,500.00Rs:45,300.00or 3 XRs:16,240.00with",In Stock,https://mdcomputers.lk/product/core-i5-4th-gen-full-set-computers/
MSI ARMOR RADEON RX 580 8GB USED GRAPHICS CARD,"Rs:43,500.00or 3 XRs:16,240.00with",In Stock,https://mdcomputers.lk/product/msi-armor-radeon-rx-580-8gb-used-graphics-card/
MSI MAG A850GL PCIE5 850 WATT 80 PLUS GOLD CERTIFIED FULLY MODULAR POWER SUPPLY ( 7 years warranty ),"Rs:44,000.00Rs:51,000.00or 3 XRs:16,426.67with",In Stock,https://mdcomputers.lk/product/msi-mag-a850gl-pcie5-850-watt-80-plus-gold/
GTX 1060 6GB USED GRAPHIC CARD,"Rs:44,000.00or 3 XRs:16,426.67with",In Stock,https://mdcomputers.lk/product/galax-gtx-1060-oc-6gb-graphics-card/
JUNGLE LEOPARD PRO FLOW 360 WHITE LIQUID COOLER ( 03 Years Warranty ),"Rs:44,000.00Rs:45,000.00or 3 XRs:16,426.67with",In Stock,https://mdcomputers.lk/product/jungle-leopard-pro-flow-360-white-liquid-cooler-03-years-warranty/
ASUS TUF GAMING VG249Q3R 23.8” INCH FHD IPS 180Hz 1ms Amd Freesync FRAMELESS BRAND NEW MONITOR,"Rs:44,300.00Rs:44,500.00or 3 XRs:16,538.67with",In Stock,https://mdcomputers.lk/product/asus-tuf-gaming-vg249q3r-23-8-inch-fhd-ips-180hz-1ms-amd-freesync-frameless-bramd-new-monitor/
INTEL CORE I3 6TH GEN DESKTOP COMPUTER FULLSET WITH 17 INCH MONITOR,"Rs:44,500.00Rs:46,500.00or 3 XRs:16,613.33with",In Stock,https://mdcomputers.lk/product/intel-core-i3-6th-gen-desktop-computer-fullset-with-17-inch-monitor/
SAMSUNG LS27D300GAEXXS 27 INCH FLAT FULL HD BRAND NEW MONITOR,"Rs:44,500.00or 3 XRs:16,613.33with",In Stock,https://mdcomputers.lk/product/samsung-ls27d300gaexxs-24-inch-brand-new-mo/
"INTEL CORE I3-12100F 12M CACHE, UP TO 4.30 GHz BRAND NEW PROCESSOR ( 03 YEARS WARRANTY )","Rs:44,500.00Rs:49,000.00or 3 XRs:16,613.33with",In Stock,https://mdcomputers.lk/product/intel-core-i3-12100f-12m-cache-up-to-4-30-ghz-brand-new-processor-03-years-warranty/
LIANLI 011 DYNATC MINI V2 BRAND NEW CASING,"Rs:44,500.00or 3 XRs:16,613.33with",In Stock,https://mdcomputers.lk/product/lianli-011-dynatc-mini-v2-brand-new-casing/
HAVIT GC932 DESK GAMING CHAIR,"Rs:44,500.00or 3 XRs:16,613.33with",In Stock,https://mdcomputers.lk/product/havit-gc932-desk-gaming-chair-2/
CORE I7 2ND GEN FULL SET COMPUTER WITH 20 INCH LED MONITORS,"Rs:44,800.00Rs:46,800.00or 3 XRs:16,725.33with",In Stock,https://mdcomputers.lk/product/core-i7-2nd-gen-full-set-computer/
INTEL CORE I3 8TH GEN – 8GB RAM – 500GB HDD USED DESKTOP PC ( 03 month warranty ),"Rs:44,800.00Rs:46,800.00or 3 XRs:16,725.33with",In Stock,https://mdcomputers.lk/product/core-i3-8th-gen-desktop/
INTEL CORE I5 6TH GEN – 8GB RAM – 120GB SSD USED DESKTOP PC ( 03 MONTH WARRANTY ),"Rs:44,900.00Rs:46,900.00or 3 XRs:16,762.67with",In Stock,https://mdcomputers.lk/product/i5-6th-gen-computer-with-gaming-casing/
Corsair 3000D RGB Airflow Mid-Tower ATX Case,"Rs:45,000.00or 3 XRs:16,800.00with",In Stock,https://mdcomputers.lk/product/corsair-3000d-rgb-airflow-mid-tower-atx-case/
LENOVO L27-4C 27 INCH 144HZ FHD IPS BRAND NEW MONITOR ( 03 years warranty ),"Rs:45,000.00Rs:47,500.00or 3 XRs:16,800.00with",In Stock,https://mdcomputers.lk/product/lenovo-l27-4c-27-inch-144hz-fhd-ips-brand-n/
DDR5 16GB ( 4800Mhz ) USED LAPTOP MEMORY ( random brands ),"Rs:45,000.00Rs:47,000.00or 3 XRs:16,800.00with",In Stock,https://mdcomputers.lk/product/ddr5-16gb-4800mhz-used-laptop-memory-random-brands/
MSI PRO B760M P DDR5 MOTHERBOARD ( DISPLAY UNIT ),"Rs:45,500.00or 3 XRs:16,986.67with",In Stock,https://mdcomputers.lk/product/msi-pro-b760m-p-ddr5-motherboard-display-unit/
INTEL CORE I7 4TH GEN DESKTOP COMPUTER FULLSET WITH 17 INCH MONITOR,"Rs:46,000.00Rs:48,000.00or 3 XRs:17,173.33with",In Stock,https://mdcomputers.lk/product/intel-core-i7-4th-gen-desktop-computer-fullset-with-17-inch-monitor/
Arctic Liquid Freezer III PRO 360 A-RGB Black Cooler ( 06 years warranty ),"Rs:46,000.00or 3 XRs:17,173.33with",In Stock,https://mdcomputers.lk/product/arctic-liquid-freezer-iii-pro-360-a-rgb-black-cooler-06-years-warranty/
NZXT KRAKEN CORE 360 (360mm) CPU LIQUID COOLER BLACK ( 03 Years Warranty ),"Rs:46,000.00or 3 XRs:17,173.33with",In Stock,https://mdcomputers.lk/product/nzxt-kraken-core-360-360mm-cpu-liquid-cooler-black-06-years-warranty/
ASUS TUF VG279QE5A 27″ FHD IPS 146HZ BRAND NEW MONITOR ( 03 years warranty ),"Rs:46,000.00Rs:56,500.00or 3 XRs:17,173.33with",In Stock,https://mdcomputers.lk/product/asus-tuf-vg279qe5a-27-fhd-ips-146hz-brand-new-monitor-03-years-warranty/
ARMAGGEDDON PF27 27INCH PIXXEL PRO HD SUPER 100Hz GAMING MONITOR ( 02 years warranty ),"Rs:46,000.00Rs:47,000.00or 3 XRs:17,173.33with",In Stock,https://mdcomputers.lk/product/armaggeddon-pf27-27inch-pixxel-pro-hd-super-100hz-gaming-monitor-02-years-warranty/
INTEL CORE I7 3RD GEN DESKTOP COMPUTER FULL SET WITH 20 INCH MONITOR,"Rs:46,500.00Rs:48,500.00or 3 XRs:17,360.00with",In Stock,https://mdcomputers.lk/product/core-i7-3rd-gen-full-set-computer-with-20-i/
INTEL CORE I5 6TH GEN DESKTOP COMPUTER FULL SET WITH 17 INCH MONITOR,"Rs:46,500.00Rs:48,600.00or 3 XRs:17,360.00with",In Stock,https://mdcomputers.lk/product/intel-core-i5-6th-gen-full-set-computer/
ASUS PRIME B760M-K DDR4 MOTHERBOARD ( 3 YEARS WARRANTY ),"Rs:46,500.00or 3 XRs:17,360.00with",In Stock,https://mdcomputers.lk/product/asus-prime-b760m-k-csm-ddr4-motherboard-3-years-warranty/
MSI PRO MP245PG 23.8″ INCH 100Hz 1ms FHD Ultra Slim Frameless Monitor With Adjustatble Stand ( 3 YEARS WARRANTY ),"Rs:46,500.00Rs:47,500.00or 3 XRs:17,360.00with",In Stock,https://mdcomputers.lk/product/msi-pro-mp245pg-23-8-inch-100hz-1ms-fhd-ultra-slim-frameless-monitor-with-adjustatble-stand-3-years-warranty/
PXN A11 GAMING RACING WHEEL FOLDABLE STAND,"Rs:46,500.00or 3 XRs:17,360.00with",In Stock,https://mdcomputers.lk/product/pxn-a11-gaming-racing-wheel-foldable-stand/
ACER CB272 27” INCH FHD 144HZ – IPS BRAND NEW ROTATABLE MONITOR ( 03 YEARS WARRANTY ),"Rs:46,500.00Rs:49,500.00or 3 XRs:17,360.00with",In Stock,https://mdcomputers.lk/product/acer-cb272-27-inch-fhd-144hz-ips-brand-new-rotatable-monitor-03-years-warranty/
INTEL CORE I3 8TH GEN – 8GB RAM – 120GB SSD USED DESKTOP PC ( 03 MONTH WARRANTY ),"Rs:46,800.00Rs:48,800.00or 3 XRs:17,472.00with",In Stock,https://mdcomputers.lk/product/intel-core-i3-8th-gen-8gb-ram-120gb-ssd-used-desktop-pc-03-month-warranty/
PROLINK PRO2000SFC 2KVA BRAND NEW UPS ( 02 years warranty ),"Rs:47,000.00Rs:49,500.00or 3 XRs:17,546.67with",In Stock,https://mdcomputers.lk/product/prolink-pro2000sfc-2kva-ups/
"AMD RYZEN 5 5600 ( 6 Cores ,12 Threads) BRAND NEW TRAY PROCESSOR ( 03 YEARS WARRANTY )","Rs:47,000.00Rs:49,500.00or 3 XRs:17,546.67with",In Stock,https://mdcomputers.lk/product/amd-ryzen-5-5600-6-cores-12-threads-up-to/
PXN V9 GEN 2 RACING STEERING WEEL,"Rs:47,000.00Rs:54,000.00or 3 XRs:17,546.67with",In Stock,https://mdcomputers.lk/product/pxn-v9-gen-2-racing-steering-wheel/
ASUS PRIME B760M-F DDR5 BRAND NEW MOTHERBOARD ( 03y ),"Rs:47,000.00or 3 XRs:17,546.67with",In Stock,https://mdcomputers.lk/product/asus-prime-b760m-f-ddr5-brand-new-motherboard-03y/
MSI PRO B760M P DDR5 MOTHERBOARD( 3 YEARS WARRANTY),"Rs:47,500.00Rs:50,500.00or 3 XRs:17,733.33with",In Stock,https://mdcomputers.lk/product/msi-pro-b760m-p-ddr5-motherboard-3-years-warranty/
GAMEDIAS CHIONE P5-360 ARGB 360MM Liquid Cooler,"Rs:47,500.00or 3 XRs:17,733.33with",In Stock,https://mdcomputers.lk/product/gamedias-chione-p5-360-argb-360mm-liquid-cooler/
NZXT H7 FLOW WHITE ATX MID TOWER CASE,"Rs:47,500.00Rs:48,500.00or 3 XRs:17,733.33with",In Stock,https://mdcomputers.lk/product/nzxt-h7-2024-flow-edition-atx-mid-tower-white-case/
INTEL CORE I3 6TH GEN DESKTOP COMPUTER FULLSET WITH 20 INCH MONITOR,"Rs:47,500.00Rs:49,500.00or 3 XRs:17,733.33with",In Stock,https://mdcomputers.lk/product/intel-core-i3-6th-gen-desktop-computer-fullset-with-20-inch-monitor/
SEAGATE IRONWOLF 2TB NAS BRAND NEW HARD DISK ( 3 years warranty ),"Rs:47,500.00Rs:57,500.00or 3 XRs:17,733.33with",In Stock,https://mdcomputers.lk/product/seagate-ironwolf-2tb-nas-brand-new-hard-disk-3-years-warranty/
MSI PRO B650M P DDR5 MOTHERBOARD (3 YEARS WARRANTY),"Rs:48,000.00Rs:55,500.00or 3 XRs:17,920.00with",In Stock,https://mdcomputers.lk/product/msi-pro-b650m-p-ddr5-motherboard-3-years-warranty/
TRANSCEND STOREJET 25H3 USB 3.1 GEN 1TB PORTABLE HARD DISK,"Rs:48,000.00Rs:49,500.00or 3 XRs:17,920.00with",In Stock,https://mdcomputers.lk/product/transcend-store-jet-25h3-1tb-usb-3-1-gen1-portable-hard-disk/
THERMALTAKE THE TOWER 300 MICRO BLACK CASING ( 01 Y ),"Rs:48,000.00or 3 XRs:17,920.00with",In Stock,https://mdcomputers.lk/product/thermaltake-the-tower-300-micro-black-casing/
MEETION CHR14 PROFESSIONAL GAMING CHAIR,"Rs:48,500.00Rs:51,000.00or 3 XRs:18,106.67with",In Stock,https://mdcomputers.lk/product/meetion-chr14-professional-gaming-chair/
ASUS ROG P708  CHAKRAM X O WIRELESS BRAND NEW GAMING MOUSE,"Rs:48,500.00or 3 XRs:18,106.67with",In Stock,https://mdcomputers.lk/product/asus-rog-p708-chakram-x-o-wireless-brand-new-gaming-mouse/
MSI PRO MP273 E14A 27 INCH FHD IPS 144Hz BRAND NEW MONITOR,"Rs:48,500.00Rs:49,000.00or 3 XRs:18,106.67with",In Stock,https://mdcomputers.lk/product/msi-pro-mp273-e14a-27-inch-ips-144hz-brand-new-monitor/
"AMD RYZEN 5 7500F (6 Cores, 12 Threads) UP TO 5 GHz BRAND NEW DESKTOP TRAY PROCESSOR ( 3 YEARS WARRANTY)","Rs:49,000.00Rs:51,500.00or 3 XRs:18,293.33with",In Stock,https://mdcomputers.lk/product/amd-ryzen-5-7500f-6-cores-12-threads-up-to/
ASUS VY279HGR 27″ INCH FULL HD IPS LEVEL 120Hz ADAPTIVE SYNC BRAND NEW GAMING MONITOR,"Rs:49,000.00or 3 XRs:18,293.33with",In Stock,https://mdcomputers.lk/product/asus-vy279hgr-27-inch-full-hd-ips-level-120hz-adaptive-sync-monitor/
ACER NITRO KG273 W3 27INCH 200HZ IPS GAMING MONITOR  ( 03 YEAR WARRANTY ),"Rs:49,000.00Rs:51,500.00or 3 XRs:18,293.33with",In Stock,https://mdcomputers.lk/product/acer-nitro-kg273-w3-27inch-200hz-ips-0-5ms-gaming-monitor-03-year-warranty/
ASUS VA279QG 27”INCH FULL HD IPS LEVEL 120Hz  ADAPTIVE SYNC EYE CARE GAMING MONITOR ( 03 YEARS WARRANTY),"Rs:49,000.00Rs:50,000.00or 3 XRs:18,293.33with",In Stock,https://mdcomputers.lk/product/asus-va279qg-27inch-full-hd-ips-level-120hz-1ms-mprt-adaptive-sync-eye-care-gaming-monitor-3-years-warranty/
KOORUI 25″ G2511E 320Hz IPS FHD HDR400 BRAND NEW GAMING MONITOR ( 03 YEARS WARRANTY ),"Rs:49,000.00Rs:52,000.00or 3 XRs:18,293.33with",In Stock,https://mdcomputers.lk/product/koorui-25-g2511e-320hz-ips-fhd-hdr400-brand-new-gaming-monitor/
GTX1070 8GB USED GRAPHICS CARD (,"Rs:49,000.00Rs:50,000.00or 3 XRs:18,293.33with",In Stock,https://mdcomputers.lk/product/evga-gtx1070-8gb-used-graphics-card/
KOORUI G2711P IPS 27INCH 200HZ MONITOR,"Rs:49,500.00Rs:54,000.00or 3 XRs:18,480.00with",In Stock,https://mdcomputers.lk/product/koorui-g2711p-ips-27inch-200hz-monitor/
DAHUA DHI-LM24-E230C 24” FHD 180Hz CURVED GAMING MONITOR (03 YEARS WARRANTY ),"Rs:49,500.00Rs:56,000.00or 3 XRs:18,480.00with",In Stock,https://mdcomputers.lk/product/dahua-e230c-27-inch-fhd-180hz-curved-gaming-monitor-3y/
JEDEL RGB BRAND NEW GAMING CHAIR,"Rs:49,500.00Rs:58,500.00or 3 XRs:18,480.00with",In Stock,https://mdcomputers.lk/product/jedel-rgb-brand-new-gaming-chair-price-in-s/
GTX1660 6GB USED GRAPHICS CARD ( RANDOM BRAND),"Rs:50,000.00or 3 XRs:18,666.67with",In Stock,https://mdcomputers.lk/product/used-gtx1660-6gb-graphics-card-md-computers/
ASUS PRIME B760M-K DDR5 90MB1FI0-M1UAY0  BRAND NEW MOTHERBOARD (3 year warranty ),"Rs:50,000.00Rs:56,000.00or 3 XRs:18,666.67with",In Stock,https://mdcomputers.lk/product/asus-prime-b760m-k-90mb1fi0-m1uay0-brand-new-motherboard-3-year-warranty/
NZXT H6 FLOW RGB EDITION ATX MID TOWER WHITE CASING,"Rs:50,000.00or 3 XRs:18,666.67with",In Stock,https://mdcomputers.lk/product/nzxt-h6-flow-rgb-edition-atx-mid-tower-white-casing-01-years-warranty/
NZXT H6 FLOW RGB BLACK CASE,"Rs:50,000.00or 3 XRs:18,666.67with",In Stock,https://mdcomputers.lk/product/nzxt-h6-flow-rgb-black-case/
CANON LBP 6030 BRAND NEW LASER PRINTER ( 01 year warranty ),"Rs:50,400.00Rs:55,000.00or 3 XRs:18,816.00with",In Stock,https://mdcomputers.lk/product/canon-lbp-6030-brand-new-laser-printer-pric/
MSI B550M PRO-VDH (WI-FI) BRAND NEW MOTHERBOARD ( 3 YEARS WARRANTY ),"Rs:50,500.00Rs:51,500.00or 3 XRs:18,853.33with",In Stock,https://mdcomputers.lk/product/msi-b550m-pro-vdh-wi-fi-motherboard/
"INTEL CORE I3 -14TH GEN ( 14100 – 4 Cores,8 Threads ) BRAND NEW TRAY PROCESSOR DESKTOP ( 03 years warranty )","Rs:50,500.00Rs:59,000.00or 3 XRs:18,853.33with",In Stock,https://mdcomputers.lk/product/intel-core-i3-14100-processor-12mb-cache-up-to-4-70-ghz-4-cores8-threads-desktop-processor-3-year-warranty-without-box-fan/
Corsair Vengeance LPX 8GB (8×1) DDR5 5200MHz Memory ( 10 YEARS WARRANTY ),"Rs:50,500.00or 3 XRs:18,853.33with",In Stock,https://mdcomputers.lk/product/corsair-vengeance-lpx-8gb-8x1-ddr5-5200mhz-memory-10-years-warranty/
CORSAIR RME RM850X CYBERNETICS – 850 WATT 80 PLUS GOLD CERTIFIED FULLY MODULAR POWER SUPPLY ( 10 year warranty ),"Rs:51,000.00or 3 XRs:19,040.00with",In Stock,https://mdcomputers.lk/product/corsair-rme-rm850x-cybernetics-850-watt-80-plus-gold-certified-fully-modular-power-supply/
CANON PIXMA G2010 3 in 1 INK TANK BRAND NEW PRINTER ( 01 year warranty ),"Rs:51,000.00Rs:56,000.00or 3 XRs:19,040.00with",In Stock,https://mdcomputers.lk/product/canon-pixma-g2010-ink-tank-printer-printer/
CORSAIR VOID WIRELESS V2 GAMING HEADSET WITH 7.1 SURROUND SOUND CARBON ( 01 year warranty ),"Rs:51,500.00Rs:54,500.00or 3 XRs:19,226.67with",In Stock,https://mdcomputers.lk/product/corsair-void-wireless-v2-gaming-headset-with-7-1-surround-sound-carbon/
ASUS VA27EHF 27INCH IPS 100HZ FRAMLESS MONITOR ADAPTIVE SYNC MONITOR,"Rs:52,000.00Rs:55,000.00or 3 XRs:19,413.33with",In Stock,https://mdcomputers.lk/product/asus-va27ehf-27inch-ips-100hz-framless-monitor-adaptive-sync-monitor/
"AMD RYZEN 5 5600X ( 6 Cores, 12Threads,Up To 4.6GHz) BRAND NEW TRAY PROCESSOR ( 3 years warranty )","Rs:52,000.00or 3 XRs:19,413.33with",In Stock,https://mdcomputers.lk/product/amd-ryzen-5-5600x-6-cores-12-threads-up-to/
"INTEL CORE I5-12400F PROCESSOR 18MB CACHE, 2.50 GHZ UP TO 4.40 GHZ (12 THREADS, 6 CORES) DESKTOP PROCESSOR (3 years warranty )-WITHOUT BOX/FAN","Rs:52,000.00or 3 XRs:19,413.33with",In Stock,https://mdcomputers.lk/product/intel-core-i5-12400f-processor-18mb-cache-2-50-ghz-up-to-4-40-ghz-12-threads-6-cores-desktop-processor-3-years-warranty-without-box-fan/
NZXT C1000 GOLD CORE 1000 WATT 80 PLUS GOLD FULLY MODULAR POWER SUPPLY ( 07 YEARS WARRANTY ),"Rs:52,000.00or 3 XRs:19,413.33with",In Stock,https://mdcomputers.lk/product/nzxt-c1000-gold-core-1000-watt-80-plus-gold-fully-modular-power-supply-07-years-warranty/
MSI MAG 255F X24 24.5′ Inch FHD 240Hz Rapid IPS 0.5ms AMD FreeSync Premiumc Gaming Monitor (3 Years Warranty),"Rs:52,000.00or 3 XRs:19,413.33with",In Stock,https://mdcomputers.lk/product/msi-mag-255f-x24-24-5-inch-fhd-240hz-rapid-ips-0-5ms-amd-freesync-premiumc-gaming-monitor-3-years-warranty/
PXN V9 GEN 1 RACING STEERING WEEL,"Rs:52,500.00or 3 XRs:19,600.00with",In Stock,https://mdcomputers.lk/product/pxn-v9-gen2-racing-steering-wheel/
KOORUI E2721H 27 INCH QHD 2K 1440P 120Hz IPS GAMING MONITOR  ( 03 YEARS MONITOR ),"Rs:52,500.00Rs:58,000.00or 3 XRs:19,600.00with",In Stock,https://mdcomputers.lk/product/koorui-e2721h-27-inch-qhd-2k-1440p-120hz-ip/
INTEL CORE I7 6TH GEN – 8GB RAM – 128GB M.2 SSD USED DESKTOP PC ( 03 month warranty ),"Rs:53,000.00Rs:55,000.00or 3 XRs:19,786.67with",In Stock,https://mdcomputers.lk/product/i7-6th-gen-desktop/
KOORUI GN06 27″ FHD 1080P IPS 165HZ SRGB 100% BRAND NEW MONITOR,"Rs:53,000.00or 3 XRs:19,786.67with",In Stock,https://mdcomputers.lk/product/koorui-gn06-27-fhd-1080p-ips-165hz-srgb-100/
TRANSCEND 2TB EXTERNAL BRAND NEW HARD DISK ( 02 years warranty ),"Rs:53,500.00Rs:54,000.00or 3 XRs:19,973.33with",In Stock,https://mdcomputers.lk/product/transcend-2tb-external-hard-disk-2/
INTEL CORE I3 – 13100 DESKTOP PROCESSOR  ( 3 YEARS WARRANTY ) WITHOUT BOX & FAN,"Rs:53,500.00or 3 XRs:19,973.33with",In Stock,https://mdcomputers.lk/product/intel-core-i3-13100-processor-12mb-cache-3-30ghz-up-to-4-50-ghz-8-threads-4-cores-desktop-processor-3-years-warranty-without-box-fan/
MSI B650M BOMBER (Wi-Fi-) DDR5 MOTHERBOARD ( 03 YEARS WARRANTY),"Rs:53,500.00Rs:58,500.00or 3 XRs:19,973.33with",In Stock,https://mdcomputers.lk/product/msi-b650m-bomber-wi-fi-ddr5-motherboard-03-years-warranty/
CORSAIR VENGEANCE LPX 16GB (16X1) DDR4 3200MHZ C16 MEMORY ( 10 YEARS WARRANTY ),"Rs:54,000.00Rs:55,000.00or 3 XRs:20,160.00with",In Stock,https://mdcomputers.lk/product/corsair-vengeance-16gb-ddr4/
WD PURPLE 2TB BRAND NEW HARD DISK ( 03 YEARS WARRANTY ),"Rs:54,000.00Rs:59,000.00or 3 XRs:20,160.00with",In Stock,https://mdcomputers.lk/product/wd-purple-2tb-hdd/
LEXAR NM620 NVMe PCIe Gen3 X4 2280 1TB M.2 NVME SSD ( 3 YEARS WARRANTY ),"Rs:54,000.00Rs:57,500.00or 3 XRs:20,160.00with",In Stock,https://mdcomputers.lk/product/lexar-nm620-nvme-pcie-gen3-x4-2280-1tb-m-2-nvme-ssd-3-years-warranty/
MSI H810M B DDR5 BRAND NEW MOTHERBOARD ( 3 YEARS WARRANTY),"Rs:54,000.00or 3 XRs:20,160.00with",In Stock,https://mdcomputers.lk/product/msi-h810m-b-ddr5-brand-new-motherboard-3-years-warranty/
THERMALTAKE THE TOWER 600 MID-TOWER BLACK CASING,"Rs:54,000.00or 3 XRs:20,160.00with",In Stock,https://mdcomputers.lk/product/thermaltake-the-tower-600-mid-tower-black-case/
INTEL CORE I7 6TH GEN DESKTOP COMPUTER FULL SET WITH 17 INCH MONITOR,"Rs:54,500.00Rs:56,800.00or 3 XRs:20,346.67with",In Stock,https://mdcomputers.lk/product/intel-core-i7-6th-gen-desktop-computer-fullset-with-17-inch-monitor/
GAMDIAS NESO P1 PRO B ARGB MID-TOWER GAMING CASING,"Rs:54,500.00or 3 XRs:20,346.67with",In Stock,https://mdcomputers.lk/product/gamdias-neso-p1-pro-b-argb-mid-tower-gaming-case/
ZOTAC GTX1660 SUPER 6GB GRAPHIC CARD,"Rs:54,500.00Rs:56,500.00or 3 XRs:20,346.67with",In Stock,https://mdcomputers.lk/product/used-zotac-gtx-1660-super-6gb-graphic-card-02-month-warranty/
LENOVO LEGION 27 INCH 27-10 IPS 1080P 240Hz BRAND NEW GAMING MONITOR ( 03 years warranty ),"Rs:54,500.00Rs:57,500.00or 3 XRs:20,346.67with",In Stock,https://mdcomputers.lk/product/lenovo-legion-27-inch-27-10-ips-1080p-240hz/
LENOVO THINKCENTRE M700 – INTEL CORE I5 6TH GEN / 8GB RAM / 256GB SSD USED MINI PC,"Rs:55,000.00or 3 XRs:20,533.33with",In Stock,https://mdcomputers.lk/product/lenovo-thinkcentre-m720q-intel-core-i5-8th-gen-8gb-ram-256gb-ssd-used-mini-pc/
CRUCIAL E100 NVME PCIE GEN4 X4 2280 1TB M.2 NVME SSD (3 YEARS WARRANTY),"Rs:55,000.00Rs:57,000.00or 3 XRs:20,533.33with",In Stock,https://mdcomputers.lk/product/crucial-e100-nvme-pcie-gen4-x4-2280-1tb-m-2-nvme-ssd-3-years-warranty/
APPLE A1843 BRAND NEW MAGIC KEYBOARD WITH NUMERIC KEYPAD,"Rs:55,000.00or 3 XRs:20,533.33with",In Stock,https://mdcomputers.lk/product/apple-a1843-magic-keyboard-with-numeric-keypad/
MSI GAMING X GTX1660TI 6GB USED GRAPHICS CARD,"Rs:55,000.00Rs:56,000.00or 3 XRs:20,533.33with",In Stock,https://mdcomputers.lk/product/msi-gaming-x-gtx1660ti-6gb-used-graphics-card/
ASUS TUF GTX1660TI 6GB USED GRAPHICS CARD,"Rs:56,000.00Rs:58,000.00or 3 XRs:20,906.67with",In Stock,https://mdcomputers.lk/product/gtx1660ti-6gb-msi-gaming-x-used-graphics-ca/
AMD RYZEN 5 5500GT BRAND NEW TRAY PROCESSOR ( 03 years warranty ),"Rs:56,500.00Rs:57,500.00or 3 XRs:21,093.33with",In Stock,https://mdcomputers.lk/product/amd-ryzen-5-5500gt-brand-new-tray-processo/
"Intel Core I5-14400F Processor 20MB Cache, 2.50 GHz Up To 4.70 GHz (16 Threads, 10 Cores) Desktop Processor(3 YEARS WARRANTY)-WITHOUT BOX","Rs:57,000.00Rs:65,500.00or 3 XRs:21,280.00with",In Stock,https://mdcomputers.lk/product/intel-core-i5-14400f-processor-20mb-cache-2-50-ghz-up-to-4-70-ghz-16-threads-10-cores-desktop-processor3-years-warranty-without-box/
"AMD RYZEN 5 5600GT DESKTOP PROCESSOR  (6 CORES, 12 THREADS ) Up To 4.6 GHz  ( 3 YEARS WARRANTY ) WITHOUT BOX & COOLER","Rs:57,500.00Rs:62,000.00or 3 XRs:21,466.67with",In Stock,https://mdcomputers.lk/product/amd-ryzen-5-5600gt-desktop-tray-processor-6/
INTEL CORE I5 8TH GEN – 8GB RAM – 500GB HDD USED DESKTOP PC ( 03 month warranty ),"Rs:57,800.00Rs:59,800.00or 3 XRs:21,578.67with",In Stock,https://mdcomputers.lk/product/i5-8th-gen-pc-8gb-ram/
LEXAR NS100 1TB BRAND NEW SATA SSD ( 03 YEARS WARRANTY ),"Rs:58,000.00or 3 XRs:21,653.33with",In Stock,https://mdcomputers.lk/product/lexar-ns100-1tb-ssd/
"AMD RYZEN 5 8500G BRAND NEW TRAY PROCESSOR (6 CORES, 12 THREADS) Up To 3.5 GHz  ( 3 YEARS WARRANTY)","Rs:58,000.00Rs:59,500.00or 3 XRs:21,653.33with",In Stock,https://mdcomputers.lk/product/amd-ryzen-5-8500g-6-cores-12-threads-up-to-3-5-ghz-desktop-processor-with-wraith-stealth-cooler-3-years-warranty-without-box-fan/
DELL LATITUDE 7390 CORE I5 8TH GEN / 8GB RAM / 256GB SSD USED LAPTOP( TOUCHPAD NOT WORKING ),"Rs:58,000.00Rs:70,000.00or 3 XRs:21,653.33with",In Stock,https://mdcomputers.lk/product/dell-latitude-7390-core-i5-8th-gen-8gb-ram-256gb-ssd-used-laptop/
ASUS PRIME B860M-K CSM BRAND NEW MOTHERBOARD D5 ( 03 YEARS WARRANTY ),"Rs:58,000.00or 3 XRs:21,653.33with",In Stock,https://mdcomputers.lk/product/asus-prime-b860m-k-csm-brand-new-motherboard-d5-03-years-warranty/
GIGABYTE GTX1080 8GB USED GRAPHICS CARD,"Rs:58,000.00Rs:60,000.00or 3 XRs:21,653.33with",In Stock,https://mdcomputers.lk/product/gigabyte-gtx1080-8gb-used-graphics-card/
ASUS TUF GAMING 850G 80PLUS GOLD FULLY MODULAR 850W POWER SUPPLY ( 03 years warranty ),"Rs:58,500.00or 3 XRs:21,840.00with",In Stock,https://mdcomputers.lk/product/asus-tuf-gaming-850w-80plus-gold-fully-modular-power-supply/
MSI MPG CORELIQUID P13 360 ARGB 360mm CPU LIQUID COOLER ( 3 YEARS WARRANTY ),"Rs:58,500.00or 3 XRs:21,840.00with",In Stock,https://mdcomputers.lk/product/msi-mpg-coreliquid-p13-360-argb-360mm-cpu-liquid-cooler-3-years-warranty/
INTEL CORE I7 2ND GEN USED GAMING DESKTOP PC WITH GTX660 2GB VGA,"Rs:58,800.00Rs:61,850.00or 3 XRs:21,952.00with",In Stock,https://mdcomputers.lk/product/intel-core-i7-2nd-gen-used-gaming-desktop-pc-with-gtx660-2gb-vga/
INTEL CORE I5-12400 PROCESSOR  (3 YEARS WARRANTY)-WITHOUT BOX/FAN,"Rs:59,000.00Rs:70,000.00or 3 XRs:22,026.67with",In Stock,https://mdcomputers.lk/product/intel-core-i5-12400-processor-desktop-processor-3-years-warranty-without-box-fan/
MSI GAMING X  GTX1080 8GB USED GRAPHICS CARD,"Rs:59,000.00Rs:60,000.00or 3 XRs:22,026.67with",In Stock,https://mdcomputers.lk/product/msi-gtx1080-8gb-gaming-x-used-graphics-card/
LENOVO LEGION R25f-30 24.5 INCH BRAND NEW GAMING MONITOR ( 03 years warranty ),"Rs:59,000.00Rs:62,200.00or 3 XRs:22,026.67with",In Stock,https://mdcomputers.lk/product/lenovo-legion-27-inch-27-10-ips-1080p-240hz-2/
LOGITECH Z623 2.1 SPEAKE SYSTEM WITH SUBWOOFER THX SOUND ( 02 years warranty),"Rs:59,500.00Rs:60,500.00or 3 XRs:22,213.33with",In Stock,https://mdcomputers.lk/product/logitech-z623-2-1-speaker-system-with-subwoofer-thx-sound2-years-warranty/
DELL P2418HZM 24 INCH FULL HD IPS 60Hz BRAND NEW MONITOR ( 03 years warranty ),"Rs:59,500.00Rs:63,000.00or 3 XRs:22,213.33with",In Stock,https://mdcomputers.lk/product/dell-p2418hzm-24-inch-full-hd-ips-60hz-bran/
INTEL CORE I5 8TH GEN – 8GB RAM – 120GB SSD USED DESKTOP PC ( 03 MONTH WARRANTY ),"Rs:59,800.00Rs:61,800.00or 3 XRs:22,325.33with",In Stock,https://mdcomputers.lk/product/intel-core-i5-8th-gen-8gb-ram-120gb-ssd-use/
MSI H810M GAMING (WIFI6E) DDR5 BRAND NEW MOTHERBOARD ( 3 YEARS WARRANTY),"Rs:60,000.00Rs:63,500.00or 3 XRs:22,400.00with",In Stock,https://mdcomputers.lk/product/msi-h810m-gaming-wifi6e-ddr5-brand-new-motherboard-3-years-warranty/
MSI MAG 255XF 25″ (1920×1080) 300HZ RAPID IPS 0.5MS AMD FREESYNC GAMING MONITOR,"Rs:60,000.00Rs:65,000.00or 3 XRs:22,400.00with",In Stock,https://mdcomputers.lk/product/msi-mag-255xf-24-5-inch-fhd-300hz-rapid-ips-0-5ms-amd-freesync-premium-gaming-monitor-3-years-warranty/
CORSAIR VENGEANCE LPX 16GB DDR4 RAM 3600MHZ MEMORY ( 10 YEAR WARRANTY ),"Rs:60,500.00Rs:61,500.00or 3 XRs:22,586.67with",In Stock,https://mdcomputers.lk/product/corsair-vengeance-lpx-16gb-ddr4-dram-3600mhz-memory/
INTEL CORE I7 10TH GEN USED PROCESSOR ( 03 month warranty ),"Rs:60,500.00or 3 XRs:22,586.67with",In Stock,https://mdcomputers.lk/product/intel-core-i7-10th-gen-used-processor-03-month-warranty/
CANON PIXMA G3010 W/L 3 IN 1 BRAND NEW PRINTTER ( 01 year warranty ),"Rs:60,500.00Rs:67,000.00or 3 XRs:22,586.67with",In Stock,https://mdcomputers.lk/product/canon-sri-lanka-printer-no-01-canon-pixma-p/
INTEL CORE I5 3RD GEN GAMING DESKTOP PC WITH GTX960 02GB VGA CARD,"Rs:61,500.00Rs:66,300.00or 3 XRs:22,960.00with",In Stock,https://mdcomputers.lk/product/core-i5-3rd-gen-used-desktop-gtx660-02gb/
ASUS PRIME B760M A Wi-Fi DDR5 BRAND NEW MOTHERBOARD ( 3 YEARS WARRANTY ),"Rs:61,500.00Rs:64,000.00or 3 XRs:22,960.00with",In Stock,https://mdcomputers.lk/product/asus-prime-b760m-a-wi-fi-ddr5-brand-new-motherboard-3-years-warranty/
INTEL CORE I5 14TH GEN (14400) BRAND NEW TRAY PROCESSOR ( 03 years warranty ),"Rs:61,500.00Rs:63,500.00or 3 XRs:22,960.00with",In Stock,https://mdcomputers.lk/product/intel-core-i5-14th-gen-14400-brand-new-tray-processor-03-years-warranty/
CORSAIR H150 RGB 360MM LIQUID CPU COOLER,"Rs:62,000.00or 3 XRs:23,146.67with",In Stock,https://mdcomputers.lk/product/corsair-h150-rgb-360mm-liquid-cpu-cooler/
MSI MAG 272F X24 27″ INCH FHD 240HZ 0.5MS ADAPTIVE SYNC RAPID IPS GAMING MONITOR (3 Years Warranty),"Rs:62,000.00Rs:68,000.00or 3 XRs:23,146.67with",In Stock,https://mdcomputers.lk/product/msi-mag-272f-x24-27-inch-fhd-240hz-0-5ms-adaptive-sync-rapid-ips-gaming-monitor-3-years-warranty/
THERMALTAKE VIEW 600TG FULL – TOWER A-RGB BLACK GAMING CASING,"Rs:62,000.00or 3 XRs:23,146.67with",In Stock,https://mdcomputers.lk/product/thermaltake-view-600-tg-full-tower-a-rgb-black-gaming-case-with-04-arctic-argb-fans/
ASUS TUF RX 5600XT 6GB USED GRAPHICS CARD,"Rs:62,000.00Rs:65,000.00or 3 XRs:23,146.67with",In Stock,https://mdcomputers.lk/product/asus-tuf-rx-5600xt-6gb-used-graphics-card/
"INTEL CORE I5-12400 (18M CACHE, UP TO 4.40 GHZ) 3 YEAR WARRANTY","Rs:63,000.00Rs:72,000.00or 3 XRs:23,520.00with",In Stock,https://mdcomputers.lk/product/intel-core-i5-12400-18m-cache-up-to-4-40-ghz-3-year-warranty/
SEAGATE BARRACUDA 4TB BRAND NEW HARD DRIVE ( 03 years warranty ),"Rs:63,500.00Rs:64,000.00or 3 XRs:23,706.67with",In Stock,https://mdcomputers.lk/product/seagate-barracuda-internal-hard-disk-4tb-drives/
AMD Ryzen™ 5 5500X3D BRAND NEW TRAY PROCESSOR ( 03 years warranty ),"Rs:64,000.00or 3 XRs:23,893.33with",In Stock,https://mdcomputers.lk/product/amd-ryzen-5-5500x3d-brand-new-tray-processo/
ASUS ROG STRIX LC III 240 ARGB CPU LIQUID COOLER ( 03y ),"Rs:64,000.00or 3 XRs:23,893.33with",In Stock,https://mdcomputers.lk/product/asus-rog-strix-lc-iii-240-argb-cpu-liquid-cooler-03y/
"AMD RYZEN 7 5700X (Cores 8, Threads 16, Up To 4.6 GHZ) TRAY PROCESSOR  ( 3 YEARS WARRANTY)","Rs:64,500.00Rs:65,000.00or 3 XRs:24,080.00with",In Stock,https://mdcomputers.lk/product/amd-ryzen-7-5700x-cores-8-threads-16-up-to-4-6-ghz-tray-processor-3-years-warranty/
RTX2060 6GB USED GRAPHICS CARD ( random brands ),"Rs:65,000.00Rs:69,000.00or 3 XRs:24,266.67with",In Stock,https://mdcomputers.lk/product/used-galax-rtx-2060-6gb-graphics-card-02-month-warranty/
NEC INTEL PROCESSOR X360 / 8GB RAM / 128GB CHIP ( 64GB  + 64GB ) BRAND NEW LAPTOP,"Rs:65,000.00or 3 XRs:24,266.67with",In Stock,https://mdcomputers.lk/product/nec-intel-celeron-x360-8gb-ram-128gb-chip-64gb-64gb-brand-new-laptop/
MSI Radeon RX 5700XT EVOKE OC 8GB USED GRAPHICS CARD,"Rs:65,000.00or 3 XRs:24,266.67with",In Stock,https://mdcomputers.lk/product/msi-radeon-rx-5700-evoke-oc-8gb-used-graphics-card/
VIEWSONIC VA3209-MH 32”INCH FHD MONITOR WITH BUILT-IN SPEAKERS ( 03 years warranty ),"Rs:65,200.00Rs:68,500.00or 3 XRs:24,341.33with",In Stock,https://mdcomputers.lk/product/va3209-mh-32-fhd-monitor-with-built-in-speakers/
"AMD RYZEN 5 7600X (6 Cores, 12 Threads) UP To 5.3 GHz BRAND NEW DESKTOP TRAY PROCESSOR ( 3 YEARS WARRANTY)","Rs:65,500.00Rs:66,500.00or 3 XRs:24,453.33with",In Stock,https://mdcomputers.lk/product/amd-ryzen-5-7600x-6-cores-12-threads-up-to-4-7-ghz-desktop-tray-processor-3-years-warranty/
"INTEL CORE I5-14400 PROCESSOR 20MB Cache, 2.50 GHz Up To 4.70 GHz (16 Threads, 10 Cores) Desktop Processor  (3 YEARS WARRATY)","Rs:65,500.00Rs:73,000.00or 3 XRs:24,453.33with",In Stock,https://mdcomputers.lk/product/intel-core-i5-14400-processor-20mb-cache-2-50-ghz-up-to-4-70-ghz-16-threads-10-cores-desktop-processor-3-years-warraty/
APPLE A2520 BRAND NEW MAGIC KEYBOARD WITH TOUCH ID,"Rs:66,000.00or 3 XRs:24,640.00with",In Stock,https://mdcomputers.lk/product/apple-a2520-brand-new-magic-keyboard-with-touch-id/
EPSON ECOTANK L3210 3 IN 1 BRAND NEW PRINTER,"Rs:67,500.00Rs:72,500.00or 3 XRs:25,200.00with",In Stock,https://mdcomputers.lk/product/printer-epson-ecotank-l3210-3-in-1/
TRANSCEND ESD270C 1TB SSD PORTABLE (3y),"Rs:67,500.00Rs:72,000.00or 3 XRs:25,200.00with",In Stock,https://mdcomputers.lk/product/transcend-esd270c-1tb-ssd-portable-3y/
MSI B760M GAMING PLUS (Wi-Fi) DDR5 BRAND NEW MOTHERBOARD ( 3 YEARS WARRANTY ),"Rs:67,500.00or 3 XRs:25,200.00with",In Stock,https://mdcomputers.lk/product/msi-b760m-gaming-plus-wi-fi-ddr5-brand-new-motherboard-3-years-warranty/
MSI PRO B840M P DDR5 (WI-FI6E) BRAND NEW MOTHERBOARD (3 years warranty),"Rs:68,000.00or 3 XRs:25,386.67with",In Stock,https://mdcomputers.lk/product/msi-pro-b840/
SAMSUNG UA32H5000FRXSG 32″ HD BRAND NEW SMART TV ( 03 years warranty ),"Rs:68,500.00Rs:69,000.00or 3 XRs:25,573.33with",In Stock,https://mdcomputers.lk/product/samsung-ua32h5000frxsg-32-hd-brand-new-sma/
MSI GAMING X GTX1080TI 11GB USED GRAPHICS CARD,"Rs:69,000.00Rs:70,000.00or 3 XRs:25,760.00with",In Stock,https://mdcomputers.lk/product/aorus-geforce-gtx-1080-ti-11gb/
MSI B650M GAMING PLUS ( Wi-Fi ) DDR5 BRAND NEW MOTHERBOARD ( 3 YEARS WARRANTY ),"Rs:69,000.00or 3 XRs:25,760.00with",In Stock,https://mdcomputers.lk/product/msi-b650m-gaming-plus-wi-fi-ddr5-brand-new-motherboard-3-years-warranty/
DELL LATITUDE  7400 INTEL CORE I5 8TH GEN 8GB RAM 256GB NVME USED LAPTOP ( Camera Not Warking ),"Rs:69,000.00Rs:79,000.00or 3 XRs:25,760.00with",In Stock,https://mdcomputers.lk/product/dell-latitude-7400-intel-core-i7-8th-gen-8gb-ram-256gb-nvme-used-laptop/
SAPPRHIRE RX5700XT 8GB USED GRAPHICS CARD,"Rs:69,000.00Rs:72,000.00or 3 XRs:25,760.00with",In Stock,https://mdcomputers.lk/product/sapprhire-puwse-rx5700xt-8gb-used-graphics-card/
MSI B760M GAMING PLUS (Wi-Fi) DDR4 MOTERBOARD (3 years warranty),"Rs:69,000.00Rs:72,000.00or 3 XRs:25,760.00with",In Stock,https://mdcomputers.lk/product/msi-b760m-gaming-plus-wi-fi-ddr4-moterboard-3-years-warranty/
CORSAIR HS80 MAX RGB WIRLESS PREMIUM CRBON HEADSET ( 01 year waranty ),"Rs:69,000.00Rs:72,000.00or 3 XRs:25,760.00with",In Stock,https://mdcomputers.lk/product/corsair-hs80-max-rgb-wirless-premium-crbon-headset-01-year-waranty/
INTEL CORE I5 3RD GEN GAMING PC GTX970 4GB VGA CARD,"Rs:69,500.00Rs:72,300.00or 3 XRs:25,946.67with",In Stock,https://mdcomputers.lk/product/intel-core-i5-3rd-gen-gaming-pc-asus-gtx-1060-3gb-graphic-card/
DATO DDR4 32GB 3200MHZ BRAND NEW DESKTOP RAM ( 03 YEARS WARRANTY ),"Rs:69,500.00Rs:79,000.00or 3 XRs:25,946.67with",In Stock,https://mdcomputers.lk/product/dato-ddr4-32gb-3200mhz-brand-new-desktop/
APPLE A2520 MAGIC KEYBOARD WITH TOUCH ID BLACK KEY,"Rs:69,999.00or 3 XRs:26,132.96with",In Stock,https://mdcomputers.lk/product/apple-a2520-magic-keyboard-with-no-touch-id-black-key/
MSI B760 Gaming Plus (Wi-Fi) DDR5 Motherboard ( 3 YEARS WARRANTY ),"Rs:70,500.00or 3 XRs:26,320.00with",In Stock,https://mdcomputers.lk/product/msi-pro-b760m-a-wifi-ddr5-motherboard/
INTEL CORE I3 6TH GEN GAMING PC WITH GTX660 2GB VGA,"Rs:72,550.00Rs:75,550.00or 3 XRs:27,085.33with",In Stock,https://mdcomputers.lk/product/i3-6th-gen-gaming-pc-gtx660-2gb-vga/
"AMD RYZEN 7 5700G (8 Cores, 16 Threads) Up To 4.6 GHz DESKTOP PROCESSOR ( 3 YEARS WARRANTY) WITH OUT BOX/ FAN","Rs:73,000.00Rs:75,500.00or 3 XRs:27,253.33with",In Stock,https://mdcomputers.lk/product/amd-ryzen-7-5700g-8-cores-16-threads-up-to-4-6-ghz-desktop-processor-3-years-warranty-with-out-box-fan/
DELL LATITUDE 5400 – INTEL CORE I5 8TH GEN / 8GB RAM / 256GB NVME SSD USED LAPTOP,"Rs:73,000.00Rs:79,000.00or 3 XRs:27,253.33with",In Stock,https://mdcomputers.lk/product/dell-latitude-5400-core-i5-8th-gen-8gb-ram-256gb-nvme-ssd-used-touch-laptop/
MSI B760 GAMING Plus (Wi-Fi) DDR5 Motherboard ( 3 YEARS WARRANTY ),"Rs:74,000.00or 3 XRs:27,626.67with",In Stock,https://mdcomputers.lk/product/msi-b760-gaming-plus-wi-fi-ddr5-motherboard-3-years-warranty/
MSI MPG A1000G PCIE5 1000 WATT 80 Plus Gold Certified Fully Modular Power Supply,"Rs:74,000.00or 3 XRs:27,626.67with",In Stock,https://mdcomputers.lk/product/msi-mpg-a1000g-pcie5-1000-watt-80-plus-gold-certified-fully-modular-power-supply/
MSI VENTUS RTX2060 SUPER 8GB USED GRAPHICS CARD,"Rs:74,000.00or 3 XRs:27,626.67with",In Stock,https://mdcomputers.lk/product/msi-ventus-rtx2060-6gb-used-vga/
JUNGLE LEOPARD CHILL ARC CA360 BLACK LIQUID COOLER,"Rs:74,000.00Rs:79,000.00or 3 XRs:27,626.67with",In Stock,https://mdcomputers.lk/product/jungle-leopard-chill-arc-ca360-black-liquid-cooler/
LENOVO T480 | CORE I5 8TH GEN +8GB RAM -256GB NVME SSD |LAPTOPS,"Rs:75,000.00Rs:79,000.00or 3 XRs:28,000.00with",In Stock,https://mdcomputers.lk/product/lenovo-t480i5-8th-gen-16gb-ram-512gb-ssd-laptops-2/
LENOVO THINKPAD T490 CORE I5 8TH GEN +8GB RAM -256GB NVME SSD |USED LAPTOP,"Rs:75,000.00Rs:82,000.00or 3 XRs:28,000.00with",In Stock,https://mdcomputers.lk/product/thinkpad-t490i5-8th-gen-8gb-ram-256gb-nvme-ssd-laptops/
DELL LATITUDE 5491 – CORE I5 8TH GEN / 8GB RAM / 256GB NVME SSD USED LAPTOP,"Rs:75,000.00Rs:80,000.00or 3 XRs:28,000.00with",In Stock,https://mdcomputers.lk/product/dell-latitude-5480-core-i5-7th-gen-8gb-ram-256gb-nvme-ssd-used-laptop/
JUNGLE LEOPARD CHILL ARC CA360 WHITE LIQUID COOLER,"Rs:75,000.00Rs:79,000.00or 3 XRs:28,000.00with",In Stock,https://mdcomputers.lk/product/jungle-leopard-chill-arc-ca360-white-liquid-cooler/
LENOVO THINKPAD T480s – INTEL CORE I5 8TH GEN /8GB RAM / 256GB NVME SSD USED LAPTOP,"Rs:75,000.00or 3 XRs:28,000.00with",In Stock,https://mdcomputers.lk/product/lenovo-thinkpad-t480s-intel-core-i5-8th-gen-8gb-ram-256gb-nvme-ssd-used-laptop/
LENOVO THINKPAD T490 CORE I7 8TH GEN -8GB RAM -256GB NVME SSD USED LAPTOP ( TYPE C NOT WORKING ),"Rs:75,000.00Rs:85,000.00or 3 XRs:28,000.00with",In Stock,https://mdcomputers.lk/product/lenovo-thinkpad-t490-core-i7-8th-gen-8gb-ram-256gb-nvme-ssd-used-laptop-type-c-not-working/
INTEL CORE I7 3RD GEN GAMING DESKTOP PC WITH GTX1060 3GB VGA CARD,"Rs:75,900.00Rs:80,100.00or 3 XRs:28,336.00with",In Stock,https://mdcomputers.lk/product/core-i7-4th-gen-gtx760-vga-8gb-ram-used-gaming-desktop/
GALAX RTX2070 8GB USED GRAPHICS CARD,"Rs:76,000.00Rs:82,000.00or 3 XRs:28,373.33with",In Stock,https://mdcomputers.lk/product/gigabyte-rtx2070-8gb-used-graphics-card-sl/
ASUS TUF GAMING VG279Q3A 27″ FAST IPS 180HZ FHD G-SYNC COMPATIBLE MONITOR,"Rs:76,500.00Rs:80,000.00or 3 XRs:28,560.00with",In Stock,https://mdcomputers.lk/product/asus-tuf-gaming-vg279q3a-27-fast-ips-180hz-fhd-g-sync-compatible-monitor/
ASUS PRIME B650M-A (Wi-Fi) DDR5 BRAND NEW MOTHERBOARD ( 3 YEARS WARRANTY ),"Rs:77,000.00Rs:99,000.00or 3 XRs:28,746.67with",In Stock,https://mdcomputers.lk/product/asus-prime-z790-p-csm-ddr5/
ASUS TUF B550-PLUS GAMING MOTHERBOARD ( 03 years warranty ),"Rs:77,000.00or 3 XRs:28,746.67with",In Stock,https://mdcomputers.lk/product/asus-tuf-b550-plus-gaming-motherboard-03-years-warranty/
INTEL CORE I5 4TH GEN GAMING PC WITH GTX970 4GB VGA CARD,"Rs:78,400.00Rs:82,400.00or 3 XRs:29,269.33with",In Stock,https://mdcomputers.lk/product/i3-4th-gen-gaming-pc-2gb-vga-cards/
PXN V99 RACING STEERING WEEL ( 01 YEARS WARRANTY),"Rs:78,500.00Rs:82,500.00or 3 XRs:29,306.67with",In Stock,https://mdcomputers.lk/product/pxn-v99-racing-steering-weel-01-years-warranty/
ADATA XPG LANCER DDR5 16GB 5600MHZ BRAND NEW DESKTOP MEMORY ( 03 years warranty ),"Rs:78,500.00or 3 XRs:29,306.67with",In Stock,https://mdcomputers.lk/product/adata-xpg-lancer-16gb-ddr5-5600mhz-desktop-memory-03-years-warranty/
ASUS TUF GAMING B760 -PLUS WIFI DDR5 BRAND NEW MOTHERBOARD( 3y ),"Rs:79,000.00or 3 XRs:29,493.33with",In Stock,https://mdcomputers.lk/product/asus-tuf-gaming-b760-plus-wifi-ddr5/
"AMD RYZEN 5 8600G (6 CORES, 12 THREADS) Up To 4.3 GHz DESKTOP PROCESSOR WITH OUT BOX & COOLER ( 3 YEARS WARRANTY )","Rs:79,000.00Rs:89,000.00or 3 XRs:29,493.33with",In Stock,https://mdcomputers.lk/product/amd-ryzen-5-8600g-6-cores-12-threads-up-to-4-3-ghz-desktop-processor-with-out-box-3-years-warranty/
HP PROBOOK 645 G4 – RYZEN 7 / 8GB RAM / 256GB NVME SSD USED LAPTOP,"Rs:79,000.00or 3 XRs:29,493.33with",In Stock,https://mdcomputers.lk/product/hp-probook-645-g4-ryzen-7-8gb-ram-256gb-nvme-ssd-used-laptop/
KINGSTON 16GB (1X16GB) DDR5 5600MHz DESKTOP MEMORY ( 03 YEARS WARRANTY ),"Rs:79,000.00Rs:89,000.00or 3 XRs:29,493.33with",In Stock,https://mdcomputers.lk/product/kingston-16gb-1x16gb-ddr5-5600mhz-desktop-memory-03-years-warranty/
AMD RYZEN 7 7700 (up to 5.3Ghz 8-cores 16-threads) 32M Cache – BRAND NEW TRAY PROCESSOR ( 03y ),"Rs:79,500.00Rs:87,500.00or 3 XRs:29,680.00with",In Stock,https://mdcomputers.lk/product/amd-ryzen-7-7700-up-to-5-3ghz-8-cores-16-threads-32m-cache-brand-new-tray-processor-03y/
RX6600 8GB USED GRAPHICS CARD ( random brand ),"Rs:80,000.00Rs:81,500.00or 3 XRs:29,866.67with",In Stock,https://mdcomputers.lk/product/asus-rx-6600-8gb-used-graphics-card-02-month-warranty/
ADATA 16GB DDR5 5600MHZ DESKTOP MEMORY ( 3 years warranty ),"Rs:80,000.00or 3 XRs:29,866.67with",In Stock,https://mdcomputers.lk/product/adata-16gb-ddr5-5600mhz-so-dimm-laptop-memo/
PXN V10 PRO RACING STEERING WHEEL,"Rs:81,000.00Rs:85,500.00or 3 XRs:30,240.00with",In Stock,https://mdcomputers.lk/product/pxn-v10-pro-racing-steering-wheel/
DELL PRO P2725H 27 INCH FULL HD IPS 100Hz BRAND NEW MONITOR ( 03 years warranty ),"Rs:82,000.00Rs:85,000.00or 3 XRs:30,613.33with",In Stock,https://mdcomputers.lk/product/dell-pro-p2725h-27-inch-full-hd-ips-100hz-brand-new-monitor-03-years-warranty/
MSI GEFORCE VENTUS RTX2060 12GB USED GRAPHICS CARD,"Rs:82,500.00Rs:85,000.00or 3 XRs:30,800.00with",In Stock,https://mdcomputers.lk/product/msi-geforce-rtx2060-8gb-used-vga/
SAPPHIRE AMD RADEON RX 6650XT 8GB USED GRAPHICS CARD,"Rs:82,500.00Rs:85,000.00or 3 XRs:30,800.00with",In Stock,https://mdcomputers.lk/product/sapphire-amd-radeon-rx-6650xt-8gb-used-graphics-card/
MSI PRO B860M-A (WIFI) DDR5 MOTHERBOARD ( 03 YEARS WARRANTY ),"Rs:83,000.00Rs:85,000.00or 3 XRs:30,986.67with",In Stock,https://mdcomputers.lk/product/msi-pro-b860m-a-wifi-ddr5-motherboard/
RX6600XT 8GB USED VGA ( random brand ),"Rs:84,000.00Rs:89,000.00or 3 XRs:31,360.00with",In Stock,https://mdcomputers.lk/product/asus-dual-rx6600xt-8gb-used-vga/
Asus ROG Aura Edition 750 WATT 80 Plus Gold Certified Fully Modular Power Supply (3 YEARS WARRANTY),"Rs:85,000.00or 3 XRs:31,733.33with",In Stock,https://mdcomputers.lk/product/asus-rog-aura-edition-750-watt-80-plus-gold-certified-fully-modular-power-supply-3-years-warranty/
LENOVO THINKPAD T580 – INTEL CORE I5 8TH GEN / 8GB RAM / 256GB SSD / 15.6″ FHD USED LAPTOP,"Rs:85,000.00or 3 XRs:31,733.33with",In Stock,https://mdcomputers.lk/product/lenovo-thinkpad-t580-intel-core-i5-8th-gen-8gb-ram-256gb-ssd-15-6%e2%80%b3-fhd-used-laptop/
CORE I3 8TH GEN GAMING PC WITH – GTX960 2GB VGA,"Rs:85,200.00Rs:88,900.00or 3 XRs:31,808.00with",In Stock,https://mdcomputers.lk/product/11723/
MSI B760 GAMING PLUS (WI-FI) DDR5 MOTHERBOARD,"Rs:86,500.00or 3 XRs:32,293.33with",In Stock,https://mdcomputers.lk/product/msi-b760-gaming-plus-wi-fi-ddr5-motherboard/
APPLE IPHONE 11 PRO USED MOBILE PHONE – 256GB,"Rs:88,000.00Rs:90,000.00or 3 XRs:32,853.33with",In Stock,https://mdcomputers.lk/product/apple-iphone-11-pro-used-mobile-phone-256gb/
ASUS TUF B650M-E BRAND NEW GAMING MOTHERBOARD (3 years warranty ),"Rs:88,000.00or 3 XRs:32,853.33with",In Stock,https://mdcomputers.lk/product/asus-tuf-b650m-e-brand-new-gaming-motherboard-3-years-warranty/
CORSAIR VENGEANCE DDR5 16GB 5600MHz BRAND NEW DESKTOP MEMORY ( 10 YEARS WARRANTY),"Rs:89,000.00or 3 XRs:33,226.67with",In Stock,https://mdcomputers.lk/product/corsair-vengeance/
MSI PRO Z790-P (WIFI) DDR5 Motherboard,"Rs:89,000.00Rs:90,500.00or 3 XRs:33,226.67with",In Stock,https://mdcomputers.lk/product/msi-pro-z790-p-wifi-ddr5-motherboard/
DELL LATITUDE 5410 – INTEL CORE I5 10TH GEN / 8GB RAM / 256GB NVME SSD USED LAPTOP ( 03 month warranty ),"Rs:89,000.00Rs:99,000.00or 3 XRs:33,226.67with",In Stock,https://mdcomputers.lk/product/dell-latitude-5410-core-i5-10th-gen-8gb-ram-256gb-nvme-ssd-laptop/
APPLE IPHONE 12 USED MOBILE PHONE -128GB,"Rs:89,000.00Rs:95,000.00or 3 XRs:33,226.67with",In Stock,https://mdcomputers.lk/product/apple-iphone-12-used-mobile-phone-128gb/
SAMSUNG ODYSSEY LS25BG400EEXXS 25 INCH FLAT FULL HD 240Hz BRAND NEW GAMING MONITOR,"Rs:89,000.00or 3 XRs:33,226.67with",In Stock,https://mdcomputers.lk/product/samsung-ls25bg400eexxs-25-inch-flat-full-hd/
AMD RYZEN 7 8700G BRAND NEW PROCESSOR ( WITHOUT BOX ),"Rs:89,500.00Rs:99,000.00or 3 XRs:33,413.33with",In Stock,https://mdcomputers.lk/product/amd-ryzen-7-8700g-brand-new-processor-without-box/
"INTEL CORE ULTRA 5 PROCESSOR 235 24M Cache Up To 5 GHz(14 Threads , 14 Cores )","Rs:89,500.00Rs:93,500.00or 3 XRs:33,413.33with",In Stock,https://mdcomputers.lk/product/intel-core-ultra-5-processor-235-24m-cache-up-to-5-ghz14-threads-14-cores/
PXN V10 ULTRA RACING STEERING WHEEL ( 01 year Warranty ),"Rs:89,500.00Rs:95,000.00or 3 XRs:33,413.33with",In Stock,https://mdcomputers.lk/product/pxn-v10-ultra-racing-steering-wheel-01-years-warranty/
HP ELITEBOOK 850 G5/ G6 – CORE I5 8TH – 15.6 INCH –  8GB RAM – 256GB NVME SSD – USED LAPTOP,"Rs:90,000.00Rs:96,000.00or 3 XRs:33,600.00with",In Stock,https://mdcomputers.lk/product/elitebook-850-g6-core-i5-8th-gen-8gb-ram-256-nvme-ssd-laptop/
RTX2080 8GB USED GRAPHICS CARD ( 2 fan ),"Rs:90,000.00Rs:95,000.00or 3 XRs:33,600.00with",In Stock,https://mdcomputers.lk/product/msi-geforce-rtx2080-8gb-ventus-used-vga/
ASUS TUF B860M-PLUS WIFI BRAND NEW GAING MOTHERBOARD ( 03 years warranty ),"Rs:90,000.00or 3 XRs:33,600.00with",In Stock,https://mdcomputers.lk/product/asus-tuf-b860m-plus-wifi-brand-new-gaing-motherboard-03-years-warranty/
INTEL CORE I5 7TH GEN GAMING DESKTOP PC WITH GTX970 4GB VGA CARD,"Rs:90,600.00Rs:93,600.00or 3 XRs:33,824.00with",In Stock,https://mdcomputers.lk/product/intel-core-i5-6th-gengaming-pc-asus-dual-gtx-1060-6gb-brand-new-vga/
ASUS TUF GAMING B760M-PLUS WIFI II DDR5 MOTHERBOARD ( 03 years warranty ),"Rs:92,000.00or 3 XRs:34,346.67with",In Stock,https://mdcomputers.lk/product/asus-tuf-gaming-b760m-plus-wifi-ii-ddr5-motherboard/
ASUS PROART 24″ PA248QFV 1080P 100Hz PROFESSIONAL MONITOR ( 03 YEARS WARRANTY ),"Rs:92,000.00Rs:105,000.00or 3 XRs:34,346.67with",In Stock,https://mdcomputers.lk/product/asus-proart-24%e2%80%b3-pa248qfv-1080p-100hz-professional-monitor-03-years-warranty/
CORE I7 7TH GEN GAMING PC WITH GTX960 4GB USED VGA,"Rs:92,500.00Rs:98,400.00or 3 XRs:34,533.33with",In Stock,https://mdcomputers.lk/product/core-i7-7th-gen-gaming-pc-with-gtx960-4gb-used-vga/
ASUS ROG RTX2080 8GB USED GRAPHICS CARD,"Rs:92,500.00Rs:100,000.00or 3 XRs:34,533.33with",In Stock,https://mdcomputers.lk/product/asus-rog-rtx2080-8gb-used-graphics-card/
HP ELITEBOOK 840 G7 CORE I5 10TH GEN / 8GB RAM / 256GB NVME SSD USED LAPTOP,"Rs:93,000.00Rs:107,000.00or 3 XRs:34,720.00with",In Stock,https://mdcomputers.lk/product/hp-elitebook-840-g7-i5-10th-8gb-256gb-laptop/
MSI MODERN MD272QXP 27” INCH 100Hz WQHD (2560 X 1440) IPS LEVEL BUSINESS &AMP; PRODUCTIVITY BRAND NEW MONITOR ( 03 YEARS WARRANTY ),"Rs:93,000.00Rs:97,000.00or 3 XRs:34,720.00with",In Stock,https://mdcomputers.lk/product/msi-modern-md272qxp-27-inch-100hz-wqhd-2560-x-1440-ips-level-business-productivity-monitor/
CORSAIR VENGEANCE RGB LPX 16GB (16×1) DDR5 5600MHz C40 BRAND NEW MEMORY ( 10 YEARS WARRANTY ),"Rs:93,500.00Rs:94,000.00or 3 XRs:34,906.67with",In Stock,https://mdcomputers.lk/product/corsair-vengeance-rgb-lpx-16gb-16x1-ddr5-5600mhz-c40-memory-3-years-warranty-2/
MSI VENTUS RTX2080 SUPER 8GB USED GRAPHICS CARD,"Rs:93,500.00or 3 XRs:34,906.67with",In Stock,https://mdcomputers.lk/product/rtx2080-8gb-galax-white-used-graphics-card-2-fan/
MSI MAG 325QF E18V 31.5” INCH WQHD (2560 x 1440) 180Hz 0.5ms ADAPTIVE SYNC GAMING MONITOR ( 03 YEARS WARRANTY ),"Rs:94,500.00Rs:95,000.00or 3 XRs:35,280.00with",In Stock,https://mdcomputers.lk/product/msi-mag-325qf-e18v-31-5-inch-wqhd-2560-x-1440-180hz-0-5ms-adaptive-sync-gaming-monitor-3-years-warranty/
KOORUI G2741L 4K IPS 160HZ BRAND NEW MONITOR ( 03 YEARS WARRANTY ),"Rs:94,500.00Rs:95,000.00or 3 XRs:35,280.00with",In Stock,https://mdcomputers.lk/product/koorui-g2741l-4k-ips-160hz-brand-new-monitor-03-years-warranty/
MSI GEFORCE RTX3050 VENTUS 2X 6GB OC BRAND NEW GRAPHICS CARD ( 03 YEARS WARRANTY ),"Rs:95,000.00Rs:105,000.00or 3 XRs:35,466.67with",In Stock,https://mdcomputers.lk/product/msi-geforce-rtx-3050-ventus-2x-6gb-oc-graphics-card/
JBL Xtreme 4 Wireless Speaker,"Rs:95,000.00or 3 XRs:35,466.67with",In Stock,https://mdcomputers.lk/product/jbl-xtreme-4-wireless-speaker/
DELL LATITUDE 5420 – INTEL CORE I5 11TH GEN / 8GB RAM /256GB NVME SSD USED LAPTOP,"Rs:95,000.00Rs:98,000.00or 3 XRs:35,466.67with",In Stock,https://mdcomputers.lk/product/dell-latitude-5420-i5-11th-gen-8gb-ram-256gb-nvme-ssd-laptop/
ASUS DUAL RX7600 8GB USED GRAPHICS CARD,"Rs:95,000.00Rs:100,000.00or 3 XRs:35,466.67with",In Stock,https://mdcomputers.lk/product/asus-dual-rx7600-8gb-used-graphics-card/
DELL LATITUDE 3420 – INTEL CORE I5 11TH GEN -8GB RAM /256GB NVME SSD USED LAPTOP,"Rs:95,000.00or 3 XRs:35,466.67with",In Stock,https://mdcomputers.lk/product/dell-latitude-3420-intel-core-i5-11th-gen-8gb-ram-256gb-nvme-ssd-used-laptop/
INTEL CORE I5 6TH GEN GAMING DESKTOP PC WITH GTX1060 3GB VGA CARD,"Rs:95,600.00Rs:98,800.00or 3 XRs:35,690.67with",In Stock,https://mdcomputers.lk/product/intel-core-i5-6th-gen-gtx-960-4gb-graphic-card-gaming-pc/
ASUS ROG STRIX B760-G DDR5 WIFI BRAND NEW GAMING MOTHERBOARD ( 03 years warranty ),"Rs:96,500.00or 3 XRs:36,026.67with",In Stock,https://mdcomputers.lk/product/asus-rog-strix-b760-g-ddr5-wifi-brand-newbo/
SAMSUNG LS27BG400EEXXS 27 INCH FLAT FULL HD 240Hz BRAND NEW GAMING MONITOR,"Rs:97,500.00or 3 XRs:36,400.00with",In Stock,https://mdcomputers.lk/product/samsung-ls27bg400eexxs-27-inch-flat-full-hd/
DELL LATITUDE 5410 CORE I7 10TH GEN / 8GB RAM / 256GB NVME SSD USED LAPTOP,"Rs:98,000.00Rs:105,000.00or 3 XRs:36,586.67with",In Stock,https://mdcomputers.lk/product/dell-latitude-5410-core-i7-10th-gen-8gb-ram-256gb-nvme-ssd-used-laptop/
HP ELITEBOOK X360 1040 G7 – INTEL CORE I5 10TH GEN / 16GB RAM / 256GB NVME SSD USED LAPTOP ( SCREEN NO TOUCH ),"Rs:99,000.00Rs:112,000.00or 3 XRs:36,960.00with",In Stock,https://mdcomputers.lk/product/hp-elitebook-x360-1040-g7-intel-core-i5-10th-gen-16gb-ram-256gb-nvme-ssd-used-laptop-screen-no-touch/
LOGITECH G29 DRIVING FORCE,"Rs:102,000.00Rs:135,000.00or 3 XRs:38,080.00with",In Stock,https://mdcomputers.lk/product/logitech-g29-driving-force-price-ib-sl-homa/
ASUS ROG STRIC B860-A GAMING WI-FI (DDR5) BRAND NEW MOTHERBOARD ( 3 YEARS WARRANTY ),"Rs:102,000.00Rs:110,000.00or 3 XRs:38,080.00with",In Stock,https://mdcomputers.lk/product/asus-rog-stric-b860-a-gaming-wi-fi-ddr5-brand-new-motherboard-3-years-warranty/
MSI MAG 321CQF E18 31.5” INCH WQHD (2560 x 1440) 180Hz 0.5ms ADAPTIVE – SYNC CURVED GAMING MONITOR ( 3 years Warranty),"Rs:102,000.00Rs:105,000.00or 3 XRs:38,080.00with",In Stock,https://mdcomputers.lk/product/msi-mag-321cqf-e18-31-5-inch-wqhd-2560-x-1440-180hz-0-5ms-adaptive-sync-curved-gaming-monitor-3-years-warranty/
DELL LATITUDE 5420 – CORE I7 11TH GEN / 8GB RAM / 256GB SSD USED LAPTOP ( DISPLAY WHITE PATCH ),"Rs:102,000.00Rs:109,000.00or 3 XRs:38,080.00with",In Stock,https://mdcomputers.lk/product/dell-latitude-5420-core-i7-11th-gen-8gb-ram-256gb-ssd-used-laptop-display-white-patch/
APPLE IPHONE 11 PROMAX USED MOBILE PHONE – 256GB,"Rs:102,000.00Rs:105,000.00or 3 XRs:38,080.00with",In Stock,https://mdcomputers.lk/product/apple-iphone-11-promax-used-mobile-phone-sl/
APPLE IPHONE 12 PRO USED MOBILE PHONE -128GB,"Rs:103,000.00Rs:107,000.00or 3 XRs:38,453.33with",In Stock,https://mdcomputers.lk/product/apple-iphone-12-pro-used-mobile-phone-128gb/
"AMD RYZEN 7 7800X3D (8 CORES, 16 THREADS) Up To 4.2GHz DESKTOP PROCESSOR(3 YEARS WARRANTY) -WITHOUT BOX","Rs:104,000.00Rs:124,500.00or 3 XRs:38,826.67with",In Stock,https://mdcomputers.lk/product/amd-ryzen-7-7800x3d-8-cores-16-threads-up-to-4-2ghz-desktop-processor3-years-warranty-without-box/
ASUS ROG STRIX HELIOS GX601 RGB BRAND NEW GAMING CASING BLACK,"Rs:104,500.00or 3 XRs:39,013.33with",In Stock,https://mdcomputers.lk/product/asus-rog-strix-helios-gx601-rgb-brand-new-gaming-casing/
MSI MPG CORELIQUID ARGB D360 360mm CPU Liquid Cooler ( 3 YEARS WARRANTY ),"Rs:105,000.00Rs:106,000.00or 3 XRs:39,200.00with",In Stock,https://mdcomputers.lk/product/msi-mpg-coreliquid-argb-d360-360mm-cpu-liquid-cooler-3-years-warranty/
DELL LATITUDE 5320 – INTEL CORE I5 11TH GEN 16GB RAM 256GB NVME SSD USED LAPTOP,"Rs:105,000.00Rs:107,000.00or 3 XRs:39,200.00with",In Stock,https://mdcomputers.lk/product/dell-latitude-5320-intel-core-i5-11th-gen-16gb-ram-256gb-nvme-ssd-used-2-in-1-laptop/
MSI MAG 274QRFW 27″ INCH WQHD (2560 X 1440) 180HZ IPS AMD FREESYNC BRAND NEW WHITE GAMING MONITOR ( 03 YEARS WARRANTY),"Rs:106,000.00or 3 XRs:39,573.33with",In Stock,https://mdcomputers.lk/product/msi-mag-274qrfw-27%e2%80%b3-inch-wqhd-2560-x-1440-180hz-ips-amd-freesync-brand-new-white-gaming-monitor-03-years-warranty/
INTEL CORE I5 8TH GEN GAMING DESKTOP PC WITH GTX970 4GB GRAPHICS CARD,"Rs:107,000.00Rs:111,100.00or 3 XRs:39,946.67with",In Stock,https://mdcomputers.lk/product/core-i7-4th-gen-gtx1050ti-vga-8gb-ram-used-gaming-desktop/
HP ELITEBOOK 840 G8 – INTEL CORE I5 11TH GEN /8GB RAM / 256GB NVME SSD USED LAPTOP,"Rs:107,000.00Rs:115,000.00or 3 XRs:39,946.67with",In Stock,https://mdcomputers.lk/product/hp-elitebook-840-g8-intel-core-i5-11th-gen-8gb-ram-256gb-nvme-ssd-used-laptop/
DELL LATITUDE 5420 – INTEL CORE I5 11TH GEN / 16GB RAM /256GB NVME SSD USED LAPTOP,"Rs:107,000.00Rs:110,000.00or 3 XRs:39,946.67with",In Stock,https://mdcomputers.lk/product/dell-latitude-5420-intel-core-i5-11th-gen-16gb-ram-256gb-nvme-ssd-used-laptop/
HP ELITEBOOK X360 830 G7 – CORE I5 10TH GEN 16GB RAM 256GB NVME USED LAPTOP,"Rs:109,000.00Rs:119,000.00or 3 XRs:40,693.33with",In Stock,https://mdcomputers.lk/product/hp-elitebook-x360-830-g7-core-i5-10th-gen-16gb-ram-256gb-nvme-used-laptop/
RTX3070 8GB USED GRAPHICS CARD,"Rs:109,000.00or 3 XRs:40,693.33with",In Stock,https://mdcomputers.lk/product/zotac-rtx3070-8gb-used-graphics-card/
DELL LATITUDE 5520 – CORE I5 11TH GEN / 8GB RAM / 256GB NVME SSD USED LAPTOP,"Rs:110,000.00Rs:115,000.00or 3 XRs:41,066.67with",In Stock,https://mdcomputers.lk/product/dell-latitude-5520-intel-core-i5-11th-gen-16gb-ram-256gb-ssd/
ASUS DUAL GeForce RTX 3050 6GB GDDR6 BRAND NEW GRAPHICS CARD,"Rs:110,000.00Rs:112,000.00or 3 XRs:41,066.67with",In Stock,https://mdcomputers.lk/product/asus-dual-geforce-rtx-3050-6gb-gddr6-brand-new-graphics-card/
APPLE IPHONE 13 USED MOBILE PHONE -128GB,"Rs:110,000.00Rs:111,000.00or 3 XRs:41,066.67with",In Stock,https://mdcomputers.lk/product/apple-iphone-13-used-mobile-phone-128gb/
ASUS ROG STRIX XG259CMS 24.5” IPS 310Hz BRAND NEW GAMING MONITOR ( 03y ),"Rs:110,000.00Rs:122,500.00or 3 XRs:41,066.67with",In Stock,https://mdcomputers.lk/product/asus-rog-strix-xg259cms-24-5-ips-310hz-brand-new-gaming-monitor-03y/
ZOTAC TWIN EDGE RTX3060TI 8GB USED VGA,"Rs:110,000.00Rs:115,000.00or 3 XRs:41,066.67with",In Stock,https://mdcomputers.lk/product/zotac-twin-edge-rtx3060ti-8gb-used-vga/
MSI MAG 275UPD E14 27 INCH UHD (3840 x 2160) 144Hz 288Hz ADAPTIVE SYNC IPS DUAL MODE GAMING MONITOR ( 03 YEARS WARRANTY ),"Rs:110,000.00Rs:115,000.00or 3 XRs:41,066.67with",In Stock,https://mdcomputers.lk/product/msi-mag-275upd-e14-27-inch-uhd-3840-x-2160-144hz-288hz-adaptive-sync-ips-dual-mode-gaming-monitor-03-years-warranty/
GALAX GALAKURO RTX3060 12GB USED GRAPHICS CARD,"Rs:110,000.00or 3 XRs:41,066.67with",In Stock,https://mdcomputers.lk/product/galax-galakuro-rtx3060-12gb-used-graphics-c/
HP ELITEBOOK 850 G7 – CORE I5 10TH GEN – 8GB RAM – 256GB NVME SSD USED LAPTOP,"Rs:110,000.00or 3 XRs:41,066.67with",In Stock,https://mdcomputers.lk/product/hp-elitebook-850-g7-core-i5-10th-gen-8gb-ram-256gb-nvme-ssd-used-laptop/
MSI PRO MP341CQ E12 34′ INCH UWQHD (3440 X 1440) 120Hz BUSINESS & PRODUCTIVITY MONITOR ( 03 YEARS WARRANTY ),"Rs:114,000.00Rs:120,000.00or 3 XRs:42,560.00with",In Stock,https://mdcomputers.lk/product/msi-pro-mp341cq-e12-34-inch-uwqhd-3440-x-1440-120hz-business-productivity-monitor-03-years-warranty/
APPLE IPHONE 12 PRO USED MOBILE PHONE -256GB,"Rs:115,000.00or 3 XRs:42,933.33with",In Stock,https://mdcomputers.lk/product/apple-iphone-12-pro-used-mobile-phone-256gb/
ASROCK RT6700XT 12GB USED GRAPHICS CARD,"Rs:115,000.00Rs:117,000.00or 3 XRs:42,933.33with",In Stock,https://mdcomputers.lk/product/asrock-rt6700xt-12gb-used-graphics-card/
MSI GEFORCE RTX3050 VENTUS 2X XS 8GB OC GRAPHICS CARD,"Rs:117,500.00Rs:125,000.00or 3 XRs:43,866.67with",In Stock,https://mdcomputers.lk/product/msi-geforce-rtx-3050-ventus-2x-xs-8gb-oc-graphics-card/
ASUS DUAL GEFORCE RTX 3050 V2 OC EDITION 8GB GDDR6 BRAND NEW GRAPHIC CARD,"Rs:118,000.00Rs:128,000.00or 3 XRs:44,053.33with",In Stock,https://mdcomputers.lk/product/asus-dual-rtx-3050-v2-oc-8g-graphics-card-2/
MSI VENTUS RTX4060 8GB USED GRAPHICS CARD,"Rs:118,000.00Rs:120,000.00or 3 XRs:44,053.33with",In Stock,https://mdcomputers.lk/product/msi-ventus-rtx4060-8gb-used-graphics-card/
APPLE IPHONE 13 USED MOBILE PHONE -256GB,"Rs:120,000.00Rs:122,000.00or 3 XRs:44,800.00with",In Stock,https://mdcomputers.lk/product/apple-iphone-13-used-mobile-phone-256gb/
ASUS TUF RTX3070TI 8GB GAMING USED GRAPHICS CARD,"Rs:120,000.00Rs:125,000.00or 3 XRs:44,800.00with",In Stock,https://mdcomputers.lk/product/asus-tuf-gaming-rtx3070-8gb-used-vga/
ZOTAC RTX3070TI 8GB USED GRAPHICS CARD,"Rs:120,000.00or 3 XRs:44,800.00with",In Stock,https://mdcomputers.lk/product/zotac-rtx3070ti-8gb-used-graphics-card/
"ASUS TUF VG30VQL1A 30 ULTRA-WIDE WFHD (2560X1080), 200Hz BRAND NEW GAMING MONITOR ( 03 years warranty )","Rs:120,500.00Rs:132,500.00or 3 XRs:44,986.67with",In Stock,https://mdcomputers.lk/product/asus-tuf-gaming-vg30vql1a-30-ultra-wide-wfhd-2560x1080-200hz/
APPLE IPHONE 12 PROMAX USED MOBILE PHONE -128GB,"Rs:123,000.00Rs:130,000.00or 3 XRs:45,920.00with",In Stock,https://mdcomputers.lk/product/apple-iphone-12-promax-used-mobile-phone-128gb/
AMD RYZEN 5 3400G 8GB RAM / 256GB NVME WITH BRAND NEW DESKTOP PC,"Rs:124,000.00Rs:127,500.00or 3 XRs:46,293.33with",In Stock,https://mdcomputers.lk/product/amd-ryzen-5-3400g-brand-new-desktop-pc/
APPLE IPHONE 14 USED MOBILE PHONE – 128GB,"Rs:124,000.00Rs:126,000.00or 3 XRs:46,293.33with",In Stock,https://mdcomputers.lk/product/apple-iphone-14-used-mobile-phone-128gb/
DELL LATITUDE 5530 – CORE I5 12TH GEN – 8GB RAM – 256GB SSD USED LAPTOP,"Rs:128,000.00or 3 XRs:47,786.67with",In Stock,https://mdcomputers.lk/product/dell-latitude-5530-core-i5-12th-gen-16gb-ram-256gb-ssd-used-laptop/
INTEL CORE I7 8TH GEN GAMING PC WITH GTX1060 3GB GRHAPIC CARD,"Rs:130,000.00Rs:133,100.00or 3 XRs:48,533.33with",In Stock,https://mdcomputers.lk/product/core-i5-6th-gen-gaming-pc-gtx960-2gb/
ZOTAC RTX4060TI 8GB USED GRAPHICS CARD,"Rs:130,000.00or 3 XRs:48,533.33with",In Stock,https://mdcomputers.lk/product/zotac-rtx4060ti-8gb-used-graphics-card/
ASUS ROG STRIX B850-G BRAND NEW GAMNG WIFI MOTHERBOARD (3y),"Rs:131,500.00or 3 XRs:49,093.33with",In Stock,https://mdcomputers.lk/product/asus-rog-strix-b850-g-brand-new-gamng-wifi-motherboard-3y/
APPLE IPHONE 12 PROMAX USED MOBILE PHONE -256GB,"Rs:133,000.00Rs:140,000.00or 3 XRs:49,653.33with",In Stock,https://mdcomputers.lk/product/apple-iphone-12-promax-used-mobile-phone-256gb/
DELL LATITUDE 5440 – CORE  I5 13TH GEN – 8GB RAM – 256GB NVME SSD USED LAPTOP,"Rs:140,000.00or 3 XRs:52,266.67with",In Stock,https://mdcomputers.lk/product/dell-latitude-5440-core-i5-13th-gen-8gb-ram-256gb-nvme-ssd-used-laptop/
MSI GEFORCE RTX 5050 SHADOW 2X OC 8GB GDDR7X GRAPHICS CARD (3 YEARS WARRANTY),"Rs:142,000.00Rs:142,500.00or 3 XRs:53,013.33with",In Stock,https://mdcomputers.lk/product/msi-geforce-rtx-5050-shadow-2x-oc-8gb-gddr7x-graphics-card-3-years-warranty/
DELL LATITUDE 5530 – CORE I5 12TH GEN – 8GB RAM – 256GB SSD REFUBLISH LAPTOP (WITH BOX),"Rs:143,000.00or 3 XRs:53,386.67with",In Stock,https://mdcomputers.lk/product/dell-latitude-5530-core-i5-12th-gen-8gb-ram-256gb-ssd-refublish-laptop-with-box/
ASUS TUF RTX3080 10GB USED GRAPHICS CARD,"Rs:145,000.00Rs:149,000.00or 3 XRs:54,133.33with",In Stock,https://mdcomputers.lk/product/asus-tuf-gaming-rtx3080-10gb-used-vga/
HP ELITEBOOK 640 G9 –  INTEL CORE I5 12TH GEN –  16GB RAM  – 512GB NVME SSD USED LAPTOP,"Rs:145,000.00Rs:149,000.00or 3 XRs:54,133.33with",In Stock,https://mdcomputers.lk/product/hp-elitebook-640-g9-intel-core-i5-12th-gen-16gb-ram-256gb-nvme-ssd-used-laptop/
"SAMSUNG 34” ODYSSEY G55T CURVED , WQHD , 165HZ LC34G55TWWEXXS GAMING MONITOR","Rs:145,000.00Rs:165,000.00or 3 XRs:54,133.33with",In Stock,https://mdcomputers.lk/product/samsung-34-odyssey-g55t-curved-wqhd-165hz-lc34g55twwexxs-gaming-monitor/
MSI GEFORCE RTX5050 VENTUS 2X OC 8GB GDDR7X GRAPHICS CARD (3 YEARS WARRANTY),"Rs:146,000.00Rs:149,500.00or 3 XRs:54,506.67with",In Stock,https://mdcomputers.lk/product/msi-geforce-rtx5050-ventus-2x-oc-8gb-gddr7x-graphics-card-3-years-warranty/
APPLE IPHONE 13 PRO USED MOBILE PHONE – 256GB,"Rs:148,000.00Rs:153,000.00or 3 XRs:55,253.33with",In Stock,https://mdcomputers.lk/product/apple-iphone-13-pro-used-mobile-phone-256gb/
DELL LATITUDE 5540 – CORE I5 13TH GEN – 8GB RAM – 256GB NVME SSD USED LAPTOP,"Rs:152,000.00or 3 XRs:56,746.67with",In Stock,https://mdcomputers.lk/product/dell-latitude-5540-core-i5-13th-gen-8gb-ram-256gb-nvme-ssd-used-laptop/
DELL LATITUDE 5440 – CORE I5 13TH GEN – 8GB RAM – 256GB NVME SSD REFUBLISH LAPTOP (WITH BOX),"Rs:155,000.00or 3 XRs:57,866.67with",In Stock,https://mdcomputers.lk/product/dell-latitude-5440-core-i5-13th-gen-8gb-ram-256gb-nvme-ssd-refublish-laptop-with-box/
INTEL CORE I3 14TH ( 14100 ) GEN BRAND NEW DESKTOP PC,"Rs:158,000.00Rs:168,500.00or 3 XRs:58,986.67with",In Stock,https://mdcomputers.lk/product/intel-core-i3-14th-14100-gen-brand-new-desk/
ASUS DUAL GEFORCE RTX5050 8GB BRAND NEW GRAPHIC CARD ( 03 YEARS WARRANTY ),"Rs:159,000.00or 3 XRs:59,360.00with",In Stock,https://mdcomputers.lk/product/asus-dual-geforce-rtx-5050-8gb-brand-new-graphic-card/
APPLLE A16 WIFI BRAND NEW IPAD ( BLUE COLOR ),"Rs:159,000.00or 3 XRs:59,360.00with",In Stock,https://mdcomputers.lk/product/applle-a16-wifi-brand-new-ipad-blue-color/
APPLE IPHONE 13 PROMAX USED MOBILE PHONE – 128GB,"Rs:160,000.00Rs:169,000.00or 3 XRs:59,733.33with",In Stock,https://mdcomputers.lk/product/apple-iphone-13-promax-used-mobile-phone-128gb/
AMD RYZEN 5 5600GT BRAND NEW DESKTOP PC,"Rs:163,000.00or 3 XRs:60,853.33with",In Stock,https://mdcomputers.lk/product/amd-ryzen-5-5600gt-brand-new-desktop-pc/
APPLE IPHONE 15 USED MOBILE PHONE – 128GB,"Rs:164,000.00Rs:165,000.00or 3 XRs:61,226.67with",In Stock,https://mdcomputers.lk/product/apple-iphone-15-used-mobile-phone-128gb/
ASUS VIVOBOOK X1404VAP – V14.I3128 CORE I3 – 1315U / 8GB RAM / 128GB SSD BRAND NEW LAPTOP,"Rs:165,000.00Rs:167,000.00or 3 XRs:61,600.00with",In Stock,https://mdcomputers.lk/product/asus-vivobook-x1404vap-v14-i3128-core-i3-1315u-8gb-ram-128gb-ssd-brand-new-laptop/
INTEL CORE I5 12TH GEN ( 12400) BRAND NEW DESKTOP PC,"Rs:165,500.00Rs:174,500.00or 3 XRs:61,786.67with",In Stock,https://mdcomputers.lk/product/intel-core-i5-12th-gen-12400-brand-new-desktop-pc/
MSI RTX 5060 SHADOW 2X OC 8GB GDDR7X BRAND NEW GRAPHIC CARD ( 03 YEARS WARRANTY ),"Rs:166,500.00or 3 XRs:62,160.00with",In Stock,https://mdcomputers.lk/product/msi-geforce-rtx-5060-8g-shadow-2x-oc/
DELL LATITUDE 5540 – CORE I5 13TH GEN – 8GB RAM – 256GB NVME SSD REPUBLISHED LAPTOP ( WITH BOX ),"Rs:167,000.00or 3 XRs:62,346.67with",In Stock,https://mdcomputers.lk/product/dell-latitude-5540-core-i5-13th-gen-8gb-ram-256gb-nvme-ssd-republished-laptop-with-box/
INTEL CORE I5 9TH GEN USED GAMING DESKTOP PC WITH GTX1660 6GB VGA,"Rs:168,700.00Rs:170,700.00or 3 XRs:62,981.33with",In Stock,https://mdcomputers.lk/product/intel-core-i5-9th-gen-used-gaming-desktop-pc-with-gtx1660-6gb-vga/
ASUS DUAL GEFORCE RTX5060 8GB OC GDDR7 BRAND NEW GRAPHICS CARD ( 03 years warranty ),"Rs:175,000.00Rs:196,000.00or 3 XRs:65,333.33with",In Stock,https://mdcomputers.lk/product/asus-dual-geforce-rtx5060-8gb-oc-gddr7-brand-new-graphics-card-03-years-warranty/
ASUS ROG STRIX Z890-A BRAND NEW GAMING WIFI MOTHERBOARD ( 03 years warranty ),"Rs:175,500.00or 3 XRs:65,520.00with",In Stock,https://mdcomputers.lk/product/asus-rog-strix-z890-a-brand-new-gaming-wifi-motherboard-03-years-warranty/
MSI GeForce RTX3080 GAMING Z TRIO 12G USED GRAPHICS CARD,"Rs:179,000.00or 3 XRs:66,826.67with",In Stock,https://mdcomputers.lk/product/msi-geforce-rtx3080-gaming-z-trio-12g-used-graphics-card/
APPLE MAC BOOK AIR M1 8GB RAM/ 256GB SSD USED,"Rs:180,000.00Rs:185,000.00or 3 XRs:67,200.00with",In Stock,https://mdcomputers.lk/product/apple-mac-book-air-m1-8-gb-ram-256-ssd-brand-new/
HP 250 G10 CORE I3 13TH GEN ( 1315U ) 8GB RAM / 512GB SSD BRAND NEW LAPTOP,"Rs:182,000.00Rs:189,000.00or 3 XRs:67,946.67with",In Stock,https://mdcomputers.lk/product/hp-250-g10-core-i3-13th-gen-1315u-8gb-ram-512gb-ssd-brand-new-laptop/
INTEL CORE I5 14TH GEN ( 14400 ) BRAND NEW DESKTOP PC,"Rs:182,900.00Rs:231,000.00or 3 XRs:68,282.67with",In Stock,https://mdcomputers.lk/product/intel-core-i5-14th-gen-14400-brand-new-desktop-pc/
MSI OPTIX MAG401QR 40″ UWQHD (3440 X 1440) IPS 155Hz 1MS ADAPTIVE SYNC BRAND NEW GAMING MONITOR ( 3 YEARS WARRANTY),"Rs:190,000.00Rs:210,000.00or 3 XRs:70,933.33with",In Stock,https://mdcomputers.lk/product/msi-optix-mag401qr-40-uwqhd-3440-x-1440-ips-155hz-1ms-adaptive-sync-brand-new-gaming-monitor-3-years-warranty/
MSI GEFORCE  RTX5060 GAMING OC 8GB GDDR7X GRAPHICS CARD (3 YEARS WARRANTY),"Rs:190,000.00Rs:197,500.00or 3 XRs:70,933.33with",In Stock,https://mdcomputers.lk/product/msi-geforce-rtx5060-gaming-oc-8gb-gddr7x-graphics-card-3-years-warranty/
HP 15  – AMD RYZEN 5 7520U / 8GB DDR5 RAM / 512GB NVME SSD BRAND NEW LAPTOP,"Rs:198,000.00Rs:200,000.00or 3 XRs:73,920.00with",In Stock,https://mdcomputers.lk/product/hp-15-fc0386nia-amd-ryzen-5-7520u-8gb-ddr5-ram-512gb-nvme-ssd-brand-new-laptop/
ASUS VIVOBOOK GO L1504FA  – RYZEN 5 7520U – 8GB RAM – 512GB NVME SSD – 15.6” BRAND NEW LAPTOP,"Rs:198,000.00Rs:210,000.00or 3 XRs:73,920.00with",In Stock,https://mdcomputers.lk/product/asus-vivobook-go-l1504fa-ryzen-5-7520u-8gb-ram-512gb-nvme-ssd-15-6-brand-new-laptop/
ASUS DUAL RADEON RX9060XT OC EDITION 16GB GDDR6 BRAND NEW GRAPHICS CARD ( 03 years warranty ),"Rs:199,000.00or 3 XRs:74,293.33with",In Stock,https://mdcomputers.lk/product/asus-prime-radeon-rx-9070xt-oc-edition-16gb-gddr6-brand-new-graphics-card-03-years-warranty/
APPLE IPHONE 14 PROMAX USED MOBILE PHONE – 128GB,"Rs:205,000.00Rs:210,000.00or 3 XRs:76,533.33with",In Stock,https://mdcomputers.lk/product/apple-iphone-14-promax-used-mobile-phone-128gb/
MSI GEFORCE RTX™ 5060Ti 8G SHADOW 2X OC PLUS GDDR7X GRAPHICS CARD (3 YEARS WARRANTY),"Rs:209,000.00or 3 XRs:78,026.67with",In Stock,https://mdcomputers.lk/product/msi-geforce-rtx-5060-shadow-2x-oc-8gb-gddr7x-graphics-card-3-years-warranty/
ASUS VIVOBOOK ( X1404VAP-V14.C58256 ) CORE  5 120U / 8GB RAM / 256GB NVME SSD BRAND NEW LAPTOP,"Rs:210,000.00Rs:217,000.00or 3 XRs:78,400.00with",In Stock,https://mdcomputers.lk/product/asus-vivobook-x1404vap-v14-c58256-core-5-120u-8gb-ram-256gb-nvme-ssd-brand-new-laptop/
APPLE IPHONE 14 PROMAX USED MOBILE PHONE – 256GB,"Rs:215,000.00Rs:220,000.00or 3 XRs:80,266.67with",In Stock,https://mdcomputers.lk/product/apple-iphone-14-promax-used-mobile-phone-256gb/
MSI MODERN 15 F13MG INTEL CORE I5 – 1334U | 8GB DDR4 3200MHz | 512GB NVME SSD BRAND NEW LAPTOP,"Rs:220,000.00Rs:225,000.00or 3 XRs:82,133.33with",In Stock,https://mdcomputers.lk/product/msi-modern-15-f13mg-intel-core-i5-1334u-8gb-ddr4-3200mhz-512gb-nvme-ssd-brand-new-laptop/
DELL LAP 15 DC15250 CORE I5 13TH GEN ( 1334U ) 8GB RAM / 512GB NVME SSD BRAND NEW LAPTOP,"Rs:220,000.00or 3 XRs:82,133.33with",In Stock,https://mdcomputers.lk/product/dell-lap-15-dc15250-core-i5-13th-gen-1334u-8gb-ram-512gb-nvme-ssd-brand-new-laptop/
ASUS VIVOBOOK F1504VA INTEL CORE I5 1334U / 8GB RAM / 512GB NVME SSD BRAND NEW LAPTOP,"Rs:220,000.00Rs:235,000.00or 3 XRs:82,133.33with",In Stock,https://mdcomputers.lk/product/asus-vivobook-f1504va-intel-core-i5-1334u-8gb-ram-512gb-nvme-ssd-brand-new-laptop/
AMD RYZEN 7 2700X MSI RTX3050 6GB GRAPHICS CARD WITH BRAND NEW GAMING PC,"Rs:224,500.00or 3 XRs:83,813.33with",In Stock,https://mdcomputers.lk/product/19815/
ASUS PROART Z890-CREATOR WIFI BRAND NEW GAMING MOTHERBOARD ( 03 years warranty ),"Rs:224,500.00or 3 XRs:83,813.33with",In Stock,https://mdcomputers.lk/product/asus-proart-z890-creator-wifi-brand-new-gaming-motherboard-03-years-warranty/
ASUS ROG STRIX G15 – G512 – INTEL CORE I7 10TH GEN – DDR4 8GB RAM – 256GB NVME SSD – GTX 1650TI 4GB VGA USED LAPTOP,"Rs:225,000.00Rs:250,000.00or 3 XRs:84,000.00with",In Stock,https://mdcomputers.lk/product/asus-rog-strix-g512-intel-core-i7-10th-gen-ddr4-8gb-ram-256gb-nvme-ssd-gtx-1650ti-4gb-vga-used-laptop/
ASUS VIVOBOOK X1504VA – INTEL CORE 5 120U 16GB RAM 512GB NVME SSD BRAND NEW LAPTOP ( Open Box ),"Rs:227,000.00or 3 XRs:84,746.67with",In Stock,https://mdcomputers.lk/product/asus-vivobook-x1504va-intel-core-5-120u-16gb-ram-512gb-nvme-ssd-brand-new-laptop-open-box/
HP 255R G10 RYZEN 5 7535U – 16GB RAM – 512GB NVME SSD BRAND NEW LAPTOP,"Rs:229,000.00Rs:235,000.00or 3 XRs:85,493.33with",In Stock,https://mdcomputers.lk/product/hp-255-g10-notebook-ryzen-7-7730u-16gb-ram-512gb-nvme-ssd-brand-new-laptop/
ASUS EXPERTBOOK B1503CVA CORE 5-120U /8GB RAM / 512GB NVME SSD BRAND NEW LAPTOP,"Rs:229,000.00Rs:247,000.00or 3 XRs:85,493.33with",In Stock,https://mdcomputers.lk/product/asus-expertbook-b1503cva-core-5-120u-8gb-ram-512gb-nvme-ssd-brand-new-laptop/
HP 15 – FD0250WM ULTRA 5 – 225U  – DDR5 8GB RAM – 512GB NVME SSD – 15.6” BRAND NEW LAPTOP,"Rs:229,000.00Rs:239,000.00or 3 XRs:85,493.33with",In Stock,https://mdcomputers.lk/product/hp-15-fd0250wm-ultra-5-225u-ddr5-8gb-ram-512gb-nvme-ssd-15-6-brand-new-laptop/
Apple MacBook Pro A2141 – i9 + 64GB RAM / 512GB SSD,"Rs:229,990.00Rs:250,000.00or 3 XRs:85,862.93with",In Stock,https://mdcomputers.lk/product/apple-macbook-pro-i9-64gb-ram-512gb-ssd-brand-new-conditon/
MSI MODERN 15 F1MG – INTEL CORE 5-120U / 8GB RAM / 512GB NVME SSD BRAND NEW LAPTOP,"Rs:230,000.00Rs:240,000.00or 3 XRs:85,866.67with",In Stock,https://mdcomputers.lk/product/msi-modern-15-f1mg-intel-core-5-120u-8gb-ram-512gb-nvme-ssd-brand-new-laptop/
PS5 SLIM DIGITAL EDITION CONSOLE,"Rs:239,000.00Rs:269,000.00or 3 XRs:89,226.67with",In Stock,https://mdcomputers.lk/product/ps5-slim-digital-edition-console/
APPLE IPHONE 15 PROMAX USED MOBILE PHONE – 256GB,"Rs:250,000.00Rs:253,000.00or 3 XRs:93,333.33with",In Stock,https://mdcomputers.lk/product/apple-iphone-15-promax-used-mobile-phone-sl/
ASUS VIVOBOOK X1504VAP – INTEL CORE 7 150U / 8GB RAM / 512GB SSD / 15.6” INCH DISPLAY WITH BRAND NEW LAPTOP,"Rs:250,000.00Rs:259,000.00or 3 XRs:93,333.33with",In Stock,https://mdcomputers.lk/product/asus-vivobook-x1504vap-intel-core-7-150u-8gb-ram-512gb-ssd-15-6-inch-display-with-brand-new-laptop/
APPLE AIR M4 11 – INCH BRAND NEW IPAD,"Rs:253,500.00or 3 XRs:94,640.00with",In Stock,https://mdcomputers.lk/product/apple-air-m4-11-inch-brand-new-ipad/
APPLE NEO A18 PRO CHIP 8GB RAM 256GB SSD 13 INCH BRAND NEW MACBOOK,"Rs:264,000.00or 3 XRs:98,560.00with",In Stock,https://mdcomputers.lk/product/apple-neo-a18-chip-8gb-ram-256gb-ssd-13-inch-brand-new-macbook-2/
ASUS ROG STRIX XG279Q 27 INCH 2K QHD IPS ABOVE 144Hz BRAND NEW GAMING MONITOR ( 03 years warranty ),"Rs:264,000.00or 3 XRs:98,560.00with",In Stock,https://mdcomputers.lk/product/asus-rog-strix-xg279q-27-inch-2k-qhd-ips-above-144hz-brand-new-gaming-monitor-03-years-warranty/
ASUS VIVOBOOK X1504VAP – CORE 7 150U – 16GB RAM – 512GB SSD – 15.6” BRAND NEW LAPTOP,"Rs:269,000.00Rs:288,000.00or 3 XRs:100,426.67with",In Stock,https://mdcomputers.lk/product/asus-vivobook-x1504va-core-7-150u-16gb-ram-512gb-ssd-15-6-brand-new-laptop/
MSI GEFORCE RTX 5060TI VENTUS 2X OC PLUS 16GB GDDR7X GRAPHICS CARD (3 YEARS WARRANTY),"Rs:270,000.00Rs:279,000.00or 3 XRs:100,800.00with",In Stock,https://mdcomputers.lk/product/msi-rtx-5060ti-ventus-2x-plus-oc-16gb-vga-card/
INTEL CORE I3 12TH GEN ASUS RTX3050 6GB GRAPHICS CARD BRAND NEW GAMING PC,"Rs:271,000.00or 3 XRs:101,173.33with",In Stock,https://mdcomputers.lk/product/core-i5-14th-gen-gaming-pc-with-pny-geforce-rtx-4060ti-8gb-brand-new-vga/
INTEL CORE I3 13TH GEN MSI RTX3050 6GB GRAPHICS CARD WITH BRAND NEW GAMING PC,"Rs:272,500.00or 3 XRs:101,733.33with",In Stock,https://mdcomputers.lk/product/intel-core-i5-12th-gen-gaming-pc-build/
ASUS ROG MAXIMUS Z890 HERO DDR5 BRAND NEW MOTHERBOARD ( 03 years warranty ),"Rs:275,000.00or 3 XRs:102,666.67with",In Stock,https://mdcomputers.lk/product/asus-rog-maximus-z890-hero-brand-new-motherboard-03-years-warranty/
MSI GEFORCE RTX4070 SUPER VENTUS 2X 12GB GDDR6X BRAND NEW GRAPHICS CARD ( 3 years warranty ),"Rs:285,000.00Rs:335,000.00or 3 XRs:106,400.00with",In Stock,https://mdcomputers.lk/product/msi-geforce-rtx-4070-ti-super-gaming-x-16gb/
APPLE IPHONE 16 PRO USED MOBILE PHONE- 256GB,"Rs:292,000.00Rs:298,000.00or 3 XRs:109,013.33with",In Stock,https://mdcomputers.lk/product/apple-iphone-16-pro-used-mobile-phone-256gb/
INTEL CORE I5 12TH GEN RTX3050 8GB GRAPHICS CARD WITH BRAND NEW GAMING PC,"Rs:297,000.00or 3 XRs:110,880.00with",In Stock,https://mdcomputers.lk/product/core-i5-14th-gen-gaming-pc-with-msi-geforce-rtx-3060-ventus-2x-oc-12gb-graphics-card/
APPLE NEO A18 PRO CHIP 8GB RAM 512GB SSD 13 INCH BRAND NEW MACBOOK,"Rs:299,000.00or 3 XRs:111,626.67with",In Stock,https://mdcomputers.lk/product/apple-neo-a18-pro-chip-8gb-ram-512gb-ssd-13-inch-brand-new-macbook/
APPLE NEO A18 PRO CHIP 8GB RAM 512GB SSD 13 INCH BRAND NEW MACBOOK,"Rs:299,000.00or 3 XRs:111,626.67with",In Stock,https://mdcomputers.lk/product/apple-neo-a18-pro-chip-8gb-ram-512gb-ssd-13-inch-brand-new-macbook-2/
APPLE IPHONE 16 PROMAX USED MOBILE PHONE – 256GB,"Rs:305,000.00Rs:308,000.00or 3 XRs:113,866.67with",In Stock,https://mdcomputers.lk/product/apple-iphone-16-promax-used-mobile-phone/
HP OMNIBOOK X FLIP 14-FM0013DX ULTRA 5 – 226V – 16GB RAM – 512GB SSD BRAND NEW LAPTOP,"Rs:321,000.00Rs:342,000.00or 3 XRs:119,840.00with",In Stock,https://mdcomputers.lk/product/hp-omnibook-x-flip-14-fm0013dx-ultra-5-226v-16gb-ram-512gb-ssd-brand-new-laptop/
HP VICTUS 15-FA2013DX CORE I5 13TH GEN / RTX 3050 6GB VGA / 8GB RAM / 512GB NVME SSD BRAND NEW GAMING LAPTOP,"Rs:325,000.00or 3 XRs:121,333.33with",In Stock,https://mdcomputers.lk/product/hp-victus-15-fa2013dx-cotr-i5-13th-gen-rtx-3050-6gb-vga-8gb-ram-512gb-nvme-ssd-brand-new-gaming-laptop/
APPLE IPHONE 16 PRO MAX USED MOBILE PHONE -512GB,"Rs:330,000.00Rs:345,000.00or 3 XRs:123,200.00with",In Stock,https://mdcomputers.lk/product/apple-iphone-16-pro-max-used-mobile-phone-512gb/
AMD RYZEN 5 5600X MSI RTX5050 8GB GRAPHICS CARD WITH BRAND NEW GAMING PC,"Rs:333,000.00or 3 XRs:124,320.00with",In Stock,https://mdcomputers.lk/product/ryzen-5-5600gt-gaming-pc-with-msi-rtx3060-12gb-graphics-card/
INTEL CORE I5 14TH GEN RTX3050 6GB GRHAPIC CARD WITH BRAND NEW GAMING PC,"Rs:351,000.00or 3 XRs:131,040.00with",In Stock,https://mdcomputers.lk/product/intel-core-i5-14th-gen-gaming-pc-build/
ACER ASPIRE 7 A715 CORE I7 – 13TH GEN / 16GB RAM / 512GB NVME SSD / RTX3050 6GB VGA BRAND NEW GAMING LAPTOP,"Rs:368,000.00or 3 XRs:137,386.67with",In Stock,https://mdcomputers.lk/product/acer-aspire-7-a715-core-i7-13th-gen-16gb-ram-512gb-nvme-ssd-rtx3050-6gb-vga-brand-new-gaming-laptop/
ASUS TUF RYZEN 7 7445HS -16GB RAM – 512GB NVME SSD – RTX 3050 4GB VGA BRAND NEW GAMING LAPTOP,"Rs:369,000.00or 3 XRs:137,760.00with",In Stock,https://mdcomputers.lk/product/asus-tuf-a15-ryzen-7-7445hx-16gb-ram-512gb-nvme-ssd-rtx-3050-4gb-graphics-brand-new-gaming-laptop/
ASUS TUF GAMING FX607VJ – BB53-CB  CORE 5 210H / 16GB RAM / 512GB NVME SSD / RTX3050 6GB VGA BRAND NEW GAMING LAPTOP,"Rs:369,000.00or 3 XRs:137,760.00with",In Stock,https://mdcomputers.lk/product/asus-tuf-gaming-fx607vj-rl184-ultra-5-210h-16gb-ram-512gb-nvme-ssd-rtx3050-6gb-vga-brand-new-gaming-laptop/
LENOVO LOQ 15ARP10E  RYZEN 7 170 – 16GB RAM – 512GB SSD -RTX3050 6GB VGA BRAND NEW LAPTOP,"Rs:370,000.00or 3 XRs:138,133.33with",In Stock,https://mdcomputers.lk/product/lenovo-loq-15arp10e-ryzen-7-170-16gb-ram-512gb-ssd-rtx3050-6gb-vga-brand-new-laptop/
MSI THIN 15  INTEL CORE I5 13TH GEN (13420H ) – 16GB RAM – 512GB NVME – RTX4050 6GB -BRAND NEW GAMING LAPTOP,"Rs:375,000.00or 3 XRs:140,000.00with",In Stock,https://mdcomputers.lk/product/msi-thin-15-core-intel-core-i5-13th-gen-13420h-16gb-ram-512gb-nvme-rtx4060-8gb-brand-new-gaming-laptop/
MSI CYBORG 15 -INTEL CORE I5 13TH GEN / 16GB RAM / 512GB NVME SSD / RTX4050 6GB GRAPHICS CARD WITH BRAND NEW GAMING LAPTOP,"Rs:392,000.00or 3 XRs:146,346.67with",In Stock,https://mdcomputers.lk/product/msi-cyborg-15-intel-core-i5-13th-gen-16gb-ram-512gb-nvme-ssd-rtx4050-6gb-graphics-card-with-brand-new-gaming-laptop/
"ASUS ROG STRIX XG49VQ 49 INCH CURVED SUPER ULTRA-WIDE HDR (3840 x 1080), 144Hz GAMING MONITOR ( 03 YEARS WARRANTY )","Rs:395,000.00or 3 XRs:147,466.67with",In Stock,https://mdcomputers.lk/product/asus-rog-strix-xg49vq-49-inch-curved-super-ultra-wide-hdr-3840-x-1080-144hz-gaming-monitor-03-years-warranty/
AMD RYZEN 5 8400F MSI RTX5050 8GB GRAPHICS CARD WITH BRAND NEW GAMING PC,"Rs:400,000.00or 3 XRs:149,333.33with",In Stock,https://mdcomputers.lk/product/amd-ryzen-5-brand-new-gaming-pc/
LENOVO LOQ 15AHP10 – AMD RYZEN 5 220 / 16GB RAM / 512GB NVME SSD / RTX5050 8GB GRAPHICS CARD WITH BRAND NEW GAMING LAPTOP,"Rs:425,000.00or 3 XRs:158,666.67with",In Stock,https://mdcomputers.lk/product/lenovo-loq-15ahp10-ryzen-5-220-ddr5-16gb-ram-512gb-nvme-ssd-rtx5050-8gb-vga-brand-new-gaming-laptop/
ACRE NITRO V15 ANV15-52-57BB – INTEL CORE I5 13TH GEN / 16GB RAM / 512GB NVMESSD / RTX 5050 8GB GRAPHICS CARD GAMING LAPTOP,"Rs:425,000.00or 3 XRs:158,666.67with",In Stock,https://mdcomputers.lk/product/acre-nitro-v15-anv15-52-57bb-intel-core-i5-13th-gen-16gb-ram-512gb-nvmessd-rtx-5050-8gb-graphics-card-gaming-laptop/
ASUS TUF A16 RYZEN 7 170 – 16GB RAM – 512GB NVME SSD – RTX4050 6GB VGA BRAND NEW GAMING LAPTOP,"Rs:435,000.00or 3 XRs:162,400.00with",In Stock,https://mdcomputers.lk/product/asus-tuf-a16-ryzen-7-170-16gb-ram-512gb-nvme-ssd-rtx4050-6gb-vga-brand-new-gaming-laptop/
APPLE IPHONE 17 PRO 256GB BRAND NEW MOBILE PHONE,"Rs:444,000.00Rs:447,000.00or 3 XRs:165,760.00with",In Stock,https://mdcomputers.lk/product/apple-iphone-17-pro-256gb-brand-new-mobile-phone/
ASUS TUF A16 FA607NUG RYZEN 7 7445HS – 16GB RAM – 512GB NVME SSD – RTX 4050 6GB BRAND NEW LAPTOP,"Rs:455,000.00or 3 XRs:169,866.67with",In Stock,https://mdcomputers.lk/product/asus-tuf-a16-fa607nug-ryzen-7-7445hs-16gb-ram-512gb-nvme-ssd-nvidia-geforce-rtx-4050-6gb-graphic-card/
ACER NITRO LITE 16-71G-76SE / INTEL CORE I7-13620H / 16GB / 512GB NVME SSD / RTX4050 6GB GRAPHICS CARD BRAND NEW GAMING LAPTOP,"Rs:455,000.00or 3 XRs:169,866.67with",In Stock,https://mdcomputers.lk/product/acer-nitro-lite-16-71g-76se-intel-core-i7-13620h-16gb-512gb-nvme-ssd-rtx4050-6gb-graphics-card-brand-new-gaming-laptop/
PS5 PRO 2TB – CFI 7121,"Rs:458,000.00Rs:499,000.00or 3 XRs:170,986.67with",In Stock,https://mdcomputers.lk/product/playstation-5-pro-2tb-cfi-7121-2025/
MSI CYBORG 15 – INTEL CORE I7 13TH GEN / DDR5 16GB RAM / 512GB NVME SSD / RTX5060 8GB VGA BRAND NEW GAMING LAPTOP,"Rs:473,000.00or 3 XRs:176,586.67with",In Stock,https://mdcomputers.lk/product/msi-cyborg-15-intel-core-i7-13th-gen-ddr5-16gb-ram-512gb-nvme-ssd-rtx5060-8gb-vga-brand-new-gaming-laptop/
APPLE IPHONE 17 PRO MAX 256GB BRAND NEW MOBILE PHONE,"Rs:476,000.00Rs:510,000.00or 3 XRs:177,706.67with",In Stock,https://mdcomputers.lk/product/apple-iphone-17-pro-max-256gb-brand-new-mobile-phone/
HP VICTUS 15 – FA2095NW  CORE 7 240H -16GB RAM – 512GB NVME SSD – RTX5060 8GB VGA –  BRAND NEW GAMING LAPTOP,"Rs:487,000.00or 3 XRs:181,813.33with",In Stock,https://mdcomputers.lk/product/hp-victus-15-fa2095nw-core-7-240h-16gb-ram-512gb-nvme-ssd-rtx5060-8gb-vga-brand-new-gaming-laptop/
MSI KATANA 15HX CORE I7 – 14TH GEN – 16GB RAM – 512GB SSD – RTX5060 8GB VGA BRAND NEW GAMING LAPTOP,"Rs:509,000.00or 3 XRs:190,026.67with",In Stock,https://mdcomputers.lk/product/msi-katana-15hx-core-i7-14th-gen-16gb-ram-512gb-ssd-rtx4050-6gb-vga-brand-new-gaming-laptop/
APPLE AIR M5 16GB RAM 512GB SSD 13 INCH BRAND NEW MACBOOK,"Rs:521,000.00Rs:550,000.00or 3 XRs:194,506.67with",In Stock,https://mdcomputers.lk/product/apple-air-m5-16gb-ram-512gb-ssd-13-inch-brand-new-macbook/
SAMSUNG LS49DG930SEXXS 49 INCH ODYSSEY OLED G9 (G93SD) DUAL QHD 240Hz CURVED BRAND NEW GAMING MONITOR,"Rs:529,000.00Rs:562,000.00or 3 XRs:197,493.33with",In Stock,https://mdcomputers.lk/product/samsung-ls49dg930sexxs-49-inch-odyssey-oled-g9-g93sd-dual-qhd-240hz-curved-brand-new-gaming-monitor/
ASUS TUF GAMING FA608UM – R1765W RYZEN  7 260 – 16GB RAM – 512GB NVME SSD – NVIDIA GEFORCE RTX5060 8GB BRAND NEW GAMING LAPTOP,"Rs:558,000.00or 3 XRs:208,320.00with",In Stock,https://mdcomputers.lk/product/asus-tuf-gaming-fa608um-r1765w-ryzen-7-260-16gb-ram-512gb-nvme-ssd-nvidia-geforce-rtx5060-8gb-brand-new-gaming-laptop/
LENOVO LEGION 5 16RX9 INTEL CORE I9 14TH GEN 32GB RAM 1TB NEME RTX4060 8GB GRAPHICS CARD BRAND NEW ( OPEN BOX ) GAMING LAPTOP,"Rs:595,000.00Rs:625,000.00or 3 XRs:222,133.33with",In Stock,https://mdcomputers.lk/product/lenovo-legion-5-16rx9-intel-core-i9-14th-gen-14900hx-32gb-ram-1tb-neme-rtx4060-8gb-brand-new-gaming-laptop/
MSI KATANA 15 INTEL CORE I7 14TH GEN ( 14650HX ) DDR5 16GB RAM / 1TB NVME SSD / RTX5070 8GB VGA BRAND NEW GAMING LAPTOP,"Rs:605,000.00or 3 XRs:225,866.67with",In Stock,https://mdcomputers.lk/product/msi-katana-15-intel-core-i7-14th-gen-14650hx-ddr5-16gb-ram-1tb-nvme-ssd-rtx5070-8gb-vga-brand-new-gaming-laptop/
ASUS ROG STRIX CORE I7 14650HX – RTX 5060 8GB -16GB RAM – 1TB NVME -BRAND NEW GAMING LAPTOP,"Rs:615,000.00or 3 XRs:229,600.00with",In Stock,https://mdcomputers.lk/product/asus-rog-strix-g16-core-i7-14650hx-rtx-5060-8gb-16gb-ram-1tb-nvme-brand-new-gaming-laptop/
ASUS TUF F16 ( FX608JPR-WH74 ) INTEL CORE I7 14TH GEN /16GB RAM / 1TB NVME / RTX5070 8GB GRAPHICS CARD BRAND NEW GAMING LAPTOP,"Rs:617,000.00or 3 XRs:230,346.67with",In Stock,https://mdcomputers.lk/product/asus-tuf-f16-fx608jpr-wh74-intec-core-i7-14th-gen-16gb-ram-1tb-nvme-rtx5070-8gb-graphics-card-brand-new-gaming-laptop/
ASUS ROG STRIX G16 RYZEN 9 – 8940HX / 16GB RAM / 1TB SSD / RTX5070 8GB VGA BRAND NEW GAMING LAPTOP,"Rs:720,000.00Rs:759,000.00or 3 XRs:268,800.00with",In Stock,https://mdcomputers.lk/product/asus-rog-strix-g16-ryzen-9-8940hx-16gb-ram-1tb-ssd-rtx5070-8gb-brand-new-gaming-laptop/
APPLE MACBOOK PRO M5 PRO 24GB RAM 1TB SSD 14 INCH BRAND NEW,"Rs:955,000.00Rs:998,000.00or 3 XRs:356,533.33with",In Stock,https://mdcomputers.lk/product/apple-macbook-pro-m5-pro-24gb-ram-1tb-ssd-14-inch-brand-new/
Sonicgear Speaker Sonicube,"Rs:1,800.00or 3 XRs:672.00with",Out of Stock,https://mdcomputers.lk/product/sonicgear-speaker-sonicube/
CONTROLLER,"Rs:2,000.00or 3 XRs:746.67with",Out of Stock,https://mdcomputers.lk/product/controller/
FANTECH SHOOTER II WGP13 WIRELESS CONTROLLER,"Rs:9,500.00or 3 XRs:3,546.67with",Out of Stock,https://mdcomputers.lk/product/fantech-shooter-ii-wgp13-wireless-controller/
Zima 2.1 Bluetooth Multimedia Subwoofer ZM-2160 USB AUX Speaker Home PC Laptop Sub Woofer,"Rs:11,500.00or 3 XRs:4,293.33with",Out of Stock,https://mdcomputers.lk/product/zima-2-1-bluetooth-multimedia-subwoofer-zm-2160-usb-aux-speaker-home-pc-laptop-sub-woofer/
XEROX 3020 PHASER WIFI MONO LASER PRINTER,"Rs:35,000.00Rs:42,000.00or 3 XRs:13,066.67with",Out of Stock,https://mdcomputers.lk/product/xerox-phaser-wifi-mono-laser-printer/
ID TO 6 PIN CONVERTERS.,Rs:350.00or 3 XRs:130.67with,Out of Stock,https://mdcomputers.lk/product/id-to-6-pin-converters/
DVI TO VGA CONVERTERS,Rs:400.00or 3 XRs:149.33with,Out of Stock,https://mdcomputers.lk/product/dvi-to-vga/
JEDEL 220 USB BRAND NEW MOUSE,Rs:500.00Rs:700.00or 3 XRs:186.67with,Out of Stock,https://mdcomputers.lk/product/jedel-220-usb-mouse/
LKSM – X88 GAMING MOUSE PAD,Rs:500.00or 3 XRs:186.67with,Out of Stock,https://mdcomputers.lk/product/lksm-x88-gaming-mouse-pad/
MEETION PD015 GAMING MOUSE PAD,Rs:550.00or 3 XRs:205.33with,Out of Stock,https://mdcomputers.lk/product/meetion-pd015-gaming-mouse-pad/
VGA Y CABLE.,Rs:700.00or 3 XRs:261.33with,Out of Stock,https://mdcomputers.lk/product/vga-y-cable/
Bluetooth Receiver Wireless Music Bluetooth Music Receiver,Rs:700.00or 3 XRs:261.33with,Out of Stock,https://mdcomputers.lk/product/bluetooth-receiver-wireless-music-bluetooth-music-receiver/
JEDEL 230+ BRAND NEW MOUSE,Rs:800.00or 3 XRs:298.67with,Out of Stock,https://mdcomputers.lk/product/jedel-230-brand-new-mouse/
775 intel cooler for Desktop computer,Rs:900.00or 3 XRs:336.00with,Available / Check Site,https://mdcomputers.lk/product/775-intel-cooler-for-desktop-computer/
DELL USED BRANDED MOUSE,Rs:900.00or 3 XRs:336.00with,Out of Stock,https://mdcomputers.lk/product/hp-used-branded-mouse/
DELL ORGINAL KEYBOARD USED,"Rs:1,000.00or 3 XRs:373.33with",Out of Stock,https://mdcomputers.lk/product/branded-used-keyboard-dell-hp-lenovo/
PRODOT PLH- 232 TONER CARTRIDGE REPLACES,"Rs:1,000.00or 3 XRs:373.33with",Out of Stock,https://mdcomputers.lk/product/prodot-plh-232-toner-cartridge-replaces/
PRODOT PLH-219 Laser Toner Cartridge,"Rs:1,000.00or 3 XRs:373.33with",Out of Stock,https://mdcomputers.lk/product/prodot-plh-219-laser-toner-cartridge/
PRODOT PLH-230 LESAR TORNE CARTRIDGE,"Rs:1,000.00or 3 XRs:373.33with",Out of Stock,https://mdcomputers.lk/product/prodot-plh-230-lesar-torne-cartridge/
2M ALUMINIUM CAT6 CABLE,"Rs:1,000.00or 3 XRs:373.33with",Out of Stock,https://mdcomputers.lk/product/network-cable-2m/
TYPE C TO SATA LAPTOP HDD CABLE,"Rs:1,000.00or 3 XRs:373.33with",Out of Stock,https://mdcomputers.lk/product/type-c-to-sata-laptop-hdd-cable/
MINI HDMI TO HDMI CONVERTER,"Rs:1,000.00or 3 XRs:373.33with",Out of Stock,https://mdcomputers.lk/product/mini-hdmi-to-hdmi-converter/
JEQANG JM-318 GAMING WIRED MOUSE,"Rs:1,100.00or 3 XRs:410.67with",Out of Stock,https://mdcomputers.lk/product/jeqang-jm-318-gaming-wired-mouse/
100 Mbps 1 USB 2.0 Ethernet Adapter,"Rs:1,200.00or 3 XRs:448.00with",Out of Stock,https://mdcomputers.lk/product/100-mbps-1-usb-2-0-ethernet-adapter/
JEDEL CK4 USB MINI SPEAKER,"Rs:1,200.00or 3 XRs:448.00with",Out of Stock,https://mdcomputers.lk/product/ck4-2-0-speaker/
PRODOT WIRELESS BRAND NEW MOUSE,"Rs:1,200.00or 3 XRs:448.00with",Out of Stock,https://mdcomputers.lk/product/prodot-wireless-mouse/
MEMORY GHOST 8GB BRAND NEW PEN DRIVE,"Rs:1,200.00or 3 XRs:448.00with",Out of Stock,https://mdcomputers.lk/product/memory-ghost-8gb-brand-new-pen-drive/
MULTI COLOUR CASING FAN,"Rs:1,200.00Rs:1,500.00or 3 XRs:448.00with",Out of Stock,https://mdcomputers.lk/product/multi-colur-casing-fan/
JEDEL W690 WIRELESS MOUSE,"Rs:1,200.00or 3 XRs:448.00with",Out of Stock,https://mdcomputers.lk/product/jedel-w690-wireless-mouse/
JEQANG JM-600 GLOWING WIRED BRAND NEW MOUSE,"Rs:1,300.00or 3 XRs:485.33with",Out of Stock,https://mdcomputers.lk/product/jeqang-jm-600-glowing-wired-brand-new-mouse/
OSCOO 8GB BRAND NEW USB PEN DRIVE ( 02 y ),"Rs:1,300.00or 3 XRs:485.33with",Out of Stock,https://mdcomputers.lk/product/play-8gb-brand-new-usb-pen-drive-03-y/
AMIDA EPSON T6641 BLACK CARTRIDGE,"Rs:1,350.00or 3 XRs:504.00with",Out of Stock,https://mdcomputers.lk/product/amida-epson-t6641-black-cartridge/
JEDEL GM691 DPI WIRED GAMING MOUSE,"Rs:1,400.00or 3 XRs:522.67with",Out of Stock,https://mdcomputers.lk/product/jedel-gm691-dpi-wired-gaming-mouse/
SATA DVD-ROM Drive,"Rs:1,500.00or 3 XRs:560.00with",Out of Stock,https://mdcomputers.lk/product/sata-dvd-rom-drive/
202 4 Port USB Hub 2.0,"Rs:1,500.00or 3 XRs:560.00with",Out of Stock,https://mdcomputers.lk/product/202-4-port-usb-hub-2-0/
K1000 MINI WIRED USB BRAND NEW KEYBOAD,"Rs:1,500.00Rs:2,000.00or 3 XRs:560.00with",Out of Stock,https://mdcomputers.lk/product/k1000-mini-wired-usb-keyboard-for-computer/
1155 BRAND NEW COOLER,"Rs:1,500.00or 3 XRs:560.00with",Out of Stock,https://mdcomputers.lk/product/1155-brand-new-cooler/
NOTEBOOK V19 COOLING PAD,"Rs:1,500.00or 3 XRs:560.00with",Out of Stock,https://mdcomputers.lk/product/notebook-v19-cooling-pad/
JEQANG JM-813 WIRED USB COLOURFUL BACK LIGHT STYLISH GAME MOUSE,"Rs:1,500.00or 3 XRs:560.00with",Out of Stock,https://mdcomputers.lk/product/jeqang-jm-813-wired-usb-colourful-back-light-stylish-game-mouse/
JEDEL S-553 USB COLOURFUL LIGHTING SPEAKER,"Rs:1,500.00or 3 XRs:560.00with",Out of Stock,https://mdcomputers.lk/product/jedel-s-553-usb-colourful-lighting-speaker/
ALCATROZ ASIC 9 RGB FX MOUSE,"Rs:1,500.00or 3 XRs:560.00with",Out of Stock,https://mdcomputers.lk/product/alcatroz-asic-9-rgb-fx-mouse/
AARCTEC NORMAL MOUSE PAD ( SMALL ),"Rs:1,500.00or 3 XRs:560.00with",Out of Stock,https://mdcomputers.lk/product/aarctec-normal-mouse-pad-small/
FANTECH T533 PROFESSIONAL OFFICE MOUSE,"Rs:1,500.00or 3 XRs:560.00with",Out of Stock,https://mdcomputers.lk/product/fantech-t533-professional-office-mouse/
COOLMOON 5 PORT PWM FAN HUB FS PRO BLACK,"Rs:1,500.00or 3 XRs:560.00with",Out of Stock,https://mdcomputers.lk/product/coolmoon-5-port-pwm-fan-hub-fs-pro-black/
MIKUSO CRD-010 6 IN 1 CARD READER,"Rs:1,750.00or 3 XRs:653.33with",Out of Stock,https://mdcomputers.lk/product/mikuso-crd-010-6-in-1-card-reader/
BOYA BY-M1 BRAND NEW MICROPHONE,"Rs:1,800.00or 3 XRs:672.00with",Out of Stock,https://mdcomputers.lk/product/boya-by-m1-brand-new-microphone/
AARCTEC NORMAL MOUSE PAD ( MEDIUM ),"Rs:1,800.00Rs:2,000.00or 3 XRs:672.00with",Out of Stock,https://mdcomputers.lk/product/aarctec-normal-mouse-pad-medium/
DISPLAY PORT TO HDMI CABLE ( 1.5m ),"Rs:1,800.00Rs:2,200.00or 3 XRs:672.00with",Out of Stock,https://mdcomputers.lk/product/display-port-to-hdmi-cable-1-5m/
COOLMOON SK1 ARGB & PWM FAN HUB CONTROLLER WITH REMOTE,"Rs:1,800.00or 3 XRs:672.00with",Out of Stock,https://mdcomputers.lk/product/coolmoon-sk1-argb-pwm-fan-hub-controller-with-remote/
MARVO UH-ATC01 USB HUB,"Rs:1,800.00or 3 XRs:672.00with",Out of Stock,https://mdcomputers.lk/product/marvo-uh-atc01-usb-hub-brand-new-homagama-s/
Alcatroz Xcraft CLASSIC ELECTRO – Wired RGB Mouse,"Rs:1,900.00Rs:2,100.00or 3 XRs:709.33with",Out of Stock,https://mdcomputers.lk/product/alcatroz-xcraft-classic-electro-wired-rgb-mouse/
TURBOGEAR TC809 WIRED OFFICE KEYBOARD & MOUSED COMBO PACK,"Rs:1,900.00or 3 XRs:709.33with",Out of Stock,https://mdcomputers.lk/product/tc809-wired-combo-pack/
AULA S11 WIRED BRAND NEW GAMING MOUSE,"Rs:1,900.00or 3 XRs:709.33with",Out of Stock,https://mdcomputers.lk/product/aula-s11-wired-brand-new-gaming-mouse/
ELGATO CHAT LINK CABLE,"Rs:1,900.00or 3 XRs:709.33with",Available / Check Site,https://mdcomputers.lk/product/elgato-chat-link-cable/
HAVIT KB-2006 KEYBOARD,"Rs:2,000.00or 3 XRs:746.67with",Out of Stock,https://mdcomputers.lk/product/havit-kb-2006-keyboard/
HIFROST W12 ARGB Mirror Light Effect PC Case System Fan 120MM ARGB FAN,"Rs:2,000.00Rs:2,200.00or 3 XRs:746.67with",Out of Stock,https://mdcomputers.lk/product/hifrost-120mm-pc-case-fan-w12-black/
Jedel GM890 Gaming Moues 3200DPI RGB Gaming Mouse,"Rs:2,000.00or 3 XRs:746.67with",Out of Stock,https://mdcomputers.lk/product/jedel-gm890-gaming-moues-3200dpi-rgb-gaming-mouse/
USED AMD STOCK COOLER,"Rs:2,000.00or 3 XRs:746.67with",Out of Stock,https://mdcomputers.lk/product/used-amd-stock-cooler/
JEQANG JW-AP01 Rechargeable Wireless Mouse,"Rs:2,000.00or 3 XRs:746.67with",Out of Stock,https://mdcomputers.lk/product/jeqang-jw-ap01-rechargeable-wireless-mouse/
HDMI 5M CABLE,"Rs:2,000.00or 3 XRs:746.67with",Out of Stock,https://mdcomputers.lk/product/hdmi-5m-cable/
MEMORY GHOST 16GB BRAND NEW USB PEN DRIVE,"Rs:2,000.00or 3 XRs:746.67with",Out of Stock,https://mdcomputers.lk/product/play-16gb-brand-new-usb-pen-drive-03-y/
AARCTEC NORMAL MOUSE PAD (LARGE ),"Rs:2,000.00Rs:2,500.00or 3 XRs:746.67with",Out of Stock,https://mdcomputers.lk/product/aarctec-normal-mouse-pad-large/
OSCOO DDR3 4GB DESKTOP RAM,"Rs:2,000.00or 3 XRs:746.67with",Out of Stock,https://mdcomputers.lk/product/oscoo-ddr3-4gb-desktop-ram/
HIFROST ARGB CONTROLLER WITH REMOTE CONTROLLER HF – A3 PRO,"Rs:2,100.00or 3 XRs:784.00with",Out of Stock,https://mdcomputers.lk/product/hifrost-argb-controller-with-remote-controller-hf-a3-pro/
JEDEL GM830 BRAND NEW GAMING MOUSE,"Rs:2,200.00or 3 XRs:821.33with",Out of Stock,https://mdcomputers.lk/product/jedel-gm830-gaming-mouse/
Mouse Havit HV-MS78GT Wireless,"Rs:2,200.00or 3 XRs:821.33with",Out of Stock,https://mdcomputers.lk/product/mouse-havit-hv-ms78gt-wireless/
MEETION SP2010 SPEAKER,"Rs:2,200.00Rs:2,500.00or 3 XRs:821.33with",Out of Stock,https://mdcomputers.lk/product/meetion-sp2010-speaker/
AULA S13 WIRED OPTICAL GAMING MOUSE,"Rs:2,300.00or 3 XRs:858.67with",Out of Stock,https://mdcomputers.lk/product/aula-s13-wired-optical-gaming-mouse/
COOLER MASTER I50 CPU COOLER,"Rs:2,300.00or 3 XRs:858.67with",Out of Stock,https://mdcomputers.lk/product/cooler-master-i50-cpu-cooler/
ARCTIC MX-4 (4g) ULTIMATE PERFORMANCE THERMAL PASTE,"Rs:2,300.00or 3 XRs:858.67with",Out of Stock,https://mdcomputers.lk/product/arctic-mx-4-4g-ultimate-performance-thermal-paste/
CON 318 – UGREEN 2 METER 3AMP TYPE-C TO USB QC3.0 FAST CHARGING CABLE US287 – 60118 ( 1 Year Warranty ),"Rs:2,300.00or 3 XRs:858.67with",Out of Stock,https://mdcomputers.lk/product/ugreen-2-meter-3amp-type-c-to-usb-qc3-0-fast-charging-cable-us287-60118-1-year-warranty/
JEDEL K500 WIRED BRAND NEW GAMING KEYBOARD ( 03 month warranty ),"Rs:2,400.00Rs:2,850.00or 3 XRs:896.00with",Out of Stock,https://mdcomputers.lk/product/jedel-k500-brand-new-gaming-wired-keyboard-03-month-warranty/
AARCTEC NORMAL MOUSE PAD ( XL ),"Rs:2,400.00or 3 XRs:896.00with",Out of Stock,https://mdcomputers.lk/product/aarctec-normal-mouse-pad-xl/
CON340 UGREEN 3 Meter 3Amp Type-C to USB QC3.0 Fast Charging Cable US287 – 60826 ( 1 Year Warranty ),"Rs:2,490.00or 3 XRs:929.60with",Out of Stock,https://mdcomputers.lk/product/canon-sri-lanka-printer-no-01-canon-pixma-2/
TYPE C TO USB HUB,"Rs:2,500.00or 3 XRs:933.33with",Out of Stock,https://mdcomputers.lk/product/type-c-lan-hub-3port/
300MBPS WIRELESS USB ADAPTER,"Rs:2,500.00or 3 XRs:933.33with",Out of Stock,https://mdcomputers.lk/product/300mbps-wireless-usb-adapter/
MEETION K400 MINI OFFICE KEYBOARD,"Rs:2,500.00Rs:2,900.00or 3 XRs:933.33with",Out of Stock,https://mdcomputers.lk/product/meetion-k400-mini-office-keyboard/
MEETION K410 CHOCOLATE KEYBOARD,"Rs:2,500.00Rs:2,600.00or 3 XRs:933.33with",Out of Stock,https://mdcomputers.lk/product/meetion-k410-chocolate-keyboard/
FANTECH MPR351S FIREFLY Soft Cloth RGB Mouse Pad,"Rs:2,500.00or 3 XRs:933.33with",Out of Stock,https://mdcomputers.lk/product/fantech-mpr351s-firefly-soft-cloth-rgb-mouse-pad/
MSI H991 Wired Gaming Headset (GRADE B),"Rs:2,500.00or 3 XRs:933.33with",Out of Stock,https://mdcomputers.lk/product/msi-h991-wired-gaming-headset-grade-b/
JEQANG JW-D226 RGB 2.4G BLUETOOTH DUAL MODE MOUSE,"Rs:2,500.00or 3 XRs:933.33with",Out of Stock,https://mdcomputers.lk/product/jeqang-jw-d226-rgb-2-4g-bluetooth-dual-mode-mouse/
XENON 3 BLACK BLACK BRAND NEW HEADPHONES,"Rs:2,500.00Rs:2,800.00or 3 XRs:933.33with",Out of Stock,https://mdcomputers.lk/product/xenon-3-black-black-brand-new-headphones/
AARCTEC RGB MOUSE PAD ( SMALL  ),"Rs:2,500.00or 3 XRs:933.33with",Out of Stock,https://mdcomputers.lk/product/aarctec-rgb-mouse-pad-small/
COOLMOON CM-M2A ARGB M.2 Heatsink/SSD Cooler,"Rs:2,500.00or 3 XRs:933.33with",Out of Stock,https://mdcomputers.lk/product/coolmoon-cm-m2a-argb-m-2-heatsink-ssd-cooler-2/
HP SMALL LOGO SIDE BAG,"Rs:2,500.00or 3 XRs:933.33with",Out of Stock,https://mdcomputers.lk/product/hp-small-logo-side-bag/
ASUS LAPTOP SIDE BAG,"Rs:2,500.00or 3 XRs:933.33with",Out of Stock,https://mdcomputers.lk/product/asus-laptop-side-bag/
DELL LAPTOP SIDE BAG,"Rs:2,500.00or 3 XRs:933.33with",Out of Stock,https://mdcomputers.lk/product/dell-laptop-side-bag/
FANTECH WG11 CRUISER WIRELESS GAMING MOUSE,"Rs:2,500.00or 3 XRs:933.33with",Out of Stock,https://mdcomputers.lk/product/fantech-wg11-cruiser-wireless-gaming-mouse/
LOGITECH M150 WIRELESS BRAND NEW MOUSE,"Rs:2,500.00or 3 XRs:933.33with",Out of Stock,https://mdcomputers.lk/product/logitech-m150-wireless-brand-new-mouse/
LB-LINK WIFI+BT 4.2 USB ADAPTER,"Rs:2,500.00or 3 XRs:933.33with",Out of Stock,https://mdcomputers.lk/product/lb-link-wifibt-4-2-usb-adapter/
MIKUSO LS – 060 LAPTOP STAND,"Rs:2,500.00or 3 XRs:933.33with",Out of Stock,https://mdcomputers.lk/product/mikuso-ls-060-laptop-stand/
EPSON 003 BLACK INK CARTRIDGE,"Rs:2,600.00or 3 XRs:970.67with",Out of Stock,https://mdcomputers.lk/product/bottle-ink-epson-003-black/
TURBOGEAR TG200 PROFESSIONAL WIRED OPTICAL GAMING MOUSE,"Rs:2,600.00Rs:2,900.00or 3 XRs:970.67with",Out of Stock,https://mdcomputers.lk/product/turbogear-tg200-professional-wired-optical-gaming-mouse/
HAVIT H220D WIRED BRAND NEW HEADPHONE,"Rs:2,600.00or 3 XRs:970.67with",Out of Stock,https://mdcomputers.lk/product/havit-h220d-wired-brand-new-headphone/
Thunder Wolf TF200 Wired USB Keyboard and Mouse Set Game Character Luminous Keyboard and Mouse,"Rs:2,700.00Rs:2,800.00or 3 XRs:1,008.00with",Out of Stock,https://mdcomputers.lk/product/thunder-wolf-tf200-wired-usb-keyboard-and-mouse-set-game-character-luminous-keyboard-and-mouse/
USB PC Camera 720P Video Record HD Web Camera,"Rs:2,800.00or 3 XRs:1,045.33with",Out of Stock,https://mdcomputers.lk/product/usb-pc-camera-720p-video-record-hd-web-camera/
IDE / SATA USB ADAPTER,"Rs:2,800.00or 3 XRs:1,045.33with",Out of Stock,https://mdcomputers.lk/product/ide-sata-usb-adapter/
DDR4 4GB 2400-2133MHZ USED LAPTOP RAM,"Rs:2,800.00or 3 XRs:1,045.33with",Out of Stock,https://mdcomputers.lk/product/4gb-ddr4-2400-2133mhz-uded-laptop-ram/
Meetion Gaming Mouse MT-GM30,"Rs:2,800.00or 3 XRs:1,045.33with",Out of Stock,https://mdcomputers.lk/product/meetion-gaming-mouse-mt-gm30/
KM038 COMBO PACK,"Rs:2,800.00or 3 XRs:1,045.33with",Out of Stock,https://mdcomputers.lk/product/km038-combo-pack/
JEDEL K32 BLACK KEYBOARD,"Rs:2,800.00Rs:3,000.00or 3 XRs:1,045.33with",Out of Stock,https://mdcomputers.lk/product/jedel-k32-black-keyboard/
ALCATROZ AIRMOUSE L6 CHROMA SILENT MOUSE,"Rs:2,800.00or 3 XRs:1,045.33with",Out of Stock,https://mdcomputers.lk/product/alcatroz-airmouse-l6-chroma-silent-mouse/
WS1000 JEDEL MINI WIRELESS BRAND NEW KEYBOARD,"Rs:2,800.00or 3 XRs:1,045.33with",Out of Stock,https://mdcomputers.lk/product/jedel-ws1000-mini-wireless-brand-new-keyboard/
JEDEL GK106 BRAND NEW KEYBOARD & MOUSE COMBO PACK ( 03 Month Warranty ),"Rs:2,800.00or 3 XRs:1,045.33with",Out of Stock,https://mdcomputers.lk/product/jedel-gk106-brand-new-keyboard-mouse-combo-pack/
TURBOGEAR WIRED GAMING RGB MOUSE & KEYBOARD TC09,"Rs:2,800.00Rs:3,150.00or 3 XRs:1,045.33with",Out of Stock,https://mdcomputers.lk/product/turbogear-wired-gaming-rgb-mouse-keyboard-tc09/
JEDEL S-509 USB PC SPEAKER,"Rs:2,800.00Rs:3,200.00or 3 XRs:1,045.33with",Out of Stock,https://mdcomputers.lk/product/jedel-s-509-usb-pc-speaker/
ERGOSTAND BRAND NEW LAPTOP COOLING PAD,"Rs:2,900.00or 3 XRs:1,082.67with",Out of Stock,https://mdcomputers.lk/product/ergostand-brand-new-laptop-cooling-pad/
JEDEL HS-772 HEADSET,"Rs:2,900.00or 3 XRs:1,082.67with",Out of Stock,https://mdcomputers.lk/product/jedel-hs-772-headset/
DAHUA USB-U156-3.2-64GB USB FLASH PEN DRIVE,"Rs:2,900.00or 3 XRs:1,082.67with",Out of Stock,https://mdcomputers.lk/product/dahua-usb-u156-32-64gb-usb-flash-pen-drive/
USB TO HDMI+VGA ADAPTER,"Rs:2,900.00or 3 XRs:1,082.67with",Out of Stock,https://mdcomputers.lk/product/usb-to-hdmivga-adapter/
BASEUS EASY JOURNEY SERIES STORAGE BAG,"Rs:2,900.00or 3 XRs:1,082.67with",Out of Stock,https://mdcomputers.lk/product/baseus-easy-journey-series-storage-bag/
AULA F3061 KEYBOARD & MOUSE COMBO,"Rs:2,950.00or 3 XRs:1,101.33with",Out of Stock,https://mdcomputers.lk/product/aula-f3061-keyboard-mouse-combo/
250GB LAPTOP USED SATA HARDS,"Rs:3,000.00or 3 XRs:1,120.00with",Out of Stock,https://mdcomputers.lk/product/250gb-laptop-used-sata-hards/
Logitech K120 USB Standard Computer Keyboard,"Rs:3,000.00or 3 XRs:1,120.00with",Out of Stock,https://mdcomputers.lk/product/keyboard-logitech-k120-usb/
64GB ADDLINK U65 USB 3.1 Pen Drive,"Rs:3,000.00or 3 XRs:1,120.00with",Out of Stock,https://mdcomputers.lk/product/64gb-addlink-u65-usb-3-1-pen-drive/
ARGB PCI STRIP CABLE,"Rs:3,000.00or 3 XRs:1,120.00with",Available / Check Site,https://mdcomputers.lk/product/argb-power-extension-cable/
AARCTEC RGB MOUSE PAD (MEDIUM ),"Rs:3,000.00Rs:3,500.00or 3 XRs:1,120.00with",Out of Stock,https://mdcomputers.lk/product/aarctec-rgb-mouse-pad-medium/
ONIKUMA CW902 BRAND NEW GAMING MOUSE ( 01y ),"Rs:3,000.00or 3 XRs:1,120.00with",Out of Stock,https://mdcomputers.lk/product/onikuma-cw902-brand-new-gaming-mouse-01y/
YAKS-GE03 GAMING HEADSET,"Rs:3,000.00or 3 XRs:1,120.00with",Out of Stock,https://mdcomputers.lk/product/yaks-ge03-gaming-headset/
FANTECH EG3 WIRED EARPHONES,"Rs:3,000.00or 3 XRs:1,120.00with",Out of Stock,https://mdcomputers.lk/product/fantech-eg3-wired-earphones/
USED 350W GAMING POWER SUPPLAY,"Rs:3,000.00Rs:3,900.00or 3 XRs:1,120.00with",Out of Stock,https://mdcomputers.lk/product/used-350w-gaming-power-supplay/
CON320 – UGREEN 1 Meter 100W 5A MaxType-C to Type-C PD Fast Charging Nylon Braided Cable L512 – 45063 (1 Year Warranty ),"Rs:3,000.00or 3 XRs:1,120.00with",Out of Stock,https://mdcomputers.lk/product/ugreen-45063-usb-c-to-usb-c-pd-fast-charging-1m-cable-space-gray-l512/
ARCTIC P8 PWM PST (Black) FAN ( 06 year warranty ),"Rs:3,000.00Rs:3,500.00or 3 XRs:1,120.00with",Available / Check Site,https://mdcomputers.lk/product/arctic-p8-pwm-pst-black-fan-06-year-warranty/
CORDIE 1 LAPTOP COOLING PAD,"Rs:3,100.00or 3 XRs:1,157.33with",Out of Stock,https://mdcomputers.lk/product/cordie-1-laptop-cooling-pad/
CANON PIXMA 746 CARTRIDGE,"Rs:3,200.00or 3 XRs:1,194.67with",Out of Stock,https://mdcomputers.lk/product/canon-pixma-746-cartridge/
JEDEL GK110+ BRAND NEW RGB GAMING COMBO PACK,"Rs:3,200.00or 3 XRs:1,194.67with",Out of Stock,https://mdcomputers.lk/product/jedel-gk110-brand-new-rgb-gaming-combo-pack/
JEDEL GM1400 GAMING MOUSE,"Rs:3,250.00or 3 XRs:1,213.33with",Out of Stock,https://mdcomputers.lk/product/jedel-gm1400-gaming-mouse/
CANON GI 790 BOTTLE INK (BLACK),"Rs:3,300.00or 3 XRs:1,232.00with",Out of Stock,https://mdcomputers.lk/product/canon-gi-790-bottle-ink-black-orginal/
ARCTIC P12 SLIM PWM PST (Black) FAN,"Rs:3,300.00Rs:3,800.00or 3 XRs:1,232.00with",Available / Check Site,https://mdcomputers.lk/product/arctic-p12-slim-pwm-pst-black-fan/
320GB LAPTOP HDD USED,"Rs:3,400.00Rs:4,200.00or 3 XRs:1,269.33with",Available / Check Site,https://mdcomputers.lk/product/320gb-laptop-hdd-used/
FANTECH VX7 CRYPTO RGB BRAND NEW GAMING MOUSE,"Rs:3,400.00or 3 XRs:1,269.33with",Out of Stock,https://mdcomputers.lk/product/fantech-vx7-crypto-rgb-gaming-mouse/
AARCTEC RGB MOUSE PAD ( LARGE ),"Rs:3,400.00Rs:4,200.00or 3 XRs:1,269.33with",Out of Stock,https://mdcomputers.lk/product/aarctec-rgb-mouse-pad-large/
COOLMOON CM-GH2 Vertical Gpu Holder 5V 3Pin ARGB,"Rs:3,400.00or 3 XRs:1,269.33with",Out of Stock,https://mdcomputers.lk/product/coolmoon-cm-gh2-vertical-gpu-holder-5v-3pin-argb/
SANDISK ULTRA DUAL PEN DRIVE GO TYPE-C 64GB,"Rs:3,400.00or 3 XRs:1,269.33with",Out of Stock,https://mdcomputers.lk/product/sandisk-ultra-dual-pen-drive-go-type-c-64gb/
CON342 UGREEN 3 Meter 60W Type-C to Type-C 2.0 3A Cable US286 – 60788 ( 1 Year Warranty ),"Rs:3,400.00or 3 XRs:1,269.33with",Out of Stock,https://mdcomputers.lk/product/con329-ugreen-3-meter-60w-type-c-to-type-c-2-0-3a-cable-us286-60788-1-year-warranty/
G31 MOTHERBOARD USED,"Rs:3,500.00or 3 XRs:1,306.67with",Available / Check Site,https://mdcomputers.lk/product/g31-motherboard-used/
LAPTOP SLIM DVD WRITER-SATA,"Rs:3,500.00or 3 XRs:1,306.67with",Available / Check Site,https://mdcomputers.lk/product/laptop-slim-dvd-writer-sata/
Google Chromecast TV Streaming Device,"Rs:3,500.00or 3 XRs:1,306.67with",Out of Stock,https://mdcomputers.lk/product/google-chromecast-tv-streaming-device/
HDMI SPLITTER 4 PORT + POWER ADAPTER – HDMI 1080P 3D SPLITTER VER 1.4,"Rs:3,500.00or 3 XRs:1,306.67with",Out of Stock,https://mdcomputers.lk/product/hdmi-splitter-4-port-power-adapter-hdmi-1080p-3d-splitter-ver-1-4/
Microsoft Xbox 360 Wired Controller for Windows & Xbox 360 Console,"Rs:3,500.00Rs:4,800.00or 3 XRs:1,306.67with",Out of Stock,https://mdcomputers.lk/product/microsoft-xbox-360-wired-controller-for-windows-xbox-360-console/
JEDEL GH-220 RGB Lighting Surround Bass Stereo Noise Cancelling Mechanical Gaming Headphone,"Rs:3,500.00Rs:4,500.00or 3 XRs:1,306.67with",Out of Stock,https://mdcomputers.lk/product/jedel-gh-220-rgb-lighting-surround-bass-stereo-noise-cancelling-mechanical-gaming-headphone/
MEETION CP2020 LAPTOP COOLING PAD,"Rs:3,500.00Rs:3,800.00or 3 XRs:1,306.67with",Out of Stock,https://mdcomputers.lk/product/meetion-cp2020-cooler-pad/
One-Handed Gaming Keyboard kb015,"Rs:3,500.00or 3 XRs:1,306.67with",Available / Check Site,https://mdcomputers.lk/product/one-handed-gaming-keyboard-kb015/
Jedel GH-579 PRO Gaming Headset With RGB Lights,"Rs:3,500.00Rs:3,700.00or 3 XRs:1,306.67with",Out of Stock,https://mdcomputers.lk/product/jedel-gh-579-pro-gaming-headset-with-rgb-lights/
Jedel WS881 Wireless Combo Keyboard Mouse,"Rs:3,500.00or 3 XRs:1,306.67with",Out of Stock,https://mdcomputers.lk/product/jedel-ws880-wireless-combo-keyboard-mouse/
LAPTOP COOLING PAD WITH LIGHT FAN N99 BLACK,"Rs:3,500.00or 3 XRs:1,306.67with",Out of Stock,https://mdcomputers.lk/product/laptop-cooling-pad-with-light-fan-n99-black/
FANTECH WG9 KANATA WIRLESS MOUSE,"Rs:3,500.00or 3 XRs:1,306.67with",Out of Stock,https://mdcomputers.lk/product/fantech-wg9-kanata-wireless/
FANTECH X16 V2 THOR II RGB BRAND NEW GAMING MOUSE,"Rs:3,500.00or 3 XRs:1,306.67with",Out of Stock,https://mdcomputers.lk/product/fantech-x16-v2-thor-ii-rgb-gaming-mouse-2/
400w/450W  BRANDED USED POWER SUPPLY,"Rs:3,500.00or 3 XRs:1,306.67with",Out of Stock,https://mdcomputers.lk/product/400w-450w-branded-used-power-supply/
Raidmax 4-pin molex To 3x Sata Connector,"Rs:3,500.00or 3 XRs:1,306.67with",Available / Check Site,https://mdcomputers.lk/product/raidmax-4-pin-molex-to-3x-sata-connector/
Raidmax Fan Cable 3-Pin M-F Connector,"Rs:3,500.00or 3 XRs:1,306.67with",Available / Check Site,https://mdcomputers.lk/product/raidmax-fan-cable-3-pin-m-f-connector/
LOVINGCOOL LC-M120 RGB CPU Cooler,"Rs:3,500.00or 3 XRs:1,306.67with",Out of Stock,https://mdcomputers.lk/product/lovingcool-lc-m120-argb-cpu-cooler/
NZXT 12VHPWR ADAPTER CABLE,"Rs:3,500.00or 3 XRs:1,306.67with",Available / Check Site,https://mdcomputers.lk/product/nzxt-12vhpwr-adapter-cable/
GOLDEN FIELD DF300 PRO BRAND NEW GAMING RGB KEYBOARD & MOUSE COMBO PACK,"Rs:3,500.00or 3 XRs:1,306.67with",Out of Stock,https://mdcomputers.lk/product/golden-field-df300-pro-brand-new-gaming-rgb-keyboard-mouse-combo-pack/
1080P FULL HD STREAM WEBCAM,"Rs:3,500.00or 3 XRs:1,306.67with",Out of Stock,https://mdcomputers.lk/product/full-hd-stream-webcam/
NS0049 PIX-LINK UAC03D 600MBPS WIFI ADAPTER,"Rs:3,500.00Rs:4,450.00or 3 XRs:1,306.67with",Out of Stock,https://mdcomputers.lk/product/pix-link-uac03-802-11ac-600mbps-wifi-adapter/
KISONLI X17 USB GAMING SPEAKER,"Rs:3,500.00or 3 XRs:1,306.67with",Out of Stock,https://mdcomputers.lk/product/kisonli-x17-usb-gaming-speaker/
COOLMOON P22 RGB CPU COOLER,"Rs:3,500.00Rs:4,200.00or 3 XRs:1,306.67with",Out of Stock,https://mdcomputers.lk/product/coolmoon-p22-rgb-cpu-cooler/
HAVIT KB271WB DUAL MODE WIRLESS KEYBOARD AND MOUSE,"Rs:3,500.00or 3 XRs:1,306.67with",Out of Stock,https://mdcomputers.lk/product/havit-kb271wb-dual-mode-wirless-keyboard-and-mouse/
CON 308 – UGREEN USB TO 2.5-INCH SATA CONVERTER 50CM CM321 – 70609  ( 1 Year Warranty ),"Rs:3,500.00or 3 XRs:1,306.67with",Out of Stock,https://mdcomputers.lk/product/con-308-ugreen-usb-to-2-5-inch-sata-converter-50cm-cm321-70609-1-year-warranty/
VERBATIM 66432 USB WIRLESS MOUSE,"Rs:3,500.00or 3 XRs:1,306.67with",Out of Stock,https://mdcomputers.lk/product/verbatim-66432-usb-wirless-mouse/
ARCTIC MX-6 ULTIMATE PERFORMANCE THERMAL PASTE (2G),"Rs:3,500.00Rs:3,900.00or 3 XRs:1,306.67with",Available / Check Site,https://mdcomputers.lk/product/arctic-mx-6-ultimate-performance-thermal-paste-2g/
LOGITECH B170 WIRELESS BRAND NEW MOUSE ( 01 YEAR WARRANTY ),"Rs:3,550.00or 3 XRs:1,325.33with",Out of Stock,https://mdcomputers.lk/product/logitech-b170-wireless-brand-new-mouse-01-yeara-warranty/
HAVIT F2076 LAPTOP COOLER PAD,"Rs:3,700.00or 3 XRs:1,381.33with",Out of Stock,https://mdcomputers.lk/product/havit-f2076-laptop-cooler-pad/
"ARCTIC TP-3 (100x100mm, t:0.5mm)","Rs:3,700.00Rs:3,900.00or 3 XRs:1,381.33with",Available / Check Site,https://mdcomputers.lk/product/arctic-tp-3-100x100mm-t0-5mm/
ALFA UAC33D 5G WIRLESS USB ADAPTER,"Rs:3,750.00or 3 XRs:1,400.00with",Out of Stock,https://mdcomputers.lk/product/alfa-uac33d-5g-wirless-usb-adapter/
RAMSTA S800 SATA III 128GB SSD Solid State Drive,"Rs:3,800.00Rs:5,500.00or 3 XRs:1,418.67with",Out of Stock,https://mdcomputers.lk/product/ramsta-s800-sata-iii-128gb-ssd-solid-state-drive/
Fantech W190 Wireless Smart Office Mouse,"Rs:3,800.00or 3 XRs:1,418.67with",Out of Stock,https://mdcomputers.lk/product/fantech-w190-wireless-smart-office-mouse/
A4Tech Hu-8 Usb Brand New Head Phone,"Rs:3,800.00or 3 XRs:1,418.67with",Out of Stock,https://mdcomputers.lk/product/a4tech-hu-8-usb-brand-new-head-phone/
AULA WIND N600 GAMING SPEAKER,"Rs:3,800.00or 3 XRs:1,418.67with",Out of Stock,https://mdcomputers.lk/product/aula-wind-n600-gaming-speaker/
CON 297 – UGREEN WIRED EARPHONES WITH PLUG ( 01 YEAR WARRANTY ) 35755,"Rs:3,800.00Rs:4,000.00or 3 XRs:1,418.67with",Out of Stock,https://mdcomputers.lk/product/con-297-ugreen-wired-earphones-with-plug-01-year-warranty/
CON 301 – UGREEN FOLDABLE DESKTOP LAPTOP STAND – LP230,"Rs:3,800.00Rs:4,000.00or 3 XRs:1,418.67with",Out of Stock,https://mdcomputers.lk/product/con-301-ugreen-foldable-desktop-laptop-stand/
MARVO H-8325 MULTIPLATFORM WIRED GAMING HEADSET ( 01 year warranty ),"Rs:3,800.00or 3 XRs:1,418.67with",Out of Stock,https://mdcomputers.lk/product/marvo-h-8325-brand-new-gaming-headse-sl-pri/
COOLMOON P22 ARGB CPU Cooler – 90mm,"Rs:3,900.00or 3 XRs:1,456.00with",Out of Stock,https://mdcomputers.lk/product/coolmoon-p22-argb-cpu-cooler-90mm/
Alcatroz Jellybean-U2000 Wired Keyboard and Mouse Combo,"Rs:3,900.00or 3 XRs:1,456.00with",Out of Stock,https://mdcomputers.lk/product/alcatroz-jellybean-u2000-wired-keyboard-and-mouse-combo/
JEDEL S-570 2.1 USB POWER DESKTOP SPEAKER,"Rs:3,900.00or 3 XRs:1,456.00with",Out of Stock,https://mdcomputers.lk/product/jedel-s-570-2-1-usb-power-desktop-speaker/
JEDEL WS681 MINI WIRELESS KEYBOARD MOUSE COMBO,"Rs:3,900.00or 3 XRs:1,456.00with",Out of Stock,https://mdcomputers.lk/product/jedel-ws681-mini-stylish-wireless-gaming-keyboard-mouse-combo/
SILICON POWER C51 64GB FLASH DRIVE,"Rs:3,900.00or 3 XRs:1,456.00with",Out of Stock,https://mdcomputers.lk/product/silicon-power-c51-64gb-flash-drive/
ARCTIC P8 MAX (Black) FAN ( 06 years warranty ),"Rs:3,900.00Rs:4,200.00or 3 XRs:1,456.00with",Available / Check Site,https://mdcomputers.lk/product/arctic-p8-max-black-fan-06-years-warranty-s/
DESKTOP SWITCH – MERCUSYS MS108 10/100MBPS,"Rs:4,000.00or 3 XRs:1,493.33with",Out of Stock,https://mdcomputers.lk/product/desktop-switch-mercusys-ms108-10-100mbps/
HAVIT HV-F2035 NOTEBOOK COOLER PAD,"Rs:4,000.00or 3 XRs:1,493.33with",Available / Check Site,https://mdcomputers.lk/product/havit-hv-f2035-notebook-cooler-pad/
Amida Xerox 3020/3025 Toner,"Rs:4,000.00or 3 XRs:1,493.33with",Out of Stock,https://mdcomputers.lk/product/aco-toner-cartridge-compatible-for-xerox-p3020/
MEETION MC13 GAMING MICROPHONE,"Rs:4,000.00or 3 XRs:1,493.33with",Out of Stock,https://mdcomputers.lk/product/meetion-mc13-gaming-microphone/
MEETION BTK001 BLUETOOTH KEYBOARD,"Rs:4,000.00or 3 XRs:1,493.33with",Out of Stock,https://mdcomputers.lk/product/meetion-btk001-bluetooth-keyboard/
MEETION C4120 2.4 GHz KEYBOARD AND MOUSE WIRELESS COMBO,"Rs:4,000.00or 3 XRs:1,493.33with",Out of Stock,https://mdcomputers.lk/product/meetion-c4120-2-4-ghz-keyboard-and-mouse-wireless-combo-2/
PORTABLE M.2 NVME SSD ENCLOSURE,"Rs:4,000.00Rs:4,500.00or 3 XRs:1,493.33with",Out of Stock,https://mdcomputers.lk/product/portable-m-2-ssd-enclosure/
"Jedel WD139 Lightweight Wireless Gaming Mouse With Rgb Charging Dock, Magnetic Charging","Rs:4,000.00or 3 XRs:1,493.33with",Out of Stock,https://mdcomputers.lk/product/jedel-wd139-lightweight-wireless-gaming-mouse-with-rgb-charging-dock-magnetic-charging/
TYPE C TO 3 TO HDTV 8 IN 1 ADAPTER,"Rs:4,000.00or 3 XRs:1,493.33with",Out of Stock,https://mdcomputers.lk/product/usb-c-to-hdtv-8-ports-multifunction-adapter/
Raidmax 6-Pin M-f Connector,"Rs:4,000.00or 3 XRs:1,493.33with",Available / Check Site,https://mdcomputers.lk/product/raidmax-6-pin-m-f-connector/
AARCTEC RGB MOUSE PAD ( XL ),"Rs:4,000.00or 3 XRs:1,493.33with",Out of Stock,https://mdcomputers.lk/product/aarctec-rgb-mouse-pad-xl/
ARCTIC MX-4 (8g) ULTIMATE  PERFORMANCE THERMAL PASTE,"Rs:4,000.00or 3 XRs:1,493.33with",Out of Stock,https://mdcomputers.lk/product/arctic-mx-4-8g-ultimate-performance-thermal-paste/
FANTECH WG9 KANATA WIRLESS MOUSE – WHITE,"Rs:4,000.00or 3 XRs:1,493.33with",Out of Stock,https://mdcomputers.lk/product/fantech-wg9-kanata-wirless-mouse-white/
HDD ENCLOSURE 2.5″3.5″,"Rs:4,000.00or 3 XRs:1,493.33with",Out of Stock,https://mdcomputers.lk/product/hdd-enclosure-2-5%e2%80%b33-5%e2%80%b3usb/
DELL 108 LAPTOP BACK PACK,"Rs:4,000.00or 3 XRs:1,493.33with",Out of Stock,https://mdcomputers.lk/product/dell-108-laptop-back-pack/
MARVO G965W WIRED & WIRELESS BLUETOOTH BRAND NEW MOUSE,"Rs:4,000.00Rs:4,500.00or 3 XRs:1,493.33with",Out of Stock,https://mdcomputers.lk/product/marvo-g965w-wired-wireless-bluetooth-brand-new-mouse/
CON 346- UGREEN 1.5 Meter DP Male to HDMI Male 4K 30Hz Cable – DP101 – 10239 (1 Year Warranty),"Rs:4,150.00or 3 XRs:1,549.33with",Out of Stock,https://mdcomputers.lk/product/con-346-ugreen-1-5-meter-dp-male-to-hdmi-male-4k-30hz-cable-dp101-10239-1-year-warranty/
MIKUSO NCP – 218 MIAMW 2  LAPTOP COOLING PAD,"Rs:4,200.00or 3 XRs:1,568.00with",Out of Stock,https://mdcomputers.lk/product/mikuso-miamw-2-laptop-cooling-pad/
HAVIT HV-F2051 LAPTOP COOLING PAD,"Rs:4,200.00or 3 XRs:1,568.00with",Out of Stock,https://mdcomputers.lk/product/havit-hv-f2051-laptop-cooling-pad/
"ARCTIC TP-3 (100x100mm, T:1.0mm)","Rs:4,200.00Rs:4,500.00or 3 XRs:1,568.00with",Available / Check Site,https://mdcomputers.lk/product/arctic-tp-3-100x100mm-t1-0mm/
MEETION BTM001 BLUETOOTH WIRELESS MOUSE- BLACK,"Rs:4,300.00Rs:4,500.00or 3 XRs:1,605.33with",Out of Stock,https://mdcomputers.lk/product/meetion-btm001-wireless-dual-mode-ergonomic-mouse/
A4TECH HU-30 USB BRAND NEW HEADPHONE,"Rs:4,300.00or 3 XRs:1,605.33with",Out of Stock,https://mdcomputers.lk/product/a4tech-hu-30-usb-brand-new-headphone/
MIKUSO PEIPAH-6 COOLING PAD,"Rs:4,300.00or 3 XRs:1,605.33with",Out of Stock,https://mdcomputers.lk/product/mikuso-peipah-6-cooling-pad/
A4TECH FB35S 2.4G + Bluetooth Wireless Padless Brand New Mouse,"Rs:4,400.00or 3 XRs:1,642.67with",Out of Stock,https://mdcomputers.lk/product/a4tech-fb35s-2-4g-bluetooth-wireless-padless-brand-new-mouse/
CON 309 – UGREEN 2.5 INCH SATA HDD / SSD 5GBPS HARD DRIVE ENCLOSURE  ( 1 Year Warranty ) – US221,"Rs:4,400.00or 3 XRs:1,642.67with",Out of Stock,https://mdcomputers.lk/product/con-309-ugreen-2-5-inch-sata-hdd-ssd-5gbps-hard-drive-enclosure-us221-30847-1-year-warranty/
CON 298 – UGREEN WIRED EARPHONES WITH TYPE – C CONNECTOR ( 01 YEAR WARRANTY ) 35756,"Rs:4,400.00Rs:4,700.00or 3 XRs:1,642.67with",Out of Stock,https://mdcomputers.lk/product/con-298-ugreen-wired-earphones-with-type-c-connector-01-year-warranty/
HAVIT HV-F2030 NOTEBOOK COOLER PAD(6m),"Rs:4,500.00or 3 XRs:1,680.00with",Available / Check Site,https://mdcomputers.lk/product/havit-hv-f2030-notebook-cooler-pad6m/
M200 Tri- Colour Backlit Gaming Keyboard,"Rs:4,500.00or 3 XRs:1,680.00with",Out of Stock,https://mdcomputers.lk/product/m200-tri-colour-backlit-gaming-keyboard/
FANTECH PORTAL HQ55 GAMING HEADSET,"Rs:4,500.00or 3 XRs:1,680.00with",Out of Stock,https://mdcomputers.lk/product/fantech-portal-hq55-gaming-headset/
REDRAGON  ARES H120 RGB GAMING WIRED HEADSET WITH BUILT – IN NOISE REDUCATON BLACK,"Rs:4,500.00or 3 XRs:1,680.00with",Out of Stock,https://mdcomputers.lk/product/redragon-ares-h120-rgb-gaming-wired-headset-with-built-in-noise-reduction-black-h120-rgb/
GT 1GB VGA CARD,"Rs:4,500.00or 3 XRs:1,680.00with",Out of Stock,https://mdcomputers.lk/product/gt-1gb-vga-card-2/
ATX CASING  COLORSIT CL-G18,"Rs:4,500.00or 3 XRs:1,680.00with",Out of Stock,https://mdcomputers.lk/product/atx-casing-colorsit-cl-g18/
BRANDED 500W POWER SUPPLY,"Rs:4,500.00or 3 XRs:1,680.00with",Out of Stock,https://mdcomputers.lk/product/cooler-master-500w-power-supply/
LENOVO BACKPACK,"Rs:4,500.00Rs:4,800.00or 3 XRs:1,680.00with",Out of Stock,https://mdcomputers.lk/product/lenovo-backpack/
Sonicgear Airphone 3 Wireless Headset  ( CLOUD ),"Rs:4,500.00Rs:5,500.00or 3 XRs:1,680.00with",Out of Stock,https://mdcomputers.lk/product/sonicgear-airphone-3-wireless-headset-cloud/
ONIKUMA C1 WIRELESS BRAND NEW GAMEPAD,"Rs:4,500.00or 3 XRs:1,680.00with",Out of Stock,https://mdcomputers.lk/product/onikuma-c1-wireless-brand-new-gamepad/
MEETION BTK2000 2.4 + BT WIRLESS BRAND NEW KEYBOARD,"Rs:4,500.00or 3 XRs:1,680.00with",Out of Stock,https://mdcomputers.lk/product/meetion-btk2000-2-4-bt-wirless-keyboard/
GAMDIAS XC5 PERFORMANCE  THERMAL PASTE,"Rs:4,500.00or 3 XRs:1,680.00with",Available / Check Site,https://mdcomputers.lk/product/gamdias-xc5-performance-thermal-paste/
REDRAGON M809-K MEMEANLION GAMING MOUSE,"Rs:4,500.00or 3 XRs:1,680.00with",Out of Stock,https://mdcomputers.lk/product/redragon-m809-k-memeanlion-gaming-mouse/
ANTEC N12 120MM BLACK FANS – 3 FAN KIT,"Rs:4,500.00or 3 XRs:1,680.00with",Out of Stock,https://mdcomputers.lk/product/antec-n12-120mm-black-fans-3-fan-kit/
LOVING COOL LC-1000 CPU COOLER,"Rs:4,500.00Rs:9,000.00or 3 XRs:1,680.00with",Out of Stock,https://mdcomputers.lk/product/loving-cool-cl-1000-cpu-cooler/
ROG JK PRO GAMING CASING ( grade b ),"Rs:4,500.00or 3 XRs:1,680.00with",Out of Stock,https://mdcomputers.lk/product/rog-jk-pro-gaming-casing-grade-b/
USED GT500 1GB VGA CARD,"Rs:4,500.00or 3 XRs:1,680.00with",Out of Stock,https://mdcomputers.lk/product/used-gt500-1gb-vga-card/
AULA 2023 KEYBOARD & MOUSE COMBO,"Rs:4,500.00or 3 XRs:1,680.00with",Out of Stock,https://mdcomputers.lk/product/aula-2023-keyboard-mouse-combo/
ONIKUMA MP006 RGB MOUSEPAD,"Rs:4,500.00or 3 XRs:1,680.00with",Out of Stock,https://mdcomputers.lk/product/onikuma-mp006-rgb-mousepad/
AMD RYZEN 5500 CPU COOLER,"Rs:4,500.00Rs:5,500.00or 3 XRs:1,680.00with",Out of Stock,https://mdcomputers.lk/product/amd-ryzen-5500-cpu-cooler/
CON 302 – UGREEN 4 – PORT 1 METER USB 3.0 5GBPS HUB 35574 ( 1 Year Warranty ),"Rs:4,500.00or 3 XRs:1,680.00with",Out of Stock,https://mdcomputers.lk/product/con-320-ugreen-4-port-1-meter-usb-3-0-5gbps-hub-cm219-35574-1-year-warranty/
CON 305 – UGREEN TYPE-C TO M.2 M-KEY 10GB ENCLOSURE TYPE-C TO TYPE-C CABLE 50CM ( 01year warranty ),"Rs:4,500.00or 3 XRs:1,680.00with",Available / Check Site,https://mdcomputers.lk/product/ugreen-type-c-to-m-2-m-key-10gb-enclosure-type-c-to-type-c-cable-50cm-cm401-01year-warranty/
JEDEL SA217 WIRELESS SPAEKER,"Rs:4,500.00Rs:5,200.00or 3 XRs:1,680.00with",Out of Stock,https://mdcomputers.lk/product/jedel-sa-217-wireless-spaeker/
GOLDEN FIELD F22R GAMING CASING,"Rs:4,500.00or 3 XRs:1,680.00with",Out of Stock,https://mdcomputers.lk/product/golden-field-f22r-gaming-casing/
FANTECH NS12 LAPTOP STAND,"Rs:4,500.00Rs:5,000.00or 3 XRs:1,680.00with",Out of Stock,https://mdcomputers.lk/product/fantech-ns12-laptop-stand/
REDRAGON M617-LIT WIRED GAMING MOUSE,"Rs:4,600.00or 3 XRs:1,717.33with",Out of Stock,https://mdcomputers.lk/product/redragon-m617-lit-wired-gaming-mouse/
REDRAGON WIRED MOUSE & KEYBOARD COMBO BS-7092,"Rs:4,700.00or 3 XRs:1,754.67with",Out of Stock,https://mdcomputers.lk/product/redragon-wired-mouse-keyboard-combo-bs-7092/
A4Tech Fh300u Brand New Head Phone,"Rs:4,700.00or 3 XRs:1,754.67with",Out of Stock,https://mdcomputers.lk/product/a4tech-fh300u-brand-new-head-phone/
MIKUSO NCP-784 LAPTOP COOLING PAD,"Rs:4,700.00or 3 XRs:1,754.67with",Out of Stock,https://mdcomputers.lk/product/mikuso-ncp-784-laptop-cooling-pad/
SAMSUNG EVO 120GB SATA SSD,"Rs:4,800.00or 3 XRs:1,792.00with",Out of Stock,https://mdcomputers.lk/product/samsung-evo-120gb-sata-ssd/
A4Tech Hu-50 USB BRAND NEW HEADPHONE,"Rs:4,800.00or 3 XRs:1,792.00with",Out of Stock,https://mdcomputers.lk/product/a4tech-hu-50-usb-brand-new-headphone/
FANTECH AC3001S RGB HEADSET STAND,"Rs:4,900.00or 3 XRs:1,829.33with",Out of Stock,https://mdcomputers.lk/product/fantech-ac3001s-rgb-headset-stand/
LOGITECH WIRELESS PRESENTER R400 RED LASER POINTER,"Rs:4,900.00or 3 XRs:1,829.33with",Out of Stock,https://mdcomputers.lk/product/logitech-wireless-presenter-r400-red-laser-pointer/
ARMAGGEDDON GRUMMAN RAVEN-III STEALTH GAMING MOUSE,"Rs:4,900.00or 3 XRs:1,829.33with",Out of Stock,https://mdcomputers.lk/product/armaggeddon-grumman-raven-iii-stealth-gaming-mouse/
SEASONIC S400 RGB CPU COOLER,"Rs:4,900.00or 3 XRs:1,829.33with",Out of Stock,https://mdcomputers.lk/product/seasonic-s400-cooler/
FANTECH WH02 Wireless Headset,"Rs:4,900.00or 3 XRs:1,829.33with",Out of Stock,https://mdcomputers.lk/product/fantech-wh02-wireless-headset/
500W 80 PLUS USED POWER SUPPLY,"Rs:4,900.00or 3 XRs:1,829.33with",Out of Stock,https://mdcomputers.lk/product/classic-500w-80-plus-used-power-supply/
JEDEL GH-560 RGB LIGHTING HEADSET,"Rs:4,900.00Rs:5,100.00or 3 XRs:1,829.33with",Out of Stock,https://mdcomputers.lk/product/jedel-gh-560-rgb-lighting-headset/
JELLYBEAN NUM A3 WIRELESS NUMBER PAD | WIRELESS 2.4G | BLUETOOTH,"Rs:4,900.00or 3 XRs:1,829.33with",Out of Stock,https://mdcomputers.lk/product/jellybean-num-a3-wireless-number-pad-wireless-2-4g-bluetooth/
ARCTIC MX-6 (4G) ULTIMATE PERFORMANCE THERMAL PASTE,"Rs:4,900.00Rs:6,000.00or 3 XRs:1,829.33with",Available / Check Site,https://mdcomputers.lk/product/arctic-mx-6-4g-ultimate-performance-thermal-paste/
RUIX CASING 01,"Rs:5,000.00or 3 XRs:1,866.67with",Out of Stock,https://mdcomputers.lk/product/ruix-casing-01/
Razer Gigantus V2 – Soft Gaming Mouse Mat Medium,"Rs:5,000.00or 3 XRs:1,866.67with",Available / Check Site,https://mdcomputers.lk/product/razer-gigantus-v2-soft-gaming-mouse-mat-medium/
550W BRAND NEW FALCON POWER SUPPLY ( 2gb vga only ),"Rs:5,000.00or 3 XRs:1,866.67with",Out of Stock,https://mdcomputers.lk/product/550w-brand-new-falcon-power-supply-2gb-vga-only/
FANTECH VX7 CRYPTO GAMING MOUSE  – SAKURA EDITION,"Rs:5,000.00or 3 XRs:1,866.67with",Out of Stock,https://mdcomputers.lk/product/fantech-vx7-crypto-gaming-mouse-sakura-edition/
MARVO K638A BRAND NEW GAMING KEYBOARD,"Rs:5,000.00Rs:5,500.00or 3 XRs:1,866.67with",Out of Stock,https://mdcomputers.lk/product/marvo-k638a-brand-new-gaming-keyboard/
MARVO HZ-10 HEADSET STAND,"Rs:5,000.00Rs:5,500.00or 3 XRs:1,866.67with",Out of Stock,https://mdcomputers.lk/product/marvo-hz-10-headset-stand/
LOGITECH MK200 WIRED KEYBOARD AND MOUSE ( display unit ),"Rs:5,000.00or 3 XRs:1,866.67with",Out of Stock,https://mdcomputers.lk/product/logitech-mk200-wired-keyboard-and-mouse-display-unit/
MEETION BTM010R BLUETOOTH WIRELESS BRAND NEW MOUSE,"Rs:5,000.00or 3 XRs:1,866.67with",Out of Stock,https://mdcomputers.lk/product/meetion-btm010r-bluetooth-wireless-brand-new-mouse/
JEDEL KL138 WIRED MECHANICAL KEYBOARD,"Rs:5,000.00Rs:5,500.00or 3 XRs:1,866.67with",Out of Stock,https://mdcomputers.lk/product/jedel-kl-138-wired-mechanical-keyboard/
FANTECH ATO MP905 MATCHA MILK MOUSE PAD,"Rs:5,000.00or 3 XRs:1,866.67with",Out of Stock,https://mdcomputers.lk/product/fantech-ato-mp905-matcha-milk-mouse-pad/
FANTECH ATO MP905 ROYAL PRINCE MOUSE PAD,"Rs:5,000.00or 3 XRs:1,866.67with",Out of Stock,https://mdcomputers.lk/product/fantech-ato-mp905-royal-prince-mouse-pad/
FANTECH ATO MP905 KUJIRA UMI MOUSE PAD,"Rs:5,000.00or 3 XRs:1,866.67with",Out of Stock,https://mdcomputers.lk/product/fantech-ato-mp905-kujira-umi-mouse-pad/
MEETION BTM008 2.4G & BT DUAL MODE BRAND NEW MOUSE,"Rs:5,100.00Rs:5,500.00or 3 XRs:1,904.00with",Out of Stock,https://mdcomputers.lk/product/meetion-btm008-2-4g-bt-dual-mode-brand-new-mouse/
MEETION MC15 GAMING MICROPHONE,"Rs:5,200.00or 3 XRs:1,941.33with",Out of Stock,https://mdcomputers.lk/product/meetion-mc15-gaming-microphone/
REDRAGON ARDAL M615 GAMING MOUSE,"Rs:5,200.00or 3 XRs:1,941.33with",Out of Stock,https://mdcomputers.lk/product/redragon-ardal-m615-gaming-mouse/
YL017 LAPTOP COOLING PAD,"Rs:5,200.00or 3 XRs:1,941.33with",Out of Stock,https://mdcomputers.lk/product/yl017-laptop-cooling-pad/
FANTECH MH88 SAKURA EDITION,"Rs:5,300.00or 3 XRs:1,978.67with",Out of Stock,https://mdcomputers.lk/product/fantech-mh88-sakura-edition/
600W 80PLUS USED POWER SUPPLY ( RANDOM BRAND ),"Rs:5,300.00Rs:6,500.00or 3 XRs:1,978.67with",Out of Stock,https://mdcomputers.lk/product/hyperk-600w-80plus-used-power-supply/
YL019 LAPTOP COOLING PAD,"Rs:5,300.00or 3 XRs:1,978.67with",Out of Stock,https://mdcomputers.lk/product/yl019-laptop-cooling-pad/
MEETION WIRELESS MINI 5000 KEYBOARD & MOUSE COMBO,"Rs:5,300.00or 3 XRs:1,978.67with",Out of Stock,https://mdcomputers.lk/product/meetion-wireless-mini-5000-keyboard-mouse-combo/
SANDISK ULTRA DUAL DRIVE ( 128GB ),"Rs:5,400.00or 3 XRs:2,016.00with",Out of Stock,https://mdcomputers.lk/product/sandisk-cruzer-glide-usb-flash-drive-3-0-128gb/
JEDEL KL140 BRAND NEW MECHANICAL KEYBOARD,"Rs:5,400.00or 3 XRs:2,016.00with",Out of Stock,https://mdcomputers.lk/product/jedel-kl140-brand-new-mechanical-keyboard/
SANDISK ULTRA DUAL PEN DRIVE GO TYPE-C 128GB,"Rs:5,400.00or 3 XRs:2,016.00with",Out of Stock,https://mdcomputers.lk/product/sandisk-ultra-dual-pen-drive-go-type-c-128gb/
JERTECH JK540 RGB GAMING KEYBOARD,"Rs:5,400.00or 3 XRs:2,016.00with",Out of Stock,https://mdcomputers.lk/product/jertech-jk540-rgb-gaming-keyboard/
ARCTIC MX-6 (8g) (CN) ULTIMATE PERFORMANSE THERMAL PASTE,"Rs:5,400.00Rs:6,500.00or 3 XRs:2,016.00with",Available / Check Site,https://mdcomputers.lk/product/arctic-mx-6-8g-cn-ultimate-performanse-thermal-paste/
LTE 4G USB Modem With Wifi Hotspot,"Rs:5,500.00or 3 XRs:2,053.33with",Out of Stock,https://mdcomputers.lk/product/lte-4g-usb-modem-with-wifi-hotspot-wingle/
"MEETION Keyboard, Mouse, Headset Converter MT-AP015 for PS4, Xbox One, N Switch, PS3, Xbox 360, Plug and Play Compatible with Games Like FPS, TPS, RPG and RTS Etc","Rs:5,500.00Rs:6,000.00or 3 XRs:2,053.33with",Out of Stock,https://mdcomputers.lk/product/meetion-keyboard-mouse-headset-converter-mt-ap015-for-ps4-xbox-one-n-switch-ps3-xbox-360-plug-and-play-compatible-with-games-like-fps-tps-rpg-and-rts-etc/
BRANDED 550W POWER SUPPLY USED,"Rs:5,500.00or 3 XRs:2,053.33with",Out of Stock,https://mdcomputers.lk/product/500w-power-supply/
SONIC GEAR BLUETOOTH 5.0 HEADSET AIRPHONE 5 B.DEEP BLUE,"Rs:5,500.00or 3 XRs:2,053.33with",Out of Stock,https://mdcomputers.lk/product/sonic-gear-bluetooth-5-0-headset-airphone-5-b-deep-blue/
REDRAGON M910-K RANGER WIRED GAMING MOUSE,"Rs:5,500.00or 3 XRs:2,053.33with",Out of Stock,https://mdcomputers.lk/product/redragon-m910-k-ranger-wired-gaming-mouse-2/
Jedel GH-581 7.1 Wired USB RGB Gaming Headphone,"Rs:5,500.00or 3 XRs:2,053.33with",Out of Stock,https://mdcomputers.lk/product/jedel-gh-581-7-1-wired-usb-rgb-gaming-headphone/
JIO MF680S 4G+ LTE ADVANCED MOBILE Wi-Fi HOTSPOT ROUTER,"Rs:5,500.00or 3 XRs:2,053.33with",Out of Stock,https://mdcomputers.lk/product/jio-mf680s-4g-lte-advanced-mobile-wi-fi-hotspot-router/
BOLT 4G MOBILE WIFI ROUTER,"Rs:5,500.00or 3 XRs:2,053.33with",Out of Stock,https://mdcomputers.lk/product/bolt-4g-mobile-wifi-router/
AULA T201 BRAND NEW GAMING KEYBOARD MOUSE COMBO,"Rs:5,500.00or 3 XRs:2,053.33with",Out of Stock,https://mdcomputers.lk/product/aula-t201-brand-new-gaming-keyboard-mouse-combo/
ARCTIC P12 PWM PST A-RGB (Black) FAN,"Rs:5,500.00or 3 XRs:2,053.33with",Out of Stock,https://mdcomputers.lk/product/arctic-p12-pwm-pst-a-rgb-black-fan/
FANTECH GROOVE ANC FT20 WIRELESS EARBUDS,"Rs:5,500.00or 3 XRs:2,053.33with",Out of Stock,https://mdcomputers.lk/product/fantech-groove-anc-ft20-wireless-earbuds/
FANTECH MOCHI85 WK-898 GO KEYBOARD & MOUSE WIRLESS COMBO,"Rs:5,500.00or 3 XRs:2,053.33with",Out of Stock,https://mdcomputers.lk/product/fantech-mochi85-wk-898-go-keyboard-mouse-wirless-combo/
FANTECH WG7V2 CRYPTO II WIRELESS GAMING MOUSE BLACK,"Rs:5,500.00or 3 XRs:2,053.33with",Out of Stock,https://mdcomputers.lk/product/fantech-wg7v2-crypto-ii-wireless-gaming-mouse-black/
FANTECH NC22 NOTEBOOK COOLER ( RGB NOT WORKING ),"Rs:5,500.00or 3 XRs:2,053.33with",Out of Stock,https://mdcomputers.lk/product/fantech-nc22-notebook-cooler/
LA0096- LAPTOP COOLING PAD A8,"Rs:5,500.00or 3 XRs:2,053.33with",Out of Stock,https://mdcomputers.lk/product/la0096-laptop-colling-pad-a8/
ARMAGGEDON ARGB KIT 5000 COOLING FAN,"Rs:5,500.00or 3 XRs:2,053.33with",Out of Stock,https://mdcomputers.lk/product/armaggedon-argb-kit-5000-cooling-fan/
FANTECH MH86x VALOR – Over-Ear RGB Gaming Headset,"Rs:5,700.00or 3 XRs:2,128.00with",Out of Stock,https://mdcomputers.lk/product/fantech-mh86x-valor-over-ear-rgb-gaming-headset/
A4TECH FBK25 Multimedia Bluetooth Wireless Brand New Keyboard,"Rs:5,700.00or 3 XRs:2,128.00with",Out of Stock,https://mdcomputers.lk/product/a4tech-fbk25-multimedia-bluetooth-wireless-brand-new-keyboard/
GOLDEN FIELED V01 BLACK GAMING CASING,"Rs:5,700.00or 3 XRs:2,128.00with",Out of Stock,https://mdcomputers.lk/product/golden-fieled-v01-brand-new-black-gaming-casing/
JEDEL KL-106 RGB WIRED MECHANICAL KEYBOARD,"Rs:5,700.00Rs:6,000.00or 3 XRs:2,128.00with",Out of Stock,https://mdcomputers.lk/product/jedel-kl-106-rgb-wired-mechanical-keyboard/
H67 USED MOTHERBOARD,"Rs:5,800.00Rs:7,800.00or 3 XRs:2,165.33with",Available / Check Site,https://mdcomputers.lk/product/h67-used-motherboard/
TL-SG1005D 5-Port Gigabit Desktop Switch,"Rs:5,800.00or 3 XRs:2,165.33with",Out of Stock,https://mdcomputers.lk/product/tl-sg1005d-5-port-gigabit-desktop-switch/
JEDEL CP02 COMBO KIT 3 IN 1,"Rs:5,900.00Rs:6,500.00or 3 XRs:2,202.67with",Out of Stock,https://mdcomputers.lk/product/jedel-cp02-combo-kit-3-in-1/
"WEBCAM D1 1080P FULL MINI WEBCAM built in mic ,Laptop desktop computer USB WebCam","Rs:5,900.00or 3 XRs:2,202.67with",Out of Stock,https://mdcomputers.lk/product/webcam-d1-1080p-full-mini-webcam-built-in-mic-laptop-desktop-computer-usb-webcam/
REDRAGON M612 PREDATOR WIRED GAMING MOUSE,"Rs:5,900.00or 3 XRs:2,202.67with",Out of Stock,https://mdcomputers.lk/product/redragon-m612-predator-wired-gaming-mouse-2/
ONIKUMA T20 In Ear TWS ( WHITE ),"Rs:5,900.00or 3 XRs:2,202.67with",Out of Stock,https://mdcomputers.lk/product/onikuma-t20-in-ear-tws/
HIFROST P600 RGB CPU COOLER,"Rs:5,900.00or 3 XRs:2,202.67with",Out of Stock,https://mdcomputers.lk/product/hifrost-p600-rgb-cpu-cooler-2/
750GB USED LAPTOP HARD DISK,"Rs:5,900.00Rs:7,400.00or 3 XRs:2,202.67with",Out of Stock,https://mdcomputers.lk/product/750gb-used-laptop-hard-disk/
CON 315 – UGREEN 25W TYPE-C PD UK PIN FAST CHARGER WITH TYPE-C TO TYPE-C 2 METER CABLE ( 1 Year Warranty ) CD250 – 50577,"Rs:5,950.00or 3 XRs:2,221.33with",Out of Stock,https://mdcomputers.lk/product/ugreen-25w-type-c-pd-uk-pin-fast-charger-with-type-c-to-type-c-2-meter-cable-cd250-50577-1-year-warranty/
havit Iron Mesh 4 Fans Gaming Cooling Pad with Multi-Height Settings (HV-F2081),"Rs:6,000.00or 3 XRs:2,240.00with",Available / Check Site,https://mdcomputers.lk/product/havit-iron-mesh-4-fans-gaming-cooling-pad-with-multi-height-settings-hv-f2081/
Laptop Keyboard for Dell Inspiron 15 3521 3537 15r 5521 5537 Keyboard US Black,"Rs:6,000.00or 3 XRs:2,240.00with",Available / Check Site,https://mdcomputers.lk/product/laptop-keyboard-for-dell-inspiron-15-3521-3537-15r-5521-5537-keyboard-us-black/
Z77 USED MOTHERBOARD 4 RAM SLOT ( RANDOM BRAND ),"Rs:6,000.00Rs:14,000.00or 3 XRs:2,240.00with",Available / Check Site,https://mdcomputers.lk/product/gigabyte-z77-motherboard/
GAMDIAS HEBE E2 RGB STEREO GAMING HEADSET,"Rs:6,000.00or 3 XRs:2,240.00with",Out of Stock,https://mdcomputers.lk/product/gamdias-hebe-e2-rgb-stereo-gaming-headset/
Fantech Go Tune WH06 Wireless Headphone,"Rs:6,000.00or 3 XRs:2,240.00with",Out of Stock,https://mdcomputers.lk/product/fantech-go-tune-wh06-wireless-headphone/
MEETION CP4040 LAPTOP COOLING PAD,"Rs:6,000.00or 3 XRs:2,240.00with",Out of Stock,https://mdcomputers.lk/product/meetion-cp4040-laptop-cooling-pad/
POWER KINGDOM 12V 9A PRO BRAND NEW UPS BATTERY( 01Y ),"Rs:6,000.00or 3 XRs:2,240.00with",Out of Stock,https://mdcomputers.lk/product/power-kingdom-ups-battery-12v-9a-6m/
MSI AGILITY GD22 Gaming Gleam Edition Mouse Mat,"Rs:6,000.00or 3 XRs:2,240.00with",Available / Check Site,https://mdcomputers.lk/product/msi-agility-gd22-gaming-gleam-edition-mouse-mat/
SONY DUAL SHOCK 4 BRAND NEW CONTROLLER,"Rs:6,000.00Rs:6,750.00or 3 XRs:2,240.00with",Out of Stock,https://mdcomputers.lk/product/sony-dual-shock-4-brand-new-controller/
ONIKUMA CW917 WIRELESS DUAL MODE BRAND NEW GAMING MOUSE,"Rs:6,000.00or 3 XRs:2,240.00with",Out of Stock,https://mdcomputers.lk/product/onikuma-cw917-wireless-dual-mode-brand-new-gaming-mouse/
CORSAIR RS120 ARGB 120mm PWM Fan (2 Years Warranty),"Rs:6,000.00or 3 XRs:2,240.00with",Available / Check Site,https://mdcomputers.lk/product/corsair-rs120-argb-120mm-pwm-fan-2-years-warranty/
H67 USED 4 RAM SLOT MOTHERBOARD,"Rs:6,000.00or 3 XRs:2,240.00with",Out of Stock,https://mdcomputers.lk/product/h67-used-4-ram-slot-motherboard/
ARMAGGEDDON WASP 7 PRO 3D DUAL MIC IN-EAR GAMING HEADSET,"Rs:6,000.00or 3 XRs:2,240.00with",Out of Stock,https://mdcomputers.lk/product/armaggeddon-wasp-7-pro-3d-dual-mic-in-ear-gaming-headset/
FANTECH GROOVE BAR PRO BS162 BLUETOOTH SPEAKER,"Rs:6,000.00or 3 XRs:2,240.00with",Out of Stock,https://mdcomputers.lk/product/fantech-groove-bar-pro-bs162-bluetooth-speaker/
SONICGEAR  AIRPHONE 7 BLUETOOTH HEADSET – GRAPHITE,"Rs:6,000.00or 3 XRs:2,240.00with",Out of Stock,https://mdcomputers.lk/product/sonicgear-airphone-7-bluetooth-headset-graphite/
USED DDR3 8GB GAMING DESKTOP RAM,"Rs:6,200.00or 3 XRs:2,314.67with",Out of Stock,https://mdcomputers.lk/product/used-ddr3-8gb-gaming-desktop-ram/
I-O DATA 17 INCH USED MONITOR ( without cable ),"Rs:6,200.00Rs:6,500.00or 3 XRs:2,314.67with",Out of Stock,https://mdcomputers.lk/product/i-o-deta-17-inch-white-led-used-monitor/
ALCATROZ X-CRAFT AIR ULTRA SILENT 7000 GAMING MOUSE,"Rs:6,200.00Rs:7,500.00or 3 XRs:2,314.67with",Out of Stock,https://mdcomputers.lk/product/alcatroz-x-craft-air-ultra-silent-7000-gaming-mouse/
"ALCATROZ JELLYBEAN AIRDOCK 2 BLUETOOTH, WIRELESS KEYBOARD-WHITE","Rs:6,200.00or 3 XRs:2,314.67with",Out of Stock,https://mdcomputers.lk/product/alcatroz-jellybean-airdock-2-bluetooth-wireless-keyboard-white/
LOGITECH M280 WIRELESS BRAND NEW  MOUSE ( 02y ),"Rs:6,300.00Rs:6,500.00or 3 XRs:2,352.00with",Out of Stock,https://mdcomputers.lk/product/logitech-m280-wireless-brand-new-mouse/
REDRAGON H231 SCREAM WIRED GAMING HEADSET  – BLACK,"Rs:6,400.00or 3 XRs:2,389.33with",Out of Stock,https://mdcomputers.lk/product/redragon-h231-scream-wired-gaming-headset-black/
ONIKUMA T18 TWS Earbuds,"Rs:6,400.00or 3 XRs:2,389.33with",Out of Stock,https://mdcomputers.lk/product/onikuma-t18-tws-earbuds/
OCEAN MARK ZERO 2.1 Subwoofer System display unit,"Rs:6,500.00Rs:8,500.00or 3 XRs:2,426.67with",Out of Stock,https://mdcomputers.lk/product/ocean-mark-zero-2-1-subwoofer-system/
Laptop Keyboard for DELL 15-3000 3542 3543 3545 3547 3548 US,"Rs:6,500.00or 3 XRs:2,426.67with",Available / Check Site,https://mdcomputers.lk/product/laptop-keyboard-for-dell-15-3000-3542-3543-3545-3547-3548-us/
128GB USED NVME SSD,"Rs:6,500.00or 3 XRs:2,426.67with",Out of Stock,https://mdcomputers.lk/product/128gb-m-2-nvme-ssd/
Mechanical Keyboard KL-122,"Rs:6,500.00Rs:7,300.00or 3 XRs:2,426.67with",Out of Stock,https://mdcomputers.lk/product/mechanical-keyboard-kl-122/
LOGITECH M240 SILENT BLUETOOTH MOUSE,"Rs:6,500.00or 3 XRs:2,426.67with",Out of Stock,https://mdcomputers.lk/product/m240-silent-bluetooth-mouse/
ARMAGGEDDON ATOM 5 STEREO GAMING HEADPHONES WITH MIC | 7 LED LIGHTING EFFECT,"Rs:6,500.00or 3 XRs:2,426.67with",Out of Stock,https://mdcomputers.lk/product/armaggeddon-atom-5-stereo-gaming-headphones-with-mic-7-led-lighting-effect/
FANTECH WIRED X17  RGB BRAND NEW GAMING MOUSE,"Rs:6,500.00Rs:6,700.00or 3 XRs:2,426.67with",Out of Stock,https://mdcomputers.lk/product/fantech-wired-x17-rgb-gaming-mouse/
JEDEL CP09 4 IN 1 COMBO PACK ( 03 month warranty ),"Rs:6,500.00or 3 XRs:2,426.67with",Out of Stock,https://mdcomputers.lk/product/jedel-cp-09-4in1-combo-pack/
MEETION CP5050 COOLING PAD BRAND NEW,"Rs:6,500.00or 3 XRs:2,426.67with",Out of Stock,https://mdcomputers.lk/product/meetion-cp5050-cooling-pad-brand-new/
Addlink S20 120GB SSD 3D NAND 2.5 inch,"Rs:6,500.00Rs:8,400.00or 3 XRs:2,426.67with",Out of Stock,https://mdcomputers.lk/product/addlink-s20-120gb-ssd-3d-nand-2-5-inch/
BRANDED 600W USED POWER SUPPLY,"Rs:6,500.00or 3 XRs:2,426.67with",Out of Stock,https://mdcomputers.lk/product/branded-600w-used-power-supply/
FALCON 8023 GAMING CASING,"Rs:6,500.00Rs:7,500.00or 3 XRs:2,426.67with",Out of Stock,https://mdcomputers.lk/product/falcon-8023-gaming-casing/
GTX550/560 1GB VGA,"Rs:6,500.00or 3 XRs:2,426.67with",Out of Stock,https://mdcomputers.lk/product/gtx560-1gb-vga-2/
Corsair Flash Voyager® Slider X1 USB 3.0 64GB Pen Drive,"Rs:6,500.00or 3 XRs:2,426.67with",Available / Check Site,https://mdcomputers.lk/product/corsair-flash-voyager-slider-x1-usb-3-0-64gb-pen-drive/
CORALSTAR  TV COMBO BOX,"Rs:6,500.00or 3 XRs:2,426.67with",Out of Stock,https://mdcomputers.lk/product/coralstar-tv-combo-box/
DAHUA 128GB M.2 2280MHZ BRAND NEW NVME SSD,"Rs:6,500.00Rs:7,000.00or 3 XRs:2,426.67with",Out of Stock,https://mdcomputers.lk/product/dahua-128gb-m-2-2280mhz-brand-new-nvme-ssd/
MARVO FN-41 LAPTOP COOLING PAD,"Rs:6,500.00Rs:8,000.00or 3 XRs:2,426.67with",Out of Stock,https://mdcomputers.lk/product/marvo-fn-41-laptop-cooling-pad/
AULA F3287 KEYBOARD,"Rs:6,500.00or 3 XRs:2,426.67with",Out of Stock,https://mdcomputers.lk/product/aula-f3287-keyboard/
ASUS ROG STRIX LAPTOP BACKPACK,"Rs:6,500.00Rs:9,500.00or 3 XRs:2,426.67with",Out of Stock,https://mdcomputers.lk/product/asus-rog-strix-laptop-backpack/
FANTECH BEAT BAR GS305 BLUETOOTH SPEAKER,"Rs:6,500.00or 3 XRs:2,426.67with",Out of Stock,https://mdcomputers.lk/product/fantech-beat-bar-gs305-bluetooth-speaker/
DDR4 4GB  USED LAPTOP RAM ( 03 month warranty ),"Rs:6,500.00Rs:7,900.00or 3 XRs:2,426.67with",Out of Stock,https://mdcomputers.lk/product/ddr4-4gb-3200mhz-used-laptop-ram-03-month-warranty/
JEDEL WKL66 TRI MODE 65% BRAND NEW MECHANICAL KEYBOARD ( 03 month warranty ),"Rs:6,500.00or 3 XRs:2,426.67with",Out of Stock,https://mdcomputers.lk/product/jedel-wkl66-tri-mode-65-brand-new-mechanical-keyboard-03-month-warranty/
128GB USED SATA SSD -RANDOM BRAND ( 03 MONTH WARRANTY ),"Rs:6,500.00Rs:7,000.00or 3 XRs:2,426.67with",Out of Stock,https://mdcomputers.lk/product/128gb-used-sata-ssd-random-brand-03-month-warranty/
ONIKUMA X92 RGB WIRED BRAND NEW GAMING HEADSET,"Rs:6,500.00or 3 XRs:2,426.67with",Out of Stock,https://mdcomputers.lk/product/onikuma-x92-rgb-wired-brand-new-gaming-headset/
FANTECH WG7V2RD CRYPTO II TRI-MODE GAMING MOUSE,"Rs:6,500.00Rs:7,000.00or 3 XRs:2,426.67with",Out of Stock,https://mdcomputers.lk/product/fantech-wg7v2rd-crypto-ii-tri-mode-gaming-mouse/
FANTECH ATOM AIR61 MK311 LOW-PROFILE MECHANICAL GAMING KEYBOARD ULTRA-THIN WITH RGB MODES,"Rs:6,600.00or 3 XRs:2,464.00with",Out of Stock,https://mdcomputers.lk/product/fantech-atom-air61-mk311-low-profile-mechanical-gaming-keyboard-ultra-thin-with-rgb-modes/
USED 700W GAMING POWER SUPPLY,"Rs:6,700.00Rs:7,500.00or 3 XRs:2,501.33with",Out of Stock,https://mdcomputers.lk/product/700w-power-supplu-80-pluse/
Gamdias AETHER E1-7301 3x120mm Fan Laptop Cooling Pad,"Rs:6,750.00or 3 XRs:2,520.00with",Out of Stock,https://mdcomputers.lk/product/gamdias-aether-e1-7301-3x120mm-fan-laptop-cooling-pad/
19 INCH SQUARE USED MONITOR ( without cable ),"Rs:6,800.00or 3 XRs:2,538.67with",Out of Stock,https://mdcomputers.lk/product/dell-19-inch-square-used-monitor/
BASEUS BOWIE  E17 TRUE WIRELESS BLUETOOTH EARPHONES,"Rs:6,800.00Rs:7,000.00or 3 XRs:2,538.67with",Out of Stock,https://mdcomputers.lk/product/baseus-bowie-e17-true-wireless-bluetooth-earphones/
ARMAGGEDDON MIKOYAN FOXBAT-III CYBERPUNK WIRELESS GAMING MOUSE,"Rs:6,800.00or 3 XRs:2,538.67with",Out of Stock,https://mdcomputers.lk/product/armaggeddon-mikoyan-foxbat-iii-cyberpunk-wireless-gaming-mouse/
Rapoo C200 720P/30FPS HD USB Webcam,"Rs:6,900.00or 3 XRs:2,576.00with",Out of Stock,https://mdcomputers.lk/product/rapoo-c200-720p-30fps-hd-usb-webcam/
MEETION MT-K9420 RGB LED Backlit Wired Mechanical Gaming Keyboard | 104 Standard Keys with Macro Pro Membrane,"Rs:6,900.00Rs:8,300.00or 3 XRs:2,576.00with",Out of Stock,https://mdcomputers.lk/product/meetion-mt-k9420-rgb-led-backlit-wired-mechanical-gaming-keyboard-104-standard-keys-with-macro-pro-membrane/
USED DDR4 4GB GAMING RAM ( 03 month warranty ),"Rs:6,900.00or 3 XRs:2,576.00with",Out of Stock,https://mdcomputers.lk/product/used-ddr4-4gb-desktop-ram/
Fantech Go Vibe WH05 Wireless Headphone,"Rs:6,900.00or 3 XRs:2,576.00with",Out of Stock,https://mdcomputers.lk/product/fantech-go-vibe-wh05-wireless-headphone/
Kisonli Web Cam D1 2K hd Full HD Online hd Camera We Bcam Learning with Bulit-in Microphone Conferencing Video Calling,"Rs:6,900.00or 3 XRs:2,576.00with",Out of Stock,https://mdcomputers.lk/product/kisonli-web-cam-d1-2k-hd-full-hd-online-hd-camera-we-bcam-learning-with-bulit-in-microphone-conferencing-video-calling/
AULA S2022 MECHANICAL GAMING KEYBOARD,"Rs:6,900.00or 3 XRs:2,576.00with",Out of Stock,https://mdcomputers.lk/product/aula-s2022-mechanical-gaming-keyboard/
SILICON POWER C51 128GB FLASH DRIVE,"Rs:6,900.00or 3 XRs:2,576.00with",Out of Stock,https://mdcomputers.lk/product/silicon-power-c51-128gb-flash-drive/
DELL EXTERNAL USB SLIM DVD R/W OPTICAL DRIVE DW316,"Rs:7,000.00or 3 XRs:2,613.33with",Out of Stock,https://mdcomputers.lk/product/dell-external-usb-slim-dvd-r-w-optical-drive-dw316/
BRANDED 650W USED POWER SUPPLY,"Rs:7,000.00or 3 XRs:2,613.33with",Out of Stock,https://mdcomputers.lk/product/600w-power-supply/
ALCATROZ A3000 JELLYBEAN BLUETOOTH KEYBOARD COMBO AQUA,"Rs:7,000.00Rs:7,300.00or 3 XRs:2,613.33with",Out of Stock,https://mdcomputers.lk/product/alcatroz-a3000-jellybean-bluetooth-keyboard-combo-aqua/
MEETION GAMING HEADSET STAND U002 WITH 4 PORT USB HUB,"Rs:7,000.00or 3 XRs:2,613.33with",Out of Stock,https://mdcomputers.lk/product/meetion-gaming-headset-stand-u002-with-4-port-usb-hub/
Thermalright TL-S12 CPU Fan kit,"Rs:7,000.00or 3 XRs:2,613.33with",Out of Stock,https://mdcomputers.lk/product/thermalright-tl-s12-cpu-fan-120mm-case-cooler-fan-comes-with-argb-lighting-effectpc-pwm-silent-computer-fan-with-1500rpm-speed-cpu-cooling-fan-blackblack3-pack/
FALCON F8017 BRAND NEW CASING,"Rs:7,000.00or 3 XRs:2,613.33with",Out of Stock,https://mdcomputers.lk/product/falcon-f8017-brand-new-casing/
JEDEL KL90 RGB MECHANICAL GAMING KEYBOARD W/ WRISTPAD USB,"Rs:7,000.00or 3 XRs:2,613.33with",Out of Stock,https://mdcomputers.lk/product/jedel-kl90-rgb-mechanical-gaming-keyboard-w-wristpad-usb/
Gamdias Zeus M3 + NYX E1 Gaming Mouse Combo,"Rs:7,000.00or 3 XRs:2,613.33with",Available / Check Site,https://mdcomputers.lk/product/gamdias-zeus-m3-nyx-e1-gaming-mouse-combo/
MSI AGILITY GD30 Gaming Mouse Mat with Silk Gaming Fabric Surface,"Rs:7,000.00or 3 XRs:2,613.33with",Available / Check Site,https://mdcomputers.lk/product/msi-agility-gd30-gaming-mouse-mat-with-silk-gaming-fabric-surface/
MEETION  MT-CAM601 1080p 2MP FULL HD WEB CAMERA,"Rs:7,000.00or 3 XRs:2,613.33with",Out of Stock,https://mdcomputers.lk/product/meetion-mt-cam601-1080p-2mp-full-hd-web-camera/
GOLDEN FIELED VAULT BLACK BRAND NEW GAMING CASING,"Rs:7,000.00Rs:7,500.00or 3 XRs:2,613.33with",Out of Stock,https://mdcomputers.lk/product/golden-fieled-jianyu-qigong-black-brand-new-gaming-casing/
REDRAGGON GCP06 24PIN ARGB LIGHTING EXTENTION CABLE,"Rs:7,000.00Rs:7,500.00or 3 XRs:2,613.33with",Out of Stock,https://mdcomputers.lk/product/24pin-argb-lighting-extention-cable/
RUIX FURRY T8 CASING ( BLACK ),"Rs:7,000.00or 3 XRs:2,613.33with",Out of Stock,https://mdcomputers.lk/product/furry-t8-casing-black/
RUIX FURRY T8 CASING ( WHITE ),"Rs:7,000.00or 3 XRs:2,613.33with",Out of Stock,https://mdcomputers.lk/product/furry-t8-casing-white/
MEMORY GHOST 128GB BRAND NEW SATA SSD ( 01 year warranty ),"Rs:7,000.00or 3 XRs:2,613.33with",Out of Stock,https://mdcomputers.lk/product/memory-ghost-128gb-brand-new-sata-ssd/
RUIX JIAN BLACK GAMING CASING,"Rs:7,000.00or 3 XRs:2,613.33with",Out of Stock,https://mdcomputers.lk/product/ruix-jian-black-gaming-casing/
AULA S500 WIRED MECHANICAL GAMING KEYBOARD,"Rs:7,000.00or 3 XRs:2,613.33with",Out of Stock,https://mdcomputers.lk/product/aula-s500-wired-mechanical-gaming-keyboard/
T- WOLF T17 MECHANICAL GAMING KEYBOAR,"Rs:7,000.00or 3 XRs:2,613.33with",Out of Stock,https://mdcomputers.lk/product/t-wolf-t17-mechanical-gaming-keyboar/
SONICGEAR NEOX 250BT BLACK SOUNDBAR,"Rs:7,100.00or 3 XRs:2,650.67with",Out of Stock,https://mdcomputers.lk/product/sonicgear-neox-250bt-black-soundbar/
ARMAGGEDDON BLIZZARD 2 ARGB CPU COOLER,"Rs:7,200.00or 3 XRs:2,688.00with",Out of Stock,https://mdcomputers.lk/product/armaggeddon-blizzard-2-argb-cpu-cooler-sri/
FANTECH ATOM104S MK878S MECHANICAL GAMING KEYBOARD MORI EDITION WHITE – RED SWICH,"Rs:7,400.00or 3 XRs:2,762.67with",Out of Stock,https://mdcomputers.lk/product/fantech-atom104s-mk878s-mechanical-gaming-keyboard-mori-edition-white/
FANTECH ATOM104S MK878S MECHANICAL GAMING KEYBOARD MORI EDITION BLUE – BLUE SWICH,"Rs:7,400.00or 3 XRs:2,762.67with",Out of Stock,https://mdcomputers.lk/product/fantech-atom104s-mk878s-mechanical-gaming-keyboard-mori-edition-blue/
REDRAGON GS520 ANVIL BLACK GAMING SPEAKER,"Rs:7,400.00Rs:7,900.00or 3 XRs:2,762.67with",Out of Stock,https://mdcomputers.lk/product/redragon-gs520-anvil-black-gaming-speaker/
FANTECH NC21 NOTEBOOK COOLER,"Rs:7,400.00or 3 XRs:2,762.67with",Out of Stock,https://mdcomputers.lk/product/fantech-nc21-notebook-cooler/
FANTECH ATOM MK886 V2 MECHANICAL KEYBOARD BLACK – RED SWICH,"Rs:7,400.00or 3 XRs:2,762.67with",Out of Stock,https://mdcomputers.lk/product/fantech-atom-mk886-v2-mechanical-keyboard-black-red-swich/
FANTECH ATOM MK886 V2 MECHANICAL KEYBOARD BLACK – BLUE SWICH,"Rs:7,400.00or 3 XRs:2,762.67with",Out of Stock,https://mdcomputers.lk/product/fantech-atom-mk886-v2-mechanical-keyboard-black-blue-swich/
FANTECH ATOM MK886 V2 MECHANICAL KEYBOARD GRAY – RED SWICH,"Rs:7,400.00or 3 XRs:2,762.67with",Out of Stock,https://mdcomputers.lk/product/fantech-atom-mk886-v2-mechanical-keyboard-gray-red-swich/
FANTECH ATOM MK886 V2 MECHANICAL KEYBOARD BLACK – BLUE SWICH,"Rs:7,400.00or 3 XRs:2,762.67with",Out of Stock,https://mdcomputers.lk/product/fantech-atom-mk886-v2-mechanical-keyboard-black-blue-swich-2/
FANTECH ATOM MK886 V2 MECHANICAL KEYBOARD GRAY – BLUE SWICH,"Rs:7,400.00or 3 XRs:2,762.67with",Out of Stock,https://mdcomputers.lk/product/fantech-atom-mk886-v2-mechanical-keyboard-gray-blue-swich/
FANTECH ATOM104S MK878S MECHANICAL GAMING KEYBOARD MORI EDITION BLUE – ROISE SWICH,"Rs:7,400.00or 3 XRs:2,762.67with",Out of Stock,https://mdcomputers.lk/product/fantech-atom104s-mk878s-mechanical-gaming-keyboard-mori-edition-blue-roise-swich/
HIKVISION 256GB SATA BRAND NEW SSD ( 01 year warranty ),"Rs:7,500.00or 3 XRs:2,800.00with",Out of Stock,https://mdcomputers.lk/product/hikvision-256-sata-brand-new-ssd/
Laptop Keyboard for ASUS VivoBook X510 X510U X510UA X510UN X510Q X510QA X510QR US,"Rs:7,500.00or 3 XRs:2,800.00with",Available / Check Site,https://mdcomputers.lk/product/laptop-keyboard-for-asus-vivobook-x510-x510u-x510ua-x510un-x510q-x510qa-x510qr-us/
Laptop Keyboard for Acer A515 52 SF-315 with power switch,"Rs:7,500.00or 3 XRs:2,800.00with",Available / Check Site,https://mdcomputers.lk/product/laptop-keyboard-for-acer-a515-52-sf-315-with-power-switch/
B85 – GAMING MOTHERBOARD 2 RAM SHOT,"Rs:7,500.00Rs:8,500.00or 3 XRs:2,800.00with",Out of Stock,https://mdcomputers.lk/product/b85-gaming-motherboard/
GAMDIAS HEBE E3 RGB SURROUNDING SOUND USB GAMING HEADSET,"Rs:7,500.00or 3 XRs:2,800.00with",Out of Stock,https://mdcomputers.lk/product/gamdias-hebe-e3-rgb-surrounding-sound-usb-gaming-headset/
FANTECH MH86 VALOR – Over-Ear RGB Gaming Headset,"Rs:7,500.00or 3 XRs:2,800.00with",Out of Stock,https://mdcomputers.lk/product/fantech-mh86-valor-over-ear-rgb-gaming-headset/
LOGITECH F310 CONTROLLERS,"Rs:7,500.00Rs:7,900.00or 3 XRs:2,800.00with",Out of Stock,https://mdcomputers.lk/product/logitech-f310-controllers/
MEETION MK600 MECHANICAL KEYBOARD,"Rs:7,500.00Rs:8,000.00or 3 XRs:2,800.00with",Out of Stock,https://mdcomputers.lk/product/meetion-mk600-mechanical-keyboard/
HP H320GS Gaming Headset,"Rs:7,500.00or 3 XRs:2,800.00with",Out of Stock,https://mdcomputers.lk/product/hp-h320gs-gaming-headset/
MICROLAB MS212 BLUETOOTH SPEAKER (1y),"Rs:7,500.00Rs:7,650.00or 3 XRs:2,800.00with",Out of Stock,https://mdcomputers.lk/product/microlab-ms212-bluetooth-speaker-1y/
RUIX JIAN WHITE GAMING CASING,"Rs:7,500.00or 3 XRs:2,800.00with",Out of Stock,https://mdcomputers.lk/product/ruix-jian-gaming-case-white/
FALCON F8010 BRAND NEW GAMING CASING,"Rs:7,500.00or 3 XRs:2,800.00with",Out of Stock,https://mdcomputers.lk/product/fancon-f8010-gaming-casing/
MICROLAB U210 BLUETOOTH SPEAKER (1y),"Rs:7,500.00Rs:7,800.00or 3 XRs:2,800.00with",Out of Stock,https://mdcomputers.lk/product/microlab-u210-bluetooth-speaker-1y/
FALCON F335 CASING,"Rs:7,500.00or 3 XRs:2,800.00with",Out of Stock,https://mdcomputers.lk/product/falcon-f355-casing/
RUIX GAMING CASING 05,"Rs:7,500.00or 3 XRs:2,800.00with",Out of Stock,https://mdcomputers.lk/product/ruix-gaming-casing-05/
FANTECH MK877S BRAND NEW GAMING WIRED KEYBOARD ( RED SWITCH ),"Rs:7,500.00or 3 XRs:2,800.00with",Out of Stock,https://mdcomputers.lk/product/fantech-mk877s-brand-new-gaming-wired-keyboard/
KOORUI MKC01 MECHANICAL GAMING KEYBOARD,"Rs:7,500.00or 3 XRs:2,800.00with",Out of Stock,https://mdcomputers.lk/product/koorui-mkc01-mechanical-gaming-keyboard/
GOLDEN FIELD VAULT WHITE  BRAND NEW GAMING CASING,"Rs:7,500.00Rs:8,500.00or 3 XRs:2,800.00with",Out of Stock,https://mdcomputers.lk/product/jianyu-qigong-white-brand-new-gaming-casing/
RUIX SHENWEI BLACK CASING,"Rs:7,500.00or 3 XRs:2,800.00with",Out of Stock,https://mdcomputers.lk/product/ruix-shenwei-black-casing/
256GB HIKVISION E100 2.5″ SATA SSD,"Rs:7,500.00Rs:8,500.00or 3 XRs:2,800.00with",Out of Stock,https://mdcomputers.lk/product/256gb-hikvision-e100-2-5%e2%80%b3-sata-ssd/
GT600 2GB USED VGA CARD,"Rs:7,500.00or 3 XRs:2,800.00with",Out of Stock,https://mdcomputers.lk/product/gt600-2gb-used-vga-card/
CON 304 – UGREEN 5 – in – 1 TYPE-C Multifunction Adapter (Space Gray) – CM251 – 60559 ( 1 Year Warranty ),"Rs:7,500.00or 3 XRs:2,800.00with",Out of Stock,https://mdcomputers.lk/product/con-304-ugreen-5-in-1-type-c-multifunction-adapter-space-gray-cm251-60559-1-year-warranty/
"ALCATROZ  X-CRAFT BASECAMP 4 – IN – 1 KEYBOARD , MOUSE , HEADSET , MAT GAMING COMBO","Rs:7,500.00or 3 XRs:2,800.00with",Out of Stock,https://mdcomputers.lk/product/alcatroz-x-craft-basecamp-4-in-1-keyboard-mouse-headset-mat-gaming-combo/
A4 TECH PK-910H BLACK 1080P FULL-HD BRAND NEW WEBCAM,"Rs:7,600.00Rs:8,000.00or 3 XRs:2,837.33with",Out of Stock,https://mdcomputers.lk/product/a4-tech-pk-910h-black-1080p-full-hd-webcam/
CON 290 – UGREEN 10000mAh 20W TWO WAY FAST CHARGING POWER BANK  ( 01 YEAR WARRANTY ) – PB311,"Rs:7,650.00Rs:8,500.00or 3 XRs:2,856.00with",Out of Stock,https://mdcomputers.lk/product/ugreen-10000mah-20w-two-way-fast-charging-power-bank-25742-01-year-warranty/
REDRAGON K511 PRO RGB Gaming Keyboard,"Rs:7,700.00or 3 XRs:2,874.67with",Out of Stock,https://mdcomputers.lk/product/redragon-k511-pro-rgb-gaming-keyboard/
Baseus Bowie E16 True Wireless Earphones ( A00061900113-01 ),"Rs:7,700.00or 3 XRs:2,874.67with",Out of Stock,https://mdcomputers.lk/product/baseus-bowie-e16-true-wireless-earphones-a00061900113-01/
RUIX GAMING CASING 03,"Rs:7,800.00or 3 XRs:2,912.00with",Out of Stock,https://mdcomputers.lk/product/ruix-gaming-casing-03/
HP USB External DVD-RW Drive GP70N,"Rs:7,900.00or 3 XRs:2,949.33with",Out of Stock,https://mdcomputers.lk/product/hp-usb-external-dvd-rw-drive-gp70n/
ONIKUMA GT839 MULTI MODE BRAND NEW GAMING HEADSET,"Rs:7,900.00or 3 XRs:2,949.33with",Out of Stock,https://mdcomputers.lk/product/onikuma-gt839-multi-mode-brand-new-gaming-headset/
FANTECH MK611 ATOM X63 MECHANICAL GAMING KEYBOARD – AME EDITION,"Rs:7,900.00or 3 XRs:2,949.33with",Out of Stock,https://mdcomputers.lk/product/fantech-mk611-atom-x63-mechanical-gaming-keyboard-ame-edition/
TP-LINK TL-WA850RE 300Mbps RANGE EXTENDER,"Rs:7,900.00or 3 XRs:2,949.33with",Out of Stock,https://mdcomputers.lk/product/tp-link-tl-wa850re-300mbps-range-exten-bran/
NETWORK SWITCH GIGABIT,"Rs:8,000.00or 3 XRs:2,986.67with",Out of Stock,https://mdcomputers.lk/product/network-switch-gigabit/
ARMAGGEDDON LUMO 2 RGB Bluetooth 5.3 Low Latency Sterio Speakers,"Rs:8,000.00or 3 XRs:2,986.67with",Out of Stock,https://mdcomputers.lk/product/armaggeddon-lumo-2-rgb-bluetooth-5-3-low-latency-sterio-speakers/
FANTECH WGP13S – 2.4G SHOOTER III MULTI-PLATFIRN WIRELESS GAMEPAD,"Rs:8,000.00Rs:9,500.00or 3 XRs:2,986.67with",Out of Stock,https://mdcomputers.lk/product/fantech-wgp13s-2-4g-shooter-iii-multi-platfirn-wireless-gamepad/
Corsair RS120 ARGB 120mm PWM White Fan,"Rs:8,000.00or 3 XRs:2,986.67with",Available / Check Site,https://mdcomputers.lk/product/corsair-rs120-argb-120mm-pwm-white-fan/
Gamdias NOTUS M1-1203 120mm ARGB 3 Fan Pack,"Rs:8,000.00or 3 XRs:2,986.67with",Available / Check Site,https://mdcomputers.lk/product/gamdias-notus-m1-1203-120mm-argb-3-fan-pack/
CORSAIR MM300 PRO Premium Spill-Proof Cloth Gaming Mouse Pad – Medium,"Rs:8,000.00or 3 XRs:2,986.67with",Available / Check Site,https://mdcomputers.lk/product/corsair-mm300-pro-premium-spill-proof-cloth-gaming-mouse-pad-medium/
MEETION IKEY C210 QUITE SLIM FOUR MODES COMBO,"Rs:8,000.00Rs:8,500.00or 3 XRs:2,986.67with",Out of Stock,https://mdcomputers.lk/product/meetion-ikey-c210-quite-slim-four-modes-combo/
TL-SG1008D 8-Port Gigabit Desktop Switch,"Rs:8,000.00or 3 XRs:2,986.67with",Out of Stock,https://mdcomputers.lk/product/tl-sg1008d-8-port-gigabit-desktop-switch/
NETWORK SWITCH MERCURRY 16 PORT GIGABIT,"Rs:8,000.00or 3 XRs:2,986.67with",Out of Stock,https://mdcomputers.lk/product/network-switch-mercurry-16-port-gigabyt/
RAIDMAX F01 ARGB MID- TOWER CASE – WITH OUT FANS ( DISPLAY UNIT ),"Rs:8,000.00or 3 XRs:2,986.67with",Out of Stock,https://mdcomputers.lk/product/raidmax-f01-argb-mid-tower-case-display-unit/
ELGATO XLR CABL,"Rs:8,000.00or 3 XRs:2,986.67with",Available / Check Site,https://mdcomputers.lk/product/elgato-xlr-cabl/
FANTECH REVOLVER III WGP12S WIRELESS MULTI-PLATFORM GAMING CONTROLLER,"Rs:8,000.00Rs:9,000.00or 3 XRs:2,986.67with",Out of Stock,https://mdcomputers.lk/product/fantech-revolver-iii-wgp12s-wireless-multi-platform-gaming-controller/
VIEWTECH VT-A92 1D/2D HAND HELD BARCODE SCANNER,"Rs:8,000.00Rs:9,000.00or 3 XRs:2,986.67with",Out of Stock,https://mdcomputers.lk/product/viewtech-vt-a92-1d-2d-hand-held-barcode-scanner/
FANTECH TURBINE FB301 3 FAN KIT,"Rs:8,300.00or 3 XRs:3,098.67with",Out of Stock,https://mdcomputers.lk/product/turbine-fb301/
LEXAR NS100 128GB BRAND NEW SATA SSD  (3 year warranty),"Rs:8,400.00Rs:8,500.00or 3 XRs:3,136.00with",Out of Stock,https://mdcomputers.lk/product/lexar-ns100-128gb-ssd/
FANTECH MK876V2 ATOM87 RGB MECHANICAL KEYBOARD SUMI EDITION – GREY,"Rs:8,400.00or 3 XRs:3,136.00with",Out of Stock,https://mdcomputers.lk/product/fantech-mk876v2-atom87-rgb-mechanical-keyboard-sumi-edition-grey/
FANTECH MK876V2 ATOM87 RGB MECHANICAL KEYBOARD RED SWITCH SUMI EDITION – BLACK,"Rs:8,400.00or 3 XRs:3,136.00with",Out of Stock,https://mdcomputers.lk/product/fantech-mk876v2-atom87-rgb-mechanical-keyboard-red-switch-sumi-edition-black/
CON 291 – UGREEN 10000mAh 20W TWO -WAY FAST CHARGING POWER BANK WITH TYPE – C CABLE  ( 01 YEAR WARRANY ) – PB522,"Rs:8,400.00Rs:9,300.00or 3 XRs:3,136.00with",Out of Stock,https://mdcomputers.lk/product/ugreen-10000mah-20w-two-way-fast-charging-power-bank-with-type-c-cable-45423b-01-year-warrany/
ARMAGGEDDON NUKE 7 SURROUND 7.1 GAMING HEADSET,"Rs:8,500.00or 3 XRs:3,173.33with",Out of Stock,https://mdcomputers.lk/product/armaggeddon-nuke-7-surround-7-1-gaming-headset-2/
FANTECH TYPHOON FB302 COOLER FAN KIT,"Rs:8,500.00or 3 XRs:3,173.33with",Out of Stock,https://mdcomputers.lk/product/typhoon-fb302-cooler/
Armaggeddon Nuke 7 Ironsight 7.1 Gaming Headset,"Rs:8,500.00or 3 XRs:3,173.33with",Out of Stock,https://mdcomputers.lk/product/armaggeddon-nuke-7-ironsight-7-1-gaming-headset/
GTX650 1GB VGA CARD (RANDOM BRAND ),"Rs:8,500.00or 3 XRs:3,173.33with",Out of Stock,https://mdcomputers.lk/product/gtx550-1gb-vga-card-random-brand/
ASUS P309 TUF GAMING M3 GEN II MOUSE,"Rs:8,500.00Rs:9,100.00or 3 XRs:3,173.33with",Out of Stock,https://mdcomputers.lk/product/asus-p309-tuf-gaming-m3-gen-ii-mouse/
ARMAGGEDDON AQUARON GAMING CASING – BLACK,"Rs:8,500.00Rs:10,000.00or 3 XRs:3,173.33with",Out of Stock,https://mdcomputers.lk/product/armaggeddon-aquaron-gaming-pc-case-black/
ARMAGGEDDON  NUKE 5 GAMING HEADSET,"Rs:8,500.00or 3 XRs:3,173.33with",Out of Stock,https://mdcomputers.lk/product/armaggeddon-nuke-5-gaming-headset/
Fantech WH03 GO Wireless,"Rs:8,500.00or 3 XRs:3,173.33with",Out of Stock,https://mdcomputers.lk/product/fantech-wh03-go-wireless-black/
ALCATROZ TETRIZ AIR300C AUTUM BLACK WIRLESS KEYBOARD MOUSE COMBO,"Rs:8,500.00or 3 XRs:3,173.33with",Out of Stock,https://mdcomputers.lk/product/alcatroz-teriz-air-300c-keyboard-mouse-2-in-1-dual-mode-bluetooth-wireless-combo/
MEETION MK009 PRO WIRED MECHANICAL BRAND NEW KEYBOARD,"Rs:8,500.00Rs:9,600.00or 3 XRs:3,173.33with",Out of Stock,https://mdcomputers.lk/product/meetion-mk009-pro-wired-mechanical-brand-new-keyboard/
WIRELESS NETWORK CARD – TP-LINK TL-W881ND 300MBPS PCI E ADAPTER,"Rs:8,500.00or 3 XRs:3,173.33with",Out of Stock,https://mdcomputers.lk/product/wireless-network-card-tp-link-tl-w881nd-300mbps-pci-e-adapter/
ANTEC CONNECT 120 ARGB 3 FANS PACK WHITE/BLACK,"Rs:8,500.00or 3 XRs:3,173.33with",Out of Stock,https://mdcomputers.lk/product/antec-connect-120-argb-3-fans-pack-white-black/
ARMAGGEDDON  X-BAR 2 BLUETOOTH SPEAKER SOUNDBARD,"Rs:8,500.00or 3 XRs:3,173.33with",Out of Stock,https://mdcomputers.lk/product/armaggeddon-x-bar-2-bluetooth-speaker-soundbar/
KINGSTON NV2 250GB PCLE 4.0 M.2 BVRAND NEW NVME,"Rs:8,500.00or 3 XRs:3,173.33with",Out of Stock,https://mdcomputers.lk/product/kingston-nv2-250gb-pcle-4-0-m-2-bvrand-new-nvme/
MEETION MK008 PRO BRAND NEW GAMING MACHANICAL KEYBOARD,"Rs:8,500.00Rs:9,500.00or 3 XRs:3,173.33with",Out of Stock,https://mdcomputers.lk/product/meetion-mk008-pro-gaming-machanical-keyboard/
KEETECH BLACK BRAND NEW GAMING CASING,"Rs:8,500.00Rs:12,500.00or 3 XRs:3,173.33with",Out of Stock,https://mdcomputers.lk/product/cooler-black-brand-new-gaming-casing/
Gamdias Mars E4M Case Only,"Rs:8,500.00or 3 XRs:3,173.33with",Available / Check Site,https://mdcomputers.lk/product/gamdias-mars-e4m-case-only/
FANTECH XD7E ARIA WIRELESS MOUSE,"Rs:8,500.00or 3 XRs:3,173.33with",Out of Stock,https://mdcomputers.lk/product/fantech-xd7e-aria-wireless-mouse/
H110 6/7TH GEN SATA SUPPORT USED MOTHERBOARD,"Rs:8,500.00or 3 XRs:3,173.33with",Out of Stock,https://mdcomputers.lk/product/h110-6-7th-gen-sata-support-used-motherboard/
RAGEX AQUA RGB BLACK BRAND NEW GAMING CASING,"Rs:8,500.00or 3 XRs:3,173.33with",Out of Stock,https://mdcomputers.lk/product/ragex-aqua-rgb-black-brand-new-gaming-casing/
CON 296 – UGREEN HITUNE S5 TRUE WIRELESS EARBUDS ( 01 YEAR WARRANTY ),"Rs:8,500.00Rs:9,500.00or 3 XRs:3,173.33with",Out of Stock,https://mdcomputers.lk/product/con-296-ugreen-hitune-s5-true-wireless-earbuds-01-year-warranty/
TP-LINK WA855RE 300Mbps RANGE EXTENDER,"Rs:8,500.00or 3 XRs:3,173.33with",Out of Stock,https://mdcomputers.lk/product/tp-link-wa855re-300mbps-range-extender-bran/
ARMAGGEDDON AQUARON GAMING CASING – WHITE,"Rs:8,600.00or 3 XRs:3,210.67with",Out of Stock,https://mdcomputers.lk/product/armaggeddon-aquaron-gaming-casing-white/
Asus External Slim DVD Writer (supports Windows & Mac OS),"Rs:8,700.00or 3 XRs:3,248.00with",Available / Check Site,https://mdcomputers.lk/product/asus-external-slim-dvd-writer-supports-windows-mac-os/
HAVIT H2002D 3.5MM GAMING HEADPHONE BLACK+OCHRE,"Rs:8,700.00or 3 XRs:3,248.00with",Out of Stock,https://mdcomputers.lk/product/havit-h2002d-3-5mm-gaming-headphone-black/
YAKS GC 04 BRAND NEW GAMING CASING,"Rs:8,800.00or 3 XRs:3,285.33with",Out of Stock,https://mdcomputers.lk/product/yaks-gc-04-brand-new-gaming-casing/
Gaming Keyboard kl 139  Backlit Mechanical Keyboard RGB,"Rs:8,900.00or 3 XRs:3,322.67with",Out of Stock,https://mdcomputers.lk/product/gaming-keyboard-kl-139-backlit-mechanical-keyboard-rgb/
ARMAGGEDDON AQUARON DUPLEX ONE ARGB MICROATX GAMING CASE,"Rs:8,900.00Rs:10,900.00or 3 XRs:3,322.67with",Out of Stock,https://mdcomputers.lk/product/armaggeddon-aquaron-duplex-one-argb-microatx-gaming-case/
FANTECH MK893S ATOM107S BRAND NEW MECHANICAL GAMING KEYBOARD NAVY BLUE – TARO SWICH,"Rs:8,900.00or 3 XRs:3,322.67with",Out of Stock,https://mdcomputers.lk/product/fantech-mk893s-atom107s-brand-new-mechanical-gaming-keyboard-navy-taro-swich/
FANTECH MK893S ATOM107S BRAND NEW MECHANICAL GAMING KEYBOARD SKY BLUE – ROISE SWICH,"Rs:8,900.00or 3 XRs:3,322.67with",Out of Stock,https://mdcomputers.lk/product/fantech-mk893s-atom107s-brand-new-mechanical-gaming-keyboard-blue-roies-swich/
AULA F2058 MECHANICAL GAMING KEYBOARD,"Rs:8,900.00or 3 XRs:3,322.67with",Out of Stock,https://mdcomputers.lk/product/aula-f2058-mechanical-gaming-keyboard/
Genius Soundbar 200BT Bluetooth 5.1 Speaker,"Rs:9,000.00or 3 XRs:3,360.00with",Out of Stock,https://mdcomputers.lk/product/genius-soundbar-200bt-bluetooth-5-1-speaker/
FANTECH GP15L EOS LITE GAMING CONTROLLER,"Rs:9,000.00Rs:14,300.00or 3 XRs:3,360.00with",Out of Stock,https://mdcomputers.lk/product/fantech-gp15l-eos-lite-orion-controller/
ANTEC F12 RACING ARGB 120MM 3 FANS PACK + PWM CONTROLLER,"Rs:9,000.00or 3 XRs:3,360.00with",Out of Stock,https://mdcomputers.lk/product/antec-f12-racing-argb-120mm-3-fans-pack-pwm-controller/
LEXAR 8GB DDR4 3200MHZ BRAND NEW LAPTOP RAM,"Rs:9,000.00or 3 XRs:3,360.00with",Out of Stock,https://mdcomputers.lk/product/lexar-8gb-ddr4-3200mhz-brand-new-laptop-ram/
ONIKUMA G58 WHITE MECHANICAL 82 KEYS GAMING RGB KEYBOARD,"Rs:9,000.00or 3 XRs:3,360.00with",Out of Stock,https://mdcomputers.lk/product/onikuma-g58-white-mechanical-82-keys-gaming-rgb-keyboard/
PNY 256GB 25CS1031 M.2 2280 NVMe Gen3x4 SSD ( DISPLAY UNIT ),"Rs:9,000.00or 3 XRs:3,360.00with",Out of Stock,https://mdcomputers.lk/product/pny-256gb-25cs1031-m-2-2280-nvme-gen3x4-ssd-display-unit/
ADATA 240GB M.2 2280 SSD ( DISPLAY UNIT ),"Rs:9,000.00or 3 XRs:3,360.00with",Out of Stock,https://mdcomputers.lk/product/adata-240gb-m-2-2280-ssd-display-unit/
RAGEX AQUA RGB WHITE BRAND NEW GAMING CASING,"Rs:9,000.00Rs:11,000.00or 3 XRs:3,360.00with",Out of Stock,https://mdcomputers.lk/product/ragex-aqua-rgb-white-brand-new-gaming-casing/
GTX650TI 1GB USED VGA (RANDOM BRAND ),"Rs:9,000.00or 3 XRs:3,360.00with",Out of Stock,https://mdcomputers.lk/product/gtx650ti-1gb-used-vga-random-brand/
EMARK GM4 – MINI DC UPS for Small Electronics,"Rs:9,500.00Rs:14,000.00or 3 XRs:3,546.67with",Out of Stock,https://mdcomputers.lk/product/emark-gm4-mini-dc-ups-for-small-electronics/
FANTECH ATOM96 MK890 MECHANICAL BRAND NEW KEYBOARD,"Rs:9,500.00or 3 XRs:3,546.67with",Out of Stock,https://mdcomputers.lk/product/fantech-atom96-mk890-mechanical-keyboard/
GAMDIAS AURA GP450 – 450W BRAND NEW POWER SUPPLY ( 01 year warranty ),"Rs:9,500.00Rs:11,500.00or 3 XRs:3,546.67with",Out of Stock,https://mdcomputers.lk/product/gamdias-aura-gp450-450-watt-power-supply/
GTX 660 1.5GB USED VGA,"Rs:9,500.00or 3 XRs:3,546.67with",Out of Stock,https://mdcomputers.lk/product/asus-gtx-660-graphic-card-2gb-used/
FANTECH GP15 EOS VEGA MULTIPLATFORM GAMEPAD CONTROLLER,"Rs:9,500.00or 3 XRs:3,546.67with",Out of Stock,https://mdcomputers.lk/product/fantech-gp15-eos-vega-multiplatform-gamepad-controller/
GOLDEN FIELD 99A BRAND NEW GAMING CASING ( WHITE ),"Rs:9,500.00or 3 XRs:3,546.67with",Out of Stock,https://mdcomputers.lk/product/golden-field-99a-white-brand-new-casing/
V SHENG WHITE GAMING  CASING,"Rs:9,500.00or 3 XRs:3,546.67with",Out of Stock,https://mdcomputers.lk/product/v-sheng-white-gaming-casing/
Raidmax Modular 120MM White 3x Argb Case Fan Pack,"Rs:9,500.00or 3 XRs:3,546.67with",Available / Check Site,https://mdcomputers.lk/product/raidmax-modular-120mm-white-3x-argb-case-fan-pack/
Raidmax Modular 120MM Black 3x Argb Case Fan Pack,"Rs:9,500.00or 3 XRs:3,546.67with",Available / Check Site,https://mdcomputers.lk/product/raidmax-modular-120mm-black-3x-argb-case-fan-pack/
Corsair Flash Voyager® Slider X1 USB 3.0 128GB Pen Drive,"Rs:9,500.00or 3 XRs:3,546.67with",Out of Stock,https://mdcomputers.lk/product/corsair-flash-voyager-slider-x1-usb-3-0-128gb-pen-drive/
ARMAGGEDDON AQUARON WIBO GAMING CASING – BLACK,"Rs:9,500.00Rs:11,500.00or 3 XRs:3,546.67with",Out of Stock,https://mdcomputers.lk/product/armaggeddon-aquaron-wibo-gaming-casing-black/
GIGABYTE 2.5″ 480GB SATA III SSD,"Rs:9,500.00Rs:10,500.00or 3 XRs:3,546.67with",Out of Stock,https://mdcomputers.lk/product/gigabyte-2-5%e2%80%b3-480gb-sata-iii-ssd/
SOEYI V906 BLACK GAMING CASING,"Rs:9,500.00or 3 XRs:3,546.67with",Out of Stock,https://mdcomputers.lk/product/soeyi-v906-black-gaming-casing/
USED 1TB  DESKTOP HARD DISK,"Rs:9,500.00Rs:10,500.00or 3 XRs:3,546.67with",Out of Stock,https://mdcomputers.lk/product/1tb-used-desktop-hard-2/
FANTECH HG11 PRO VIBRATION 7.1 SURROUNDING HEADSET,"Rs:9,500.00or 3 XRs:3,546.67with",Out of Stock,https://mdcomputers.lk/product/fantech-hg11-pro-vibration-7-1-surrounding-headset/
MSI GK50Z – BRAND NEW KEYBOARD BLACK ( 03 months warranty ),"Rs:9,500.00or 3 XRs:3,546.67with",Out of Stock,https://mdcomputers.lk/product/msi-gk50z-brand-new-keyboard-black-03-months-warranty/
MSI GK50Z -BRAND NEW KEYBOARD WHITE ( 03 months warranty ),"Rs:9,500.00or 3 XRs:3,546.67with",Out of Stock,https://mdcomputers.lk/product/msi-gk50z-brand-new-keyboard-white-03-months-warranty/
SOEYI V920 BLACK GAMING CASING,"Rs:9,500.00or 3 XRs:3,546.67with",Out of Stock,https://mdcomputers.lk/product/soeyi-v920-black-gaming-casing/
GAMDIAS HERMES E8 RGB MECHANICAL GAMING KEYBOARD ( 01 year warranty ),"Rs:9,500.00or 3 XRs:3,546.67with",Out of Stock,https://mdcomputers.lk/product/gamdias-hermes-e8-rgb-mechanical-gaming-keyboard-01-year-warranty/
THERMALTAKE CHASSIS STAND KIT FOR THE TOWER 600 – BLACK,"Rs:9,500.00Rs:12,500.00or 3 XRs:3,546.67with",Available / Check Site,https://mdcomputers.lk/product/thermaltake-chassis-stand-kit-for-the-tower-600-black/
CON 294 – UGREEN 20000mAh 20W TWO-WAY FAST CHARGING POWER BANK ( 01 YEAR WARRANTY ),"Rs:9,600.00Rs:10,700.00or 3 XRs:3,584.00with",Out of Stock,https://mdcomputers.lk/product/con-294-ugreen-20000mah-20w-two-way-fast-charging-power-bank-01-year-warranty/
REDRAGON HOARAH H817 MOBILE GAME CONTROLLER,"Rs:9,700.00or 3 XRs:3,621.33with",Out of Stock,https://mdcomputers.lk/product/redragon-hoarah-h817-mobile-game-controller/
Fantech MK875 V2 Atom 81 Hot swappable 3pin Red switch Mechanical Keyboard,"Rs:9,800.00or 3 XRs:3,658.67with",Out of Stock,https://mdcomputers.lk/product/fantech-mk875-v2-atom-81-hot-swappable-3pin-red-switch-mechanical-keyboard/
DELL 20 INCH LED USED MONITOR-E2016H ( without cable ),"Rs:9,800.00Rs:10,300.00or 3 XRs:3,658.67with",Out of Stock,https://mdcomputers.lk/product/dell-20-inch-led-used-monitor-p2014ht/
FANTECH MK875 V2 ATOM 81 HOT SWAPPABLE MECHANICAL KEYBOARD – SKY BLUE,"Rs:9,800.00or 3 XRs:3,658.67with",Out of Stock,https://mdcomputers.lk/product/fantech-mk875-v2-atom-81-hot-swappable-mechanical-keyboard-sky-blue/
ADATA UR340-256GBK 256GB PEN DRIVE ( 03 years warranty ),"Rs:9,800.00or 3 XRs:3,658.67with",Out of Stock,https://mdcomputers.lk/product/adata-ur340-256gbk-256gb-pen-drive-price-in/
CON 292 – UGREEN 10000mAh 30W NEXODE FAST CHARGING POWER BANK ( 01 YEAR WARRANTY ),"Rs:9,950.00Rs:11,100.00or 3 XRs:3,714.67with",Out of Stock,https://mdcomputers.lk/product/con-292-ugreen-10000mah-30w-nexode-fast-charging-power-bank-01-year-warranty/
ANTEC ATOM V450 450W BRAND NEW SUPPLY,"Rs:10,000.00or 3 XRs:3,733.33with",Out of Stock,https://mdcomputers.lk/product/antec-atom-v450-450w-brand-new-supply/
SILVERSTONE AR12-TUF 12TH/13TH GEN SUPPORT AIR COOLER ( Display Unit ),"Rs:10,000.00Rs:14,990.00or 3 XRs:3,733.33with",Out of Stock,https://mdcomputers.lk/product/silverstone-ar12-tuf-12th-13th-gen-support-air-cooler/
H110 USED NVME MOTHERBOARD ( 6/7th ),"Rs:10,000.00or 3 XRs:3,733.33with",Out of Stock,https://mdcomputers.lk/product/asus-h110-used-motherboard-6-7th/
Gamdias Mars E4M Case With Power Supply,"Rs:10,000.00or 3 XRs:3,733.33with",Available / Check Site,https://mdcomputers.lk/product/gamdias-mars-e4m-case-with-power-supply/
Gamdias Mars E5M Case With Power Supply,"Rs:10,000.00or 3 XRs:3,733.33with",Available / Check Site,https://mdcomputers.lk/product/gamdias-mars-e5m-case-with-power-supply/
VIEWTECH VT-A82 2D WIRELESS BARCODE SCANNER,"Rs:10,000.00Rs:11,000.00or 3 XRs:3,733.33with",Out of Stock,https://mdcomputers.lk/product/viewtech-vt-a82-2d-wireless-barcode-scanner/
PXN P5 WIRELESS BRAND NEW GAMING CONTROLLER – WHITE,"Rs:10,000.00Rs:12,000.00or 3 XRs:3,733.33with",Out of Stock,https://mdcomputers.lk/product/pxn-p5-wireless-brand-new-gaming-controller-2/
ARMAGGEDDON NRO-5 STARSHIP 3 S.SOVIETS GAMING MOUSE,"Rs:10,000.00or 3 XRs:3,733.33with",Out of Stock,https://mdcomputers.lk/product/armaggeddon-nro-5-starship-3-s-soviets-gaming-mouse/
MEETION MK500 MECHANICAL BRAND NEW GAMING KEYBOARD,"Rs:10,300.00or 3 XRs:3,845.33with",Out of Stock,https://mdcomputers.lk/product/meetion-mk500-mechanical-brand-new-gaming-keyboard/
ONIKUMA G80 RGB WIRELESS BRAND NEW GAMING KEYBOARD,"Rs:10,400.00or 3 XRs:3,882.67with",Out of Stock,https://mdcomputers.lk/product/onikuma-g80-rgb-wireless-brand-new-gaming-keyboard/
CON 295 – UGREEN 10000mAh MAGNETIC WIRLESS POWER BANK SPACE GRAY ( 01 YEAR WARRANTY ),"Rs:10,400.00Rs:11,500.00or 3 XRs:3,882.67with",Out of Stock,https://mdcomputers.lk/product/con-295-ugreen-10000mah-magnetic-wirless-power-bank-space-gray-01-year-warranty/
ASRock Z68 EXTREME3 GEN3 motherboad,"Rs:10,500.00or 3 XRs:3,920.00with",Out of Stock,https://mdcomputers.lk/product/asrock-z68-extreme3-gen3-motherboad/
LITTLE COFFY   CASING ( DISPLAY UNIT ),"Rs:10,500.00Rs:13,000.00or 3 XRs:3,920.00with",Out of Stock,https://mdcomputers.lk/product/bloody-light-pro-2-casing/
Redragon Juno G818 Wireless Game Pad,"Rs:10,500.00or 3 XRs:3,920.00with",Out of Stock,https://mdcomputers.lk/product/redragon-juno-g818-wireless-game-pad/
RUIX ANION 240 WHITE CASING ( WITHOUT FAN),"Rs:10,500.00Rs:11,000.00or 3 XRs:3,920.00with",Out of Stock,https://mdcomputers.lk/product/ruix-anion-240-white-casing-without-fan/
Gamdias Zeus M2 RGB Wired Gaming Mouse,"Rs:10,500.00or 3 XRs:3,920.00with",Available / Check Site,https://mdcomputers.lk/product/gamdias-zeus-m2-rgb-wired-gaming-mouse/
ARMAGGEDDON TRITRON 3 GAMING PC CASING  – BLACK ( WITH 03 FANS ),"Rs:10,500.00Rs:13,000.00or 3 XRs:3,920.00with",Out of Stock,https://mdcomputers.lk/product/armaggeddon-tritron-3-gaming-pc-casing-black-with-03-fans/
ECS MINI ATX H310 USED MOTHERBOARD,"Rs:10,500.00Rs:11,500.00or 3 XRs:3,920.00with",Out of Stock,https://mdcomputers.lk/product/ecs-mini-atx-h310-used-motherboard/
FANTECH MCX03 LEVIOSA MAX MIC,"Rs:10,500.00Rs:12,000.00or 3 XRs:3,920.00with",Out of Stock,https://mdcomputers.lk/product/fantech-mcx03-leviosa-max-mic/
SONICGEAR AUDIOX PRO 500HD,"Rs:10,500.00or 3 XRs:3,920.00with",Out of Stock,https://mdcomputers.lk/product/sonicgear-audiox-pro-500hd-2/
MSI PAG PANO M110L BRAND NEW BLACK GAMING CASING,"Rs:10,500.00or 3 XRs:3,920.00with",Out of Stock,https://mdcomputers.lk/product/msi-pag-pano-m110l-brand-new-black-gaming-casing/
DELL 20 INCH WIDE LED HDMI USED MONITOR ( WITHOUT CABLES ),"Rs:10,500.00or 3 XRs:3,920.00with",Out of Stock,https://mdcomputers.lk/product/dell-20-inch-wide-led-hdmi-used-monitor-without-cables/
AULA 2088 PRO MECHANICAL KEYBOARD,"Rs:10,500.00or 3 XRs:3,920.00with",Out of Stock,https://mdcomputers.lk/product/aula-2088-pro-mechanical-keyboard/
Z97 M.2 USED MOTHERBOARD,"Rs:10,500.00Rs:11,000.00or 3 XRs:3,920.00with",Out of Stock,https://mdcomputers.lk/product/z97-m-2-used-motherboard/
ARMAGGEDDON TRITRON 1 GAMING CASING – WHITE ( WITH 03 FANS ),"Rs:10,900.00or 3 XRs:4,069.33with",Out of Stock,https://mdcomputers.lk/product/armaggeddon-tritron-1-gaming-casing-white/
HP P174 17 INCH LED DISPLAY BRAND NEW MONITOR ( 01y ),"Rs:10,900.00or 3 XRs:4,069.33with",Out of Stock,https://mdcomputers.lk/product/hp-p174-17-inch-led-display-brand-new-monitor-01y/
2021Blueendless BS-HD07A USB3.0 TO SATA Dual-Bay Hard Drive Docking Station Support Offline Clone High Speed USB C Dock,"Rs:11,000.00or 3 XRs:4,106.67with",Out of Stock,https://mdcomputers.lk/product/2021blueendless-bs-hd07a-usb3-0-to-sata-dual-bay-hard-drive-docking-station-support-offline-clone-high-speed-usb-c-dock/
2TB LAPTOP HARD,"Rs:11,000.00or 3 XRs:4,106.67with",Out of Stock,https://mdcomputers.lk/product/2tb-laptop-hard/
Fizz K617 – 60% Wired Mechanical Keyboard Black,"Rs:11,000.00or 3 XRs:4,106.67with",Out of Stock,https://mdcomputers.lk/product/fizz-k617-60-wired-mechanical-keyboard-black/
FANTECH MAXPOWER MK853 V2 MECHANICAL KEYBOARD,"Rs:11,000.00or 3 XRs:4,106.67with",Out of Stock,https://mdcomputers.lk/product/fantech-maxpower-mk853-v2-mechanical-keyboard/
GAMDIAS BOREAS E2-410 AIR COOLER,"Rs:11,000.00or 3 XRs:4,106.67with",Available / Check Site,https://mdcomputers.lk/product/gamdias-boreas-e2-410-air-cooler/
ARMAGEDDON TRITRON PRO 100 GAMING CASING – BLACK ( WITH 03 FANS ),"Rs:11,000.00or 3 XRs:4,106.67with",Out of Stock,https://mdcomputers.lk/product/armageddon-tritron-pro-100-gaming-casing-black-with-03-fans/
SINGLE MONITOR ARM ZENO M8,"Rs:11,000.00Rs:12,000.00or 3 XRs:4,106.67with",Out of Stock,https://mdcomputers.lk/product/single-monitor-arm-zeno-m8/
REDRAGON HARROW PRO G808 WIRELESS GAMEPAD (1 YEAR WARRANTY ),"Rs:11,000.00or 3 XRs:4,106.67with",Out of Stock,https://mdcomputers.lk/product/redragon-harrow-pro-g808-wireless-gamepad-1-year-warranty/
RAGEX PHANTOM RGB BRAND NEW BLACK GAMING CASING,"Rs:11,300.00Rs:14,500.00or 3 XRs:4,218.67with",Out of Stock,https://mdcomputers.lk/product/ragex-phantom-brand-new-black-gaming-casing/
CON 316 – UGREEN 65W UNO RG GaN Fast Charging Adapter – CD361 – 25686  ( 01 year warranty ),"Rs:11,300.00or 3 XRs:4,218.67with",Out of Stock,https://mdcomputers.lk/product/ugreen-uno-rg-65w-gan-fast-charger-uk-01-year-warranty/
MSI CLUTCH GM20 ELITE GAMING MOUSE ( 1 YEAR WARRANTY ),"Rs:11,500.00or 3 XRs:4,293.33with",Out of Stock,https://mdcomputers.lk/product/msi-clutch-gm20-elite-gaming-mouse-1-year-warranty/
USESD B150M M.2 / NVME – 6TH GEN 4 RAM SLOT MOTHERBOARD,"Rs:11,500.00Rs:13,000.00or 3 XRs:4,293.33with",Out of Stock,https://mdcomputers.lk/product/usesd-b150m-m-2-nvme-6th-gen-4-ram-slot-motherboard/
MICROLAB M-108BT 2.1 SUB WOOFER (01 YEAR WARRANTY ),"Rs:11,500.00Rs:13,000.00or 3 XRs:4,293.33with",Out of Stock,https://mdcomputers.lk/product/microlab-m-108bt-2-1-sub-woofer1y/
GOLDEN FIELED GQ09 BRAND NEW BLACK GAMING CASING,"Rs:11,500.00Rs:12,500.00or 3 XRs:4,293.33with",Out of Stock,https://mdcomputers.lk/product/golden-fieled-gq09-brand-new-black-gaming-casing/
MSI PAG PANO M110L BRAND NEW WHITE GAMING CASING,"Rs:11,500.00or 3 XRs:4,293.33with",Out of Stock,https://mdcomputers.lk/product/msi-pag-pano-m110l-brand-new-white-gaming-casing/
FANTECH MK894 MAXPOWER MECHANICAL GAMING KEYBOARD BLACK – BLACK SPEED GRAY SWITCH,"Rs:11,500.00Rs:12,500.00or 3 XRs:4,293.33with",Out of Stock,https://mdcomputers.lk/product/fantech-mk894-maxpower-mechanical-gaming-keyboard-black-gray-speed-switch/
HP 22 INCH FULL HD LED USED MONITOR ( without cables ),"Rs:11,500.00Rs:12,000.00or 3 XRs:4,293.33with",Out of Stock,https://mdcomputers.lk/product/hp-22-inch-full-hd-led-used-monitor-2/
ARMAGGEDDON GMK -100 MECHANICAL KEYBOARD – LINEAR – AUTUMN,"Rs:11,500.00Rs:12,500.00or 3 XRs:4,293.33with",Out of Stock,https://mdcomputers.lk/product/armaggeddon-gmk-100-mechanical-keyboard-linear-autumn/
LEXAR NM620 256GB USED NVME SSD,"Rs:11,500.00or 3 XRs:4,293.33with",Out of Stock,https://mdcomputers.lk/product/lexar-nm620-256gb-used-nvme-ssd/
KINGSTON USED 250GB NV2 M.2 NVME SSD,"Rs:11,500.00or 3 XRs:4,293.33with",Out of Stock,https://mdcomputers.lk/product/kingston-used-250gb-nv2-m-2-nvme-ssd/
ARMAGGEDDON GMK 100 MECHANICAL KEYBOARD –  LINEAR  – SUMMER,"Rs:11,500.00Rs:12,800.00or 3 XRs:4,293.33with",Out of Stock,https://mdcomputers.lk/product/armaggeddon-gmk-100-linear-summer-mechanical-keyboard/
THERMALTAKE UX400 HIGH WHITE AIR FLOW COOLER,"Rs:11,500.00Rs:12,500.00or 3 XRs:4,293.33with",Available / Check Site,https://mdcomputers.lk/product/thermaltake-ux400-high-white-air-flow-cooler/
WD PURPLE 2TB USED HARD DISK,"Rs:11,700.00or 3 XRs:4,368.00with",Out of Stock,https://mdcomputers.lk/product/wd-2tb-purple-1-desktop-hdd-wd-2tb-purple/
ASUS B150 M.2 SUPPORT USED MOTHERBOARD ( 4 RAM SLOT ),"Rs:11,800.00Rs:12,500.00or 3 XRs:4,405.33with",Out of Stock,https://mdcomputers.lk/product/asus-b150-m-2-support-used-motherboard-4-ram-slot/
ASUS P507 ROG GLADIUS II CORE GAMING MOUSE(1y),"Rs:11,900.00Rs:14,600.00or 3 XRs:4,442.67with",Out of Stock,https://mdcomputers.lk/product/asus-p507-rog-gladius-ii-core-gaming-mouse1y/
E -TEK 650W 80 PLUS BRONZE BRAND NEW POWER SUPPLY ( 02 years warranty ),"Rs:11,900.00or 3 XRs:4,442.67with",Out of Stock,https://mdcomputers.lk/product/e-tek-650w-80-plus-bronze-brand-new-power-supply/
1TB USED DESKTOP  HARD,"Rs:12,000.00or 3 XRs:4,480.00with",Out of Stock,https://mdcomputers.lk/product/1tb-used-desktop-hard/
REDRAGON HARROW G808 Wireless Gamepad,"Rs:12,000.00or 3 XRs:4,480.00with",Out of Stock,https://mdcomputers.lk/product/redragon-harrow-g808-wireless-gamepad/
Gamdias Boreas E2-41D CPU Air Cooler,"Rs:12,000.00Rs:13,900.00or 3 XRs:4,480.00with",Out of Stock,https://mdcomputers.lk/product/gamdias-boreas-e2-41d-cpu-air-cooler/
COOLMOON AR120 ARGB  BRAND NEW LIQUID CPU COOLER,"Rs:12,000.00or 3 XRs:4,480.00with",Out of Stock,https://mdcomputers.lk/product/coolmoon-ar120-argb-liquid-cpu-cooler-120mm/
MICROLAB BP11 BLUETOOTH SPEAKER(1y),"Rs:12,000.00or 3 XRs:4,480.00with",Available / Check Site,https://mdcomputers.lk/product/microlab-bp11-bluetooth-speaker1y/
Gamdias AETHER P1-9201 2x135mm Fan Laptop Cooling Pad,"Rs:12,000.00or 3 XRs:4,480.00with",Out of Stock,https://mdcomputers.lk/product/gamdias-aether-p1-9201-2x135mm-fan-laptop-cooling-pad/
CORSAIR MM300 PRO Premium Spill-Proof Cloth Gaming Mouse Pad – Extended,"Rs:12,000.00or 3 XRs:4,480.00with",Available / Check Site,https://mdcomputers.lk/product/corsair-mm300-pro-premium-spill-proof-cloth-gaming-mouse-pad-extended/
ONIKUMA G67 WIRED RAPID TRIGGER RGB KEYBOARD,"Rs:12,000.00or 3 XRs:4,480.00with",Out of Stock,https://mdcomputers.lk/product/onikuma-g67-rapid-trigger-keyboard-60-percent-wired-rgb-custom-mechanical-key-board-with-magnetic-switch/
PNY DDR4 8GB (3200MHz ) BRAND NEW DESKTOP RAM ( 01 Year warranty ),"Rs:12,000.00or 3 XRs:4,480.00with",Out of Stock,https://mdcomputers.lk/product/pny-ddr4-8gb-3200mhz-brand-new-desktop-ram-01-year-warranty/
FANTECH LEVIOSA MCX01 CONDENSER MICROPHONE,"Rs:12,000.00Rs:13,500.00or 3 XRs:4,480.00with",Out of Stock,https://mdcomputers.lk/product/fantech-leviosa-mcx01-condenser-microphone/
JUNGLE LEOPARD K400 RGB 120MM CPU COOLER ( WHITE ),"Rs:12,000.00or 3 XRs:4,480.00with",Out of Stock,https://mdcomputers.lk/product/jungle-leopard-k400-rgb-120mm-cpu-cooler-white/
THERMALTAKE UX400 HIGH BLACK AIR FLOW COOLER,"Rs:12,000.00Rs:13,000.00or 3 XRs:4,480.00with",Available / Check Site,https://mdcomputers.lk/product/thermaltake-ux400-high-black-air-flow-cooler/
ARMAGGEDON GMK-100 RGB TRI-MODE MEVHANICAL GAMING KEYBOARD – SPRING LINEAR,"Rs:12,000.00or 3 XRs:4,480.00with",Out of Stock,https://mdcomputers.lk/product/armaggedon-gmk-100-rgb-tri-mode-mevhanical-gaming-keyboard-spring-linear/
FANTECH MK919 ATOM PRO66 BRAND NEW GAMING KEYBOARD BLACK,"Rs:12,400.00or 3 XRs:4,629.33with",Out of Stock,https://mdcomputers.lk/product/fantech-mk919-atom-pro66-brand-new-gaming-keyboard-black/
USESD  B150M 6TH GEN 4 RAM SLOT MOTHERBOARD,"Rs:12,500.00or 3 XRs:4,666.67with",Out of Stock,https://mdcomputers.lk/product/asrock-b150m-pro4v-ddr4-motherboard/
USED H170 GAMING MOTHERBOARD,"Rs:12,500.00Rs:15,300.00or 3 XRs:4,666.67with",Out of Stock,https://mdcomputers.lk/product/asrock-fatal1ty-h170-gaming-motherboard/
NZXT H5 (2023) FLOW EDITION ATX MID TOWER WHITE CASE,"Rs:12,500.00Rs:30,500.00or 3 XRs:4,666.67with",Out of Stock,https://mdcomputers.lk/product/nzxt-h5-2023-flow-edition-atx-mid-tower-white-case/
Transcend  250GB SSD,"Rs:12,500.00or 3 XRs:4,666.67with",Out of Stock,https://mdcomputers.lk/product/transcend-250gb-ssd/
WD 1TB LAPTOP BRAND NEW HARD DISK ( 01 year warranty ),"Rs:12,500.00or 3 XRs:4,666.67with",Out of Stock,https://mdcomputers.lk/product/wd-1tb-laptop-brand-new-hard-disk/
GT1030 2GB USED VGA CARD,"Rs:12,500.00or 3 XRs:4,666.67with",Out of Stock,https://mdcomputers.lk/product/asus-gt1030-2gb-used-vga-card/
SPEAKER SONICGEAR SPACE 3 M.GRAY [FM],"Rs:12,500.00or 3 XRs:4,666.67with",Out of Stock,https://mdcomputers.lk/product/speaker-sonicgear-space-3-m-grey-fm/
FALCON F490 BRAND NEW GAMING CASING,"Rs:12,500.00or 3 XRs:4,666.67with",Available / Check Site,https://mdcomputers.lk/product/falcon-f490-brand-new-gaming-casing/
SOEYI CH3+ BLACK GAMING CASING,"Rs:12,500.00or 3 XRs:4,666.67with",Out of Stock,https://mdcomputers.lk/product/soeyi-ch3-black-gaming-casing/
DELL P2214HB 22 INCH FULL HD IPS LED SILVER LINE  MONITOR ( without cables ),"Rs:12,500.00Rs:13,500.00or 3 XRs:4,666.67with",Out of Stock,https://mdcomputers.lk/product/dell-22-inch-full-hd-led-silver-monitor-p2214hb/
HP E232  – 23 INCH WIDE SCREEN IPS USED MONITOR ( without cables ),"Rs:12,500.00or 3 XRs:4,666.67with",Out of Stock,https://mdcomputers.lk/product/hp-e232-23-inch-wide-screen-ips-used-monitor/
THERMALTAKE UX200 HIGH AIR FLOW COOLER ( 06 years warranty ),"Rs:12,500.00Rs:13,500.00or 3 XRs:4,666.67with",Available / Check Site,https://mdcomputers.lk/product/thermaltake-ux200-high-air-flow-cooler-06-years-warranty/
ANTEC AX22 ELITE MID-TOWER GAMING CASE,"Rs:12,500.00Rs:13,500.00or 3 XRs:4,666.67with",Out of Stock,https://mdcomputers.lk/product/antec-ax22-elite-mid-tower-gaming-case/
1TB USED LAPTOP HARD DISK,"Rs:12,800.00or 3 XRs:4,778.67with",Out of Stock,https://mdcomputers.lk/product/1tb-used-laptop-hard-disk/
FANTECH EOS PRO WGP15 WIRELESS CONTROLLER,"Rs:12,900.00or 3 XRs:4,816.00with",Out of Stock,https://mdcomputers.lk/product/fantech-eos-pro-wgp-15-wireless-controller/
DELL P2314HT 23 INCH FULL HD IPS WIDE SCREEN USED MONITOR ( without cable ),"Rs:12,900.00Rs:13,500.00or 3 XRs:4,816.00with",Out of Stock,https://mdcomputers.lk/product/dell-p2314hc-23-inch-screen-led-lit-monitor/
LEXAR NM610 – 500GB BRAND NEW NVME SSD,"Rs:12,900.00or 3 XRs:4,816.00with",Out of Stock,https://mdcomputers.lk/product/nvme-lnm-610-500gb-lexar-brand-new/
FANTECH MK857 Mechanical  Keyboard,"Rs:13,000.00or 3 XRs:4,853.33with",Out of Stock,https://mdcomputers.lk/product/mk857-mechanical-keyboard/
Gamdias Boreas M2-51D CPU Air Cooler,"Rs:13,000.00or 3 XRs:4,853.33with",Out of Stock,https://mdcomputers.lk/product/gamdias-boreas-m2-51d-cpu-air-cooler/
Gamdias Hermes E7 RGB Mechanical Gaming Keyboard,"Rs:13,000.00or 3 XRs:4,853.33with",Available / Check Site,https://mdcomputers.lk/product/gamdias-hermes-e7-rgb-mechanical-gaming-keyboard/
ARMAGGEDDON TRITRON 2 GAMING CASING – BLACK ( WITH 03 FANS ),"Rs:13,000.00or 3 XRs:4,853.33with",Out of Stock,https://mdcomputers.lk/product/armaggeddon-tritron-2-gaming-casing-black-with-03-fans/
ARMAGGEDDON AQUARON DUPLEX PRO BLACK GAMING CASING,"Rs:13,000.00Rs:13,500.00or 3 XRs:4,853.33with",Out of Stock,https://mdcomputers.lk/product/armaggeddon-aquaron-duplex-pro-black-gaming-casing/
FANTECH WGP15V2 EOS PRO II MULTI-PLAFORM WIRELESS BRAND NEW CONTROLLER,"Rs:13,000.00Rs:15,000.00or 3 XRs:4,853.33with",Out of Stock,https://mdcomputers.lk/product/fantech-wgp15v2-eos-pro-ii-multi-plaform-wireless-brand-new-controller/
ANTEC VX320 ARGB BRAND NEW GAMING CASING,"Rs:13,000.00or 3 XRs:4,853.33with",Out of Stock,https://mdcomputers.lk/product/antec-vx320-argb-brand-new-gaming-casing/
FALCON F420 BRAND NEW GAMING CASING,"Rs:13,000.00Rs:13,500.00or 3 XRs:4,853.33with",Out of Stock,https://mdcomputers.lk/product/falcon-f420-brand-new-gaming-casing/
FANTECH EOS PRO II WGP15V2 S WIRELESS GAMING CONTROLLER,"Rs:13,000.00or 3 XRs:4,853.33with",Out of Stock,https://mdcomputers.lk/product/fantech-eos-pro-ii-wgp15v2-s-wireless-gamin/
Seagate 1TB BRAND NEW Laptop HDD,"Rs:13,500.00Rs:16,500.00or 3 XRs:5,040.00with",Out of Stock,https://mdcomputers.lk/product/seagate-1tb-brand-new-laptop-hdd/
Golden Field H-308 Subwoofer (DISPLAY UNIT),"Rs:13,500.00Rs:19,500.00or 3 XRs:5,040.00with",Out of Stock,https://mdcomputers.lk/product/golden-field-h-308-subwoofer/
BRIGHT MOON CASING,"Rs:13,500.00or 3 XRs:5,040.00with",Out of Stock,https://mdcomputers.lk/product/bloddy-pro-light-1-casing/
H310 USED M.2 MOTHER BOARD 2RAM SLOT  (3 MONTH WARRANTY),"Rs:13,500.00or 3 XRs:5,040.00with",Out of Stock,https://mdcomputers.lk/product/asrock-h310cm-dvs-ddr4-motherboard-m-2/
GOLDEN FIELD H306 HIFI SUBWOOFER,"Rs:13,500.00or 3 XRs:5,040.00with",Out of Stock,https://mdcomputers.lk/product/golden-field-h306-hifi-subwoofer/
GIGABYTE  Z170 USED MOTHERBOARD ( 6TH / 7TH ) GEN,"Rs:13,500.00or 3 XRs:5,040.00with",Out of Stock,https://mdcomputers.lk/product/gigabyte-z170-used-motherboard-6th-7th-gen/
DELL P2414HB 24 INCH FULL HD IPS USED SILVER LINE MONITOR ( without cable ),"Rs:13,500.00Rs:14,500.00or 3 XRs:5,040.00with",Out of Stock,https://mdcomputers.lk/product/dell-24-inch-ips-used-monitor-p2414hb/
RAIDMAX VECTOR V217 ARGB MID-TOWER GAMING CASING,"Rs:13,500.00or 3 XRs:5,040.00with",Available / Check Site,https://mdcomputers.lk/product/raidmax-vector-v217-argb-mid-tower-gaming-casing/
TRANSCEND 820S 240GB M.2 BRAND NEW SSD (01 year warranty ),"Rs:13,500.00or 3 XRs:5,040.00with",Out of Stock,https://mdcomputers.lk/product/transcend-820s-240gb-m-2-brand-new-ssd-01-year-warranty/
BILLION RESERVOIR 256GB BRAND NEW SATA SSD,"Rs:13,500.00Rs:14,500.00or 3 XRs:5,040.00with",Out of Stock,https://mdcomputers.lk/product/billion-reservoir-256gb-brand-new-sata-ssd/
ARCTIC P12 PWM PST A-RGB (Black) 3 PACK FANS KIT,"Rs:13,500.00or 3 XRs:5,040.00with",Out of Stock,https://mdcomputers.lk/product/arctic-p12-pwm-pst-a-rgb-black-3-pack-fans-kit/
ONIKUMA G83 TRI MODE WIRELESS BRAND NEW GAMING KEYBOARD,"Rs:13,500.00or 3 XRs:5,040.00with",Out of Stock,https://mdcomputers.lk/product/onikuma-g83-tri-mode-wireless-brand-new-gaming-keyboard/
ARMAGGEDDON AQUARON DUPLEX PRO WHITE GAMING CASING,"Rs:13,800.00Rs:14,500.00or 3 XRs:5,152.00with",Out of Stock,https://mdcomputers.lk/product/armaggeddon-aquaron-duplex-pro-white-gaming-casing/
FANTECH MH90 MULTI PLATFORM GAMING HEADSET BLACK,"Rs:13,900.00Rs:14,500.00or 3 XRs:5,189.33with",Out of Stock,https://mdcomputers.lk/product/fantech-mh90-sonata-gaming-headset/
SONICGEAR TITAN 5 BTMI USB,"Rs:13,900.00or 3 XRs:5,189.33with",Out of Stock,https://mdcomputers.lk/product/sonicgear-titan-5-btmi-usb/
WD 1TB BRAND NEW LAPTOP HARD DISK,"Rs:13,900.00or 3 XRs:5,189.33with",Out of Stock,https://mdcomputers.lk/product/wd-1tb-brand-new-laptop-hard-disk/
AULA-AU75 GASKET 3 IN 1 MECHANICAL KEYBOARD,"Rs:13,900.00or 3 XRs:5,189.33with",Out of Stock,https://mdcomputers.lk/product/aula-au75-gasket-3-in-1-mechanical-keyboard/
CON370-UGREEN NOICE-CANCELLING RGB 7-LIGHT USB DESKTOP MICROPHONE – CM581 – 65629 – (1 Year Warranty),"Rs:13,900.00or 3 XRs:5,189.33with",Out of Stock,https://mdcomputers.lk/product/con370-ugreen-noice-cancelling-rgb-7-light-usb-desktop-microphone-cm581-65629-1-year-warranty/
Raidmax Vector V100 RGB Mid-Tower Gaming Case,"Rs:14,000.00or 3 XRs:5,226.67with",Out of Stock,https://mdcomputers.lk/product/raidmax-vector-v100-rgb-mid-tower-gaming-case/
Gamdias Aura GC10M ARGB Micro-Tower Case,"Rs:14,000.00or 3 XRs:5,226.67with",Out of Stock,https://mdcomputers.lk/product/gamdias-aura-gc10m-argb-micro-tower-case/
MSI SPATIUM M371 500GB NVMe M.2 SSD ( 3 YEARS WARRANTY ),"Rs:14,000.00or 3 XRs:5,226.67with",Out of Stock,https://mdcomputers.lk/product/msi-spatium-m371-500gb-nvme-m-2-ssd-3-years-warranty/
DELL 23 INCH WIDE SCREEN IPS LED HDMI USED MONITOR ( without cable ),"Rs:14,000.00Rs:15,200.00or 3 XRs:5,226.67with",Out of Stock,https://mdcomputers.lk/product/23-inch-dell-wide-led-hdmi-used-monitor-p2317h/
LOGITECH H390  NOISE CANCELLING HEADSET ( USB – A  ),"Rs:14,000.00Rs:15,000.00or 3 XRs:5,226.67with",Out of Stock,https://mdcomputers.lk/product/logitech-h390-usb-noise-cancelling-headset/
GOLDENFEILD TJ240 BRAND NEW BLACK LIQUID COOLERS,"Rs:14,000.00or 3 XRs:5,226.67with",Out of Stock,https://mdcomputers.lk/product/goldenfeild-tj240-brand-new-black-liquid-coolers/
GOLDENFEILD TJ240 BRAND NEW WHITE LIQUID COOLERS,"Rs:14,000.00or 3 XRs:5,226.67with",Out of Stock,https://mdcomputers.lk/product/goldenfeild-tj240-brand-new-white-liquid-coolers/
GTX670 2GB USED GRAPHICS CARD ( random brand ),"Rs:14,000.00or 3 XRs:5,226.67with",Out of Stock,https://mdcomputers.lk/product/gtx670-2gb-used-graphics-card-random-brand/
USED B250 6TH/7TH GEN 2RAM SLOT NVME MOTHERBOARD,"Rs:14,000.00Rs:14,500.00or 3 XRs:5,226.67with",Out of Stock,https://mdcomputers.lk/product/used-b250-6th-7th-gen-2ram-slot-motherboard/
MSI Pro MKS14B Adjustable Monitor Stand,"Rs:14,000.00or 3 XRs:5,226.67with",Available / Check Site,https://mdcomputers.lk/product/msi-pro-mks14b-adjustable-monitor-stand/
ZOTAC USED GTX750 2GB USED VGA,"Rs:14,000.00Rs:16,000.00or 3 XRs:5,226.67with",Out of Stock,https://mdcomputers.lk/product/used-gtx750-2gb-used-vga-random-brand/
WKL-100 RGB Wireless Gasket Mechanical Keyboard,"Rs:14,250.00or 3 XRs:5,320.00with",Out of Stock,https://mdcomputers.lk/product/wkl-100-rgb-wireless-gasket-mechanical-keyboard/
ASUS P518 ROG STRIX IMPACT III GAMING MOUSE,"Rs:14,500.00Rs:17,800.00or 3 XRs:5,413.33with",Out of Stock,https://mdcomputers.lk/product/asus-p518-rog-strix-impact-iii-gaming-mouse-2/
MSI FORCE GC30 V2 WIRELESS GAMING CONTROLLER ( 1 YEAR WARRANTY ),"Rs:14,500.00or 3 XRs:5,413.33with",Out of Stock,https://mdcomputers.lk/product/msi-force-gc30-v2-wireless-gaming-controller-1-year-warranty/
DDR4 16GB USED GAMING RAM ( RANDOM BRANDS ),"Rs:14,500.00or 3 XRs:5,413.33with",Out of Stock,https://mdcomputers.lk/product/t-wolf-rgb-ddr4-desktop-memory-black/
MSI IMMERSE GH20 GAMING HEADSET,"Rs:14,500.00or 3 XRs:5,413.33with",Out of Stock,https://mdcomputers.lk/product/msi-immerse-gh20-gaming-headset/
MSI Spatium M450 500GB PCIE 4.0 NVME M.2 Solid State Drive ( 3 YEARS WARRANTY ),"Rs:14,500.00or 3 XRs:5,413.33with",Out of Stock,https://mdcomputers.lk/product/msi-spatium-m450-500gb-pcie-4-0-nvme-m-2-solid-state-drive-3-years-warranty/
LEXAR DDR4 16GB 3200MHZ LAPTOP RAM,"Rs:14,500.00or 3 XRs:5,413.33with",Out of Stock,https://mdcomputers.lk/product/lexar-ddr4-16gb-3200mhz-laptop-ram/
BOOM PARTY 2010 SUBWOOFER,"Rs:14,500.00or 3 XRs:5,413.33with",Out of Stock,https://mdcomputers.lk/product/boom-party-2010-subwoofer/
ANTEC AX63 WOOD ARGB BRAND NEW GAMING CASING ( DISPLAY UNIT ),"Rs:14,500.00Rs:16,400.00or 3 XRs:5,413.33with",Out of Stock,https://mdcomputers.lk/product/antec-ax63-wood-argb-brand-new-gaming-casing/
GIGABYTE Gen4 4000E 500GB NVMe SSD,"Rs:14,500.00or 3 XRs:5,413.33with",Out of Stock,https://mdcomputers.lk/product/gigabyte-gen4-4000e-500gb-nvme-ssd/
PNY C52241 500GB BRAND NEW NVME  ( 01 year warranty ),"Rs:14,500.00or 3 XRs:5,413.33with",Out of Stock,https://mdcomputers.lk/product/pny-c52241-500gb-brand-new-nvme-01-year-warranty/
TOPVIEW 19 INCH (19TP01) BRAND NEW MONITOR ( 01 year warranty ),"Rs:14,500.00or 3 XRs:5,413.33with",Out of Stock,https://mdcomputers.lk/product/topview-19-inch-19tp01-brand-new-monitor-01-year-warranty/
VOLTX 1TB USED M.2 SSD,"Rs:14,500.00or 3 XRs:5,413.33with",Out of Stock,https://mdcomputers.lk/product/voltx-1tb-used-m-2-ssd/
GOODVIEW 19 INCH FULL HD LED BRAND NEW MONITOR ( 01 year warranty ),"Rs:14,500.00or 3 XRs:5,413.33with",Out of Stock,https://mdcomputers.lk/product/goodview-19-inch-full-hd-led-brand-new-monitor-01-year-warranty/
AULA F75 PRO MECHANICAL KEYBOARD,"Rs:14,500.00or 3 XRs:5,413.33with",Out of Stock,https://mdcomputers.lk/product/aula-f75-pro-mechanical-keyboard/
FANTECH ATOM PRO83 MK913 WIRELESS MECHANICAL GAMING KEYBOARD – RED SWITCH,"Rs:14,500.00or 3 XRs:5,413.33with",Out of Stock,https://mdcomputers.lk/product/fantech-atom-pro83-mk913-wireless-mechanical-gaming-keyboard-2/
FANTECH ZENITH PRO WGP18 WIRELESS RGB CONTROLLER,"Rs:14,500.00Rs:16,500.00or 3 XRs:5,413.33with",Out of Stock,https://mdcomputers.lk/product/fantech-zenith-pro-wgp18-wireless-rgb-controller/
MSI PRO FORGE M051R ARGB MINI-TOWER CASE,"Rs:14,500.00Rs:15,500.00or 3 XRs:5,413.33with",Out of Stock,https://mdcomputers.lk/product/msi-pro-forge-m051r-argb-mini-tower-case/
FANTECH MK922 ATOM HE68 PRO WIRELESS MAGNETIC GAMING KEYBOARD,"Rs:14,500.00Rs:15,900.00or 3 XRs:5,413.33with",Out of Stock,https://mdcomputers.lk/product/fantech-mk922-atom-he68-pro-wireless-magnetic-gaming-keyboard/
CON 289 – UGREEN 2-IN-1 MAGNETIC WIRLESS CHARGER  ( 01 YEAR WARRANTY ),"Rs:14,600.00Rs:15,400.00or 3 XRs:5,450.67with",Out of Stock,https://mdcomputers.lk/product/ugreen-2-in-1-magnetic-wirless-charger-w706-45023-01-year-warranty/
CON 293 – UGREEN 12000mAh 100W NEXODE FAST CHARGING POWER BANK ( 01 YEAR WARRANTY ),"Rs:14,800.00Rs:16,400.00or 3 XRs:5,525.33with",Out of Stock,https://mdcomputers.lk/product/con-293-ugreen-12000mah-100w-nexode-fast-charging-power-bank-01-year-warranty/
REDRAGON GLORIA K664 MECHANICAL KEYBOARD,"Rs:14,850.00or 3 XRs:5,544.00with",Out of Stock,https://mdcomputers.lk/product/redragon-gloria-k664-mechanical-keyboard/
LOGITECH F710 WIRELESS GAMEPAD( 1 YEAR WARRANTY),"Rs:14,900.00or 3 XRs:5,562.67with",Out of Stock,https://mdcomputers.lk/product/logitech-f710-wireless-gamepad-1-year-warranty/
FANTECH ATOM PRO97 MK918 WIRELESS MECHANICAL GAMING KEYBOARD,"Rs:14,900.00or 3 XRs:5,562.67with",Out of Stock,https://mdcomputers.lk/product/fantech-atom-pro97-mk918-wireless-mechanical-gaming-keyboard/
ANTEC ATOM B650 650W 80+ BRONZE ( Display Unit ),"Rs:15,000.00Rs:19,500.00or 3 XRs:5,600.00with",Out of Stock,https://mdcomputers.lk/product/antec-atom-b650-650w-80-bronze/
Corsair K55 Core RGB Gaming Keyboard,"Rs:15,000.00or 3 XRs:5,600.00with",Available / Check Site,https://mdcomputers.lk/product/corsair-k55-core-rgb-gaming-keyboard/
I-O DATA 24 INCH USED HDMI MONITOR ( without cable ),"Rs:15,000.00Rs:16,500.00or 3 XRs:5,600.00with",Out of Stock,https://mdcomputers.lk/product/i-o-deta-24-inch-used-hdmi-monitor-100-240v/
DELL 24 INCH IPS HDMI USED MONITOR ( WITHOUT CABLES ),"Rs:15,000.00or 3 XRs:5,600.00with",Out of Stock,https://mdcomputers.lk/product/dell-24-inch-wide-led-hdmi-used-monitor-p2417h/
ONIKUMA GAMING 83-KEY(75%) TRI-MODE WIRELESS MECHANICAL KEYBOARD (BLACK GRAY),"Rs:15,000.00or 3 XRs:5,600.00with",Out of Stock,https://mdcomputers.lk/product/onikuma-gaming-83-key75-tri-mode-wireless-mechanical-keyboard-black-gray/
ASUS TUF GAMING K1 RGB RA04 BRAND NEW GAMING KEYBOARD,"Rs:15,000.00or 3 XRs:5,600.00with",Out of Stock,https://mdcomputers.lk/product/asus-tuf-gaming-k1-rgb-ra04-brand-new-gaming-keyboard/
JUNGLE LEOPARD INTERSTELLAR V4 3 IN 1 CASING FAN ( BLACK ),"Rs:15,000.00or 3 XRs:5,600.00with",Out of Stock,https://mdcomputers.lk/product/jungle-leopard-interstellar-v4-3-in-1-casing-fan-black/
RUIX NC240 ARGB CPU LIQUID COOLER,"Rs:15,000.00Rs:17,500.00or 3 XRs:5,600.00with",Out of Stock,https://mdcomputers.lk/product/ruix-nc240-argb-cpu-liquid-cooler/
FANTECH EOS WGP15 V2S PRO II BRAND NEW WIRELESS CONTROLLER,"Rs:15,000.00Rs:16,500.00or 3 XRs:5,600.00with",Out of Stock,https://mdcomputers.lk/product/fantech-eos-wgp15-v2s-pro-ii-brand-new-wireless-controller/
MAXFIT108 MK855 RGB MECHANICAL KEYBOARD BLACK,"Rs:15,400.00or 3 XRs:5,749.33with",Out of Stock,https://mdcomputers.lk/product/maxfit108-mk855-rgb-mechanical-keyboard-black/
FANTECH SUPER MAXFIT AIR83 MK915 75% LOW PROFILE WIRELESS MECHANICAL KEYBOARD GRAY – BROWN SWICH,"Rs:15,400.00or 3 XRs:5,749.33with",Out of Stock,https://mdcomputers.lk/product/fantech-super-maxfit-air83-mk915-75-low-profile-wireless-mechanical-keyboard-gray-brown-swich/
17INCH-27INCH FULL MOTION DUAL ERGONOMIC MONITOR DESK MOUNT USED,"Rs:15,500.00or 3 XRs:5,786.67with",Out of Stock,https://mdcomputers.lk/product/north-bayou-f160-17inch-27inch-full-motion-dual-ergonomic-monitor-desk-mount/
USED GTX 750TI 2GB VGA CARD ( random brand ),"Rs:15,500.00Rs:17,500.00or 3 XRs:5,786.67with",Out of Stock,https://mdcomputers.lk/product/gtx-750-2gb-vga-card/
RAIDMAX MESHIAN X922 ARGB MID-TOWER GAMING CASE ( DISPLY UNIT ),"Rs:15,500.00Rs:18,500.00or 3 XRs:5,786.67with",Out of Stock,https://mdcomputers.lk/product/raidmax-meshian-x922-argb-mid-tower-gaming-case/
Corsair RS120 ARGB 120mm PWM Tripple Fan KIT,"Rs:15,500.00or 3 XRs:5,786.67with",Available / Check Site,https://mdcomputers.lk/product/corsair-rs120-argb-120mm-pwm-tripple-fan-kit/
Corsair RS120 ARGB 120mm PWM Tripple White Fan KIT,"Rs:15,500.00or 3 XRs:5,786.67with",Available / Check Site,https://mdcomputers.lk/product/corsair-rs120-argb-120mm-pwm-tripple-white-fan-kit/
Ruix Haijin m12 – Black Full Tempered Gaming Casing,"Rs:15,500.00or 3 XRs:5,786.67with",Out of Stock,https://mdcomputers.lk/product/ruix-haijin-m12-black-full-tempered-gaming-casing/
GIGABYTE H270 – 6TH GEN / 7TH GEN SUPPORT USED MOTHERBOARD,"Rs:15,500.00or 3 XRs:5,786.67with",Out of Stock,https://mdcomputers.lk/product/gigabyte-h270-6th-gen-7th-gen-support-used-motherboard/
ANTEC AX65 ARGB BRAND NEW GAMING CASING,"Rs:15,500.00or 3 XRs:5,786.67with",Out of Stock,https://mdcomputers.lk/product/antec-ax65-argb-brand-new-gaming-casing/
MSI MAESTRO 300 BRAND NEW GAMING HEADSET (1 Years Warranty),"Rs:15,500.00or 3 XRs:5,786.67with",Out of Stock,https://mdcomputers.lk/product/msi-maestro-300-brand-new-gaming-headset-1-years-warranty/
ADDLINK S85 512GB BRAND NEW NVME SSD,"Rs:15,500.00Rs:17,750.00or 3 XRs:5,786.67with",Out of Stock,https://mdcomputers.lk/product/addlink-s85-512gb-brand-new-nvme-ssd/
DDR4 16GB RGB 3200MHZ USED DESKTOP RAM ( 03 month warranty ),"Rs:15,500.00or 3 XRs:5,786.67with",Out of Stock,https://mdcomputers.lk/product/ddr4-16gb-rgb-3200mhz-used-desktop-ram-03-month-warranty/
HP 22 INCH IPS FRAMLESS USED MONITOR  (WITHOUT CABLES ),"Rs:15,500.00Rs:17,500.00or 3 XRs:5,786.67with",Out of Stock,https://mdcomputers.lk/product/hp-22-inch-ips-framless-used-monitor-without-cables/
ASROCK AB350 M.2 USED 4 RAM SLOT MOTHERBOARD,"Rs:15,500.00Rs:19,000.00or 3 XRs:5,786.67with",Out of Stock,https://mdcomputers.lk/product/asrock-ab350-m-2-used-4-ram-slot-motherboard/
USED GTX760 2GB USED VGA ( RANDOM BRAND ),"Rs:15,500.00Rs:16,500.00or 3 XRs:5,786.67with",Out of Stock,https://mdcomputers.lk/product/used-gtx760-2gb-used-vga-random-brand/
Redragon KITAVA K636 Wired Mechanical Gaming Keyboard,"Rs:15,700.00or 3 XRs:5,861.33with",Out of Stock,https://mdcomputers.lk/product/redragon-kitava-k636-wired-mechanical-gaming-keyboard/
SEAGATE  4TB USED SATA HARD DISK,"Rs:15,800.00Rs:16,000.00or 3 XRs:5,898.67with",Out of Stock,https://mdcomputers.lk/product/wd-4tb-used-desktop-hard-perple/
COOLMOON ICEMOON 240 ARGB LIQUID CPU COOLER,"Rs:15,900.00or 3 XRs:5,936.00with",Out of Stock,https://mdcomputers.lk/product/coolmoon-icemoon-240-argb-liquid-cpu-cooler/
Gamdias AEOLUS P2-1203 120mm ARGB Fan Pack,"Rs:16,000.00or 3 XRs:5,973.33with",Available / Check Site,https://mdcomputers.lk/product/gamdias-aeolus-p2-1203-120mm-argb-fan-pack/
REDRAGON K621 HORUS TKL BRAND NEW GAMING KEYBOARD,"Rs:16,000.00Rs:19,600.00or 3 XRs:5,973.33with",Out of Stock,https://mdcomputers.lk/product/redragon-k621-horus-tkl-brand-new-gaming-keyboard/
AARCTEC RP8020 THERMAL RECEIPT BRAND NEW PRINTER,"Rs:16,000.00or 3 XRs:5,973.33with",Out of Stock,https://mdcomputers.lk/product/aarctec-rp8020-thermal-receipt-brand-new-printer/
FANTECH MK917 ATOM PRO79 WIRELESS MECHANICAL BRAND NEW GAMING KEYBOARD,"Rs:16,000.00or 3 XRs:5,973.33with",Out of Stock,https://mdcomputers.lk/product/fantech-mk917-atom-pro79-wireless-mechanical-brand-new-gaming-keyboard/
B365 2RAM SLOT DUAL M.2 USED MOTHERBOARD ( RANDOM BRAND ),"Rs:16,000.00or 3 XRs:5,973.33with",Out of Stock,https://mdcomputers.lk/product/b365-2ram-slot-dual-m-2-used-motherboard-random-brand/
GTX760 2GB USED GRAPHICS CARD ( random brand ),"Rs:16,000.00Rs:17,000.00or 3 XRs:5,973.33with",Out of Stock,https://mdcomputers.lk/product/gtx760-2gb-used-graphics-card-random-brand/
SAMSUNG 22 INCH IPS FRAMLESS – 75HZ USED MONITOR ( WITHOUT CABLE ),"Rs:16,000.00or 3 XRs:5,973.33with",Out of Stock,https://mdcomputers.lk/product/samsung-22-inch-ips-framless-75hz-used-monitor-without-cable/
ZIMA ZM-805 KAROKE PARTY BOX WITH WIRELESS MIC,"Rs:16,000.00or 3 XRs:5,973.33with",Out of Stock,https://mdcomputers.lk/product/zima-zm-805-karoke-party-box-with-wireless-mic/
TP-LINK RE305 AC1200 WI-FI RANGE EXTENDER,"Rs:16,000.00or 3 XRs:5,973.33with",Out of Stock,https://mdcomputers.lk/product/tp-link-re305-ac1200-wi-fi-range-extender-b/
ASUS PRIME Z270-A  DDR4 DP HDMI DVI M.2 MOTHERBOARD,"Rs:16,500.00Rs:20,000.00or 3 XRs:6,160.00with",Out of Stock,https://mdcomputers.lk/product/asus-prime-z270-a-ddr4-dp-hdmi-dvi-m-2-motherboard/
USED 3TB DESKTOP HARD DISK,"Rs:16,500.00or 3 XRs:6,160.00with",Out of Stock,https://mdcomputers.lk/product/used-3tb-desktop-hard-disk/
NZXT T120 High-Performance CPU Air Cooler – White,"Rs:16,500.00or 3 XRs:6,160.00with",Available / Check Site,https://mdcomputers.lk/product/nzxt-t120-high-performance-cpu-air-cooler-white/
Gamdias Hermes M7 Hybrid RGB Mechanical Gaming Keyboard,"Rs:16,500.00or 3 XRs:6,160.00with",Available / Check Site,https://mdcomputers.lk/product/gamdias-hermes-m7-hybrid-rgb-mechanical-gaming-keyboard/
REDRAGON CYRUS PRO K681 MECHANICAL KEYBOARD,"Rs:16,500.00or 3 XRs:6,160.00with",Out of Stock,https://mdcomputers.lk/product/redragon-cyrus-pro-k681-mechanical-keyboard/
GOLDENFEILD TJ360 BRAND NEW BLACK LIQUID COOLERS,"Rs:16,500.00or 3 XRs:6,160.00with",Out of Stock,https://mdcomputers.lk/product/goldenfeild-tj360-brand-new-black-liquid-coolers/
Gamdias Talos E3 ARGB White Gaming Case,"Rs:16,500.00or 3 XRs:6,160.00with",Available / Check Site,https://mdcomputers.lk/product/gamdias-talos-e3-argb-white-gaming-case/
AULA F75 MAX MECHANICAL KEYBOARD,"Rs:16,500.00or 3 XRs:6,160.00with",Out of Stock,https://mdcomputers.lk/product/aula-f75-max-mechanical-keyboard/
ASROCK AB350 DUAL M.2 USED 4 RAM SLOT MOTHERBOARD,"Rs:16,500.00Rs:19,500.00or 3 XRs:6,160.00with",Out of Stock,https://mdcomputers.lk/product/asrock-ab350-dual-m-2-used-4-ram-slot-motherboard/
FANTECH RESONO UFM1 CONDENSER MICROPHONE,"Rs:16,500.00or 3 XRs:6,160.00with",Out of Stock,https://mdcomputers.lk/product/fantech-resono-ufm1-condenser-microphone/
NETAC BASIC 8GB DDR4 3200MHZ C22 NOTEBOOK,"Rs:16,800.00Rs:22,500.00or 3 XRs:6,272.00with",Out of Stock,https://mdcomputers.lk/product/netac-basic-8gb-ddr4-3200mhz-c22-notebook-03-years-warranty/
COOLMOON ICEMOON 240 ARGB LIQUID CPU COOLER-WHITE,"Rs:16,800.00or 3 XRs:6,272.00with",Out of Stock,https://mdcomputers.lk/product/coolmoon-icemoon-240-argb-liquid-cpu-cooler-white/
GIGABYTE H61M- S2PH BRAND NEW MOTHER BOARD,"Rs:16,900.00Rs:18,500.00or 3 XRs:6,309.33with",Out of Stock,https://mdcomputers.lk/product/gigabyte-h61m-s2ph-brand-new-mother-board/
Logitech G331 Gaming Headset,"Rs:17,000.00or 3 XRs:6,346.67with",Out of Stock,https://mdcomputers.lk/product/logitech-g331-gaming-headset/
Razer Orochi V2 Wireless Gaming Mouse,"Rs:17,000.00or 3 XRs:6,346.67with",Available / Check Site,https://mdcomputers.lk/product/razer-orochi-v2-wireless-gaming-mouse/
FANTECH ATOM PRO96 MK914 MECHANICAL WIRELESS BRAND NEW GAMING KEYBOARD – RED SWICH,"Rs:17,000.00or 3 XRs:6,346.67with",Out of Stock,https://mdcomputers.lk/product/fantech-atom-pro96-mk914-mechanical-wireless-brand-new-gaming-keyboard/
JUNGLE LEOPARD 9.16 INCH LCD MINI CUSTOMIZABLE 1920*480 IPS TEMPERATURE DISPLAY SCREEN ( WHITE ),"Rs:17,000.00or 3 XRs:6,346.67with",Out of Stock,https://mdcomputers.lk/product/jungle-leopard-9-16-inch-lcd-mini-customizable-1920480-ips-temperature-display-screen-white/
ARCTIC FREEZER 36 CO AIR COOLER (6 YEAR WARANNTY),"Rs:17,000.00or 3 XRs:6,346.67with",Available / Check Site,https://mdcomputers.lk/product/arctic-freezer-36-co-air-cooler-6-year-warannty/
FANTECH MAXFIT6 MK920 Mechanical Wireless Keyboard,"Rs:17,400.00or 3 XRs:6,496.00with",Out of Stock,https://mdcomputers.lk/product/fantech-maxfit6-mk920-mechanical-wireless-keyboard/
NZXT H5 (2023) FLOW RGB EDITION ATX MID TOWER WHITE CASE,"Rs:17,500.00Rs:44,000.00or 3 XRs:6,533.33with",Out of Stock,https://mdcomputers.lk/product/nzxt-h5-2023-flow-rgb-edition-atx-mid-tower-white-case/
GAMDIAS AURA GL240 RGB 240MM CPU LIQUID COOLER ( 1year warranty ),"Rs:17,500.00Rs:18,000.00or 3 XRs:6,533.33with",Out of Stock,https://mdcomputers.lk/product/gamdias-aura-gl240-rgb-240mm-cpu-liquid-cooler-1-year-warranty/
PNY XLR8 8GB DDR4 3200MHZ RGB Gaming EPIC-X USED DESKTOP RAM,"Rs:17,500.00or 3 XRs:6,533.33with",Out of Stock,https://mdcomputers.lk/product/pny-xlr8-8gb-ddr4-3200mhz-rgb-gaming-epic-x-desktop-ram-2/
REDRAGON DRACONIC ELITE K530 RGB PRO GAMING KEYBOARD,"Rs:17,500.00or 3 XRs:6,533.33with",Out of Stock,https://mdcomputers.lk/product/redragon-draconic-elite-k530-rgb-pro-gaming-keyboard/
PNY CS900 1TB 2.5” BRAND NEW SATA III SSD,"Rs:17,500.00or 3 XRs:6,533.33with",Out of Stock,https://mdcomputers.lk/product/pny-cs900-1tb-2-5-brand-new-sata-iii-ssd/
GOLDENFEILD TJ360 BRAND NEW WHITE LIQUID COOLERS,"Rs:17,500.00or 3 XRs:6,533.33with",Out of Stock,https://mdcomputers.lk/product/goldenfeild-tj360-brand-new-white-liquid-coolers/
TEAMGROUP MP33 256GB BRAND NEW NVME PCIE (03 years warranty ),"Rs:17,500.00or 3 XRs:6,533.33with",Out of Stock,https://mdcomputers.lk/product/teamgroup-mp33-256gb-brand-new-nvme-pcie-3y/
HP 23 INCH FULL HD IPS FRAMELESS USED MONITOR ( without cables ),"Rs:17,500.00or 3 XRs:6,533.33with",Out of Stock,https://mdcomputers.lk/product/hp-23-inch-full-hd-ips-frameless-used-monitor-without-cables-2/
TWINMOS 256GB NVMe PCIe M.2 ( 03 YERAS WARRANTY),"Rs:17,500.00or 3 XRs:6,533.33with",Out of Stock,https://mdcomputers.lk/product/twinmos-256gb-nvme-pcie-m-2-03-yeras-warranty/
DELL 24 INCH LED HDMI USED MONITOR,"Rs:17,500.00or 3 XRs:6,533.33with",Out of Stock,https://mdcomputers.lk/product/dell-24-inch-led-hdmi-used-monitor/
MSI A520M-A PRO USED MOTHER BOARD ( 01 year warranty ),"Rs:17,500.00or 3 XRs:6,533.33with",Out of Stock,https://mdcomputers.lk/product/msi-a520m-a-pro-used-mother-board-01-year-warranty/
H510 USED  ( sata ) MOTHERBOARD,"Rs:17,800.00Rs:19,000.00or 3 XRs:6,645.33with",Out of Stock,https://mdcomputers.lk/product/msi-h510m-bomber-motherboard/
ASUS PRIME B450 M.2 USED MOTHERBOARD – 2 RAM SLOT,"Rs:17,900.00or 3 XRs:6,682.67with",Out of Stock,https://mdcomputers.lk/product/asus-prime-b450-m-2-used-motherboard-2-ram-slot/
Genuine Battery X510UF B31N1637 for Asus 11.52V 42Wh 4200mAh,"Rs:18,000.00or 3 XRs:6,720.00with",Available / Check Site,https://mdcomputers.lk/product/genuine-battery-x510uf-b31n1637-for-asus-11-52v-42wh-4200mah/
AMD Ryzen 5 3500 Desktop Processor,"Rs:18,000.00Rs:21,000.00or 3 XRs:6,720.00with",Out of Stock,https://mdcomputers.lk/product/amd-ryzen-5-3500-desktop-processor/
Crucial 16gb Ddr5 4800MHz Laptop RAM BRAND NEW,"Rs:18,000.00or 3 XRs:6,720.00with",Out of Stock,https://mdcomputers.lk/product/crucial-16gb-ddr5-4800mhz-laptop-ram-brand-new/
Intel® Core™ i5-9400F Used Processor,"Rs:18,000.00Rs:20,500.00or 3 XRs:6,720.00with",Out of Stock,https://mdcomputers.lk/product/intel-core-i5-9400f-processor/
CORSAIR HS35 SURROUND V2 MULTIPLATFORM GAMING HEADSET-CARBON,"Rs:18,000.00or 3 XRs:6,720.00with",Available / Check Site,https://mdcomputers.lk/product/corsair-hs35-surround-v2-multiplatform-gaming-headset-carbon/
TOPVIEW 22″INCH (22TP01) HDMI LED 75Hz BRAND NEW MONITOR,"Rs:18,000.00or 3 XRs:6,720.00with",Out of Stock,https://mdcomputers.lk/product/topview-22%e2%80%b3inch-22tp01-hdmi-led-75hz-brand-new-monitor/
RUIX NC360 ARGB LIQUID COOLER,"Rs:18,000.00Rs:19,500.00or 3 XRs:6,720.00with",Out of Stock,https://mdcomputers.lk/product/ruix-nc360-argb-liquid-cooler/
PNY XLR8 Gaming 8GB DDR4 3200MHz Notebook Memory,"Rs:18,000.00Rs:24,000.00or 3 XRs:6,720.00with",Out of Stock,https://mdcomputers.lk/product/pny-xlr8-gaming-8gb-ddr4-3200mhz-notebook-memory/
TRANSCEND ESD270C 500GB SSD PORTABLE,"Rs:18,200.00or 3 XRs:6,794.67with",Out of Stock,https://mdcomputers.lk/product/transcend-esd270c-500gb-ssd-portable/
B360 M.2 4 RAM SLOT USED GAMING MOTHERBOARD,"Rs:18,500.00Rs:21,500.00or 3 XRs:6,906.67with",Out of Stock,https://mdcomputers.lk/product/msi-b360-gaming-mother-bord/
Corsair MP600 GS 500GB PCIe Gen 4 M.2 NVME SSD,"Rs:18,500.00or 3 XRs:6,906.67with",Out of Stock,https://mdcomputers.lk/product/corsair-mp600-gs-500gb-gen4-pcle-x4-m-2-nvme-ssd/
CORSAIR VENGEANCE 16GB (1X16GB) DDR4 SO-DIMM 3200MHZ LAPTOP MEMORY ( 10 YEARS WARRANTY ),"Rs:18,500.00or 3 XRs:6,906.67with",Out of Stock,https://mdcomputers.lk/product/corsair-vengeance-16gb-1x16gb-ddr4-so-dimm-3200mhz-laptop-memory-3-years-warranty/
MICROLAB MS213B BLUETOOTH GAMING SPEAKER(1y),"Rs:18,500.00or 3 XRs:6,906.67with",Out of Stock,https://mdcomputers.lk/product/microlab-ms213b-bluetooth-gaming-speaker1y/
JBL TUNE 720BT WIRELESS OVER EAR HEADPHONE,"Rs:18,500.00or 3 XRs:6,906.67with",Out of Stock,https://mdcomputers.lk/product/jbl-tune-720bt-wireless-over-ear-headphones/
512GB USED NVME SSD,"Rs:18,500.00or 3 XRs:6,906.67with",Out of Stock,https://mdcomputers.lk/product/512gb-used-nvme-ssd/
GIGABYTE B365 USED M.2 MOTHERBOARD ( 4 ram slot ),"Rs:18,500.00Rs:19,500.00or 3 XRs:6,906.67with",Out of Stock,https://mdcomputers.lk/product/gigabyte-b365mh-used-motherboard/
GIGABYTE AORUS Gen4 5000E 500GB NVMe SSD,"Rs:18,500.00Rs:20,000.00or 3 XRs:6,906.67with",Out of Stock,https://mdcomputers.lk/product/aorus-gen4-5000e-500gb-nvme-ssd/
KINGSTON DDR5  8GB ( 5600MHz ) USED DESKTOP RAM ( 03 month warraty ),"Rs:18,500.00or 3 XRs:6,906.67with",Out of Stock,https://mdcomputers.lk/product/kingston-ddr5-8gb-5600mhz-used-desktop-ram-03-month-warraty/
GOODVIEW 22 INCH FULL HD LED BRAND NEW MONITOR ( 01 year warranty ),"Rs:18,500.00or 3 XRs:6,906.67with",Out of Stock,https://mdcomputers.lk/product/goodview-22-inch-full-hd-led-brand-new-monitor-01-year-warranty/
FANTECH NOVA II D WGP16D WIRELESS GAMING CONTROLLER,"Rs:18,500.00Rs:19,800.00or 3 XRs:6,906.67with",Out of Stock,https://mdcomputers.lk/product/fantech-nova-ii-d-wgp16d-wireless-gaming-controller/
FANTECH HARMONY WHG02P WIRELESS & BLUETOOTH HEADPHONE – TRI MODE CONNECTION,"Rs:18,750.00or 3 XRs:7,000.00with",Out of Stock,https://mdcomputers.lk/product/fantech-harmony-whg02-wireless-bluetooth-headphone-tri-mode-connection/
ASROCK B450 M.2 USED MOTHERBOARD – 4 RAM SLOT,"Rs:18,900.00or 3 XRs:7,056.00with",Out of Stock,https://mdcomputers.lk/product/asrock-b450-m-2-used-motherboard-4-ram-slot/
ZIMA BOOM BAR ZM-2180,"Rs:19,000.00or 3 XRs:7,093.33with",Out of Stock,https://mdcomputers.lk/product/zima-boom-bar-zm-2180/
INTEL CORE I3 10TH GEN USED PROCESSOR,"Rs:19,000.00Rs:30,000.00or 3 XRs:7,093.33with",Out of Stock,https://mdcomputers.lk/product/intel-core-i3-10th-gen-used-processor/
HP 23 INCH Z23NG2 FULL HD IPS FRAMELESS USED MONITOR ( without cables ),"Rs:19,000.00or 3 XRs:7,093.33with",Out of Stock,https://mdcomputers.lk/product/hp-23-inch-full-hd-ips-frameless-used-monitor-without-cables/
DARK FLASH DK431 GLASS BLACK CASING WITH 4 ARGB FAN,"Rs:19,000.00or 3 XRs:7,093.33with",Out of Stock,https://mdcomputers.lk/product/dark-flash-dk431-glass-black-casing-with-4-argb-fan/
NETAC BASIC 8GB DDR4 3200MHZ C16 DESKTOP RAM ( 03 YEARS WARRANTY ),"Rs:19,000.00Rs:20,000.00or 3 XRs:7,093.33with",Out of Stock,https://mdcomputers.lk/product/netac-basic-8gb-ddr4-3200mhz-c16-desktop-ram-3-years-warranty/
ANTEC AX90 RGB GAMING CASING,"Rs:19,500.00or 3 XRs:7,280.00with",Out of Stock,https://mdcomputers.lk/product/antec-ax90-rgb-gaming-casing/
REDRAGON ARYAMAN K569 RGB MECHANICAL GAMING KEYBOARD,"Rs:19,500.00Rs:22,500.00or 3 XRs:7,280.00with",Out of Stock,https://mdcomputers.lk/product/redragon-aryaman-k569rgb-mechanical-gaming-keyboard/
Raidmax Infinita i800 Chroma ARGB Mid-Tower Gaming Case.,"Rs:19,500.00Rs:20,000.00or 3 XRs:7,280.00with",Out of Stock,https://mdcomputers.lk/product/raidmax-infinita-i800-chroma-argb-mid-tower-gaming-case/
CRUCIAL 16GB DDR5 5600MHz BRAND NEW LAPTOP RAM,"Rs:19,500.00or 3 XRs:7,280.00with",Out of Stock,https://mdcomputers.lk/product/crucial-16gb-ddr5-5600mhz-brand-new-laptop-ram/
ASROCK Z370 USED GAMING MOTHERBOARD (nvme ),"Rs:19,500.00Rs:20,500.00or 3 XRs:7,280.00with",Out of Stock,https://mdcomputers.lk/product/asus-tuf-z370-plus-used-gaming-motherboard/
ADATA 16GB DDR5 4800MHZ SO DIMM BRAND NEW LAPTOP RAM,"Rs:19,500.00or 3 XRs:7,280.00with",Out of Stock,https://mdcomputers.lk/product/adata-16gb-ddr5-4800mhz-so-dimm-brand-new-laptop-ram/
ANTEC CX300 ARGB BRAND NEW CASING,"Rs:19,500.00or 3 XRs:7,280.00with",Out of Stock,https://mdcomputers.lk/product/antec-cx300-argb-brand-new-casing/
ARCTIC FREEZER 36 A-RGB BRAND NEW BLACK AIR COOLER,"Rs:19,500.00or 3 XRs:7,280.00with",Out of Stock,https://mdcomputers.lk/product/arctic-freezer-36-a-rgb-brand-new-black-air-cooler/
DESKOOZE GT08 SMALL / F5 GAMING TABLE,"Rs:19,500.00or 3 XRs:7,280.00with",Out of Stock,https://mdcomputers.lk/product/deskooze-gt08-gaming-table/
KINGSTON NV2 1TB PCIe GEN4 NVME SSD,"Rs:19,500.00or 3 XRs:7,280.00with",Out of Stock,https://mdcomputers.lk/product/kingston-nv2-1tb-pcie-gen4-nvme-ssd/
FANTECH MAXFIT AIR99 MK916 MECH GREY BRAND NEW KEYBOARD – BROWN SWICH,"Rs:19,500.00or 3 XRs:7,280.00with",Out of Stock,https://mdcomputers.lk/product/fantech-maxfit-air99-mk916-mech-grey-brand-new-keyboard/
FANTECH MAXFIT AIR99 MK916 MECH GREY KEYBOARD – RED SWICH,"Rs:19,500.00or 3 XRs:7,280.00with",Out of Stock,https://mdcomputers.lk/product/fantech-maxfit-air99-mk916-mech-grey-keyboard-red-swich/
SAMSUNG INTEL CORE I3 4TH GEN USED BRANDED DESKTOP,"Rs:19,900.00or 3 XRs:7,429.33with",Out of Stock,https://mdcomputers.lk/product/samsung-intel-core-i3-4th-gen-used-branded-desktop/
BRAND NEW 15.6″ 30Pin Slim DISPLAY,"Rs:20,000.00or 3 XRs:7,466.67with",Out of Stock,https://mdcomputers.lk/product/brand-new-15-6-30pin-slim-display/
SEAGATE SKYHAWK 1TB BRAND NEW HARD DISK ( 02 years warranty ),"Rs:20,000.00or 3 XRs:7,466.67with",Out of Stock,https://mdcomputers.lk/product/seagate-skyhawk-1tb-hard-disk/
ZIMA BOOM APEX ZM2190,"Rs:20,000.00or 3 XRs:7,466.67with",Out of Stock,https://mdcomputers.lk/product/zima-boom-apex-zm2190/
Raidmax Infinita i800 Chroma ARGB Mid-Tower Gaming Case BLACK,"Rs:20,000.00or 3 XRs:7,466.67with",Out of Stock,https://mdcomputers.lk/product/raidmax-infinita-i800-chroma-argb-mid-tower-gaming-case-black/
FANTECH WHG07 ORBITA PREMIUM 7.1 SURROUND SOUND WIRELESS GAMING HEADSET BLACK,"Rs:20,000.00or 3 XRs:7,466.67with",Out of Stock,https://mdcomputers.lk/product/fantech-whg07-orbita-premium-7-1-surround-sound-wireless-gaming-headset-black/
Samsung 8GB (1x8GB) DDR5 5600MHz RAM,"Rs:20,500.00or 3 XRs:7,653.33with",Out of Stock,https://mdcomputers.lk/product/samsung-8gb-1x8gb-ddr5-5600mhz-ram/
Corsair Vengeance RGB RS 8GB (1X8GB) DDR4 3600MHZ C18 MEMORY ( 10 YEARS WARRANTY ),"Rs:20,500.00Rs:24,500.00or 3 XRs:7,653.33with",Out of Stock,https://mdcomputers.lk/product/corsair-vengeance-rgb-rs-8gb-1x8gb-ddr4-3600mhz-c18-memory-3-years-warranty/
MSI IMMERSE GH30 V2 BRAND NEW GAMING HEADSET ( 2 year warranty ),"Rs:20,500.00or 3 XRs:7,653.33with",Available / Check Site,https://mdcomputers.lk/product/msi-immerse-gh30-v2-brand-new-gaming-headset-2-year-warranty/
DELL 24INCH FHD 1080P FRAMLESS IPS USED MONITOR ( without cable ),"Rs:20,500.00Rs:22,000.00or 3 XRs:7,653.33with",Out of Stock,https://mdcomputers.lk/product/dell-ultrasharp-u2414h-23-8-inch-screen-fhd-1080p-led-used-monitor/
MICROM GEN4 512GB BRAND NEW NVME,"Rs:20,500.00or 3 XRs:7,653.33with",Out of Stock,https://mdcomputers.lk/product/microm-gen4-512gb-brand-new-nvme/
ARCTIC FREEZER 36 WHITE RGB AIR COOLER ( 06 years warranty ),"Rs:20,500.00Rs:22,000.00or 3 XRs:7,653.33with",Available / Check Site,https://mdcomputers.lk/product/arctic-freezer-36-white-rgb-air-cooler-06-years-warranty/
ANTEC SYMPHONY 240 ARGB 12TH GEN SUPPORT,"Rs:21,000.00Rs:24,500.00or 3 XRs:7,840.00with",Out of Stock,https://mdcomputers.lk/product/antec-symphony-240-argb-12th-gen-support-2/
REDRAGON H510 ZUES PRO BRAND NEW GAMING HEADSET WITH MIC,"Rs:21,000.00or 3 XRs:7,840.00with",Out of Stock,https://mdcomputers.lk/product/redragon-h510-pro-zeus-x-rgb-wireless-gaming-headset/
Western Digital My Passport 1TB USB 3.2 Gen 1 Portable Hard Disk,"Rs:21,000.00or 3 XRs:7,840.00with",Out of Stock,https://mdcomputers.lk/product/western-digital-my-passport-1tb-usb-3-2-gen-1-portable-hard-disk/
HP 24 INCH IPS FRAMELESS USED SILVER MONITOR ( E243 )( without cable ),"Rs:21,000.00Rs:22,000.00or 3 XRs:7,840.00with",Out of Stock,https://mdcomputers.lk/product/hp-24-inch-ips-frameless-used-silver-monitor-e243/
USED DDR4 16GB 3200mhz LAPTOP RAM,"Rs:21,000.00Rs:25,000.00or 3 XRs:7,840.00with",Out of Stock,https://mdcomputers.lk/product/used-ddr4-16gb-3200mhz-laptop-ram/
16GB TwinMOS Supreme DDR4 – 3200MHz LAPTOP RAM Memory,"Rs:21,500.00Rs:24,500.00or 3 XRs:8,026.67with",Out of Stock,https://mdcomputers.lk/product/16gb-twinmos-supreme-ddr4-3200mhz-laptop-ram-memory/
Samsung  980 NVMe M.2 SSD 500GB,"Rs:21,500.00or 3 XRs:8,026.67with",Out of Stock,https://mdcomputers.lk/product/samsung-980-nvme-m-2-ssd-500gb/
GIGABYTE H110M-S2PH BRAND NEW MOTHER BOARD,"Rs:21,500.00Rs:22,500.00or 3 XRs:8,026.67with",Available / Check Site,https://mdcomputers.lk/product/gigabyte-h110m-s2ph-brand-new-mother-board/
DELL BRANDED CORE I3 2ND GEN USED DESKTOP PC FULLSET,"Rs:21,500.00Rs:23,500.00or 3 XRs:8,026.67with",Out of Stock,https://mdcomputers.lk/product/dell-branded-core-i3-2nd-gen-used-desktop-pc-fullset/
THERMALTAKE SMART BX3 750w 80 PLUS BRONZE POWER SUPPLY ( 05 YEAR WARRANTY ),"Rs:21,500.00or 3 XRs:8,026.67with",Out of Stock,https://mdcomputers.lk/product/thermaltake-smart-bx3-750w-80-plus-bronze-power-supply-03y/
RAZER KIYO X BROADCASTING USB CAMERA ( 01 YEAR WARRANTY ),"Rs:21,500.00or 3 XRs:8,026.67with",Available / Check Site,https://mdcomputers.lk/product/razer-kiyo-x-broadcasting-usb-camera-01-year-warranty/
RAZER SEIREN V3 MINI ULTRA COMPACT USB MICROPHONE  ( 1 YEARS WARRANTY ),"Rs:21,500.00or 3 XRs:8,026.67with",Available / Check Site,https://mdcomputers.lk/product/razer-seiren-v3-mini-ultra-compact-usb-microphone-1-years-warranty/
NZXT H3 FLOW BLACK MICRO ATX CASE,"Rs:21,500.00Rs:23,000.00or 3 XRs:8,026.67with",Out of Stock,https://mdcomputers.lk/product/nzxt-h3-flow-edition-2025-atx-mid-tower-black-casing-1-years-warranty/
REDRAGON BRAGI K688 PRO MECHANICAL KEYBOARD,"Rs:21,500.00Rs:24,500.00or 3 XRs:8,026.67with",Out of Stock,https://mdcomputers.lk/product/redragon-bragi-k688-pro-mechanical-keyboard/
REDRAGON ZIGGS K669CLO-RGB-PRO GAMING MECHANICAL KEYBOARD,"Rs:22,000.00Rs:23,000.00or 3 XRs:8,213.33with",Out of Stock,https://mdcomputers.lk/product/redragon-ziggs-k669clo-rgb-pro-gaming-mechanical-keyboard/
ADDLINK S70 LITE 256GB M.2 NVME SSD PCIE GEN 3X4,"Rs:22,000.00or 3 XRs:8,213.33with",Out of Stock,https://mdcomputers.lk/product/addlink-s70-256gb-ssd-nvme-pcie-gen3x4-m-2-2/
Raidmax Infinita i610 Wood ARGB Mid-Tower Gaming Case Black,"Rs:22,000.00or 3 XRs:8,213.33with",Available / Check Site,https://mdcomputers.lk/product/raidmax-infinita-i610-wood-argb-mid-tower-gaming-case-black/
Cooler Master MasterBox K501L Mid-Tower Case,"Rs:22,000.00or 3 XRs:8,213.33with",Available / Check Site,https://mdcomputers.lk/product/cooler-master-masterbox-k501l-mid-tower-case/
SAMSUNG 24 INCH IPS FRAMLESS – 75HZ USED MONITOR ( WITHOUT CABLE ),"Rs:22,000.00or 3 XRs:8,213.33with",Out of Stock,https://mdcomputers.lk/product/samsung-24-inch-ips-framless-75hz-used-monitor-without-cable/
ASROCK  Z370M MOTHER BOARD,"Rs:22,500.00Rs:24,000.00or 3 XRs:8,400.00with",Out of Stock,https://mdcomputers.lk/product/z370-gigabyte-board/
MSI SPATIUM M450 1TB PCIE 4.0 NVME M.2 SOLID STATE DRIVE ( 3 YEARS WARRANTY ),"Rs:22,500.00Rs:25,000.00or 3 XRs:8,400.00with",Out of Stock,https://mdcomputers.lk/product/msi-spatium-m450-1tb-pcie-4-0-nvme-m-2-solid-state-drive-3-years-warranty/
LOGITECH G431 7.1 SURROUND SOUND GAMING HEADSET,"Rs:22,500.00or 3 XRs:8,400.00with",Out of Stock,https://mdcomputers.lk/product/logitech-g431-7-1-surround-sound-gaming-headset/
GTX960 4GB USED VGA CARD ( Single fan ),"Rs:22,500.00or 3 XRs:8,400.00with",Out of Stock,https://mdcomputers.lk/product/gtx960-4gb-used-vga-card-single-fan/
SEGOTEP PHOENIX G5 GAMING CASING,"Rs:22,500.00or 3 XRs:8,400.00with",Out of Stock,https://mdcomputers.lk/product/segotep-phoenix-g5-gaming-casing/
FALCON 24 INCH LED HDMI MONITOR,"Rs:22,900.00or 3 XRs:8,549.33with",Out of Stock,https://mdcomputers.lk/product/falcon-24-inch-monitor/
GAMDIAS HELIOS P1A-750G 750W 80 Plus Gold Certified Power Supply,"Rs:23,000.00Rs:27,500.00or 3 XRs:8,586.67with",Out of Stock,https://mdcomputers.lk/product/gamdias-helios-p1a-750g-750w-80-plus-gold-certified-power-supply/
VIEWSONIC VA1903H 18.5’’ IPS HD LED MONITOR,"Rs:23,000.00or 3 XRs:8,586.67with",Out of Stock,https://mdcomputers.lk/product/viewsonic-va1903h-18-5-ips-hd-led-monitor/
LOGITECH G435 LIGHTSPEED WIRELESS BLUETOOTH BRAND NEW GAMING HEADSET ( Black ),"Rs:23,000.00or 3 XRs:8,586.67with",Out of Stock,https://mdcomputers.lk/product/logitech-g435-lightspeed-wireless-bluetooth-brand-new-gaming-headset-black/
24 INCH LENOVO THINKVISION  WIDE SCREEN FHD USED MONITOR ( without cable ),"Rs:23,000.00or 3 XRs:8,586.67with",Out of Stock,https://mdcomputers.lk/product/lenovo-thinkvision-t24i-10-23-8-inch-wide-fhd-ips-used-monitor/
MICROLAB X1 BT 2.1 BLUETOOTH SPEAKER ( 1y ),"Rs:23,000.00or 3 XRs:8,586.67with",Out of Stock,https://mdcomputers.lk/product/microlab-x1-bt-2-1-bluetooth-speaker-1y/
DELL P2416DB 24 INCH LED USED MONITOR ( without cable ),"Rs:23,000.00or 3 XRs:8,586.67with",Out of Stock,https://mdcomputers.lk/product/dell-p2416db-24-inch-led-used-monitor-without-cable/
2tb SEAGATE BARRACUDA BRAND NEW,"Rs:23,500.00Rs:25,500.00or 3 XRs:8,773.33with",Out of Stock,https://mdcomputers.lk/product/2tb-seagate-barracuda-brand-new/
HP ELITE 24 INCH IPS FRAMELESS ROTETABLE USED MONITOR ( E24 G4 ),"Rs:23,500.00Rs:25,500.00or 3 XRs:8,773.33with",Out of Stock,https://mdcomputers.lk/product/hp-elite-e24-g4-2022-24-ips-frameless-used-monitor/
ANTEC C3 ARGB WHITE,"Rs:23,500.00or 3 XRs:8,773.33with",Out of Stock,https://mdcomputers.lk/product/antec-c3-argb-white/
KOORUI 22 INCH E2212F VA 100HZ BRAND NEW MONITOR ( 03 YEARS WARRANTY ),"Rs:23,500.00or 3 XRs:8,773.33with",Out of Stock,https://mdcomputers.lk/product/koorui-22-inch-e2212f-va-100hz-brand-new-monitor/
JBL TUNE 770NC WIRELESS OVER EAR HEADPHONE,"Rs:23,500.00Rs:25,500.00or 3 XRs:8,773.33with",Out of Stock,https://mdcomputers.lk/product/jbl-tune-770nc-wireless-over-ear-headphone/
VIEWSONIC VA2215H  22” 100Hz FULL HD FRAMELESS 1080P MONITOR,"Rs:23,900.00Rs:33,000.00or 3 XRs:8,922.67with",Out of Stock,https://mdcomputers.lk/product/viewsonic-va2215-h-22-100hz-full-hd-1080p-monitor3y/
TURBOGEAR TG2730 RED & BLACK GAMING CHAIR,"Rs:23,900.00Rs:25,000.00or 3 XRs:8,922.67with",Out of Stock,https://mdcomputers.lk/product/turbogear-tg2730-red-black-gaming-chair/
CORSIAIR HS55 SURROUND GAMING HEADSET – CARBON ( 1 Year Warranty ),"Rs:24,000.00or 3 XRs:8,960.00with",Available / Check Site,https://mdcomputers.lk/product/corsiair-hs55-surround-gaming-headset-carbon-1-year-warranty/
NZXT F140 RGB Duo 140mm Dual Sided Twin Pack RGB Fan With RGB Controller – White,"Rs:24,000.00or 3 XRs:8,960.00with",Available / Check Site,https://mdcomputers.lk/product/nzxt-f140-rgb-duo-140mm-dual-sided-twin-pack-rgb-fan-with-rgb-controller-white/
GTX960 4GB USED VGA CARD ( 3 FANS ),"Rs:24,000.00Rs:26,000.00or 3 XRs:8,960.00with",Out of Stock,https://mdcomputers.lk/product/gtx960-4gb-used-vga-card-3-fans/
6.0 INCH LCD PANEL KIT FOR VIEW 600 TG/ WHITE / TYPE – C  800MM CABLE / BROWN PACKAGE,"Rs:24,000.00Rs:28,000.00or 3 XRs:8,960.00with",Available / Check Site,https://mdcomputers.lk/product/6-0-inch-lcd-panel-kit-for-view-600-tg-white-type-c-800mm-cable-brown-package/
6.0 INCH LCD PANEL KIT FOR VIEW 600 TG/ BLACK/ TYPE – C 800mm CABLE / BROWN PACKAGE,"Rs:24,000.00Rs:29,000.00or 3 XRs:8,960.00with",Available / Check Site,https://mdcomputers.lk/product/6-0-inch-lcd-panel-kit-for-view-600-tg-black-type-c-800mm-cable-brown-package/
THERMALTAKE LA240 ARGB SYNC LIQUID COOLER ( 03 years warranty ),"Rs:24,000.00Rs:25,000.00or 3 XRs:8,960.00with",Available / Check Site,https://mdcomputers.lk/product/thermaltake-la240-argb-sync-liquid-cooler-03-years-warranty/
THERMALTAKE ASTRIA 600 BLACK ARGB LIGHTING CPU COOLER,"Rs:24,000.00Rs:25,500.00or 3 XRs:8,960.00with",Available / Check Site,https://mdcomputers.lk/product/thermaltake-astria-600-black-argb-lighting-cpu-cooler/
BLOODY GH 30 ROGUE GAMING TOWER GAMING CASE,"Rs:24,500.00or 3 XRs:9,146.67with",Out of Stock,https://mdcomputers.lk/product/bloody-gh-30-rogue-gaming-tower-gaming-case/
"Antec Dark League DF600 Flux, Mid-Tower ATX Gaming Case","Rs:24,500.00or 3 XRs:9,146.67with",Out of Stock,https://mdcomputers.lk/product/antec-dark-league-df600-flux-mid-tower-atx-gaming-case/
NZXT H5 (2023) FLOW EDITION ATX MID TOWER BLACK CASE,"Rs:24,500.00Rs:26,500.00or 3 XRs:9,146.67with",Out of Stock,https://mdcomputers.lk/product/nzxt-h5-2023-flow-edition-atx-mid-tower-black-case/
Intel 1.6TB sata ssd card,"Rs:24,500.00or 3 XRs:9,146.67with",Out of Stock,https://mdcomputers.lk/product/intel-1tb-sata-ssd-card/
Gamdias Boreas P1-720 CPU Air Cooler,"Rs:24,500.00or 3 XRs:9,146.67with",Out of Stock,https://mdcomputers.lk/product/gamdias-boreas-p1-720-cpu-air-cooler/
ANTEC C3 ARGB BRAND NEW BLACK GAMING CASE,"Rs:24,500.00or 3 XRs:9,146.67with",Out of Stock,https://mdcomputers.lk/product/antec-c3-argb-brand-new-black-gaming-case/
THERMALTAKE ASTRIA 600 WHITE ARGB LIGHTING CPU COOLER,"Rs:24,500.00Rs:26,000.00or 3 XRs:9,146.67with",Available / Check Site,https://mdcomputers.lk/product/thermaltake-astria-600-white-argb-lighting-cpu-cooler/
SEAGATE SKYHAWK 2TB REPUBLISH DESKTOP HARD DISK ( 01 YEAR WARRANTY ),"Rs:24,900.00or 3 XRs:9,296.00with",Out of Stock,https://mdcomputers.lk/product/seagate-skyhawk-2tb-republish-desktop-hard-disk-01-year-warranty/
USED Z390  MOTHERBOARD,"Rs:25,000.00Rs:28,000.00or 3 XRs:9,333.33with",Out of Stock,https://mdcomputers.lk/product/used-gigabyte-z390-ud-motherboard/
MSI MAG CORELIQUID C240 240MM CPU LIQUID COOLER ( 3 YEARS WARRANTY ),"Rs:25,000.00Rs:47,500.00or 3 XRs:9,333.33with",Out of Stock,https://mdcomputers.lk/product/msi-mag-coreliquid-c240-240mm-cpu-liquid-cooler-3-years-warranty/
ASUS ROG Ranger BP3703G Aura RGB Modular 17-inch(43cm) Gaming Backpack,"Rs:25,000.00or 3 XRs:9,333.33with",Out of Stock,https://mdcomputers.lk/product/asus-rog-ranger-bp3703g-aura-rgb-modular-17-inch43cm-gaming-backpack/
MICROLAB M-660BT 2.1 SUB WOOFER(1y),"Rs:25,000.00or 3 XRs:9,333.33with",Out of Stock,https://mdcomputers.lk/product/microlab-m-660bt-2-1-sub-woofer1y/
Raidmax Infinita i630 ARGB Panoramic Curved Glass Mid-Tower Gaming Case,"Rs:25,000.00Rs:29,500.00or 3 XRs:9,333.33with",Out of Stock,https://mdcomputers.lk/product/raidmax-infinita-i630-argb-panoramic-curved-glass-mid-tower-gaming-case/
TRANSCEND 16GB DDR5 5600MHZ DESKTOP(JM5600ALE-16G),"Rs:25,000.00or 3 XRs:9,333.33with",Out of Stock,https://mdcomputers.lk/product/transcend-16gb-ddr5-5600mhz-desktopjm5600ale-16g/
DAHUA 24 INCH LED FHD BRAND NEW MONITOR  – DHI-LM24-A200,"Rs:25,000.00Rs:26,500.00or 3 XRs:9,333.33with",Out of Stock,https://mdcomputers.lk/product/dahua-24-inch-led-fhd-brand-new-monitor-dhi-lm24-a200/
MSI H410M BOMBER BRAND NEW MOTHERBOARD,"Rs:25,000.00Rs:25,500.00or 3 XRs:9,333.33with",Out of Stock,https://mdcomputers.lk/product/msi-h410m-a-pro-motherboard/
ASUS PRIME B250-PLUS 6th/7th Gen MOTHERBOARD,"Rs:25,000.00or 3 XRs:9,333.33with",Out of Stock,https://mdcomputers.lk/product/asus-prime-b250-plus-6th-7th-gen-motherboard-2/
Gamdias AEOLUS P2-1203U 120mm ARGB Fan Pack,"Rs:25,000.00or 3 XRs:9,333.33with",Available / Check Site,https://mdcomputers.lk/product/gamdias-aeolus-p2-1203u-120mm-argb-fan-pack/
REDRAGON FLECKAT K708 PRO MECHANICAL KEYBOARD,"Rs:25,000.00or 3 XRs:9,333.33with",Out of Stock,https://mdcomputers.lk/product/redragon-fleckat-k708-pro-mechanical-keyboard/
ASROCK B460M STEEL LEGEND  USED MOTHERBOARD,"Rs:25,000.00or 3 XRs:9,333.33with",Out of Stock,https://mdcomputers.lk/product/asrock-b460m-steel-legend-used-motherboard/
USED ASUS TUF GAMING B460-PLUS MOTHERBOARD,"Rs:25,000.00or 3 XRs:9,333.33with",Out of Stock,https://mdcomputers.lk/product/used-asus-tuf-gaming-b460-plus-motherboard/
MSI PRO MP225V 21.5 INCH VA 100Hz FHD (1920×1080) PROFESSIONAL BRAND NEW MONITOR ( 03 YEARS WARRANTY ),"Rs:25,000.00Rs:25,500.00or 3 XRs:9,333.33with",Out of Stock,https://mdcomputers.lk/product/msi-pro-mp225v-21-5-inch-va-100hz-fhd-1920x1080-professional-brand-new-monitor/
MICRO 5300 PRO 2.5 1.8TB USED SSD,"Rs:25,000.00or 3 XRs:9,333.33with",Out of Stock,https://mdcomputers.lk/product/micro-5300-pro-2-5-1-8tb-used-ssd/
THERMALTAKE  2.1” CIRCLE SCREEN KIT,"Rs:25,000.00Rs:29,000.00or 3 XRs:9,333.33with",Available / Check Site,https://mdcomputers.lk/product/thermaltake-2-1-circle-screen-kit/
Cooler Master MasterBox MB320L ARGB Case,"Rs:25,500.00or 3 XRs:9,520.00with",Available / Check Site,https://mdcomputers.lk/product/cooler-master-masterbox-mb320l-argb-case/
WD PURPLE 4TB USED HARD DISK,"Rs:25,500.00Rs:28,500.00or 3 XRs:9,520.00with",Out of Stock,https://mdcomputers.lk/product/wd-purple-4tb-used-hard-disk/
WD BLUE 2TB BRAND NEW DESKTOP HARD DISK ( 02 years warranty ),"Rs:25,500.00or 3 XRs:9,520.00with",Out of Stock,https://mdcomputers.lk/product/wd-blue-2tb-brand-new-desktop-hard-disk-02-years-warranty/
B560 (10th/11th) USED NVME MOTHERBOARD ( 4 ram slot ),"Rs:25,500.00or 3 XRs:9,520.00with",Out of Stock,https://mdcomputers.lk/product/b560-10th-11th-used-nvme-motherboard-4-ram-slot/
TRANSCEND ESD260C 500GB SSD PORTABLE ( 03 years warranty ),"Rs:25,500.00Rs:36,700.00or 3 XRs:9,520.00with",Out of Stock,https://mdcomputers.lk/product/transcend-esd260c-500gb-ssd-portable-03-yea/
MICROLAB TMN-9BT 2.1 SUB WOOFER(1y),"Rs:25,800.00Rs:29,000.00or 3 XRs:9,632.00with",Out of Stock,https://mdcomputers.lk/product/microlab-tmn-9bt-2-1-sub-woofer1y/
COOLMOON ARGB Liquid Cooler AS360,"Rs:26,000.00Rs:31,000.00or 3 XRs:9,706.67with",Out of Stock,https://mdcomputers.lk/product/coolmoon-argb-liquid-cooler-as36/
ANTEC SYMPHONY 360 ARGB WHITE 12TH GEN SUPPORT LIQUID COOLER,"Rs:26,000.00Rs:30,000.00or 3 XRs:9,706.67with",Out of Stock,https://mdcomputers.lk/product/antec-symphony-360-argb-white-12th-gen-support-liquid-cooler/
ASUS ROG STRIX B250H GAMING 6th/7th GEN MOTHERBOARD BRAND NEW,"Rs:26,000.00Rs:29,000.00or 3 XRs:9,706.67with",Out of Stock,https://mdcomputers.lk/product/asus-rog-strix-b250h-gaming-6th-7th-gen-motherboard/
GIGABYTE H81M-DS2 SUPPORT 4TH GENERATION BRAND NEW MOTHERBOARD,"Rs:26,000.00or 3 XRs:9,706.67with",Available / Check Site,https://mdcomputers.lk/product/gigabyte-h81m-ds2-support-4th-generation-brand-new-motherboard/
USED ASUS TUF GAMING B560 PLUS MOTHERBOARD,"Rs:26,000.00or 3 XRs:9,706.67with",Out of Stock,https://mdcomputers.lk/product/used-asus-tuf-gaming-b560-plus-wi-fi-motherboard/
JUNGLE LEOPARD ASTROBEAT DGT 360 LIQUID COOLER – BLACK (3 YEARS WARRANTY),"Rs:26,000.00or 3 XRs:9,706.67with",Out of Stock,https://mdcomputers.lk/product/jungle-leopard-astrobeat-dgt-360-liquid-cooler-black-3-years-warranty/
ASROCK Z390 Extreme4 USED 4 RAM SLOT MOTHERBOARD,"Rs:26,000.00or 3 XRs:9,706.67with",Out of Stock,https://mdcomputers.lk/product/asrock-z390-extreme4-used-4-ram-slot-motherboard/
"KOORUI E2212H , 21.5 INCHES , 120 Hz, VA PANEL , FULL HD BRAND NEW MONITOR ( 03 YEARS WARRANTY )","Rs:26,000.00Rs:28,500.00or 3 XRs:9,706.67with",Out of Stock,https://mdcomputers.lk/product/koorui-e2212h-21-5-inches-120-hz-va-panel-full-hd-brand-new-monitor-03-years-warranty/
SAMSUNG 22″IPS 100Hz LS22D300GAEXXS BRAND NEW MONITOR ( 03 years warranty ),"Rs:26,000.00Rs:28,000.00or 3 XRs:9,706.67with",Out of Stock,https://mdcomputers.lk/product/samsung-22ips-ls22d300gaexxs-ips-brand-new/
DEEPCOOL AK620 G2 DIGITAL NYX CPU COOLER,"Rs:26,000.00Rs:38,000.00or 3 XRs:9,706.67with",Out of Stock,https://mdcomputers.lk/product/deepcool-ak620-g2-digital-nyx-cpu-cooler/
ANTEC DF800 FLUX CASING,"Rs:26,500.00or 3 XRs:9,893.33with",Available / Check Site,https://mdcomputers.lk/product/antec-df800-flux-casing/
ASUS 22 INCH VZ22EHE IPS 75HZ FRAMELESS BRAND NEW MONITOR,"Rs:26,500.00Rs:30,000.00or 3 XRs:9,893.33with",Out of Stock,https://mdcomputers.lk/product/asus-22-vz22ehe-ips-75hz-frameless-monitor/
SEAGATE SKYHAWK 2TB BRAND NEW HARD DISK,"Rs:26,500.00or 3 XRs:9,893.33with",Out of Stock,https://mdcomputers.lk/product/seagate-skyhawk-2tb-hard-disk/
ANTEC C5 ARGB CASING,"Rs:26,500.00or 3 XRs:9,893.33with",Out of Stock,https://mdcomputers.lk/product/antec-c5-argb-casing/
DELL ULTRASHAP U2422HE – 24 INCH FULL HD IPS FRAMELESS 75Hz USED MONITOR ( without cable ),"Rs:26,500.00Rs:28,000.00or 3 XRs:9,893.33with",Out of Stock,https://mdcomputers.lk/product/dell-24-inch-ultrashap-ips-full-hd-used-monitor-without-cable/
WD PURPLE 1TB BRAND NEW  HARD DISK ( 03 YEARS WARRANTY ),"Rs:26,500.00or 3 XRs:9,893.33with",Out of Stock,https://mdcomputers.lk/product/wd-purple-1tb-brand-new-hard-disk-03-years-warranty/
15.6″ FHD IPS FRAMELESS 30 PIN LAPTOP DISPLAY,"Rs:27,000.00or 3 XRs:10,080.00with",Available / Check Site,https://mdcomputers.lk/product/15-6%e2%80%b3-fhd-ips-frameless-30-pin-laptop-display/
“CORSAIR VENGEANCE 32GB 3200MHZ DDR4 LAPTOP MEMORY CMSX32GX4M1A3200C22 “,"Rs:27,000.00or 3 XRs:10,080.00with",Out of Stock,https://mdcomputers.lk/product/corsair-vengeance-32gb-3200mhz-ddr4-laptop-memory-cmsx32gx4m1a3200c22/
MSI PRO MP225 22 INCH IPS 100HZ FRAMELESS MONITOR(3 YEAR WARRANTY),"Rs:27,000.00Rs:30,000.00or 3 XRs:10,080.00with",Out of Stock,https://mdcomputers.lk/product/msi-pro-mp225-22-inch-ips-100hz-frameless-monitor/
MSI MAG CORELIQUID ARGB A13 240mm CPU Liquid Cooler White ( 3 YEARS WARRANTY ),"Rs:27,000.00or 3 XRs:10,080.00with",Out of Stock,https://mdcomputers.lk/product/msi-mag-coreliquid-argb-a13-240mm-cpu-liquid-cooler-white-3-years-warranty/
Corsair 3000D Airflow Mid-Tower ATX Case,"Rs:27,000.00or 3 XRs:10,080.00with",Available / Check Site,https://mdcomputers.lk/product/corsair-3000d-airflow-mid-tower-atx-case/
NZXT F120 RGB Duo 120mm Tripple Pack RGB Fan With RGB Controller – White,"Rs:27,000.00or 3 XRs:10,080.00with",Available / Check Site,https://mdcomputers.lk/product/nzxt-f120-rgb-duo-120mm-tripple-pack-rgb-fan-with-rgb-controller-white/
ASUS TUF GAMING Z490-PLUS USED MOTHERBOARD,"Rs:27,000.00or 3 XRs:10,080.00with",Out of Stock,https://mdcomputers.lk/product/asus-tuf-gaming-z490-plus-used-motherboard/
GIGABYTE H410M H V2 MICRO ATX 10TH GENERATION BRAND NEW MOTHERBOARD ( 03 years warranty ),"Rs:27,000.00or 3 XRs:10,080.00with",Available / Check Site,https://mdcomputers.lk/product/gigabyte-h410m-h-v2-micro-atx-10th-generation-brand-new-motherboard-03-years-warranty/
KOORUI 24N5CA 24INCH VA FHD 75HZ MONITOR ( DISPLAY UNIT ),"Rs:27,000.00Rs:29,000.00or 3 XRs:10,080.00with",Out of Stock,https://mdcomputers.lk/product/koorui-24n5ca-24inch-va-fhd-75hz-brand-new-monitor/
HP 22 INCH P22H G4 IPS BRAND NEW MONITOR ( 01 YEAER WARRANTY ),"Rs:27,000.00or 3 XRs:10,080.00with",Out of Stock,https://mdcomputers.lk/product/hp-22-inch-p22h-g4-ips-brand-new-monitor-01-yeaer-warranty/
DAHUA V800S 1TB 2.5 INCH BRAND NEW SATA SSD ( 02 YEARS WARRANTY ),"Rs:27,000.00Rs:35,000.00or 3 XRs:10,080.00with",Out of Stock,https://mdcomputers.lk/product/dahua-v800s-1tb-2-5-inch-brand-new-sata-ssd-03-years-warranty/
TRANSCEND 1TB EXTERNAL BRAND NEW HARD DISK,"Rs:27,500.00Rs:29,500.00or 3 XRs:10,266.67with",Out of Stock,https://mdcomputers.lk/product/transcend-1tb-external-hard-disk/
DESKTOP MOTHERBOARD – BIOSTAR H310MHP DDR4,"Rs:27,500.00or 3 XRs:10,266.67with",Available / Check Site,https://mdcomputers.lk/product/desktop-motherboard-biostar-h310mhp-ddr4-2/
DDR4 16GB ( 3200MHz ) USED DESKTOP RAM ( random brands),"Rs:27,500.00Rs:30,000.00or 3 XRs:10,266.67with",Out of Stock,https://mdcomputers.lk/product/crucial-16gb-ddr4-3200mhz-brand-new-desktop-ram-3y/
REDRAGON CYRUS PRO K681ACG MECHANICAL KEYBOARD ANIME,"Rs:27,500.00Rs:29,500.00or 3 XRs:10,266.67with",Out of Stock,https://mdcomputers.lk/product/redragon-cyrus-pro-k681acg-mechanical-keyboard-anime/
LEXAR DDR4 16GB ( 3600MHz ) RGB BRAND NEW DESKTOP RAM,"Rs:27,500.00Rs:32,500.00or 3 XRs:10,266.67with",Out of Stock,https://mdcomputers.lk/product/lexar-ddr4-16gb-rgb-brand-new-desktop-ram/
ASUS TUF GAMING B560M -PLUS (10th/11th GEN) USED MOTHERBOARD,"Rs:27,500.00or 3 XRs:10,266.67with",Out of Stock,https://mdcomputers.lk/product/asus-tuf-gaming-b560m-plus-10th-11th-gen-used-motherboard/
TWINMOS 512GB NVMe PCIe M.2 ( 03 YEARS WARRANTY ),"Rs:27,800.00or 3 XRs:10,378.67with",Out of Stock,https://mdcomputers.lk/product/twinmos-512gb-nvme-pcie-m-2-03-years-warranty/
ANTEC P120 CRYSTAL,"Rs:28,000.00or 3 XRs:10,453.33with",Available / Check Site,https://mdcomputers.lk/product/antec-p120-crystal/
MSI GTX960 4GB USED VGA CARD,"Rs:28,000.00Rs:32,500.00or 3 XRs:10,453.33with",Out of Stock,https://mdcomputers.lk/product/used-gtx960-4gb-vga-card-random-brand/
ASUS ROG STRIX GO 2.4 BLUETOOTH HEADSET(1y),"Rs:28,000.00or 3 XRs:10,453.33with",Out of Stock,https://mdcomputers.lk/product/asus-rog-strix-go-2-4-bluetooth-headset1y/
NZXT KRAKEN 240 (240mm) RGB CPU Liquid Cooler With LCD Display Black,"Rs:28,000.00Rs:52,000.00or 3 XRs:10,453.33with",Out of Stock,https://mdcomputers.lk/product/nzxt-kraken-240-240mm-rgb-cpu-liquid-cooler-with-lcd-display-black/
1TB ADDLINK A95 ADDGAME PCIe Gen 4×4 M.2 NVMe SSD PS5 COMPATIBLE,"Rs:28,000.00or 3 XRs:10,453.33with",Out of Stock,https://mdcomputers.lk/product/1tb-addlink-a95-addgame-pcie-gen-4x4-m-2-nvme-ssd-ps5-compatible/
GTX960 4GB USED VGA CARD ( RANDOM BRAND ),"Rs:28,000.00Rs:35,000.00or 3 XRs:10,453.33with",Out of Stock,https://mdcomputers.lk/product/asus-gtx960-4gb-used-vga-card/
GIGABYTE H310 M.2 2.0 REV 1.2 SUPPORT 8/9TH GENERATION BRAND NEW MOTHERBOARD ( 03 years warranty ),"Rs:28,000.00or 3 XRs:10,453.33with",Available / Check Site,https://mdcomputers.lk/product/gigabyte-h310-m-2-2-0-rev-1-2-support-8-9th-generation-brand-new-motherboard-03-years-warranty/
GIGABYTE H510M K V2 BRAND NEW MOTHERBOARD ( 3 years warranty ),"Rs:28,000.00or 3 XRs:10,453.33with",Available / Check Site,https://mdcomputers.lk/product/gigabyte-h510m-k-v2-brand-new-motherboard-3-years-warranty/
THERMALTAKE LA240-S ARGB SYNC LIQUID COOLER ( 03 years warranty ),"Rs:28,000.00Rs:30,000.00or 3 XRs:10,453.33with",Available / Check Site,https://mdcomputers.lk/product/thermaltake-la240-s-argb-sync-liquid-cooler/
NETAC BASIC DDR4 16GB 3200MHZ DESKTOP RAM ( 03 YEARS WARRANTY ),"Rs:28,000.00or 3 XRs:10,453.33with",Out of Stock,https://mdcomputers.lk/product/netac-basic-ddr4-16gb-3200mhz-desktop-ram/
TURBOGEAR TG2771 WHITE & BLACK GAMING CHAIR,"Rs:28,000.00Rs:32,000.00or 3 XRs:10,453.33with",Out of Stock,https://mdcomputers.lk/product/turbogear-tg2771-white-black-gaming-chair/
THERMALTAKE TH240 V2 ARGB SYNC LIQUID COOLER ( 03 years warranty ),"Rs:28,000.00Rs:30,000.00or 3 XRs:10,453.33with",Available / Check Site,https://mdcomputers.lk/product/thermaltake-th240-v2-argb-sync-liquid-cooler-03-years-warranty/
AMD RX570 4GB USED VGA ( RANDOM BRAND ),"Rs:28,000.00Rs:32,000.00or 3 XRs:10,453.33with",Out of Stock,https://mdcomputers.lk/product/amd-rx570-4gb-used-vga-random-brand/
ACER EK251Q – 24.5″ INCH IPS FHD (120Hz) MONITOR EK1,"Rs:28,500.00Rs:34,900.00or 3 XRs:10,640.00with",Out of Stock,https://mdcomputers.lk/product/acer-ek251q-e-24-5-inch-ips-fhd-100hz-monitor/
MSI Spatium M480 PRO 1TB PCIE 4.0 NVME M.2 SSD,"Rs:28,500.00or 3 XRs:10,640.00with",Out of Stock,https://mdcomputers.lk/product/msi-spatium-m480-pro-1tb-pcie-4-0-nvme-m-2-ssd/
ASUS VP229HF 22” IPS LED BRAND NEW  MONITOR -100Hz,"Rs:28,500.00Rs:29,000.00or 3 XRs:10,640.00with",Out of Stock,https://mdcomputers.lk/product/asus-vp229hf-22-ips-led-brand-new-monitor-100hz/
ASUS H110M-K DDR4 BRAND NEW MOTHERBOARD,"Rs:28,500.00or 3 XRs:10,640.00with",Available / Check Site,https://mdcomputers.lk/product/asus-h110m-k-ddr4-brand-new-motherboard/
MICROLAB X2 BT 2.1 BLUETOOTH SUBWOOFER (01y ),"Rs:28,500.00or 3 XRs:10,640.00with",Out of Stock,https://mdcomputers.lk/product/microlab-x2-bt-2-1-bluetooth-subwoofer-01y/
DELL ULTRASHAP U2424HE – 24 INCH FULL HD IPS FRAMELESS 120Hz USED MONITOR ( without cable ),"Rs:28,500.00or 3 XRs:10,640.00with",Out of Stock,https://mdcomputers.lk/product/dell-ultrashap-u2422he-24-inch-full-hd-ips-frameless-120hz-used-monitor-without-cable/
SAMSUNG INTEL CORE I3 4TH GEN USED BRANDED DESKTOP PC FULLSET,"Rs:28,900.00Rs:38,900.00or 3 XRs:10,789.33with",Out of Stock,https://mdcomputers.lk/product/samsung-intel-core-i3-4th-gen-used-branded-desktop-pc-fullset/
LOGITECH BRIO 300 FHD Webcam – GRAPHITE,"Rs:29,000.00or 3 XRs:10,826.67with",Available / Check Site,https://mdcomputers.lk/product/logitech-brio-300-fhd-webcam-graphite/
Computer Gaming TABLE,"Rs:29,000.00Rs:32,000.00or 3 XRs:10,826.67with",Out of Stock,https://mdcomputers.lk/product/new-design-best-sell-rgb-office-use-computer-gaming-desk-gamer-computer-desk-rgb-light-ly/
MICROLAB M700BT 2.1 Bluetooth SubWoofer (1 YEARS WARRANTY ),"Rs:29,000.00or 3 XRs:10,826.67with",Out of Stock,https://mdcomputers.lk/product/microlab-m700bt-2-1-bluetooth-subwoofer-1-years-warranty/
Antec P120 Performance Series Crystal White Case,"Rs:29,000.00or 3 XRs:10,826.67with",Available / Check Site,https://mdcomputers.lk/product/antec-p120-performance-series-crystal-white-case/
ASUS PRIME Z490 USED DUAL M.2 MOTHERBOARD,"Rs:29,000.00Rs:32,000.00or 3 XRs:10,826.67with",Out of Stock,https://mdcomputers.lk/product/gigabyte-z490-aorus-elite-used-motherboard/
GIGABYTE GP-P650G 650W 80 Plus Gold Certified Power Supply,"Rs:29,000.00Rs:35,000.00or 3 XRs:10,826.67with",Available / Check Site,https://mdcomputers.lk/product/gigabyte-gp-p650g-650w-80-plus-gold-certified-power-supply/
"AMD B450 Ultra Durable Motherboard with GbE LAN and Bandwidth Management, ​PCIe Gen3 x4 M.2, Anti-Sulfur Resistor Design​","Rs:29,000.00or 3 XRs:10,826.67with",Available / Check Site,https://mdcomputers.lk/product/amd-b450-ultra-durable-motherboard-with-gbe-lan-and-bandwidth-management-pcie-gen3-x4-m-2-anti-sulfur-resistor-design/
BRAND NEW 512GB NVME SSD ( RANDOM BRAND ),"Rs:29,000.00Rs:32,000.00or 3 XRs:10,826.67with",Out of Stock,https://mdcomputers.lk/product/used-512gb-nvme-ssd/
THERMALTAKE TH240 V2 ARGB SYN AIO BRAND NEW WHITE LIQUID COOLER (3y),"Rs:29,000.00Rs:32,000.00or 3 XRs:10,826.67with",Available / Check Site,https://mdcomputers.lk/product/thermaltake-th240-v2-argb-syn-aio-brand-new/
MICROLAB B77BT Bluetooth Speaker (1 YEARS WARRANTY ),"Rs:29,500.00or 3 XRs:11,013.33with",Out of Stock,https://mdcomputers.lk/product/microlab-b77bt-bluetooth-speaker-1-years-warranty/
CORSAIR VENGEANCE 32GB (1x32GB) DDR5 SO-DIMM 5600MHz Laptop Memory,"Rs:29,500.00or 3 XRs:11,013.33with",Out of Stock,https://mdcomputers.lk/product/corsair-vengeance-32gb-1x32gb-ddr5-so-dimm-5600mhz-laptop-memory/
LOVINGCOOL LC-360F CASING,"Rs:29,500.00or 3 XRs:11,013.33with",Available / Check Site,https://mdcomputers.lk/product/lovingcool-lc-360f-casing/
THERMALTAKE LA360 ARGB SYNC BRAND NEW LIQUID COOLER ( 03 y ),"Rs:29,500.00or 3 XRs:11,013.33with",Out of Stock,https://mdcomputers.lk/product/thermaltake-la360-argb-sync-brand-new-liqui/
DELL ULTRASHARP 24 INCH IPS FRAMELESS TYPE C USED MONITOR ( without cables ),"Rs:29,500.00or 3 XRs:11,013.33with",Out of Stock,https://mdcomputers.lk/product/dell-ultrasharp-24-inch-ips-frameless-used-monitor-without-cables/
NZXT H5 FLOW WHITE ATX MID TOWER CASE,"Rs:29,500.00or 3 XRs:11,013.33with",Out of Stock,https://mdcomputers.lk/product/nzxt-h5-2024-flow-edition-atx-mid-tower-white-casing-01-years-warranty/
NZXT H5 FLOW BLACK ATX MID TOWER CASE,"Rs:29,500.00or 3 XRs:11,013.33with",Out of Stock,https://mdcomputers.lk/product/nzxt-h5-2024-flow-edition-atx-mid-tower-black-case-01-year-warranty/
ADDLINK S70 512GB GEN3 NVME SSD,"Rs:29,500.00or 3 XRs:11,013.33with",Out of Stock,https://mdcomputers.lk/product/addlink-s70-512gb-gen3-nvme-ssd/
ANTEC SKELETON 360 ARGB BRAND NEW BLACK LIQUID COOLER,"Rs:29,500.00or 3 XRs:11,013.33with",Out of Stock,https://mdcomputers.lk/product/antec-skeleton-360-argb-brand-new-black-liquid-cooler/
FALCON 24 INCH FRAMELEES IPS MONITOR,"Rs:29,800.00or 3 XRs:11,125.33with",Out of Stock,https://mdcomputers.lk/product/falcon-24-inch-framelees-ips-monitor/
"COBALT StoneCold 240 All-In-One Liquid Cooler – 240mm, ARGB Sync, Black (CBT-SC24B)","Rs:30,000.00or 3 XRs:11,200.00with",Out of Stock,https://mdcomputers.lk/product/cobalt-stonecold-240-all-in-one-liquid-cooler-240mm-argb-sync-black-cbt-sc24b/
KOORUI 24″ E2411H 1080P IPS 120HZ BRAND NEW MONITOR,"Rs:30,000.00Rs:32,000.00or 3 XRs:11,200.00with",Out of Stock,https://mdcomputers.lk/product/koorui-24-e2411h-1080p-ips-120hz/
CORSAIR HS65 SURROUND WIRED GAMING HEADSER – CARBON ( 2 Years Warranty),"Rs:30,000.00or 3 XRs:11,200.00with",Available / Check Site,https://mdcomputers.lk/product/corsair-hs65-surround-wired-gaming-headser-carbon-2-years-warranty/
CORSAIR VENGEANCE 8GB (1x8GB) DDR5 SO-DIMM 4800MHz LAPTOP MEMORY,"Rs:30,000.00or 3 XRs:11,200.00with",Out of Stock,https://mdcomputers.lk/product/corsair-vengeance-8gb-1x8gb-ddr5-so-dimm-4800mhz-laptop-memory-2/
Corsair M75 RGB Lightweight Gaming Mouse,"Rs:30,000.00or 3 XRs:11,200.00with",Available / Check Site,https://mdcomputers.lk/product/corsair-m75-rgb-lightweight-gaming-mouse/
Gigabyte Aorus Gen4 7300 1TB BRAND NEW NVMe SSD,"Rs:30,000.00or 3 XRs:11,200.00with",Out of Stock,https://mdcomputers.lk/product/gigabyte-aorus-gen4-7300-1tb-brand-new-nvme-ssd/
PALIT NVIDIA GEFORCE GTX970 4GB JETSTREAM USED VGA,"Rs:30,000.00Rs:35,000.00or 3 XRs:11,200.00with",Out of Stock,https://mdcomputers.lk/product/palit-nvidia-geforce-gtx970-4gb-jetstream-used-vga/
ANTEC C5 ARGB BLACK GAMING CASING,"Rs:30,000.00or 3 XRs:11,200.00with",Out of Stock,https://mdcomputers.lk/product/antec-c5-argb-black-gaming-casing/
MSI PRO MP243L E14 23.8 INCH FHD 144Hz IPS BRAND NEW MONITOR ( 01 year warranty ),"Rs:30,000.00Rs:34,500.00or 3 XRs:11,200.00with",Out of Stock,https://mdcomputers.lk/product/msi-pro-mp243l-e14-23-8-inch-fhd-144hz-ips-brand-new-monitor-01-year-warranty/
ASUS PRIME Z370-P II BRAND NEW MOTHERBOARD (1 YEAR WARRANTY),"Rs:30,500.00or 3 XRs:11,386.67with",Out of Stock,https://mdcomputers.lk/product/asus-prime-z370-p-ii-8th-9th-gen-motherboard/
LEXAR NM620 2TB M.2 2280 PCI-E x4 Gen3 NVMe,"Rs:30,500.00Rs:34,000.00or 3 XRs:11,386.67with",Out of Stock,https://mdcomputers.lk/product/lexar-nm620-2tb-m-2-2280-pci-e-x4-gen3-nvme/
ASUS PRIME H310M-K BRAND NEW MOTHERBOARD,"Rs:30,500.00or 3 XRs:11,386.67with",Available / Check Site,https://mdcomputers.lk/product/asus-prime-h310m-k-brand-new-motherboard/
GIGABYTE AORUS Gen4 5000E 1TB NVMe SSD,"Rs:30,500.00Rs:32,500.00or 3 XRs:11,386.67with",Out of Stock,https://mdcomputers.lk/product/gigabyte-aorus-gen4-5000e-1tb-nvme-ssd/
GTX970 4GB USED VGA CARD,"Rs:31,000.00or 3 XRs:11,573.33with",Out of Stock,https://mdcomputers.lk/product/used-gigabyte-gtx970-4gb-vga-card/
EMARK EW2427SH 23.8” INCH IPS BRAND NEW MONITOR ( 03 YEARS WARRATNY ),"Rs:31,000.00or 3 XRs:11,573.33with",Out of Stock,https://mdcomputers.lk/product/emark-ew2427sh-23-8-inch-ips-brand-new-monitor-03-years-warratny/
JBL Mic 300 UHF Microphone,"Rs:31,500.00Rs:35,500.00or 3 XRs:11,760.00with",Out of Stock,https://mdcomputers.lk/product/jbl-mic-300-uhf-microphone/
BRAND NEW DESKTOP HDD – WD 4TB PURPLE ( 3YEARS WARRANTY ),"Rs:31,500.00or 3 XRs:11,760.00with",Out of Stock,https://mdcomputers.lk/product/brand-new-desktop-hdd-wd-4tb-purple-3years-warranty/
Elgato Game Capture Neo (2 Years Warranty),"Rs:31,500.00or 3 XRs:11,760.00with",Available / Check Site,https://mdcomputers.lk/product/elgato-game-capture-neo-2-years-warranty/
MSI MAG CORELIQUID ARGB A13 360mm CPU Liquid Cooler White ( 3 YEARS WARRANTY ),"Rs:31,500.00or 3 XRs:11,760.00with",Out of Stock,https://mdcomputers.lk/product/msi-mag-coreliquid-argb-a13-360mm-cpu-liquid-cooler-white-3-years-warranty/
NZXT H6 Flow Edition ATX Mid Tower White Case,"Rs:31,500.00or 3 XRs:11,760.00with",Available / Check Site,https://mdcomputers.lk/product/nzxt-h6-flow-edition-atx-mid-tower-white-case/
Corsair EX100U 1TB Type-C Portable Solid-State Storage Drive (Read/Write Up To 1500MB/S),"Rs:31,500.00or 3 XRs:11,760.00with",Out of Stock,https://mdcomputers.lk/product/corsair-ex100u-1tb-type-c-portable-solid-state-storage-drive-read-write-up-to-1500mb-s/
Elgato Wave Neo USB Condenser Microphone,"Rs:31,500.00or 3 XRs:11,760.00with",Available / Check Site,https://mdcomputers.lk/product/elgato-wave-neo-usb-condenser-microphone/
ASTROSHEL V2G 360 BLACK LIQUID COOLER ( 03 Years Warranty ),"Rs:31,500.00Rs:33,000.00or 3 XRs:11,760.00with",Out of Stock,https://mdcomputers.lk/product/astroshel-v2g-360-black-liquid-cooler-03-years-warranty/
DATO DDR4 16GB 3200MHz BRAND NEW DESKTOP RAM ( 03y ),"Rs:31,500.00Rs:33,500.00or 3 XRs:11,760.00with",Out of Stock,https://mdcomputers.lk/product/dato-ddr4-16gb-3200mhz-brand-new-desktop-ram-03y/
JEDEL BLACK GAMING CHAIR,"Rs:31,500.00or 3 XRs:11,760.00with",Out of Stock,https://mdcomputers.lk/product/jedel-black-gaming-chair/
REDRAGON ARTEMIS K719AK PRO MECHANICAL KEYBOARD,"Rs:31,500.00or 3 XRs:11,760.00with",Out of Stock,https://mdcomputers.lk/product/redragon-artemis-k719ak-pro-mechanical-keyboard/
HP DJ 2875 3 IN 1 W/L B/T BRAND NEW PRINTER ( 1 year warranty ),"Rs:31,500.00Rs:35,000.00or 3 XRs:11,760.00with",Available / Check Site,https://mdcomputers.lk/product/hp-dj-2875-3-in-1-w-l-b-t-brand-new-printer-1-year-warranty/
ASUS ROG DELTA S CORE GAMING HEAD PHONE(1y),"Rs:31,700.00or 3 XRs:11,834.67with",Out of Stock,https://mdcomputers.lk/product/asus-rog-delta-s-core-gaming-head-phone1y/
MSI PRO MP251L E2 24.5″INCH 120Hz 1MS FHD ULTRA SLIM FRAMLESS MONITOR (3 YEARS WARRANTY),"Rs:32,000.00Rs:34,500.00or 3 XRs:11,946.67with",Out of Stock,https://mdcomputers.lk/product/msi-pro-mp251-e2-24-5-120hz-ultra-slim-bezel-monitor/
GIGABYTE  GTX970 4GB  USED GRAPHICS CARD,"Rs:32,000.00Rs:35,000.00or 3 XRs:11,946.67with",Out of Stock,https://mdcomputers.lk/product/zotac-geforce-gtx970-4gb-amp-extreme-used-vga/
GIGABYTE H610M K V2 DDR5 BRAND NEW MOTHERBOARD ( 3 years warranty ),"Rs:32,000.00or 3 XRs:11,946.67with",Available / Check Site,https://mdcomputers.lk/product/gigabyte-h610m-k-v2-ddr5-brand-new-motherboard-3-years-warranty/
SEAGATE EXPANSION 2TB EXTERNAL BRAND NEW HDD ( 02 YEARS WARRANTY ),"Rs:32,000.00or 3 XRs:11,946.67with",Out of Stock,https://mdcomputers.lk/product/seagate-expansion-2tb-external-brand-new-hdd-03-years-warranty/
HP PRODESK 400 G2 CORE I3 6TH GEN USED BRANDED DESKTOP PC,"Rs:32,000.00Rs:35,000.00or 3 XRs:11,946.67with",Out of Stock,https://mdcomputers.lk/product/hp-prodesk-400-g2-core-i3-6th-gen-used-branded-desktop-pc/
THERMALTAKE LA360-S ARGB SYNC BRAND NEW LIQUID COOLER ( 3y ),"Rs:32,000.00Rs:34,000.00or 3 XRs:11,946.67with",Out of Stock,https://mdcomputers.lk/product/thermaltake-la360-s-argb-sync-brand-new-liq/
LENOVO THINKVISION P24q-20  24″INCH WIDE 2K QHD IPS FRAMELESS HDMI USED MONITOR ( without cables ),"Rs:32,000.00or 3 XRs:11,946.67with",Out of Stock,https://mdcomputers.lk/product/lenovo-thinkvision-p24q-20-24%e2%80%b3inch-wide-2k-qhd-ips-frameless-hdmi-used-monitor/
"ASUS VA24EHF A 24 INCH FULL HD IPS LEVEL 100Hz FRAMELESS, ADAPTIVE-SYNC BRAND NEW MONITOR ( 3 years warranty )","Rs:32,000.00or 3 XRs:11,946.67with",Out of Stock,https://mdcomputers.lk/product/asus-va24ehf-a-24-inch-full-hd-ips-level-100hz-frameless-adaptive-sync-brand-new-monitor-3-years-warranty/
HP 24 INCH P24h G4 IPS BRAND NEW MONITOR ( 01 YEAER WARRANTY ),"Rs:32,000.00or 3 XRs:11,946.67with",Out of Stock,https://mdcomputers.lk/product/hp-24-inch-p24h-g4-ips-brand-new-monitor-01-yeaer-warranty/
ADATA SD620 512GB EXTERNAL BRAND NEW SSD ( 3 years Warranty),"Rs:32,000.00or 3 XRs:11,946.67with",Out of Stock,https://mdcomputers.lk/product/adata-sd620-512gb-external-brand-new-ssd-3/
ZOTAC GTX970 4GB USED GRAPHICS CARD,"Rs:32,000.00Rs:35,000.00or 3 XRs:11,946.67with",Out of Stock,https://mdcomputers.lk/product/zotac-gtx970-4gb-used-graphics-card/
MSI PRO (MP251) 25″ 1080P 100HZ PROFESSIONAL BUSINESS MONITOR,"Rs:32,500.00Rs:45,000.00or 3 XRs:12,133.33with",Out of Stock,https://mdcomputers.lk/product/msi-pro-mp251-25-1080p-100hz-professional-business-monitor/
MICROLAB T10 2.1 SUB WOOFER,"Rs:32,500.00Rs:40,500.00or 3 XRs:12,133.33with",Out of Stock,https://mdcomputers.lk/product/microlab-t10-2-1-sub-woofer/
SAMSUMG 80 PCIe®3.0 NVMe®SSD 1TB SSD,"Rs:32,500.00or 3 XRs:12,133.33with",Out of Stock,https://mdcomputers.lk/product/samsumg-80-pcie3-0-nvmessd-1tb-ssd/
WD MY PASSPORT 2TB EXTERNAL BRAND NEW HARD DISK,"Rs:32,500.00or 3 XRs:12,133.33with",Out of Stock,https://mdcomputers.lk/product/wd-my-passport-2tb-external-brand-new-hard-disk/
USED GTX1060 3GB VGA ( RANDOM BRAND ),"Rs:32,500.00Rs:34,500.00or 3 XRs:12,133.33with",Out of Stock,https://mdcomputers.lk/product/used-gtx1060-3gb-vga-random-brand/
THERMALTAKE VIEW 380 TG ARGB MID-TOWER CHASSIS SNOW CASE,"Rs:32,500.00Rs:36,500.00or 3 XRs:12,133.33with",Available / Check Site,https://mdcomputers.lk/product/thermaltake-view-380-tg-argb-mid-tower-chassis-snow-case/
THERMALTAKE VIEW 380 TG ARGB MIDE-TOWER CHASSIS BLACK CASE WITH 04 ARGB FANS,"Rs:32,500.00Rs:38,500.00or 3 XRs:12,133.33with",Available / Check Site,https://mdcomputers.lk/product/thermaltake-view-380-tg-argb-mide-tower-chassis-black-case-with-04-argb-fans/
INTEL CORE I5-10400F USED PROCESSOR,"Rs:33,000.00Rs:35,000.00or 3 XRs:12,320.00with",Out of Stock,https://mdcomputers.lk/product/intel-core-i5-10400f-processor/
JBL Flip 6 Wireless Speaker,"Rs:33,000.00or 3 XRs:12,320.00with",Out of Stock,https://mdcomputers.lk/product/jbl-flip-6-wireless-speaker/
GTX1050TI 4GB USED GRAPHICS CARD ( RANDOM BRAND ),"Rs:33,000.00Rs:37,000.00or 3 XRs:12,320.00with",Out of Stock,https://mdcomputers.lk/product/gigabyte-gtx1050ti-4gb-used-graphics-card/
ASUS VY249HGR 23’8”INCH FULL HD IPS LEVEL 120Hz ADAPTIVE SYNC BRAND NEW MONITOR,"Rs:33,200.00or 3 XRs:12,394.67with",Out of Stock,https://mdcomputers.lk/product/asus-vy249hgr-238inch-full-hd-ips-level-120hz-adaptive-sync-monitor/
CORSAIR VENGEANCE 32GB (1X32GB) DDR5 SO-DIMM 4800MHZ LAPTOP MEMORY,"Rs:33,500.00or 3 XRs:12,506.67with",Out of Stock,https://mdcomputers.lk/product/corsair-vengeance-32gb-1x32gb-ddr5-so-dimm-4800mhz-laptop-memory/
MEETION CHR05 BRAND NEW GAMING CHAIR,"Rs:33,500.00Rs:35,000.00or 3 XRs:12,506.67with",Out of Stock,https://mdcomputers.lk/product/meetion-chr05-brand-new-gaming-chair/
Corsair SCIMITAR RGB Elite Optical MOBA/MMO Gaming Mouse – Black,"Rs:33,500.00or 3 XRs:12,506.67with",Available / Check Site,https://mdcomputers.lk/product/corsair-scimitar-rgb-elite-optical-moba-mmo-gaming-mouse-black/
KOORUI E2411K 24INCH 144HZ IPS BRAND NEW MONITOR ( 03 YEARS WARRANTY ),"Rs:33,500.00Rs:37,500.00or 3 XRs:12,506.67with",Out of Stock,https://mdcomputers.lk/product/koorui-e2411k-24inch-144hz-ips-brand-new-monitor/
CORE I3 4TH GEN GAMING PC BUILD WITH FREE RAM ( CHRISTMAS OFFER ),"Rs:33,500.00Rs:37,500.00or 3 XRs:12,506.67with",Out of Stock,https://mdcomputers.lk/product/core-i3-4th-gen-gaming-pc-build-with-free-ram-christmas-offer/
ARMAGGEDON AQUARON X-CURVE GIGA 10 WHITE GAMING CASING,"Rs:33,500.00or 3 XRs:12,506.67with",Out of Stock,https://mdcomputers.lk/product/armaggedon-aquaron-x-curve-giga-10-white-gaming-casing/
SEAGATE 4TB SkyHawk Surveillance Hard Disk Drive BRAND NEW,"Rs:34,000.00Rs:37,000.00or 3 XRs:12,693.33with",Out of Stock,https://mdcomputers.lk/product/seagate-4tb-skyhawk-surveillance-hard-disk-drive/
ZOTAC GAMING GeForce GTX1630 4GB USED GHAPHICS CARD ( single fan ),"Rs:34,000.00Rs:37,000.00or 3 XRs:12,693.33with",Out of Stock,https://mdcomputers.lk/product/zotac-gaming-geforce-gtx1630-4gb-used-ghaphics-card-single-fan/
ASTROSHEL V2G 360 WHITE LIQUID COOLER ( 03 Years Warranty ),"Rs:34,000.00or 3 XRs:12,693.33with",Out of Stock,https://mdcomputers.lk/product/astroshel-v2g-360-white-liquid-cooler-03-years-warranty/
THERMALTAKE TR100 MINI TOWER BLACK GAMING CASING,"Rs:34,000.00Rs:38,500.00or 3 XRs:12,693.33with",Available / Check Site,https://mdcomputers.lk/product/thermaltake-tr100-mini-tower-black-gaming-casing/
DELL 27 INCH 2K FRAMELESS IPS USED MONITOR  ( DELIVERY NOT AVAILABLE ),"Rs:34,500.00Rs:49,000.00or 3 XRs:12,880.00with",Out of Stock,https://mdcomputers.lk/product/dell-up2716d-27-inch-2k-monitor/
Corsair 3500X ARGB Mid-Tower Case – Black (2 Years Warranty),"Rs:34,500.00Rs:35,000.00or 3 XRs:12,880.00with",Available / Check Site,https://mdcomputers.lk/product/corsair-3500x-argb-mid-tower-case-black-2-years-warranty/
GTX1060 3GB USED VGA ( RANDOM BRAND ),"Rs:34,500.00or 3 XRs:12,880.00with",Out of Stock,https://mdcomputers.lk/product/msi-gtx1060-3gb-oc-used-vga/
WD MY PASSPORT 1TB EXTERNAL BRAND NEW HARD DISK,"Rs:34,500.00or 3 XRs:12,880.00with",Out of Stock,https://mdcomputers.lk/product/wd-my-passport-1tb-external-brand-new-hard-disk/
Corsair A115 TWIN 120mm CPU AIR Cooler (5 YEARS WARRANTY),"Rs:34,500.00or 3 XRs:12,880.00with",Out of Stock,https://mdcomputers.lk/product/corsair-a115-twin-120mm-cpu-air-cooler-5-years-warranty/
WD BLUE SN580 500GB BRAND NEW NVME SSD,"Rs:34,500.00Rs:35,900.00or 3 XRs:12,880.00with",Out of Stock,https://mdcomputers.lk/product/wd-blue-sn580-500gb-brand-new-nvme-ssd/
GIGABYTE GS25F14 24.5″ IPS 144Hz BRAND NEW GAMING MONITOR ( 03 YEARS WARRANTY ),"Rs:34,500.00Rs:37,500.00or 3 XRs:12,880.00with",Out of Stock,https://mdcomputers.lk/product/gigabyte-gs25f14-24-5%e2%80%b3-ips-144hz-brand-new-gaming-monitor/
TURBOJEAR TB772 WHITE & BLACK GAMING CHAIR WITH ADJUSTABLE ARM & BACKREST AND RETRACTABLE FOOTREST,"Rs:34,500.00or 3 XRs:12,880.00with",Out of Stock,https://mdcomputers.lk/product/turbojear-tb772-white-black-gaming-chair-with-adjustable-arm-backrest-and-retractable-footrest/
ASUS ROG GTX1050TI 4GB USED GRAPHICS CARD,"Rs:34,500.00or 3 XRs:12,880.00with",Out of Stock,https://mdcomputers.lk/product/asus-gtx1050ti-4gb-used-graphics-card-price/
ASROCK A620AM-HVS BRAND NEW MOTHERBOARD ( 03 Years Warranty ),"Rs:34,500.00Rs:36,000.00or 3 XRs:12,880.00with",Available / Check Site,https://mdcomputers.lk/product/asrock-a620am-hvs-brand-new-motherboard-03/
COOLER MASTER MASTERBOX TD500 ARGB MID-TOWER CASE,"Rs:35,000.00or 3 XRs:13,066.67with",Available / Check Site,https://mdcomputers.lk/product/cooler-master-masterbox-td500-argb-mid-tower-case/
CRUCIAL DDR5 8GB (4800Mhz ) BRAND NEW LAPTOP MEMORY,"Rs:35,000.00Rs:39,000.00or 3 XRs:13,066.67with",Out of Stock,https://mdcomputers.lk/product/crucial-ram-8gb-ddr5-4800mhz-laptop-memory/
Corsair 3500X ARGB Mid-Tower Case – White (2 Years Warranty),"Rs:35,000.00or 3 XRs:13,066.67with",Available / Check Site,https://mdcomputers.lk/product/corsair-3500x-argb-mid-tower-case-white-2-years-warranty/
SEAGATE  EXPANSION 1TB BRAND NEW HDD ( 03 years warranty ),"Rs:35,000.00Rs:39,000.00or 3 XRs:13,066.67with",Out of Stock,https://mdcomputers.lk/product/seagate-expansion-1tb-hdd-03-years-warranty/
KINGSTON DDR5 16GB 4800MHZ SODIMM ( 2 x 8GB ) KVR48S40BS6K2 – 16 BRAND NEW LAPTOP RAM( 03 YEARS WARRANTY ),"Rs:35,000.00or 3 XRs:13,066.67with",Out of Stock,https://mdcomputers.lk/product/kingston-ddr5-16gb-4800mhz-sodimm-2-x-8gb-kvr48s40bs6k2-16-brand-new-laptop-ram-03-years-warranty/
THERMALTAKE TR100 MINI TOWER SNOW WHITE GAMING CASING,"Rs:35,000.00Rs:39,000.00or 3 XRs:13,066.67with",Available / Check Site,https://mdcomputers.lk/product/thermaltake-tr100-mini-tower-snow-white-gaming-casing/
ASROCK H610M-X D5 GEN5 WiFi BRAND NEW MOTHERBOARD ( 03 Years Warranty ),"Rs:35,000.00Rs:37,000.00or 3 XRs:13,066.67with",Available / Check Site,https://mdcomputers.lk/product/asrock-h610m-x-d5-gen5-wifi-brand-new-motherboard/
MSI MAG Pano M100R PZ Mid-Tower White Case (2 Years Warranty),"Rs:35,500.00or 3 XRs:13,253.33with",Available / Check Site,https://mdcomputers.lk/product/msi-mag-pano-m100r-pz-mid-tower-white-case-2-years-warranty/
NZXT H9 Elite Edition RGB ATX Mid Tower Premium Black Case (2 Years Warranty),"Rs:35,500.00Rs:68,000.00or 3 XRs:13,253.33with",Out of Stock,https://mdcomputers.lk/product/nzxt-h9-elite-edition-rgb-atx-mid-tower-premium-black-case-2-years-warranty/
Asus SBW-06D2X-U Portable 6X External BLU-RAY DVD Writer (Compatible Windows & Mac OS),"Rs:35,500.00or 3 XRs:13,253.33with",Available / Check Site,https://mdcomputers.lk/product/asus-sbw-06d2x-u-bluray-external-dvd-writer-1y/
ELGATO CAM LINK 4K CAPTURE CARD ( 2 year warranty),"Rs:35,500.00or 3 XRs:13,253.33with",Available / Check Site,https://mdcomputers.lk/product/elgato-cam-link-4k-capture-card-2-year-warranty/
THERMALTAKE TH360 V2 ARGB SYNC ALL-IN-ONE SNOW LIQUID COOLER ( 03 years warranty ),"Rs:35,500.00Rs:37,500.00or 3 XRs:13,253.33with",Available / Check Site,https://mdcomputers.lk/product/thermaltake-th360-v2-argb-sync-all-in-one-s/
GAMDIAS HELIOS P1A-850G 850W 80 PLUS GOLD CERTIFIED POWER SUPPLY ( 03 YEARS WARRANTY ),"Rs:36,000.00or 3 XRs:13,440.00with",Out of Stock,https://mdcomputers.lk/product/gamdias-helios-p1a-850g-850w-80-plus-gold-certified-power-supply-2/
USED GTX1060 6GB VGA  ( SINGLE FAN),"Rs:36,000.00Rs:39,000.00or 3 XRs:13,440.00with",Out of Stock,https://mdcomputers.lk/product/used-gtx1060-6gb-vga-single-fan/
TRANSCEND 2TB EXTERNAL HARD DISK,"Rs:36,000.00or 3 XRs:13,440.00with",Out of Stock,https://mdcomputers.lk/product/transcend-2tb-external-hard-disk-3/
GIGABYTE GP-UD750GM 750W 80 Plus Gold Certified Power Supply (3y),"Rs:36,000.00Rs:42,000.00or 3 XRs:13,440.00with",Available / Check Site,https://mdcomputers.lk/product/gigabyte-gp-ud750gm-750w-80-plus-gold-certified-power-supply-3y/
LEXAR® NQ790 PCIe 4.0 BRAND NEW 2TB NVME SSD ( 03y ),"Rs:36,000.00or 3 XRs:13,440.00with",Out of Stock,https://mdcomputers.lk/product/lexar-nq790-pcie-4-0-brand-new-2tb-nvme-ssd-03y/
SEAGATE SKYHAWK 4TB REPUBLISH DESKTOP HARD DISK ( 01 year warranty ),"Rs:36,000.00or 3 XRs:13,440.00with",Out of Stock,https://mdcomputers.lk/product/seagate-skyhawk-4tb-brand-new-desktop-hard-disk-01-year-warranty/
THERMALTAKE TH360 V3 ARGB SYNC SNOW BRAND NEW LIQUID COOLER ( 03 years warranty ),"Rs:36,000.00Rs:38,000.00or 3 XRs:13,440.00with",Available / Check Site,https://mdcomputers.lk/product/thermaltake-th360-v3-argb-sync-snow-liquid/
THERMALTAKE CERES  300 TG MID – TOWER A-RGB MATCHA GREEN GAMING CASING WITH 02 ARGB 140MM Fans & 01 EXHAUST FAN,"Rs:36,000.00Rs:42,000.00or 3 XRs:13,440.00with",Available / Check Site,https://mdcomputers.lk/product/thermaltake-ceres-300-tg-mid-tower-a-rgb-matcha-green-gaming-casing-with-02-argb-140mm-fans-01-exhaust-fan/
THERMALTAKE VIEW 290 TG ARGB MID-TOWER CHASSIS BLACK CASIN,"Rs:36,000.00Rs:43,000.00or 3 XRs:13,440.00with",Available / Check Site,https://mdcomputers.lk/product/thermaltake-view-290-tg-argb-mid-tower-chassis-black-casin/
THERMALTAKE CERES 300 TG ARGB SNOW MID TOWER CHASSIS CASING,"Rs:36,000.00Rs:42,000.00or 3 XRs:13,440.00with",Available / Check Site,https://mdcomputers.lk/product/thermaltake-ceres-300-tg-argb-snow-mid-tower-chassis-casing/
TWINMOS 8GB DDR5 5600MHz NOTEBOOK RAM ( 03 YEARS WARRANTY ),"Rs:36,500.00or 3 XRs:13,626.67with",Out of Stock,https://mdcomputers.lk/product/twinmos-8gb-ddr5-5600mhz-notebook-ram-03-years-warranty/
GAMIDIAS ATLAS P6 CG ARGB MID-TOWER CASE,"Rs:36,500.00Rs:38,000.00or 3 XRs:13,626.67with",Out of Stock,https://mdcomputers.lk/product/gamidias-atlas-p6-cg-argb-mid-tower-case/
SONICGEAR HYPERBOX 1200 PRO BRAND NEW SPEAKER,"Rs:36,500.00Rs:36,900.00or 3 XRs:13,626.67with",Out of Stock,https://mdcomputers.lk/product/sonicgear-hyperbox-1200-pro-brand-new-speaker/
MSI Spatium M450 V1 2TB PCIE 4.0 NVME M.2 SSD,"Rs:37,000.00or 3 XRs:13,813.33with",Out of Stock,https://mdcomputers.lk/product/msi-spatium-m450-v1-2tb-pcie-4-0-nvme-m-2-ssd/
MSI H510M PRO-E  DDR5 BRAND NEW MOTHERBOARD,"Rs:37,000.00Rs:38,000.00or 3 XRs:13,813.33with",Out of Stock,https://mdcomputers.lk/product/msi-h510m-pro-e-ddr5-brand-new-motherboard/
INTEL CORE I5 11TH GEN ( 11400 ) USED PROCESSOR ( 03 month warranty ),"Rs:37,000.00Rs:39,000.00or 3 XRs:13,813.33with",Out of Stock,https://mdcomputers.lk/product/intel-core-i5-11th-gen-11400-used-processor-03-month-warranty/
ASUS TUF GAMING AS1000 Plus 1TB Type-C Portable SSD ( 3 YEARS WARRANTY),"Rs:37,000.00or 3 XRs:13,813.33with",Out of Stock,https://mdcomputers.lk/product/asus-tuf-gaming-as1000-plus-1tb-type-c-portable-ssd-3-years-warranty/
MICROLAB B70BT BLUETOOTH SPEAKER,"Rs:37,000.00or 3 XRs:13,813.33with",Out of Stock,https://mdcomputers.lk/product/microlab-b70bt-bluetooth-speaker/
LENOVO THINKVISION P24q-30 24″INCH  2K WQHD MONITOR – WITH BOX ( 01 year warranty ),"Rs:37,000.00Rs:39,500.00or 3 XRs:13,813.33with",Out of Stock,https://mdcomputers.lk/product/lenovo-thinkvision-p24q-30-24%e2%80%b3inch-2k-wqhd-brand-new-monitor-01-year-warranty/
ANTEC FLUX PRO EUV BLACK GAMING CASING,"Rs:37,000.00Rs:39,500.00or 3 XRs:13,813.33with",Out of Stock,https://mdcomputers.lk/product/antec-flux-pro-euv-black-gaming-casing/
THERMALTAKE VIEW 290 TG ARGB MID-TOWER CHASSIS SNOW CASE,"Rs:37,000.00Rs:42,000.00or 3 XRs:13,813.33with",Available / Check Site,https://mdcomputers.lk/product/thermaltake-view-290-tg-argb-mid-tower-chassis-snow-case/
THERMALTAKE TH360-S V3 ARGB SYNC LIQUID COOLER ( 03 years warranty ),"Rs:37,000.00or 3 XRs:13,813.33with",Available / Check Site,https://mdcomputers.lk/product/thermaltake-th360-s-v3-argb-sync-liquid-cooler-03-years-warranty/
THERMALTAKE CERES 350 MX MID TOWER CHASSIS Black Gaming Casing With 02 ARGB 140MM Fans & 01 Exhaust Fan,"Rs:37,000.00Rs:42,000.00or 3 XRs:13,813.33with",Available / Check Site,https://mdcomputers.lk/product/thermaltake-ceres-350-mx-mid-tower-chassis-black-gaming-casing-with-02-argb-140mm-fans-01-exhaust-fan/
KOORUI E2711F 27 INCH 1080P IPS 100HZ 27INCH BRAND NEW MONITOR,"Rs:37,400.00or 3 XRs:13,962.67with",Out of Stock,https://mdcomputers.lk/product/koorui-27-e2711f-1080p-ips-100hz/
AMD RYZEN™ 5 4600G BRAND NEW TRAY PROCESSOR,"Rs:37,500.00Rs:40,000.00or 3 XRs:14,000.00with",Out of Stock,https://mdcomputers.lk/product/amd-ryzen-5-4600g-brand-new-processor/
Ext Hard Wd 4tb Ext My Passport (2y),"Rs:37,500.00or 3 XRs:14,000.00with",Out of Stock,https://mdcomputers.lk/product/ext-hard-wd-4tb-ext-my-passport-2y/
ADATA DDR4 16GB 3200MHz SO-DIMM BRAND NEW LAPTOP MEMORY ( 03 Years Warranty ),"Rs:37,500.00Rs:39,000.00or 3 XRs:14,000.00with",Out of Stock,https://mdcomputers.lk/product/adata-16gb-1x16gb-ddr4-3200mhz-so-dimm-laptop-memory/
ACER EK271-27″ IPS FULL HD BRAND NEW MONITOR,"Rs:37,500.00Rs:38,900.00or 3 XRs:14,000.00with",Out of Stock,https://mdcomputers.lk/product/acer-ek271-27-brand-new-monitor-fullhd/
GIGABYTE B760M E DDR5 ULTRA DURABLE BRAND NEW MOTHERBOARD ( 3 years warranty ),"Rs:37,500.00or 3 XRs:14,000.00with",Available / Check Site,https://mdcomputers.lk/product/gigabyte-b760m-e-ddr5-ultra-durable-brand-new-motherboard-3-years-warranty/
ANTEC GSK850 850W ATX3.1 FULLY MODULAR 80+ GOLD BRAND NEW POWER SUPPLY,"Rs:37,500.00or 3 XRs:14,000.00with",Out of Stock,https://mdcomputers.lk/product/antec-gsk850-850w-atx3-1-fully-modular-80-gold-brand-new-power-supply/
Corsair M75 Air RGB Lightweight Wireless Gaming Mouse,"Rs:38,000.00or 3 XRs:14,186.67with",Available / Check Site,https://mdcomputers.lk/product/corsair-m75-air-rgb-lightweight-wireless-gaming-mouse/
ELGATO GAME CAPTURE NEO FHD USB PORTABLE CAPTURE CARD ( 2 Years Warranty ),"Rs:38,000.00or 3 XRs:14,186.67with",Available / Check Site,https://mdcomputers.lk/product/elgato-game-capture-neo-fhd-usb-portable-capture-card-2-years-warranty/
ADDLINK S90 LITE 512GB PCIE GEN 4 X4 NVME SSD,"Rs:38,000.00Rs:42,500.00or 3 XRs:14,186.67with",Out of Stock,https://mdcomputers.lk/product/addlink-s90-lite-512gb-pcie-gen-4-x4-nvme-ssd/
THERMALTAKE TH360-S V3 ARGB SYNC WHITE LIQUID COOLER ( 03 years warranty ),"Rs:38,000.00Rs:39,000.00or 3 XRs:14,186.67with",Available / Check Site,https://mdcomputers.lk/product/thermaltake-th360-s-v3-argb-sync-white-liquid-cooler-03-years-warranty/
DAHUA DHI-LM27-B201S 27” FHD IPS 100Hz MONITOR (3Y),"Rs:38,500.00Rs:41,500.00or 3 XRs:14,373.33with",Available / Check Site,https://mdcomputers.lk/product/dahua-dhi-lm27-b201s-27-fhd-ips-100hz-monitor3y/
CORSAIR MP600 PRO XT 1TB PCLE GEN4 M.2 BRAND NEW NVME SSD,"Rs:38,500.00or 3 XRs:14,373.33with",Out of Stock,https://mdcomputers.lk/product/corsair-mp600-pro-xt-1tb-pcle-gen4-m-2-brand-new-nvme-ssd/
SAMSUNG 990 PRO 1TB PCIe 4.0 BRAND NEW NVMe SSD,"Rs:38,500.00or 3 XRs:14,373.33with",Out of Stock,https://mdcomputers.lk/product/samsung-990-pro-1tb-pcie-4-0-brand-new-nvme-ssd/
ASUS PRIME B450M-A II (DDR4) MOTHERBOARD ( 3 YEARS WARRANTY ),"Rs:38,500.00or 3 XRs:14,373.33with",Out of Stock,https://mdcomputers.lk/product/asus-prime-b450m-a-ii-ddr4-motherboard-3-years-warranty/
KOORUI E2712K 27 INCH FULL HD 144Hz GAMING OFFICE MONITOR,"Rs:38,500.00Rs:43,000.00or 3 XRs:14,373.33with",Out of Stock,https://mdcomputers.lk/product/koorui-e2712k-27-inch-full-hd-144hz-gaming-office-monitor/
ACER  KA272 GOBI 27“INCH  IPS FHD MONITOR,"Rs:38,900.00Rs:39,900.00or 3 XRs:14,522.67with",Available / Check Site,https://mdcomputers.lk/product/acer-ka272-gobi-27inch-ips-fhd-monitor/
MICROLAB FC570BT – MULTIMEDIA SPEAKER SYSTEM,"Rs:38,900.00or 3 XRs:14,522.67with",Out of Stock,https://mdcomputers.lk/product/microlab-fc570bt-multimedia-speaker-system/
DAHUA LM27-B221B 27” FHD BRAND NEW MONITOR ( 03 YEARS WARRANTY ),"Rs:38,900.00Rs:39,000.00or 3 XRs:14,522.67with",Out of Stock,https://mdcomputers.lk/product/dahua-lm27-b221b-27-fhd-brand-new-monitor-03-years-warranty/
TwinMOS 32GB 3200MHz DDR4 LAPTOP RAM,"Rs:39,000.00Rs:42,000.00or 3 XRs:14,560.00with",Out of Stock,https://mdcomputers.lk/product/twinmos-32gb-3200mhz-ddr4-laptop-ram/
LEXAR DDR4 16GB ( 3200MHz) BRAND NEW DESKTOP RAM,"Rs:39,000.00or 3 XRs:14,560.00with",Out of Stock,https://mdcomputers.lk/product/lexar-16gb-ddr4-3200mhz-desktop-ram/
KOORUI 24″ G2411P IPS FHD 200Hz BRAND NEW GAMING MONITOR,"Rs:39,000.00Rs:40,000.00or 3 XRs:14,560.00with",Out of Stock,https://mdcomputers.lk/product/koorui-24-g2411p-ips-fhd-200hz-brand-new-gaming-monitor/
SAMSUNG 990 EVO PLUS 1TB NVME M.2 SSD ( 3 YEARS WARRANTY ),"Rs:39,000.00or 3 XRs:14,560.00with",Out of Stock,https://mdcomputers.lk/product/samsung-990-evo-1tb-pcie-4-0-5-0-nvme-m-2-ssd-3-years-warranty/
SAPPHIRE NITRO RX590 8GB USED VGA,"Rs:39,000.00or 3 XRs:14,560.00with",Out of Stock,https://mdcomputers.lk/product/sapphire-nitro-rx590-8gb-used-vga/
GALAX GTX1650 4GB USED GRAPHICS CARD,"Rs:39,000.00or 3 XRs:14,560.00with",Out of Stock,https://mdcomputers.lk/product/galax-gtx1650-4gb-used-graphics-card/
SAMSUNG 32 INCH IPS HDMI 2K USED MONITOR ( DILIVERY NOT AVAILABLE ) WITH OUT CABLE,"Rs:39,000.00or 3 XRs:14,560.00with",Out of Stock,https://mdcomputers.lk/product/samsung-32-inch-ips-hdmi-used-monitor-dilivery-not-available-with-out-cable/
ARCTIC LIQUID FREEZER III 280 A-RGB BLACK COOLER ( 06 years warranty ),"Rs:39,000.00Rs:40,000.00or 3 XRs:14,560.00with",Available / Check Site,https://mdcomputers.lk/product/arctic-liquid-freezer-iii-280-a-rgb-black-cooler-06-years-warranty/
WD PURPLE 6TB USED HARD DISK,"Rs:39,500.00or 3 XRs:14,746.67with",Out of Stock,https://mdcomputers.lk/product/seagate-6tb-hdd-disk/
LENOVO THINKCENTRE M700 – G4400 – 8GB RAM 256GB SSD USED MINI PC,"Rs:39,500.00Rs:48,500.00or 3 XRs:14,746.67with",Out of Stock,https://mdcomputers.lk/product/lenovo-i5-6th-gen-mini-pc-8gb-500gb-hard-disk/
CORSAIR DOMINATOR PLATINUM RGB 32GB (2X16GB) DDR4 3600MHZ MEMORY ( 10 YEARS WARRANTY ),"Rs:39,500.00Rs:43,000.00or 3 XRs:14,746.67with",Out of Stock,https://mdcomputers.lk/product/corsair-dominator-platinum-rgb-32gb-2x16gb-ddr4-3600mhz-memory-3-years-warranty/
DCP BRAND NEW UPS 2000VA ( 2 YEARS WARRANTY ),"Rs:39,500.00Rs:45,000.00or 3 XRs:14,746.67with",Out of Stock,https://mdcomputers.lk/product/ups-dcp-2000va-2y/
Raidmax EK601 BLACK Gaming Chair,"Rs:39,500.00Rs:53,500.00or 3 XRs:14,746.67with",Available / Check Site,https://mdcomputers.lk/product/raidmax-ek601-black-gaming-chair/
GIGABYTE GAMING  360 LIQUID CPU COOLER,"Rs:39,500.00Rs:42,300.00or 3 XRs:14,746.67with",Available / Check Site,https://mdcomputers.lk/product/gigabyte-gaming-360-liquid-cpu-cooler/
INTEL CORE I7 10TH ( 10700F ) USED PROCESSOR (03 month warranty ),"Rs:39,500.00or 3 XRs:14,746.67with",Out of Stock,https://mdcomputers.lk/product/intel-core-i7-10th-10700f-used-processor-03-month-warranty/
AOC C32G2ZE 32 INCH FHD  CURVED USED GAMING MONITOR ( DELIVERY NOT AVAILABLE ),"Rs:39,500.00Rs:45,000.00or 3 XRs:14,746.67with",Out of Stock,https://mdcomputers.lk/product/aoc-c32g2ze-32-inch-fhd-curved-used-gaming-monitor/
HP LASER 1008a BRAND NEW PRINTER ( 01 year warranty ),"Rs:39,900.00or 3 XRs:14,896.00with",Out of Stock,https://mdcomputers.lk/product/hp-laser-1008a-brand-new-printer-price-in-s/
ACER NITRO KG272 27INCH 180HZ FREESYNC IPS GAMING MONITOR,"Rs:40,000.00Rs:53,000.00or 3 XRs:14,933.33with",Out of Stock,https://mdcomputers.lk/product/acer-kc272-ebi-27-monitor-fullhd-ips-100hz-hdmi-vga/
Corsair ICUE FRAME 4000D RS ARGB Airflow Mid-Tower ATX Black Case (2 Years Warranty),"Rs:40,000.00or 3 XRs:14,933.33with",Available / Check Site,https://mdcomputers.lk/product/corsair-icue-frame-4000d-rs-argb-airflow-mid-tower-atx-black-case-2-years-warranty/
Corsair ICUE FRAME 4000D RS ARGB Airflow Mid-Tower ATX White Case (2 Years Warranty),"Rs:40,000.00or 3 XRs:14,933.33with",Available / Check Site,https://mdcomputers.lk/product/corsair-icue-frame-4000d-rs-argb-airflow-mid-tower-atx-white-case-2-years-warranty/
USED GTX980 4GB VGA CARD ( random brands ),"Rs:40,000.00Rs:45,000.00or 3 XRs:14,933.33with",Out of Stock,https://mdcomputers.lk/product/asus-strix-gtx980-4gb-used-vga/
MARVO CH-106 ADVANCED GAMING CHAIR,"Rs:40,000.00or 3 XRs:14,933.33with",Out of Stock,https://mdcomputers.lk/product/marvo-ch-106-advanced-gaming-chair/
THERMALTAKE VIEW 380 XL TG ARGB TOWER CHASSIS BLACK CASE WITH ARGB FANS,"Rs:40,000.00Rs:45,000.00or 3 XRs:14,933.33with",Available / Check Site,https://mdcomputers.lk/product/thermaltake-view-380-xl-tg-argb-tower-chassis-black-case-with-argb-fans/
ASUS H610M-A D4 BRAND NEW MOTHERBOARD (3y),"Rs:40,400.00or 3 XRs:15,082.67with",Out of Stock,https://mdcomputers.lk/product/asus-h610m-a-d4-brand-new-motherboard-3y/
KOORUI 27″INCH  27N5CA CURVED VA BRAND NEW MONITOR 75HZ,"Rs:40,500.00Rs:42,000.00or 3 XRs:15,120.00with",Out of Stock,https://mdcomputers.lk/product/koorui-27-27n5ca-curved-va-monitor-75hz/
KOORUI 27 INCH  E2711K 144HZ FHD IPS BRAND NEW GAMING MONITOR ( 03 years warranty ),"Rs:40,500.00Rs:42,500.00or 3 XRs:15,120.00with",Out of Stock,https://mdcomputers.lk/product/koorui-27-inch-e2711k-144hz-fhd-ips-brand-new-gaming-monitor-03-years-warranty/
RAIDMAX DK608 BLACK GAMING CHAIR,"Rs:41,000.00Rs:43,000.00or 3 XRs:15,306.67with",Out of Stock,https://mdcomputers.lk/product/raidmax-dk608-black-gaming-chair/
THERMALTAKE VIEW 380 XL TG ARGB TOWER CHASSIS SNOW CASE,"Rs:41,000.00Rs:48,000.00or 3 XRs:15,306.67with",Available / Check Site,https://mdcomputers.lk/product/thermaltake-view-380-xl-tg-argb-tower-chassis-snow-case/
INTEL CORE I3 4TH GEN USED GAMING DESKTOP PC WITH GTX660 2GB VGA,"Rs:41,450.00Rs:45,750.00or 3 XRs:15,474.67with",Out of Stock,https://mdcomputers.lk/product/core-i3-4th-gen-gaming-pc-gtx750ti-2gb-vga/
CANON PIXMA G1010 INKTANK SINGLE FUNTION BRAND NEW PRINTER,"Rs:41,500.00Rs:46,000.00or 3 XRs:15,493.33with",Out of Stock,https://mdcomputers.lk/product/canon-pixma-g1010-printer/
KOORUI 25E3A 25 INCH 1080P VA 170HZ SRGB 99% FREESYNC BRAND NEW MONITOR ( 03 years warranty ),"Rs:41,500.00Rs:42,000.00or 3 XRs:15,493.33with",Out of Stock,https://mdcomputers.lk/product/koorui-25e3a-25-1080p-va-170hz-srgb-99-freesync/
ASUS TUF GAMING VG246H1A 23.8” INCH FHD IPS 100HZ 0.5 MS AMD FREESYNC FRAMELESS MONITOR (3 YEARS WARRANTY),"Rs:42,000.00or 3 XRs:15,680.00with",Out of Stock,https://mdcomputers.lk/product/asus-tuf-gaming-vg246h1a-23-8-inch-fhd-ips-100hz-0-5-ms-amd-freesync-frameless-monitor-3-years-warranty/
Razer Leviathan RGB V2 X Bluetooth 5.0 Gaming Soundbar ( 1 Year Warranty ),"Rs:42,000.00or 3 XRs:15,680.00with",Available / Check Site,https://mdcomputers.lk/product/razer-leviathan-rgb-v2-x-bluetooth-5-0-gaming-soundbar-1-year-warranty/
ASUS PRIME LC 360 ARGB BRAND NEW LIQUID COOLER ( 03 years warranty ),"Rs:42,000.00or 3 XRs:15,680.00with",Available / Check Site,https://mdcomputers.lk/product/asus-prime-lc-360-argb-brand-new-liquid-cooler-03-years-warranty/
INTEL CORE I7 9TH GEN USED PROCESSOR,"Rs:42,000.00Rs:45,000.00or 3 XRs:15,680.00with",Out of Stock,https://mdcomputers.lk/product/intel-core-i7-9th-gen-used-processor/
LIAN LI 011 VISON COMPACT BLACK GAMING CASIN,"Rs:42,000.00Rs:44,500.00or 3 XRs:15,680.00with",Out of Stock,https://mdcomputers.lk/product/lian-li-011-vison-compact-black-gaming-casin/
Thermaltake Toughpower GT 850w 80 Plus Gold Fully Modular Snow,"Rs:42,000.00or 3 XRs:15,680.00with",Out of Stock,https://mdcomputers.lk/product/thermaltake-toughpower-gt-850w-80-plus-gold-fully-modular-snow/
USED PALIT JETSTREAM GTX980TI 6GB VGA CARD,"Rs:42,000.00or 3 XRs:15,680.00with",Out of Stock,https://mdcomputers.lk/product/used-palit-jetstream-gtx980ti-6gb-vga-card/
ARCTIC FREEZER III PRO 280 A-RGB BLACK LIQUID COOLER ( 06 years warranty ),"Rs:42,000.00Rs:43,000.00or 3 XRs:15,680.00with",Available / Check Site,https://mdcomputers.lk/product/arctic-freezer-iii-pro-280-a-rgb-black-liquid-cooler-06-years-warranty/
CORSAIR RM750 – 750 WATT 80 PLUS GOLD CERTIFIED FULLY MODULAR POWER SUPPLY,"Rs:42,500.00Rs:45,500.00or 3 XRs:15,866.67with",Available / Check Site,https://mdcomputers.lk/product/corsair-rm750-750-watt-80-plus-gold-certified-fully-modular-power-supply/
Corsair RMe RM750E – 750 WATT 80 Plus Gold Certified Fully Modular Power Supply,"Rs:42,500.00or 3 XRs:15,866.67with",Available / Check Site,https://mdcomputers.lk/product/corsair-rme-rm750e-750-watt-80-plus-gold-certified-fully-modular-power-supply/
ASUS 15.6″ ZenScreen MB169CK IPS 1080P Portable Monitor,"Rs:42,500.00Rs:56,500.00or 3 XRs:15,866.67with",Available / Check Site,https://mdcomputers.lk/product/asus-15-6-zenscreen-mb169ck-ips-1080p-portable-monitor/
GIGABYTE GS25F2 25″ 200Hz 1MS GAMING MONITOR,"Rs:42,500.00Rs:48,500.00or 3 XRs:15,866.67with",Out of Stock,https://mdcomputers.lk/product/gigabyte-gs25f2-25%e2%80%b3-200hz-1ms-gaming-monitor/
GIGABYTE GP-UD850GM 850W 80 Plus Gold Certified Power Supply,"Rs:42,500.00Rs:52,000.00or 3 XRs:15,866.67with",Available / Check Site,https://mdcomputers.lk/product/gigabyte-gp-ud850gm-850w-80-plus-gold-certified-power-supply/
ARCTIC FREEZER III 280 A-RGB WHITE LIQUID COOLER ( 06 years warranty ),"Rs:42,500.00Rs:43,000.00or 3 XRs:15,866.67with",Available / Check Site,https://mdcomputers.lk/product/arctic-freezer-iii-280-a-rgb-white-liquid-cooler-06-years-warranty/
AMD RYZEN 5 8400F BRAND NEW TRAY PROCESSOR  ( 03 YEARS WARRANTY ),"Rs:43,000.00Rs:44,000.00or 3 XRs:16,053.33with",Out of Stock,https://mdcomputers.lk/product/amd-ryzen-5-8400f-processor-with-out-box-co/
LIAN LI 011 VISON COMPACT WHITE GAMING CASIN,"Rs:43,000.00Rs:44,500.00or 3 XRs:16,053.33with",Out of Stock,https://mdcomputers.lk/product/lian-li-011-vison-compact-white-gaming-casin/
THERMALTAKE VIEW 380 XL TG ARGB FUTURE DUSK MID-TOWER CHASSIS CASING,"Rs:43,000.00Rs:54,000.00or 3 XRs:16,053.33with",Available / Check Site,https://mdcomputers.lk/product/thermaltake-view-380-xl-tg-argb-future-dusk-mid-tower-chassis-casing/
THERMALTAKE VIEW 380 XL TG ARGB GRAVEL SAND MID TOWER CHASSIS CASING,"Rs:43,000.00Rs:48,000.00or 3 XRs:16,053.33with",Available / Check Site,https://mdcomputers.lk/product/thermaltake-view-380-xl-tg-argb-gravel-sand-mid-tower-chassis-casing/
THERMALTAKE AH T200 MICRO BLACK GAMING CASE ( 01 year wrranty ),"Rs:43,000.00Rs:45,000.00or 3 XRs:16,053.33with",Available / Check Site,https://mdcomputers.lk/product/thermaltake-ah-t200-micro-black-gaming-case/
CORSAIR ICUE 4000X RGB TEMPERED GLASS MID-TOWER ATX CASE – BLACK,"Rs:43,500.00Rs:51,500.00or 3 XRs:16,240.00with",Available / Check Site,https://mdcomputers.lk/product/corsair-icue-4000x-rgb-tempered-glass-mid-tower-atx-case-black/
MSI MAG PANO 100R PZ BLACK MID-TOWER BRAND NEW CASING ( 01y ),"Rs:43,500.00or 3 XRs:16,240.00with",Out of Stock,https://mdcomputers.lk/product/msi-mag-pano-100r-pz-mid-tower-case/
Corsair ICUE 4000X RGB Tempered Glass Mid-Tower ATX Case – Black (2 Years Warranty),"Rs:43,500.00or 3 XRs:16,240.00with",Available / Check Site,https://mdcomputers.lk/product/corsair-icue-4000x-rgb-tempered-glass-mid-tower-atx-case-black-2-years-warranty/
MSI GTX1060 GAMING X 6GB USED VGA,"Rs:43,500.00or 3 XRs:16,240.00with",Out of Stock,https://mdcomputers.lk/product/msi-gtx1060-gaming-x-6gb-used-vga/
C920 HD PRO WEBCAM,"Rs:44,000.00or 3 XRs:16,426.67with",Available / Check Site,https://mdcomputers.lk/product/c920-hd-pro-webcam/
Gamdias Zelus E3 Weave L GB Gaming Chair,"Rs:44,000.00Rs:46,000.00or 3 XRs:16,426.67with",Out of Stock,https://mdcomputers.lk/product/gamdias-zelus-e3-weave-l-gb-gaming-chair/
GTX1070 8GB USED GRAPHICS CARD ( Single Fan ),"Rs:44,000.00or 3 XRs:16,426.67with",Out of Stock,https://mdcomputers.lk/product/gtx1070-8gb-used-graphics-card-single-fan/
ARMAGGEDON PIXXEL PXP-27G 27 INCH FHD 165Hz BRAND NEW GAMING MONITOR ( 02 years warranty ),"Rs:44,000.00Rs:49,000.00or 3 XRs:16,426.67with",Out of Stock,https://mdcomputers.lk/product/armaggedon-pixxel-pxp-27g-27-inch-fhd-165hz/
ARCTIC FREEZER III PRO 360 BLACK LIQUID COOLER ( 06 years warranty ),"Rs:44,000.00Rs:46,000.00or 3 XRs:16,426.67with",Available / Check Site,https://mdcomputers.lk/product/arctic-freezer-iii-pro-360-black-liquid-cooler-06-years-warranty/
Gigabyte B550M DS3H Motherboard,"Rs:44,500.00or 3 XRs:16,613.33with",Available / Check Site,https://mdcomputers.lk/product/amd-b550-ultra-durable-motherboard/
Corsair K65 RGB MINI Cherry MX Mechanical Gaming Keyboard,"Rs:44,500.00or 3 XRs:16,613.33with",Available / Check Site,https://mdcomputers.lk/product/corsair-k65-rgb-mini-cherry-mx-mechanical-gaming-keyboard/
ASUS ROG STRIX GTX1060 6GB USED VGA,"Rs:44,500.00or 3 XRs:16,613.33with",Out of Stock,https://mdcomputers.lk/product/gigabyte-gtx1060-6gb-used-vga/
HP LASER 1008W WIRELESS BRAND NEW PRINTER ( 01 year warranty ),"Rs:44,600.00or 3 XRs:16,650.67with",Out of Stock,https://mdcomputers.lk/product/hp-laser-1008w-wireless-brand-new-printer-p/
MEETION CHR15 GAMING CHAIR,"Rs:45,000.00or 3 XRs:16,800.00with",Out of Stock,https://mdcomputers.lk/product/meetion-mt-chr15-bkorange/
ASUS TUF GAMING  B560M-E WIFI MOTHERBOARD,"Rs:45,000.00or 3 XRs:16,800.00with",Available / Check Site,https://mdcomputers.lk/product/asus-tuf-gaming-b560m-e-motherboard/
HP PRODESK 400 G2 CORE I5 6TH GEN USED BRANDED DESKTOP PC,"Rs:45,000.00or 3 XRs:16,800.00with",Out of Stock,https://mdcomputers.lk/product/hp-prodesk-400-g2-core-i5-6th-gen-used-branded-desktop-pc/
HP 17 INCH L6017TM TOUCHSCREEN LED MONITOR  ( 01 YEAER WARRANTY ),"Rs:45,000.00or 3 XRs:16,800.00with",Out of Stock,https://mdcomputers.lk/product/hp-17-inch-l6017tm-touchscreen-led-monitor-01-yeaer-warranty/
SAMSUNG 32 INCH IPS HDMI 4K USED MONITOR – WITH POWERPACK ( DILIVERY NOT AVAILABLE ),"Rs:45,000.00or 3 XRs:16,800.00with",Out of Stock,https://mdcomputers.lk/product/samsung-32-inch-ips-hdmi-4k-used-monitor-with-powerpack-dilivery-not-available/
ADATA 8GB 5600MHz DDR5 DESKTOP MEMORY (3 Years Warranty),"Rs:45,000.00or 3 XRs:16,800.00with",Out of Stock,https://mdcomputers.lk/product/adata-sodimm-8gb-5600mhz-ddr5-memory-3-year/
THERMALTAKE AH T200 MICRO SNOW GAMING CASE ( 01 year wrranty ),"Rs:45,000.00Rs:47,000.00or 3 XRs:16,800.00with",Available / Check Site,https://mdcomputers.lk/product/thermaltake-ah-t200-micro-snow-gaming-case/
MSI VENTUS GTX1650 4GB VGA ( WITH BOX ),"Rs:45,000.00Rs:50,000.00or 3 XRs:16,800.00with",Out of Stock,https://mdcomputers.lk/product/msi-ventus-gtx1650-4gb-vga-with-box/
HP Ink Tank 115 Printer,"Rs:45,500.00or 3 XRs:16,986.67with",Out of Stock,https://mdcomputers.lk/product/hp-ink-tank-115-printer/
MSI PRO MP251P 24.5″ INCH 100HZ 1MS FHD ULTRA SLIM FRAMELESS MONITOR WITH ADJUSTATBLE STAND (3 YEARS WARRANTY),"Rs:45,500.00or 3 XRs:16,986.67with",Out of Stock,https://mdcomputers.lk/product/msi-pro-mp251p-24-5-inch-100hz-1ms-fhd-ultra-slim-frameless-monitor-with-adjustatble-stand-3-years-warranty/
AMD RYZEN 5 5600G DESKTOP TRAY PROCESSOR (3 YEARS WARRANTY) WITHOUT BOX & COOLER,"Rs:45,500.00Rs:49,500.00or 3 XRs:16,986.67with",Out of Stock,https://mdcomputers.lk/product/amd-ryzen-5-5600g-processor/
MSI Spatium M480 PRO 2TB PCIE 4.0 NVME M.2 SSD,"Rs:45,500.00or 3 XRs:16,986.67with",Out of Stock,https://mdcomputers.lk/product/msi-spatium-m480-pro-2tb-pcie-4-0-nvme-m-2-ssd/
SAMSUNG LS24D400GAEXXS 24″INCH FULL HD IPS BRAND NEW MONITOR,"Rs:45,500.00Rs:48,675.00or 3 XRs:16,986.67with",Out of Stock,https://mdcomputers.lk/product/samsung-ls24d400gauxxu-24inch-full-hd-ips-brand-new-monitor/
ASUS VA279HG 27″ FHD IPS 120HZ EYE CARE BRAND NEW MONITOR ( 03 years warranty ),"Rs:45,900.00or 3 XRs:17,136.00with",Out of Stock,https://mdcomputers.lk/product/asus-va279hg-27-fhd-ips-120hz-eye-care-brand-new-monitor-03-years-warranty/
MSI PRO MP273A Professional Business Monitor,"Rs:46,000.00Rs:55,000.00or 3 XRs:17,173.33with",Out of Stock,https://mdcomputers.lk/product/msi-pro-mp273a-professional-business-monitor/
MSI MAG Pano 100R PZ Mid-Tower White Case,"Rs:46,000.00or 3 XRs:17,173.33with",Available / Check Site,https://mdcomputers.lk/product/msi-mag-pano-100r-pz-mid-tower-white-case/
BenQ GW2790 27 Inch Full HD IPS 100 Hz Eye Care Monitor,"Rs:46,000.00or 3 XRs:17,173.33with",Available / Check Site,https://mdcomputers.lk/product/benq-gw2790-27-inch-full-hd-ips-100-hz-eye-care-monitor/
BenQ GW2790 27 Inch Full HD IPS 100 Hz Eye Care Monitor,"Rs:46,000.00or 3 XRs:17,173.33with",Available / Check Site,https://mdcomputers.lk/product/benq-gw2790-27-inch-full-hd-ips-100-hz-eye-care-monitor-2/
ViewSonic VA270A-H 27”Inch 120Hz FHD IPS Level Frameless Monitor,"Rs:46,000.00or 3 XRs:17,173.33with",Available / Check Site,https://mdcomputers.lk/product/viewsonic-va270a-h-27inch-120hz-fhd-ips-level-frameless-monitor/
LEXAR NM610 1TB BRAND NEW NVME,"Rs:46,500.00or 3 XRs:17,360.00with",Out of Stock,https://mdcomputers.lk/product/lexar-nm620-1tb-nvme-2/
NZXT H9 Flow Edition ATX Mid Tower Premium Black Case (2 Years Warranty),"Rs:46,500.00or 3 XRs:17,360.00with",Available / Check Site,https://mdcomputers.lk/product/nzxt-h9-flow-edition-atx-mid-tower-premium-black-case-2-years-warranty/
NZXT H9 Flow Edition ATX Mid Tower Premium White Case (2 Years Warranty),"Rs:46,500.00or 3 XRs:17,360.00with",Available / Check Site,https://mdcomputers.lk/product/nzxt-h9-flow-edition-atx-mid-tower-premium-white-case-2-years-warranty/
KINGSTON NV3 PCIe Gen 4.0 1TB BRAND NEW NVME,"Rs:46,500.00or 3 XRs:17,360.00with",Out of Stock,https://mdcomputers.lk/product/kingston-nv3-pcie-gen-4-0-1tb-brand-new-nvme/
SEAGATE ONETOUCH 2TB BRAND NEW EXTERNE HDD (02 years warranty ),"Rs:46,500.00or 3 XRs:17,360.00with",Out of Stock,https://mdcomputers.lk/product/seagate-onetouch-2tb-brand-new-externe-hdd/
AMD B550M DS3H AC Motherboard with WIFI,"Rs:47,500.00or 3 XRs:17,733.33with",Available / Check Site,https://mdcomputers.lk/product/amd-b550-ultra-durable-motherboard-with-wifi/
DELL I7 6TH GEN BRANDED PC DDR4 8GB/256GB SSD,"Rs:47,500.00Rs:52,000.00or 3 XRs:17,733.33with",Out of Stock,https://mdcomputers.lk/product/dell-i7-6th-gen-branded-pc-ddr4-8gb-256gb-ssd/
PNY CS2241 1TB M.2 NVME GEN4 x4 Internal Solid State Drive (SSD),"Rs:47,500.00or 3 XRs:17,733.33with",Out of Stock,https://mdcomputers.lk/product/pny-cs2241-1tb-m-2-nvme-gen4-x4-internal-solid-state-drive-ssd/
ViewSonic VA2732 H 27″ Inch 100Hz FHD IPS Level Frameless Monitor,"Rs:47,500.00or 3 XRs:17,733.33with",Available / Check Site,https://mdcomputers.lk/product/viewsonic-va2732-h-27-inch-100hz-fhd-ips-level-frameless-monitor/
VIEWSONIC 24″ VX2479A-HD-PRO IPS 240HZ BRAND NEW GAMING MONITOR ( 03Y ),"Rs:47,500.00or 3 XRs:17,733.33with",Out of Stock,https://mdcomputers.lk/product/viewsonic-24-vx2479a-hd-pro-ips-240hz-brand-new-gaming-monitor-03y/
GIGABYTE GS27FC 27″ CURVED 180Hz GAMING MONITOR,"Rs:47,500.00or 3 XRs:17,733.33with",Out of Stock,https://mdcomputers.lk/product/gigabyte-gs27fc-27%e2%80%b3-curved-180hz-gaming-monitor/
MSI PRO B760M P DDR4 BRAND NEW MOTHERBOARD ( 3 years warranty ),"Rs:47,500.00or 3 XRs:17,733.33with",Out of Stock,https://mdcomputers.lk/product/msi-pro-b760m-p-ddr4-brand-new-motherboard-3-years-warranty/
ADDLINK S20 3D NAND 2.5 INCH 1TB BRAND NEW SATA SSD,"Rs:48,000.00or 3 XRs:17,920.00with",Out of Stock,https://mdcomputers.lk/product/addlink-s20-1tb-ssd-3d-nand-2-5-inch/
"INTEL I3-12100 PROCESSOR 12MB CACHE, 3.30GHZ UP TO 4.30 GHZ (8 THREADS, 4 CORES) DESKTOP PROCESSOR ( 3 YEARS WARRANTY )","Rs:48,000.00or 3 XRs:17,920.00with",Out of Stock,https://mdcomputers.lk/product/intel-i3-12100-processor-12mb-cache-3-30ghz-up-to-4-30-ghz-8-threads-4-cores-desktop-processor-3-years-warranty/
Corsair ICUE 4000D RGB Airflow Mid-Tower ATX Case (2 Years Warranty),"Rs:48,000.00or 3 XRs:17,920.00with",Available / Check Site,https://mdcomputers.lk/product/corsair-icue-4000d-rgb-airflow-mid-tower-atx-case-2-years-warranty/
MSI MAG 255F E20 24.5′ INCH FHD 200Hz RAPID IPS 0.5ms AMD FREE PREMIUMC GAMING MONITOR (3 Years Warranty),"Rs:48,000.00Rs:50,000.00or 3 XRs:17,920.00with",Out of Stock,https://mdcomputers.lk/product/msi-mag-255f-e20-24-5-inch-fhd-200hz-rapid-ips-0-5ms-amd-free-premiumc-gaming-monitor-3-years-warranty/
USED CORE I7 9TH ( 9700K ) GEN PROCESSOR,"Rs:48,000.00or 3 XRs:17,920.00with",Out of Stock,https://mdcomputers.lk/product/used-core-i7-9th-9700k-gen-processor/
ASUS TUF GAMING 750G GOLD 750W GAMING POWER SUPPLY ( 03 years warranty ),"Rs:48,200.00or 3 XRs:17,994.67with",Available / Check Site,https://mdcomputers.lk/product/asus-tuf-gaming-750g-gold-750w-gaming-power-supply-03-years-warranty/
MEETION CHR22 BRAND NEW GAMING CHAIR WITH FOOTREST,"Rs:48,500.00Rs:52,000.00or 3 XRs:18,106.67with",Out of Stock,https://mdcomputers.lk/product/meetion-chr22-brand-new-gaming-chair-with-footrest/
Corsair Vengeance RGB 32GB (2X16) DDR5 DRAM 5600MHz C40 Memory INTEL XMP MEMORY ( 3 YEARS WARRANTY ),"Rs:48,500.00or 3 XRs:18,106.67with",Out of Stock,https://mdcomputers.lk/product/corsair-vengeance-rgb-32gb-2x16-ddr5-dram-5600mhz-c40-memory-intel-xmp-memory-3-years-warranty/
ARCTIC LIQUID FREEZER III PRO 420 BLACK COOLER (6 YEAR WARRANTY),"Rs:48,500.00or 3 XRs:18,106.67with",Available / Check Site,https://mdcomputers.lk/product/arctic-liquid-freezer-iii-pro-420-black-cooler-6-year-warranty/
"AMD Ryzen 5 5600X (6 Cores, 12 Threads, Up To 4.6GHz) Desktop Processor With Wraith Stealth Cooler (3 YEARS WARRANTY)","Rs:49,000.00Rs:54,000.00or 3 XRs:18,293.33with",Out of Stock,https://mdcomputers.lk/product/amd-ryzen-5-5600x-brand-new-processor/
MSI B560M A PRO MOTHERBOARD,"Rs:49,000.00or 3 XRs:18,293.33with",Out of Stock,https://mdcomputers.lk/product/msi-b560m-a-pro-motherboard/
LOGITECH C922 Pro HD Stream Web Camera,"Rs:49,000.00or 3 XRs:18,293.33with",Available / Check Site,https://mdcomputers.lk/product/logitech-c922-pro-hd-stream-web-camera/
ASUS TUF GAMING GT501 BRAND NEW CASING,"Rs:49,000.00or 3 XRs:18,293.33with",Out of Stock,https://mdcomputers.lk/product/asus-tuf-gaming-gt501/
ANTEC HIGH CURRENT GAMER 1000W 80+ GOLD FULL MODULAR,"Rs:49,000.00or 3 XRs:18,293.33with",Available / Check Site,https://mdcomputers.lk/product/antec-high-current-gamer-1000w-80-gold-full-modular/
Gamdias Zelus M4 Weave L GB Gaming Chair,"Rs:49,000.00Rs:82,000.00or 3 XRs:18,293.33with",Available / Check Site,https://mdcomputers.lk/product/gamdias-zelus-m4-weave-l-gb-gaming-chair/
WD PURPLE 6TB BRAND NEW HDD ( 03 YEARS WARRANTY ),"Rs:49,000.00or 3 XRs:18,293.33with",Out of Stock,https://mdcomputers.lk/product/wd-purple-6tb-brand-new-hdd-03-years-warranty/
Corsair 5000D Tempered Glass Mid-Tower ATX Case – White (2 Years Warranty),"Rs:49,000.00or 3 XRs:18,293.33with",Available / Check Site,https://mdcomputers.lk/product/corsair-5000d-tempered-glass-mid-tower-atx-case-white-2-years-warranty/
Elgato Facecam MK.2 – PREMIUM FULL HD Webcam (2 Years Warranty),"Rs:49,000.00or 3 XRs:18,293.33with",Available / Check Site,https://mdcomputers.lk/product/elgato-facecam-mk-2-premium-full-hd-webcam-2-years-warranty/
SEAGATE SKYHAWK 4TB BRAND NEW HARD DISK ( 03 years warranty ),"Rs:49,000.00or 3 XRs:18,293.33with",Out of Stock,https://mdcomputers.lk/product/seagate-skyhawk-4tb-brand-new-hard-disk-03-y/
KOORUI 24″INCH G2421V IPS 2K 180Hz BRAND NEW GAMING MONITOR  ( 03 Years Warranty ),"Rs:49,000.00or 3 XRs:18,293.33with",Out of Stock,https://mdcomputers.lk/product/koorui-24-g2421v-ips-2k-180hz-brand-new-gaming-monitor-03-years-warranty/
HKC MG32K2Q 32 INCH QWD 2K USED MONITOR ( DELIVERY NOT AVAILABLE ),"Rs:49,000.00Rs:53,000.00or 3 XRs:18,293.33with",Out of Stock,https://mdcomputers.lk/product/hkc-mg32k2q-32-inch-qwd-2k-used-monitor-without-cables/
THERMALTAKE TH360 V3 ULTRA ARGB SYNC LIQUID COOLER ( 03 years warranty ),"Rs:49,000.00Rs:50,500.00or 3 XRs:18,293.33with",Available / Check Site,https://mdcomputers.lk/product/thermaltake-th360-v3-ultra-argb-sync-liquid-cooler-03-years-warranty/
INTEL CORE I7 2ND GEN USED GAMING DESKTOP PC WITH GTX660 2GB VGA CARD,"Rs:49,250.00Rs:58,000.00or 3 XRs:18,386.67with",Out of Stock,https://mdcomputers.lk/product/i7-2nd-gen-gtx960-4gb-vga-gaming-pc/
CORSAIR MP600 GS 1TB GEN4 PCLE X4 M.2 NVME SSD,"Rs:49,500.00or 3 XRs:18,480.00with",Out of Stock,https://mdcomputers.lk/product/corsair-mp600-gs-1tb-gen4-pcle-x4-m-2-nvme-ssd/
"Asus ROG Chakram X Origin WirelessKeyboard,Mouse & Gamepad (Controller)","Rs:49,500.00or 3 XRs:18,480.00with",Available / Check Site,https://mdcomputers.lk/product/asus-rog-chakram-x-origin-wirelesskeyboardmouse-gamepad-controller/
MSI G255F 24.5′ Inch FHD 180Hz Rapid IPS 1ms Adaptive Sync Gaming Monitor,"Rs:49,500.00Rs:52,500.00or 3 XRs:18,480.00with",Out of Stock,https://mdcomputers.lk/product/msi-g255f-24-5-inch-fhd-180hz-rapid-ips-1ms-adaptive-sync-gaming-monitor/
ViewSonic VX2479 HD PRO OMNI 24″ IPS 165HZ Gaming Monitor,"Rs:49,500.00or 3 XRs:18,480.00with",Available / Check Site,https://mdcomputers.lk/product/viewsonic-vx2479-hd-pro-omni-24-ips-165hz-gaming-monitor/
GIGABYTE AORUS Gen4 7300 2TB BRAND NEW NVME SSD,"Rs:49,500.00Rs:53,500.00or 3 XRs:18,480.00with",Out of Stock,https://mdcomputers.lk/product/gigabyte-aorus-gen4-7300-2tb-brand-new-nvme-ssd/
ASUS TUF GT501 White RGB Mid-Tower Gaming Case,"Rs:49,500.00or 3 XRs:18,480.00with",Out of Stock,https://mdcomputers.lk/product/asus-tuf-gt501-white-rgb-mid-tower-gaming-case/
ZOTAC GTX1070 8GB USED GRAPHICS CARD,"Rs:49,500.00or 3 XRs:18,480.00with",Out of Stock,https://mdcomputers.lk/product/zotac-gtx1070-8gb-used-graphics-card/
MSI B550 GAMING GEN3 MOTHERBOARD,"Rs:50,000.00or 3 XRs:18,666.67with",Out of Stock,https://mdcomputers.lk/product/msi-b550-gaming-gen3-motherboard/
HP SMART 210 INKTANK WIRELESS BRAND NEW PRINTER,"Rs:50,000.00or 3 XRs:18,666.67with",Available / Check Site,https://mdcomputers.lk/product/hp-210-ink-tank-wireless-printer/
Corsair 2500X Mid-Tower Dual Chamber Case – Black (2 Years Warranty),"Rs:50,000.00or 3 XRs:18,666.67with",Available / Check Site,https://mdcomputers.lk/product/corsair-2500x-mid-tower-dual-chamber-case-black-2-years-warranty/
Corsair 2500X Mid-Tower Dual Chamber Case – White (2 Years Warranty),"Rs:50,000.00or 3 XRs:18,666.67with",Available / Check Site,https://mdcomputers.lk/product/corsair-2500x-mid-tower-dual-chamber-case-white-2-years-warranty/
MSI Pro MP161 E2 Portable Ultra-Slim Buisness Monitor,"Rs:50,000.00or 3 XRs:18,666.67with",Available / Check Site,https://mdcomputers.lk/product/msi-pro-mp161-e2-portable-ultra-slim-buisness-monitor/
GIGABYTE GTX1660 6GB USED GRAPHICS CARD,"Rs:50,000.00Rs:52,500.00or 3 XRs:18,666.67with",Out of Stock,https://mdcomputers.lk/product/gigabyte-gtx1660-6gb-used-graphics-card/
MEETION CHR32 GAMING CHAIR,"Rs:50,000.00or 3 XRs:18,666.67with",Out of Stock,https://mdcomputers.lk/product/meetion-chr32-gaming-chair/
NZXT H6 FLOW RGB EDITION ATX MID TOWER BLACK CASE,"Rs:50,000.00Rs:55,000.00or 3 XRs:18,666.67with",Available / Check Site,https://mdcomputers.lk/product/nzxt-h6-flow-rgb-edition-atx-mid-tower-black-case/
THERMALTAKE TH360 V3 ULTRA ARGB SYNC WHITE LIQUID COOLER ( 03 years warranty ),"Rs:50,000.00Rs:52,000.00or 3 XRs:18,666.67with",Available / Check Site,https://mdcomputers.lk/product/thermaltake-th360-v3-ultra-argb-sync-white-liquid-cooler-03-years-warranty/
ARCTIC LIQUID FREEZER III PRO 360 A-RGB WHITE COOLER (6 YEARS WARRANTY),"Rs:50,000.00or 3 XRs:18,666.67with",Available / Check Site,https://mdcomputers.lk/product/arctic-liquid-freezer-iii-pro-360-a-rgb-white-cooler-6-years-warranty/
THERMALTAKE THE TOWER 500 MID-TOWER BLACK GAMING CASING ( 01 year wrranty ),"Rs:50,000.00Rs:52,000.00or 3 XRs:18,666.67with",Available / Check Site,https://mdcomputers.lk/product/thermaltake-the-tower-500-mid-tower-black-c/
THERMALTAKE THE TOWER 300 MICRO SNOW WHITE GAMING CASING ( 01 year wrranty ),"Rs:50,000.00Rs:52,000.00or 3 XRs:18,666.67with",Available / Check Site,https://mdcomputers.lk/product/thermaltake-the-tower-300-micro-snow-white/
CANON PIXMA G2730 MULTIFUNCTION MEGATANK PRINTER ( 01 Year Warranty ),"Rs:50,400.00Rs:54,500.00or 3 XRs:18,816.00with",Out of Stock,https://mdcomputers.lk/product/canon-pixma-g2730-multifunction-megatank-printerg2730/
GIGABYTE B760M D2H DDR5 BRAND NEW MOTHERBOARD ( 3 years warranty ),"Rs:50,500.00or 3 XRs:18,853.33with",Available / Check Site,https://mdcomputers.lk/product/gigabyte-b760m-d2h-ddr5-brand-new-motherboard-3-years-warranty/
GIGABYTE B760M D2H DDR5 BRAND NEW MOTHERBOARD ( Supports Intel® Core™ 14th/ 13th /12th processors ),"Rs:50,500.00or 3 XRs:18,853.33with",Available / Check Site,https://mdcomputers.lk/product/gigabyte-b760m-d2h-ddr5-brand-new-motherboard-supports-intel-core-14th-13th-12th-processors/
Gigabyte B550M DS3H AC R2 AMD BRAND NEW MOTHERBOARD,"Rs:50,500.00or 3 XRs:18,853.33with",Available / Check Site,https://mdcomputers.lk/product/gigabyte-b550m-ds3h-ac-r2-amd-brand-new-motherboard/
KOORUI 27E6QCA 27INCH VA QHD 180HZ CURVERD MONITOR ( 03 YEARS WARRANTY ),"Rs:50,500.00or 3 XRs:18,853.33with",Out of Stock,https://mdcomputers.lk/product/koorui-27e6qca-27inch-va-qhd-180hz-curverd-monitor/
NZXT H5 ELITE EDITION RGB ATX MID TOWER BLACK CASE,"Rs:51,000.00or 3 XRs:19,040.00with",Available / Check Site,https://mdcomputers.lk/product/nzxt-h5-elite-edition-rgb-atx-mid-tower-black-case-2/
NZXT H7 (2023) Elite Edition ATX Mid Tower Black Case,"Rs:51,000.00or 3 XRs:19,040.00with",Available / Check Site,https://mdcomputers.lk/product/nzxt-h7-2023-elite-edition-atx-mid-tower-black-case/
MSI GAMING X GTX1070 8GB USED VGA CARD,"Rs:51,000.00Rs:52,500.00or 3 XRs:19,040.00with",Out of Stock,https://mdcomputers.lk/product/used-gtx1070-8gb-vga-card-singale-fan/
ASUS ROG STRIX GTX1070 8GB USED GRAPHICS CARD,"Rs:51,000.00or 3 XRs:19,040.00with",Out of Stock,https://mdcomputers.lk/product/asus-rog-strix-rtx1070-8gb-used-graphics-card/
"AMD RYZEN 7 5700X (CORES 8, THREADS 16, UP TO 4.6 GHZ)PROCESSOR","Rs:51,500.00Rs:52,000.00or 3 XRs:19,226.67with",Out of Stock,https://mdcomputers.lk/product/amd-ryzen-7-5800x-brand-new-processor/
ASUS TURBO GEFORCE GTX1070TI 8GB USED VGA,"Rs:51,500.00or 3 XRs:19,226.67with",Out of Stock,https://mdcomputers.lk/product/msi-gaming-geforce-gtx-1070-8gb-used-vga/
NZXT H5 ELITE EDITION RGB ATX MID TOWER WHITE CASE,"Rs:51,500.00or 3 XRs:19,226.67with",Available / Check Site,https://mdcomputers.lk/product/nzxt-h5-elite-edition-rgb-atx-mid-tower-white-case/
GIGABYTE B660M GAMING DDR4 MOTHERBOARD ( 03 YEARS WARRANTY ),"Rs:51,600.00or 3 XRs:19,264.00with",Out of Stock,https://mdcomputers.lk/product/gigabyte-b660m-gaming-ddr4-motherboard-03-years-warranty/
LOGITECH C930E 1080P HD BUSINESS WEBCAM WITH H.264 COMPRESSION (,"Rs:52,000.00or 3 XRs:19,413.33with",Available / Check Site,https://mdcomputers.lk/product/logitech-c930e-1080p-hd-business-webcam-with-h-264-compression/
TEAM TFORCE A440 LITE M.2 GEN4 2TB NVME up to 7400MBPs,"Rs:52,000.00or 3 XRs:19,413.33with",Out of Stock,https://mdcomputers.lk/product/team-tforce-a440-lite-m-2-gen4-2tb-nvme-up-to-7400mbps/
EPSON L130 INKJET BRAND NEW PRINTER,"Rs:52,000.00Rs:55,000.00or 3 XRs:19,413.33with",Out of Stock,https://mdcomputers.lk/product/epson-l130-inkjet-printer/
PALIT GTX1070TI 08GB USED GAMING VGA CARD,"Rs:52,000.00Rs:59,000.00or 3 XRs:19,413.33with",Out of Stock,https://mdcomputers.lk/product/msi-gtx-1070-ti-armor-8gspecs/
KOORUI GN02 27″ 1080P FHD VA 240HZ SRGB 100% BRAND NEW GAMING MONITOR,"Rs:52,000.00Rs:58,000.00or 3 XRs:19,413.33with",Out of Stock,https://mdcomputers.lk/product/koorui-gn02-27-1080p-fhd-va-240hz-srgb-100/
NZXT H7 (2023) Elite Edition ATX Mid Tower White Case (2 Years Warranty),"Rs:52,000.00or 3 XRs:19,413.33with",Out of Stock,https://mdcomputers.lk/product/nzxt-h7-2023-elite-edition-atx-mid-tower-white-case-2-years-warranty/
PALIT GEFORCE GTX1080 8GB GAMEROCK PREMIUM EDITION USED VGA CARD,"Rs:52,000.00or 3 XRs:19,413.33with",Out of Stock,https://mdcomputers.lk/product/palit-geforce-gtx1080-8gb-gamerock-premium-edition-used-vga-card/
MSI PRO MP275 E2 27″ INCH 120Hz 1ms FHD ULTRA SLIM FRAMLESS MONITOR  (3 YEARS WARRANTY),"Rs:52,000.00or 3 XRs:19,413.33with",Out of Stock,https://mdcomputers.lk/product/msi-pro-mp275-e2-27-inch-120hz-1ms-fhd-ultra-slim-framless-monitor-3-years-warranty/
THERMALTAKE THE TOWER 500 MID – TOWER SNOW WHITE GAMING CASING,"Rs:52,000.00Rs:58,000.00or 3 XRs:19,413.33with",Available / Check Site,https://mdcomputers.lk/product/thermaltake-the-tower-500-mid-tower-snow-white-gaming-casing/
HP Smart Tank 500 All-in-One Printer,"Rs:52,500.00or 3 XRs:19,600.00with",Out of Stock,https://mdcomputers.lk/product/hp-smart-tank-500-all-in-one-printer/
ASUS TUF GAMING B560M PLUS WI-FI MOTHERBOARD,"Rs:53,000.00or 3 XRs:19,786.67with",Out of Stock,https://mdcomputers.lk/product/asus-tuf-gaming-b560m-plus-wi-fi-motherboard/
ASUS PRIME B550M-A BRAND NEW MOTHERBOARD,"Rs:53,500.00Rs:55,500.00or 3 XRs:19,973.33with",Out of Stock,https://mdcomputers.lk/product/asus-prime-b550m-a-motherboard/
Raidmax DK729 GRAY Gaming Chair,"Rs:54,000.00Rs:70,500.00or 3 XRs:20,160.00with",Out of Stock,https://mdcomputers.lk/product/raidmax-dk729-gray-gaming-chair/
HP SMART TANK 210 WIRELESS PRINTER,"Rs:54,000.00or 3 XRs:20,160.00with",Out of Stock,https://mdcomputers.lk/product/hp-smart-tank-210-wireless-printer/
MSI Pro MP275W E2 27″ Inch 120Hz 1ms FHD Ultra Slim Frameless White Monitor,"Rs:54,000.00or 3 XRs:20,160.00with",Available / Check Site,https://mdcomputers.lk/product/msi-pro-mp275w-e2-27-inch-120hz-1ms-fhd-ultra-slim-frameless-white-monitor/
GTX1660TI 6GB USED GRAPHIC CARD ( RANDOM BRAND ),"Rs:54,000.00Rs:54,500.00or 3 XRs:20,160.00with",Out of Stock,https://mdcomputers.lk/product/gtx-1660ti-6gb-used-graphics-card/
Elgato Game Capture HD60 S+ High Definition Game Recorder( 2 Year Warranty),"Rs:54,000.00or 3 XRs:20,160.00with",Available / Check Site,https://mdcomputers.lk/product/elgato-game-capture-hd60-s-high-definition-game-recorder-2-year-warranty/
ASUS PRIME B550M-A WIFI II BRAND NEW MOTHERBOARD,"Rs:54,500.00Rs:60,000.00or 3 XRs:20,346.67with",Out of Stock,https://mdcomputers.lk/product/asus-prime-b550m-a-wifi-ii/
"AMD RYZEN 5 7600 (6 Cores, 12 Threads) Up To 5.1 GHz Desktop Processor ( 3 YEARS WARRANTY)-Without Box/Fan","Rs:54,500.00Rs:56,000.00or 3 XRs:20,346.67with",Out of Stock,https://mdcomputers.lk/product/amd-ryzen-5-7600-6-cores-12-threads-up-to-5-1-ghz-desktop-processor-3-years-warranty-without-box-fan/
GALAX GC-04 GAMING CHAIR,"Rs:55,000.00Rs:59,000.00or 3 XRs:20,533.33with",Out of Stock,https://mdcomputers.lk/product/galax-gc-04-gaming-chair/
Monova 24 FHD 165Hz LED Gaming Monitor,"Rs:55,000.00or 3 XRs:20,533.33with",Available / Check Site,https://mdcomputers.lk/product/monova-24-fhd-165hz-led-gaming-monitor/
ASUS PRIME B760M-A WIFI D4 MOTHERBOARD(3y),"Rs:55,000.00Rs:64,000.00or 3 XRs:20,533.33with",Available / Check Site,https://mdcomputers.lk/product/asus-prime-b760m-a-wifi-d4-motherboard3y/
MEETION CHR25 PROFESSIONAL GAMING CHAIR,"Rs:55,000.00Rs:59,000.00or 3 XRs:20,533.33with",Out of Stock,https://mdcomputers.lk/product/meetion-chr25-professional-gaming-chair/
GALAX GTX 1080 8GB USED GRAPHICS CARD,"Rs:55,000.00or 3 XRs:20,533.33with",Out of Stock,https://mdcomputers.lk/product/gtx1080-8gb-galax-used-graphicd-price-in-sl/
THERMALTAKE CTE C700 TG MID – TOWER BLACK A-RGB GAMING CASING ( with 03 ARGB Fans),"Rs:55,000.00Rs:57,000.00or 3 XRs:20,533.33with",Available / Check Site,https://mdcomputers.lk/product/thermaltake-cte-c700-tg-mid-tower-black-a-r/
ARCTIC LIQUID FREEZER III PRO 420 A-RGB WHITE COOLER (06 YEAR WARRANTY),"Rs:55,000.00or 3 XRs:20,533.33with",Available / Check Site,https://mdcomputers.lk/product/arctic-liquid-freezer-iii-pro-420-a-rgb-white-cooler-06-year-warranty/
"AMD RYZEN 5 7500F ( 6 CORES ,12 THREADS ) UP TO 5 GHz DESKTOP PROCESSOR WITH WRAITH STEALTH COOLER ( 3 YEARS WARRANTY)","Rs:55,500.00or 3 XRs:20,720.00with",Out of Stock,https://mdcomputers.lk/product/amd-ryzen-5-7500f-6-cores-12-threads-up-to-5-ghz-desktop-processor-with-wraith-stealth-cooler-3-years-warranty-2/
ASUS PRIME LC 360 ARGB LCD BRAND NEW CPU LIQUID COOLER,"Rs:55,500.00or 3 XRs:20,720.00with",Available / Check Site,https://mdcomputers.lk/product/asus-prime-lc-360-argb-lcd-brand-new-cpu-liquid-cooler/
ASROCK B550 PG RIPTIDE BRAND NEW MOTHER BOARD,"Rs:56,000.00or 3 XRs:20,906.67with",Out of Stock,https://mdcomputers.lk/product/asrock-b550-pg-riptide-brand-new-mother-board/
Corsair EX100U 2TB Type-C Portable Solid-State Storage Drive (Read/Write Up To 1500MB/S),"Rs:56,000.00or 3 XRs:20,906.67with",Out of Stock,https://mdcomputers.lk/product/corsair-ex100u-2tb-type-c-portable-solid-state-storage-drive-read-write-up-to-1500mb-s/
GIGABYTE GTX1080 8GB USED GRAPHICS CARD,"Rs:56,000.00or 3 XRs:20,906.67with",Out of Stock,https://mdcomputers.lk/product/nvidia-geforce-gtx-1080-8gb-used-graphics-card-random-brands/
THERMALTAKE CTE C700 TG MID – TOWER SNOW WHITE A-RGB GAMING CASING ( 03 ARGB FANS ),"Rs:56,000.00Rs:58,000.00or 3 XRs:20,906.67with",Available / Check Site,https://mdcomputers.lk/product/thermaltake-cte-c700-tg-mid-tower-snow-case/
THERMALTAKE CTE T500 TG FULL – TOWER A-RGB SNOW BLACK GAMING CASING ( with 03 ARGB Fans ),"Rs:56,000.00Rs:58,000.00or 3 XRs:20,906.67with",Available / Check Site,https://mdcomputers.lk/product/thermaltake-cte-t500-tg-full-tower-a-rgb-sn/
AMD RYZEN 7 8700F (8 CORES 16 THREADS) TRAY PROCESSOR ( 03 YEARS WARRANTY ),"Rs:56,000.00or 3 XRs:20,906.67with",Out of Stock,https://mdcomputers.lk/product/amd-ryzen-7-8700f-8-cores-16-threads-tray-p/
THERMALTAKE THE TOWER 600 MID – TOWER MATCHA GREEN GAMING CASE,"Rs:56,000.00Rs:61,000.00or 3 XRs:20,906.67with",Available / Check Site,https://mdcomputers.lk/product/thermaltake-the-tower-600-mid-tower-matcha-green-gaming-case/
THERMALTAKE THE TOWER 600 MID – TOWER SNOW WHITE GAMING CASING,"Rs:56,000.00Rs:63,000.00or 3 XRs:20,906.67with",Available / Check Site,https://mdcomputers.lk/product/thermaltake-the-tower-600-mid-tower-snow-white-gaming-casing/
THERMALTAKE THE TOWER 600 MID – TOWER FUTURE DUSK CASE,"Rs:56,000.00Rs:62,000.00or 3 XRs:20,906.67with",Available / Check Site,https://mdcomputers.lk/product/thermaltake-the-tower-600-mid-tower-future-dusk-case/
THRMALTAKE THE TOWER 600 MID – TOWER BUMBLEBEE CASING,"Rs:56,000.00Rs:63,000.00or 3 XRs:20,906.67with",Available / Check Site,https://mdcomputers.lk/product/thrmaltake-the-tower-600-mid-tower-bumblebee-casing/
"AMD Ryzen 5 8500G (6 Cores, 12 Threads) Up To 3.5 GHz Desktop Processor With Wraith Stealth Cooler ( 3 YEARS WARRANTY) (not sold separately)","Rs:56,500.00Rs:58,000.00or 3 XRs:21,093.33with",Out of Stock,https://mdcomputers.lk/product/amd-ryzen-5-8500g-6-cores-12-threads-up-to-3-5-ghz-desktop-processor-with-wraith-stealth-cooler-3-years-warranty-not-sold-separately/
"ASUS TUF GAMING VG279Q3R GAMING MONITOR – 27-inch, Full HD(1920×1080), 180Hz, Fast IPS, Extreme Low Motion Blur™, 1ms (GTG), FreeSync™, Variable Overdrive, 100% sRGB","Rs:56,900.00Rs:59,000.00or 3 XRs:21,242.67with",Out of Stock,https://mdcomputers.lk/product/asus-tuf-gaming-vg279q3r-gaming-monitor-27-inch-full-hd1920x1080-180hz-fast-ips-extreme-low-motion-blur-1ms-gtg-freesync-variable-overdrive-100-srgb/
ACER ED273 S3 27″ CURVED FHD 180Hz BRAND NEW MONITOR,"Rs:56,900.00or 3 XRs:21,242.67with",Out of Stock,https://mdcomputers.lk/product/acer-ed273-s3-27-curved-fhd-180hz-brand-new-monitor/
"Hp Smart Tank 520 All-in-One Printer, Print/Scan/Copy","Rs:57,000.00or 3 XRs:21,280.00with",Out of Stock,https://mdcomputers.lk/product/hp-smart-tank-520-all-in-one-printer-print-scan-copy/
"AMD Ryzen 7 5700G (8 Cores, 16 Threads) Up To 4.6 GHz Desktop Processor ( 3 YEARS WARRANTY)","Rs:57,500.00Rs:58,500.00or 3 XRs:21,466.67with",Out of Stock,https://mdcomputers.lk/product/amd-ryzen-5-5700g-brand-new-processor/
ASUS PRIME H670 PLUS D4,"Rs:57,500.00or 3 XRs:21,466.67with",Available / Check Site,https://mdcomputers.lk/product/asus-prime-h670-plus-d4/
WESTERN DIGITAL 6TB SATA RED PLUS REPUBLISH DESKTOP HARD DISK ( 01 year warranty ),"Rs:57,500.00or 3 XRs:21,466.67with",Out of Stock,https://mdcomputers.lk/product/western-digital-6tb-sata-red-plus-brand-new-desktop-hard-disk-01-year-warranty/
CORSAIR MP600 PRO XT 2TB PClE GEN4 M.2 NVME SSD ( 3 YEARS WARRANTY ),"Rs:58,000.00or 3 XRs:21,653.33with",Out of Stock,https://mdcomputers.lk/product/corsair-mp600-pro-xt-2tb-pcle-gen4-m-2-nvme-ssd-3-years-warranty/
ASUS TUF GAMING LC II 360 ARGB BRAND NEW LIQUID COOLER,"Rs:58,000.00or 3 XRs:21,653.33with",Available / Check Site,https://mdcomputers.lk/product/asus-tuf-gaming-lc-ii-360-argb-brand-new-liquid-cooler/
THERMALTAKE CTE T500 TG FULL – TOWER A-RGB SNOW WHITE GAMING CASING ( with 03 ARGB Fans ),"Rs:58,000.00Rs:60,000.00or 3 XRs:21,653.33with",Available / Check Site,https://mdcomputers.lk/product/thermaltake-cte-t500-tg-full-tower-a-rgb-sn-2/
ASUS ROG STRIX GTX1080 8GB USED VGA,"Rs:58,000.00Rs:62,000.00or 3 XRs:21,653.33with",Out of Stock,https://mdcomputers.lk/product/gtx1080-8gb-oem-used-vga-random-brand/
MSI G244F E2 23.8′ INCH FHD 180HZ RAPID IPS 1MS ADAPTIVE SYNC GAMING MONITOR (3 YEARS WARRANTY),"Rs:58,500.00Rs:59,000.00or 3 XRs:21,840.00with",Out of Stock,https://mdcomputers.lk/product/msi-g244f-e2-23-8-inch-fhd-180hz-rapid-ips-1ms-adaptive-sync-gaming-monitor-3-years-warranty/
Elgato Wave 3 USB Microphone,"Rs:58,500.00or 3 XRs:21,840.00with",Available / Check Site,https://mdcomputers.lk/product/elgato-wave-3-usb-microphone/
MARVO CH-35 RGB BRAND NEW GAMING CHAIR- BLACK,"Rs:58,500.00or 3 XRs:21,840.00with",Out of Stock,https://mdcomputers.lk/product/marvo-ch-35-rgb-brand-new-gaming-chair-black/
HP Inkjet Printer – Ink Tank Wireless 415 All-In-One,"Rs:59,000.00or 3 XRs:22,026.67with",Out of Stock,https://mdcomputers.lk/product/hp-inkjet-printer-ink-tank-wireless-415-all-in-one/
LIAN LI O11 DYNAMIC EVO RGB BLACK,"Rs:59,000.00or 3 XRs:22,026.67with",Available / Check Site,https://mdcomputers.lk/product/lian-li-o11-dynamic-evo-rgb-black/
MICROLAB PT802W BLUETOOTH PARTY SPEAKER (1y),"Rs:59,000.00or 3 XRs:22,026.67with",Out of Stock,https://mdcomputers.lk/product/microlab-pt802w-bluetooth-party-speaker-1y/
ASUS DUAL GTX 1650 4GB GDDR6,"Rs:59,000.00or 3 XRs:22,026.67with",Out of Stock,https://mdcomputers.lk/product/asus-dual-gtx-1650-4gb-gddr6/
DELL LATITUDE E7470 – INTEL CORE I5 6TH GEN / 8GB RAM / 256GB SSD USED LAPTOP,"Rs:59,000.00Rs:65,000.00or 3 XRs:22,026.67with",Out of Stock,https://mdcomputers.lk/product/dell-core-i5-6th-geneartion-e7470-8gb-ram-256gb-ssd-laptop/
HP SMART TANK 520 ALL-IN-ONE BRAND NEW PRINTER ( 01 year warranty ),"Rs:59,000.00or 3 XRs:22,026.67with",Available / Check Site,https://mdcomputers.lk/product/hp-smart-tank-520-all-in-one-printer/
MSI MAG CH120 BLACK & RED GAMING CHAIR,"Rs:59,000.00Rs:60,500.00or 3 XRs:22,026.67with",Out of Stock,https://mdcomputers.lk/product/msi-mag-ch120-black-red-gaming-chair/
LENOVO T470 – CORE I5 6TH GEN / 8GB RAM / 256GB NVME SSD / USED LAPTOPS,"Rs:59,000.00Rs:68,000.00or 3 XRs:22,026.67with",Out of Stock,https://mdcomputers.lk/product/lenovo-t470-core-i5-7th-gen-8gb-ram-256gb-nvme-ssd-laptops-2/
HIKVISION 8TB USED DESKTOP HARD DISK,"Rs:59,000.00Rs:63,500.00or 3 XRs:22,026.67with",Out of Stock,https://mdcomputers.lk/product/wd-purple-8tb-brand-new-hdd-03-years-warranty/
DELL LATITUDE 5470 INTEL CORE I5 6TH GEN / 8GB RAM / 256GB SSD USED LAPTOP,"Rs:59,000.00Rs:65,000.00or 3 XRs:22,026.67with",Out of Stock,https://mdcomputers.lk/product/dell-latitude-5470-intel-core-i5-6th-gen-8gb-ram-256gb-ssd-used-laptop/
SAMSUNG LS27D400GAEXXS 27″INCH FULL HD IPS BRAND NEW MONITOR,"Rs:59,000.00or 3 XRs:22,026.67with",Available / Check Site,https://mdcomputers.lk/product/samsung-ls27d400gaexxs-27%e2%80%b3inch-full-hd-ips-brand-new-monitor/
ASROCK H810M-X GEN5 WiFi BRAND NEW MOTHERBOARD ( 03 Years Warranty ),"Rs:59,000.00Rs:61,000.00or 3 XRs:22,026.67with",Available / Check Site,https://mdcomputers.lk/product/asrock-h810m-x-gen5-wifi-brand-new-motherbo/
ASUS PRIME Z690M PLUS D4 MOTHERBOARD,"Rs:59,500.00or 3 XRs:22,213.33with",Out of Stock,https://mdcomputers.lk/product/asus-prime-z690m-plus-d4-motherboard/
MSI B760M BOMBER (WI-FI-) DDR5 MOTHERBOARD( 3 YEARS WARRANTY),"Rs:59,500.00or 3 XRs:22,213.33with",Available / Check Site,https://mdcomputers.lk/product/msi-b760m-bomber-wi-fi-ddr5-motherboard-3-years-warranty/
MSI PRO MP273AP 27 INCH 100HZ 1MS FHD IPS LEVEL ULTRA SLIM FRAMELESS MONITOR WITH ADJUSTATBLE STAND (3 YEARS WARRANTY),"Rs:59,500.00or 3 XRs:22,213.33with",Out of Stock,https://mdcomputers.lk/product/msi-pro-mp273ap-27-inch-100hz-1ms-fhd-ips-level-ultra-slim-frameless-monitor-with-adjustatble-stand-3-years-warranty/
Corsair ICUE 5000X RGB Tempered Glass Mid-Tower ATX Case – White (2 Years Warranty),"Rs:59,500.00or 3 XRs:22,213.33with",Available / Check Site,https://mdcomputers.lk/product/corsair-icue-5000x-rgb-tempered-glass-mid-tower-atx-case-white-2-years-warranty/
NZXT KRAKEN 360 (360mm) CPU Liquid Cooler With LCD Display Black,"Rs:59,500.00or 3 XRs:22,213.33with",Available / Check Site,https://mdcomputers.lk/product/nzxt-kraken-360-360mm-cpu-liquid-cooler-with-lcd-display-black/
GIGABYTE B660M GAMING X DDR4 MOTHERBOARD,"Rs:60,000.00or 3 XRs:22,400.00with",Out of Stock,https://mdcomputers.lk/product/gigabyte-b660m-gaming-x-ddr4-motherboard/
CORSAIR FRAME 4500X RS-R ARGB Panoramic Glass Mid-Tower PC Case,"Rs:60,000.00or 3 XRs:22,400.00with",Available / Check Site,https://mdcomputers.lk/product/corsair-frame-4500x-rs-r-argb-panoramic-glass-mid-tower-pc-case/
CORSAIR FRAME 4500X LX-R RGB iCUE LINK Panoramic Glass Mid-Tower PC Case – White,"Rs:60,000.00or 3 XRs:22,400.00with",Available / Check Site,https://mdcomputers.lk/product/corsair-frame-4500x-lx-r-rgb-icue-link-panoramic-glass-mid-tower-pc-case-white/
LENOVO THINKCENTRE M720Q – I5 8TH GEN  / 8GB RAM / 256GB SSD USED MINI PC,"Rs:60,000.00or 3 XRs:22,400.00with",Out of Stock,https://mdcomputers.lk/product/lenovo-thinkcentre-m720q-pentium-gold-8gb-ram-256gb-ssd-used-mini-pc/
USED DDR5 32GB 52000MHz DESKTOP RAM,"Rs:60,000.00or 3 XRs:22,400.00with",Out of Stock,https://mdcomputers.lk/product/used-ddr5-32gb-52000mhz-desktop-ram/
MSI RX5700 8GB USED GRAPHICS CARD,"Rs:60,000.00Rs:69,000.00or 3 XRs:22,400.00with",Out of Stock,https://mdcomputers.lk/product/asus-rx5700-8gb-used-graphics-card/
SAPPHIRE Radeon RX 5500 8GB USED GRAPHICS CARD,"Rs:60,000.00or 3 XRs:22,400.00with",Out of Stock,https://mdcomputers.lk/product/sapphire-radeon-rx-5500-8gb-used-graphics-s/
ASUS ROG STRIX GTX1080 8GB USED GRAPHICS CARD,"Rs:60,000.00Rs:62,000.00or 3 XRs:22,400.00with",Out of Stock,https://mdcomputers.lk/product/asus-rog-strix-gtx1080-8gb-used-graphics-card/
"AMD RYZEN 7 5800X 8 CORES, 16 THREADS, UP TO 4.7GHZ BRAND NEW DESKTOP PROCESSOR ( FOR PC BUILD ONLY )","Rs:60,500.00Rs:61,500.00or 3 XRs:22,586.67with",Out of Stock,https://mdcomputers.lk/product/amd-ryzen-7-5800x-8-cores-16-threads-up-to-4-7ghz-desktop-processor-for-pc-build-only/
CORSAIR TC100 RELAXED FABRIC BLACK GAMING CHAIR,"Rs:60,500.00Rs:82,500.00or 3 XRs:22,586.67with",Out of Stock,https://mdcomputers.lk/product/corsair-tc100-relaxed-fabric-black-gaming-chair-display-unit/
MSI MAG CH120 X Black Gaming Chair,"Rs:60,500.00Rs:86,000.00or 3 XRs:22,586.67with",Out of Stock,https://mdcomputers.lk/product/msi-mag-ch120-x-black-gaming-chair/
HP SMART TANK 580 3 IN 1 W/L BRAND NEW PRINTER ( 01 year warranty ),"Rs:60,500.00Rs:63,000.00or 3 XRs:22,586.67with",Available / Check Site,https://mdcomputers.lk/product/hp-smart-tank-580-all-in-one-printer-sl-pri/
Corsair TC100 Relaxed Leatherette Black Gaming Chair,"Rs:60,500.00or 3 XRs:22,586.67with",Out of Stock,https://mdcomputers.lk/product/corsair-tc100-relaxed-leatherette-black-gaming-chair/
LOGITECH Z625 2.1 THX CERTIFIED SPEAKER,"Rs:60,500.00or 3 XRs:22,586.67with",Available / Check Site,https://mdcomputers.lk/product/logitech-z625-2-1-thx-certified-speaker/
MSI MAG B560M BAZOOKA MOTHERBOARD,"Rs:61,000.00or 3 XRs:22,773.33with",Out of Stock,https://mdcomputers.lk/product/msi-mag-b560m-bazooka-motherboard/
CANON PIXMA G3730 W/L 3 IN 1 BRAND NEW PRINTER (1 year warranty ),"Rs:61,000.00or 3 XRs:22,773.33with",Out of Stock,https://mdcomputers.lk/product/brand-new-printers-price-in-sri-lanka-sl-pr/
Corsair Dominator Titanium RGB 32GB (2X16GB) DDR5 6000MHz Amd Expo Memory ( 10 YEARS WARRANTY ),"Rs:61,500.00or 3 XRs:22,960.00with",Out of Stock,https://mdcomputers.lk/product/corsair-dominator-titanium-rgb-32gb-2x16gb-ddr5-6000mhz-amd-expo-memory/
GIGABYTE B860M D3HP DDR5 BRAND NEW MOTHERBOARD ( 03 years warranty ),"Rs:62,000.00or 3 XRs:23,146.67with",Available / Check Site,https://mdcomputers.lk/product/gigabyte-b860m-d3hp-ddr5-brand-new-motherboard-03-years-warranty/
THERMALTAKE CTE C750 TG ARGB FULL-TOWER BLACK GAMING (03 ARGB FANS),"Rs:62,000.00Rs:63,000.00or 3 XRs:23,146.67with",Available / Check Site,https://mdcomputers.lk/product/thermaltake-cte-c750-tg-argb-full-tower-bla/
THERMALTAKE CTE C750 TG ARGB FULL-TOWER SNOW GAMING CASE ( 03 ARGB FANS ),"Rs:62,000.00Rs:65,000.00or 3 XRs:23,146.67with",Available / Check Site,https://mdcomputers.lk/product/cte-c750-tg-argb-snow-full-tower-casing/
THERMALTAKE CTE E600 MX MID – TOWER BLACK GAMING CASING (with Gen 4 Riser Cable),"Rs:62,000.00Rs:64,000.00or 3 XRs:23,146.67with",Available / Check Site,https://mdcomputers.lk/product/thermaltake-cte-e600-mx-mid-tower-black-cas/
THERMALTAKE TH360 V2 ULTRA ARGB SYNC SNOW BRAND NEW LIQUID COOLER ( 03 years warranty ),"Rs:62,000.00Rs:65,000.00or 3 XRs:23,146.67with",Available / Check Site,https://mdcomputers.lk/product/thermaltake-th360-v2-ultra-argb-sync-snow-brand-new-liquid-cooler-03-years-warranty/
NZXT C1200 – 1200 WATT 80 Plus Gold Certified Fully Modular (UK) Power Supply(3 YEASR WARRANTY),"Rs:63,000.00or 3 XRs:23,520.00with",Available / Check Site,https://mdcomputers.lk/product/nzxt-c1200-1200-watt-80-plus-gold-certified-fully-modular-uk-power-supply3-yeasr-warranty/
Gamdias Zelus M3 Weave L GB Gaming Chair,"Rs:63,000.00or 3 XRs:23,520.00with",Out of Stock,https://mdcomputers.lk/product/gamdias-zelus-m3-weave-l-gb-gaming-chair/
GIGABYTE B760 DS3H AX V2 BRAND NEW ( wifi ) MOTHERBOARD ( 03 years warranty ),"Rs:63,000.00or 3 XRs:23,520.00with",Available / Check Site,https://mdcomputers.lk/product/gigabyte-b760-ds3h-ax-v2-brand-new-wifi-motherboard-03-years-warranty/
RAZER KRAKEN V3 PRO WIRELESS GAMING HEADSET ( 1 years Warranty ),"Rs:64,000.00or 3 XRs:23,893.33with",Available / Check Site,https://mdcomputers.lk/product/razer-kraken-v3-pro-wireless-gaming-headset-1-years-warranty/
THERMALTAKE CTE E600 MX MID – TOWER SNOW WHITE GAMING CASING (with Gen 4 Riser Cable ),"Rs:64,000.00Rs:66,000.00or 3 XRs:23,893.33with",Available / Check Site,https://mdcomputers.lk/product/thermaltake-cte-e600-mx-mid-tower-snow-whit/
THERMALTAKE CTE E600 MX MID – TOWER HYDRANGEA BLUE GAMING CASING ( with Gen 4 Riser Cable ),"Rs:64,000.00Rs:66,000.00or 3 XRs:23,893.33with",Available / Check Site,https://mdcomputers.lk/product/thermaltake-cte-e600-mx-mid-tower-hydrangea/
PROLINK PRO3000SFCU 3KV BRAND NEW UPS,"Rs:64,000.00Rs:65,500.00or 3 XRs:23,893.33with",Out of Stock,https://mdcomputers.lk/product/prolink-pro3000sfcu-3kv-brand-new-ups/
MSI G2422C 24” FHD 180HZ 1MS CURVED GAMING MONITOR ( 3 YEARS WARRANTY ),"Rs:64,500.00or 3 XRs:24,080.00with",Out of Stock,https://mdcomputers.lk/product/msi-g2422c-24-fhd-180hz-1ms-curved-gaming-monitor-3-years-warranty/
SEAGATE SKYHAWK 8TB BRAND NEW HDD (3 YEARS WARRANTY ),"Rs:64,500.00or 3 XRs:24,080.00with",Out of Stock,https://mdcomputers.lk/product/hard-disk-seagate-8tb-sv35-skyhawk-2y/
PROLINK PRO 3000SFCU 3KV OFFLINE UPS,"Rs:64,500.00or 3 XRs:24,080.00with",Out of Stock,https://mdcomputers.lk/product/prolink-pro-3000sfcu-3kv-offline-ups/
ASUS PRIME B650M-A WIFI II BRAND NEW MOTHERBOARD,"Rs:64,500.00Rs:79,000.00or 3 XRs:24,080.00with",Out of Stock,https://mdcomputers.lk/product/asus-prime-b650m-a-wifi-ii-brand-new-motherboard/
WD 4TB NAS RED PLUS BRAND NEW HARD DISK (2y),"Rs:64,500.00or 3 XRs:24,080.00with",Available / Check Site,https://mdcomputers.lk/product/wd-4tb-nas-red-plus-brand-new-ha-2y/
ACER NITRO ED320QR 32″INCH 1080P VA CURVED 165Hz BRAND NEW GAMING MONITOR,"Rs:64,990.00or 3 XRs:24,262.93with",Out of Stock,https://mdcomputers.lk/product/acer-nitro-ed320qr-32inch-1080p-va-curved-165hz-brand-new-gaming-monitor/
Thermaltake 1000W POWER SUPPLY,"Rs:65,000.00or 3 XRs:24,266.67with",Available / Check Site,https://mdcomputers.lk/product/thermaltake-1000w-power-supply/
CORSAIR RM1000X – 1000 WATT 80 PLUS GOLD CERTIFIED FULLY MODULAR POWER SUPPLY,"Rs:65,000.00Rs:74,000.00or 3 XRs:24,266.67with",Available / Check Site,https://mdcomputers.lk/product/corsair-rm1000x-1000-watt-80-plus-gold-certified-fully-modular-power-supply/
"AMD Ryzen 5 8600G (6 Cores, 12 Threads) Up To 4.3 GHz Desktop Processor With Wraith Stealth Cooler ( 3 YEARS WARRANTY) (not sold separately)","Rs:65,000.00Rs:67,000.00or 3 XRs:24,266.67with",Out of Stock,https://mdcomputers.lk/product/amd-ryzen-5-8600g-6-cores-12-threads-up-to-4-3-ghz-desktop-processor-with-wraith-stealth-cooler-3-years-warranty-not-sold-separately/
DELL LATITUDE 5300 – CORE I5 8TH GEN 8GB RAM 256GB NVME SSD  USED LAPTOP,"Rs:65,000.00Rs:85,000.00or 3 XRs:24,266.67with",Out of Stock,https://mdcomputers.lk/product/dell-latitude-5300-core-i5-8th-gen-8gb-ram-256gb-nvme-ssd-2-in-1-used-laptop/
CORSAIR VENGEANCE 16GB (1x16GB) DDR5 SO-DIMM 5200MHz LAPTOP MEMORY ( 10 years warranty ),"Rs:65,000.00Rs:75,000.00or 3 XRs:24,266.67with",Out of Stock,https://mdcomputers.lk/product/corsair-vengeance-16gb-1x16gb-ddr5-so-dimm-5200mhz-laptop-memory/
CRUCIAL 16GB DDR5 5600MHz DESKTOP RAM,"Rs:65,000.00Rs:68,500.00or 3 XRs:24,266.67with",Out of Stock,https://mdcomputers.lk/product/crucial-16gb-ddr5-5600mhz-desktop-ram-3y/
MACBOOK AIR 2015 – INTEL I5 / 8GB RAM /256GB SSD /13 INCH,"Rs:65,000.00or 3 XRs:24,266.67with",Out of Stock,https://mdcomputers.lk/product/macbook-air-2015-intel-i5-8gb-ram-256gb-ssd-13-inch/
HP PROBOOK 640 G5 INTEL CORE I5 8TH GEN 8GB RAM 256GB NVME USED LAPTOP,"Rs:65,000.00Rs:75,000.00or 3 XRs:24,266.67with",Out of Stock,https://mdcomputers.lk/product/hp-probook-640-g5-intel-core-i5-8th-gen-8gb-ram-256gb-nvme-used-laptop/
Elgato HD60 X External Game Capture Card ( 2 Years Warranty),"Rs:65,000.00or 3 XRs:24,266.67with",Available / Check Site,https://mdcomputers.lk/product/elgato-hd60-x-external-game-capture-card-2-years-warranty/
SEAGATE SKYHAWK 8TB USED DESKTOP HARD,"Rs:65,000.00or 3 XRs:24,266.67with",Out of Stock,https://mdcomputers.lk/product/seagate-skyhawk-8tb-used-desktop-hard/
SEAGATE ONETOUCH 4TB BRAND NEW EXTERNE HDD (02 years warranty ),"Rs:65,000.00or 3 XRs:24,266.67with",Out of Stock,https://mdcomputers.lk/product/seagate-onetouch-4tb-brand-new-externe-hdd/
EPSON ECOTANK L3250 A4 WI-FI ALL-IN-ONE INK TANK BRAND NEW PRINTER,"Rs:65,500.00Rs:72,500.00or 3 XRs:24,453.33with",Out of Stock,https://mdcomputers.lk/product/epson-ecotank-l3250-a4-wi-fi-all-in-one-ink-tank-printer-ink-l3250/
MSI MAG 275F 27″ Inch FHD 180HZ 0.5MS Adaptive Sync IPS Gaming Monitor,"Rs:66,000.00or 3 XRs:24,640.00with",Out of Stock,https://mdcomputers.lk/product/msi-mag-275f-27-inch-fhd-180hz-0-5ms-adaptive-sync-ips-gaming-monitor/
GIGABYTE 27″ GS27FA SS IPS 180Hz GAMING MONITOR,"Rs:66,000.00Rs:70,000.00or 3 XRs:24,640.00with",Available / Check Site,https://mdcomputers.lk/product/gigabyte-27-gs27fa-ss-ips-180hz-gaming-monitor/
THERMALTAKE VIEW 51 TEMPERED GLASS ARGB FULL-TOWER BLACK GAMING CASE ( 03 ARGB FANS ),"Rs:66,000.00Rs:68,000.00or 3 XRs:24,640.00with",Available / Check Site,https://mdcomputers.lk/product/thermaltake-view-51-tempered-glass-argb-ful/
MSI RTX2060 6GB GAMING Z USED GRAPHICS CARD,"Rs:66,000.00Rs:70,000.00or 3 XRs:24,640.00with",Out of Stock,https://mdcomputers.lk/product/msi-rtx2060-6gb-gaming-z-used-graphics-card/
MSI B650 GAMING PLUS (Wi-Fi) DDR5 MOTHERBOARD ( 3 YEARS WARRANTY),"Rs:66,500.00Rs:68,500.00or 3 XRs:24,826.67with",Out of Stock,https://mdcomputers.lk/product/msi-b650-gaming-plus-wi-fi-ddr5-motherboard-3-years-warranty-2/
GALAX GC-01 RGB GAMING CHAIR,"Rs:67,000.00Rs:79,000.00or 3 XRs:25,013.33with",Out of Stock,https://mdcomputers.lk/product/galax-gc-01-rgb-gaming-chair/
Corsair 6500X Mid-Tower Dual Chamber Case – Black (2 Years Warranty),"Rs:67,000.00or 3 XRs:25,013.33with",Available / Check Site,https://mdcomputers.lk/product/corsair-6500x-mid-tower-dual-chamber-case-black-2-years-warranty/
Corsair ICUE H100i Elite CAPELLIX XT 240mm Liquid Cooler ( 3 YEARS WARRANTY ),"Rs:67,000.00or 3 XRs:25,013.33with",Available / Check Site,https://mdcomputers.lk/product/corsair-icue-h100i-elite-capellix-xt-240mm-liquid-cooler-5-years-warranty/
THERMALTAKE AH T600 FULL-TOWER BLACK GAMING CASE ( 01 year wrranty ),"Rs:67,000.00Rs:70,000.00or 3 XRs:25,013.33with",Available / Check Site,https://mdcomputers.lk/product/thermaltake-ah-t600-full-tower-gaming-blac/
HP M27fw 75Hz FHD IPS Monitor,"Rs:67,500.00or 3 XRs:25,200.00with",Out of Stock,https://mdcomputers.lk/product/hp-m27fw-75hz-fhd-ips-monitor/
Corsair RMe RM1000E – 1000 WATT 80 Plus Gold Certified Fully Modular Power Supply ( 3 YEARS WARRANTY ),"Rs:67,500.00or 3 XRs:25,200.00with",Available / Check Site,https://mdcomputers.lk/product/corsair-rme-rm1000e-1000-watt-80-plus-gold-certified-fully-modular-power-supply-3-years-warranty/
MSI Pro MP272PMG 27″ Inch 120Hz 1ms FHD Ultra Slim Frameless Monitor With Built in Mic/Web Camera (3 YEARS WARRANTY),"Rs:67,500.00or 3 XRs:25,200.00with",Out of Stock,https://mdcomputers.lk/product/msi-pro-mp272pmg-27-inch-120hz-1ms-fhd-ultra-slim-frameless-monitor-with-built-in-mic-web-camera-3-years-warranty/
ASUS TUF GAMING B660M-PLUS D4 GAMING MOTHERBOARD,"Rs:68,000.00or 3 XRs:25,386.67with",Out of Stock,https://mdcomputers.lk/product/asus-tuf-gaming-b660m-plus-wifi-ddr5/
Corsair RMe RM1000E – 1000 WATT 80 Plus Gold Certified Fully Modular Power Supply ( 3 YEARS WARRANTY ),"Rs:68,000.00or 3 XRs:25,386.67with",Available / Check Site,https://mdcomputers.lk/product/msi-mpg-a1000g-pcie5-1000-watt-80-plus-gold-certified-fully-modular-power-supply3-years-warranty/
NZXT H9 Elite Edition RGB ATX Mid Tower Premium White Case (2 Years Warranty),"Rs:68,000.00or 3 XRs:25,386.67with",Available / Check Site,https://mdcomputers.lk/product/nzxt-h9-elite-edition-rgb-atx-mid-tower-premium-white-case-2-years-warranty/
EPSON LQ 310 PRINTER( O2 year warranty ),"Rs:68,000.00or 3 XRs:25,386.67with",Out of Stock,https://mdcomputers.lk/product/epson-lq-310-printer-o2-year-warranty/
KOORUI G2722P 27 INCH QHD 200Hz 2K GAMING MONITOR ( 03 years warranty ),"Rs:68,000.00Rs:75,000.00or 3 XRs:25,386.67with",Out of Stock,https://mdcomputers.lk/product/koorui-27-inch-g2722p-qhd-gaming-monitor-200hz-2k-display-black-g2722p/
THERMALTAKE VIEW 51 TEMPERED GLASS ARGB FULL-TOWER SNOW GAMING CASE ( 03 ARGB FANS ),"Rs:68,000.00Rs:70,000.00or 3 XRs:25,386.67with",Available / Check Site,https://mdcomputers.lk/product/thermaltake-view-51-tg-full-tower-a-rgb-sno/
ASUS TUF GAMING VG249Q 23.8” INCH FHD IPS 144HZ 1MS FRAMELESS MONITOR,"Rs:68,500.00or 3 XRs:25,573.33with",Out of Stock,https://mdcomputers.lk/product/asus-tuf-gaming-vg249q-23-8-inch-fhd-ips-144hz-1ms-frameless-monitor/
AMD RYZEN 5 7600X PROCESSOR ( FOR PC BUILD ONLY ),"Rs:68,500.00Rs:69,000.00or 3 XRs:25,573.33with",Out of Stock,https://mdcomputers.lk/product/amd-ryzen-5-7600x-processor-for-pc-build-only/
Koorui N07 27″ UHD 4K IPS DCI-P3 90% HDR10,"Rs:68,500.00Rs:70,000.00or 3 XRs:25,573.33with",Out of Stock,https://mdcomputers.lk/product/koorui-n07-27-uhd-4k-ips-dci-p3-90-hdr10/
GIGABYTE B760 GAMING X AX DDR5 ATX (WiFi) BRAND NEW MOTHERBOARD ( 03 years warranty ),"Rs:68,500.00or 3 XRs:25,573.33with",Available / Check Site,https://mdcomputers.lk/product/gigabyte-b760-gaming-x-ax-ddr5-atx-wifi-brand-new-motherboard-03-years-warranty/
INTEL CORE I7 4TH GEN GAMING PC WITH GTX960 2GB USED VGA,"Rs:69,000.00Rs:71,600.00or 3 XRs:25,760.00with",Out of Stock,https://mdcomputers.lk/product/intel-core-i7-4th-gen-gaming-pc-with-1060-3gb-used-vga/
KOORUI GN07 27″ 2K QHD 2560 x 1440 IPS 170HZ SRGB 100% BRAND NEW MONITOR,"Rs:69,000.00or 3 XRs:25,760.00with",Out of Stock,https://mdcomputers.lk/product/koorui-gn07-27-2k-qhd-2560-x-1440-ips-170hz-srgb-100/
DELL LATITUDE 5400 -CORE I5 8TH GEN 8GB RAM 256GB NVME SSD USED LAPTOP ( TOUCHPAD NOT WORKING ),"Rs:69,000.00Rs:82,000.00or 3 XRs:25,760.00with",Out of Stock,https://mdcomputers.lk/product/dell-latitude-5400-core-i7-8th-gen-8gb-ram-256gb-nvme-ssd-laptop/
"INTEL I5-13400 PROCESSOR 20MB CACHE, 2.50 GHZ UP TO 4.60 GHZ (16 THREADS, 10 CORES) DESKTOP PROCESSOR ( 3 YEARS WARRANTY)","Rs:69,000.00or 3 XRs:25,760.00with",Out of Stock,https://mdcomputers.lk/product/intel-i5-13400-processor-20mb-cache-2-50-ghz-up-to-4-60-ghz-16-threads-10-cores-desktop-processor-3-years-warranty-without-box-fan/
"ASUS TUF GAMING VG27VQ 27 INCH FHD 165Hz 1ms ADAPTIVE -SYNC , FREESYNC PREMIUM COMPATIBLE CURVED GAMING MONITOR (3 YEARS WARRANTY)","Rs:69,000.00or 3 XRs:25,760.00with",Available / Check Site,https://mdcomputers.lk/product/asus-tuf-gaming-vg27vq-27-inch-fhd-165hz-1ms-adaptive-sync-freesync-premium-compatible-curved-gaming-monitor-3-years-warranty/
AORUS WATERFORCE II 360 ICE LIQUID CPU COOLER,"Rs:69,000.00Rs:75,000.00or 3 XRs:25,760.00with",Available / Check Site,https://mdcomputers.lk/product/aorus-waterforce-ii-360-ice-liquid-cpu-cooler/
GIGABYTE B860M DS3H WIFI6E BRAND NEW MOTHERBOARD ( 03 years warranty ),"Rs:69,000.00or 3 XRs:25,760.00with",Available / Check Site,https://mdcomputers.lk/product/gigabyte-b860m-ds3h-wifi6e-brand-new-motherboard-03-years-warranty/
THERMALTAKE AH T600 FULL-TOWER SNOW GAMING CASE ( 01 year wrranty ),"Rs:69,000.00Rs:71,000.00or 3 XRs:25,760.00with",Available / Check Site,https://mdcomputers.lk/product/thermaltake-ah-t600-snow-full-tower-case-sl/
SAPPHIRE RX5700XT 8GB USED GRAPHICS CARD,"Rs:69,000.00or 3 XRs:25,760.00with",Out of Stock,https://mdcomputers.lk/product/sapphire-rx5700xt-8gb-used-graphics-card/
PNY GeForce RTX™ 3050 6GB VERTO BRAND NEW DUAL FAN GRAPHIC CARD,"Rs:69,500.00or 3 XRs:25,946.67with",Out of Stock,https://mdcomputers.lk/product/pny-geforce-rtx-3050-6gb-verto-dual-fan/
ASROCK B860M PRO-A WiFi BRAND NEW MOTHERBOARD ( 03 Years Warranty ),"Rs:69,500.00Rs:71,500.00or 3 XRs:25,946.67with",Available / Check Site,https://mdcomputers.lk/product/asrock-h810m-x-gen5-wifi-brand-new-motherbo-2/
APPLE IPHONE 11 USED MOBILE PHONE – 128GB,"Rs:69,999.00Rs:76,000.00or 3 XRs:26,132.96with",Out of Stock,https://mdcomputers.lk/product/apple-iphone-11-used-mobile-phone-128gb/
HP ELITEBOK 840 G6 CORE I5 8TH GEN 8GB RAM -256GB NVME SSD  LAPTOP ( White Pach ),"Rs:70,000.00Rs:88,000.00or 3 XRs:26,133.33with",Out of Stock,https://mdcomputers.lk/product/hp-elitebok-840-g6-g6-core-i5-8th-gen-8gb-ram-256gb-nvme-ssd-laptop/
NZXT N7 B650E MOTHERBOARD – AMD B650 CHIPSET WITH WI-FI AND BLACK COVER(3 YEARS WARRANTY),"Rs:70,000.00or 3 XRs:26,133.33with",Available / Check Site,https://mdcomputers.lk/product/nzxt-n7-b650e-motherboard-amd-b650-chipset-with-wi-fi-and-black-cover3-years-warranty/
KOORUI 32E6QC 170HZ 32INCH 2K 2560×1080 1500R CURVER GAMING MONITOR,"Rs:70,000.00or 3 XRs:26,133.33with",Out of Stock,https://mdcomputers.lk/product/koorui-32e6qc-170hz-32inch-2k-2560x1080-1500r-curver-gaming-monitor/
ViewSonic XG2709A FHD IPS 27″ 240Hz gaming Monitor,"Rs:70,000.00or 3 XRs:26,133.33with",Available / Check Site,https://mdcomputers.lk/product/viewsonic-xg2709a-fhd-ips-27-240hz-gaming-monitor/
ASUS DUAL GEFORCE RTX3050 V2 8GB GDDR6 OC USED GRAPHICS CARD ( WITH BOX ),"Rs:70,000.00or 3 XRs:26,133.33with",Out of Stock,https://mdcomputers.lk/product/asus-dual-geforce-rtx3050-v2-8gb-gddr6-oc-used-graphics-card-03-month/
ASUS ROG RX 5700 XT 8GB USED GRAPHICS CARD,"Rs:70,000.00or 3 XRs:26,133.33with",Out of Stock,https://mdcomputers.lk/product/asus-rog-rx5700xt-8gb-used-graphics-card-sr/
MSI G2712 27 INCH 170HZ 1MS AMD FREESYNC FHD IPS ULTRA SLIM E-SPORTS GAMING MONITOR( 3 YEARS WARRANTY ),"Rs:70,500.00Rs:73,000.00or 3 XRs:26,320.00with",Out of Stock,https://mdcomputers.lk/product/msi-g2712-27-inch-170hz-1ms-amd-freesync-fhd-ips-ultra-slim-e-sports-gaming-monitor-3-years-warranty/
Corsair AIR 5400 RS ARGB Mid-Tower Case – Black,"Rs:70,500.00or 3 XRs:26,320.00with",Available / Check Site,https://mdcomputers.lk/product/corsair-air-5400-rs-argb-mid-tower-case-black/
CORSAIR AIR 5400 ARGB CASE WHITE,"Rs:70,500.00or 3 XRs:26,320.00with",Available / Check Site,https://mdcomputers.lk/product/corsair-air-5400-argb-case-white/
RTX2060 6GB ASUS REPUBLISHD VGA CARD,"Rs:71,500.00or 3 XRs:26,693.33with",Out of Stock,https://mdcomputers.lk/product/rtx2060-6gb-asus-vga-card-1-year-warranty/
MSI Pro MP275Q 27 inch 100Hz 1ms 2560 x 1440 (WQHD) IPS Level Ultra Slim Frameless Monitor,"Rs:72,000.00or 3 XRs:26,880.00with",Out of Stock,https://mdcomputers.lk/product/msi-pro-mp275q-27-inch-100hz-1ms-2560-x-1440-wqhd-ips-level-ultra-slim-frameless-monitor/
KOORUI 32 INCH G3221SC CURVED BRAND NEW GAMING MONITOR,"Rs:72,000.00Rs:75,000.00or 3 XRs:26,880.00with",Out of Stock,https://mdcomputers.lk/product/koorui-32-inch-g3221sc-curved-brand-new-gaming-monitor/
GIGABYTE B860M GAMING WIFI6E BRAND NEW MOTHERBOARD ( 03 years warranty ),"Rs:72,000.00or 3 XRs:26,880.00with",Available / Check Site,https://mdcomputers.lk/product/gigabyte-b860m-gaming-wifi6e-brand-new-motherboard-03-years-warranty/
MSI B850M GAMING PLUS (WIFI6E) DDR5 MOTHERBOARD ( 3 YEARS WARRANTY),"Rs:72,000.00Rs:78,000.00or 3 XRs:26,880.00with",Out of Stock,https://mdcomputers.lk/product/msi-b850m-gaming-plus-wifi6e-ddr5-motherboard-3-years-warranty/
THERMALTAKE MAGFLOE 360 ARGB SYNC LIQUID ( 05 years warranty ),"Rs:72,000.00Rs:75,000.00or 3 XRs:26,880.00with",Available / Check Site,https://mdcomputers.lk/product/thermaltake-magfloe-360-argb-sync-liquid-03-years-warranty/
MSI PRO B860 P DDR5 MOTHERBOARD ( 3 YEARS WARRANTY),"Rs:72,500.00Rs:74,000.00or 3 XRs:27,066.67with",Available / Check Site,https://mdcomputers.lk/product/msi-pro-b860-p-ddr5-motherboard-3-years-warranty/
ASUS TUF B660-PLUS WIFI D4,"Rs:73,000.00Rs:84,500.00or 3 XRs:27,253.33with",Out of Stock,https://mdcomputers.lk/product/asus-tuf-b660-plus-wifi-d4/
DELL LATITUDE 3400 – INTEL CORE I5 8TH GEN 8GB RAM 256GB SSD USED LAPTOP,"Rs:73,000.00or 3 XRs:27,253.33with",Out of Stock,https://mdcomputers.lk/product/dell-latitude-3400-intel-core-i5-8th-gen-8g/
ZOTAC RTX2060 SUPER 8GB USED GRAPHICS CARD,"Rs:73,000.00or 3 XRs:27,253.33with",Out of Stock,https://mdcomputers.lk/product/zotac-rtx2060-super-8gb-used-graphics-card/
INTEL CORE I5 13400F PROCESSOR,"Rs:73,500.00or 3 XRs:27,440.00with",Available / Check Site,https://mdcomputers.lk/product/intel-core-i9-13900k-processor-2/
COSAIR ICUE TITAN RGB 360mm RX Liquid Cooler With LCD,"Rs:73,500.00or 3 XRs:27,440.00with",Available / Check Site,https://mdcomputers.lk/product/cosair-icue-titan-rgb-360mm-rx-liquid-cooler-with-lcd/
ASUS TUF B550M-PLUS WIFI II AM4 MOTHERBOARD,"Rs:74,000.00Rs:78,000.00or 3 XRs:27,626.67with",Out of Stock,https://mdcomputers.lk/product/asus-tuf-b550-plus-wifi-ii-brand-new-mother-board/
ASUS DUAL GeForce RTX 3050 6GB GDDR6 OC BRAND NEW GRAPHICS CARD ( 01 YEAR WARRANTY ),"Rs:74,000.00Rs:89,000.00or 3 XRs:27,626.67with",Out of Stock,https://mdcomputers.lk/product/asus-dual-geforce-rtx-3050-6gb-gddr6-oc-graphics-card-1-years-warranty/
THERMALTAKE MAGFLOE 360 SNOW ARGB SYNC LIQUID ( 05 years warranty ),"Rs:74,000.00Rs:76,000.00or 3 XRs:27,626.67with",Available / Check Site,https://mdcomputers.lk/product/thermaltake-magfloe-360-snow-argb-sync-liquid-05-years-warranty/
THERMALTAKE MAGFLOE ULTRA 360 SNOW ARGB SYNC LIQUID COOLER ( 05 years warranty ),"Rs:74,000.00Rs:75,000.00or 3 XRs:27,626.67with",Available / Check Site,https://mdcomputers.lk/product/thermaltake-magfloe-ultra-360-snow-argb-sync-liquid-cooler-05-years-warranty/
ACER NITRO VG271KL 27 INCH 4K UHD IPS BRAND NEW GAMING MONITOR,"Rs:74,500.00or 3 XRs:27,813.33with",Out of Stock,https://mdcomputers.lk/product/acer-nitro-vg271kl-27-inch-4k-uhd-ips-brand-new-gaming-monitor/
HP LASERJET PRO 3003dw BRAND NEW PRINTER ( 01 year warranty ),"Rs:74,500.00Rs:79,500.00or 3 XRs:27,813.33with",Available / Check Site,https://mdcomputers.lk/product/hp-laserjet-pro-3003dw-brand-new-printer-pr/
MSI PRO B660M-A (WI-FI) DDR4 MOTHERBOARD,"Rs:75,000.00or 3 XRs:28,000.00with",Out of Stock,https://mdcomputers.lk/product/msi-pro-b660-a-ddr4-motherboard/
Macbook Air (2017) 13 Inch | Intel i5 +8GB RAM -128GB SSD,"Rs:75,000.00Rs:84,990.00or 3 XRs:28,000.00with",Out of Stock,https://mdcomputers.lk/product/macbook-air-2017-13-inch-intel-i5-8gb-ram-128gb-ssd/
MSI PRO B860 P(WIFI) DDR5 Motherboard ( 3 YEARS WARRANTY),"Rs:75,000.00Rs:75,500.00or 3 XRs:28,000.00with",Out of Stock,https://mdcomputers.lk/product/msi-pro-b860-pwifi-ddr5-motherboard/
ASUS ROG STRIX RTX2060 SUPER 8GB GAMING USED VGA,"Rs:75,000.00or 3 XRs:28,000.00with",Out of Stock,https://mdcomputers.lk/product/asus-rog-strix-rtx2060-super-8gb-gaming-used-vga/
DELL LATITUDE 3410 CORE I3 10TH GEN / 8GB RAM / 256GB SSD USED LAPTOP,"Rs:75,000.00or 3 XRs:28,000.00with",Out of Stock,https://mdcomputers.lk/product/dell-latitude-3410-core-i3-10th-gen-8gb-ram-256gb-ssd-used-laptop/
RTX3050 8GB USED GRAPHIC CARD,"Rs:75,000.00or 3 XRs:28,000.00with",Out of Stock,https://mdcomputers.lk/product/rtx3050-8gb-used-graphics-card/
USED 10TB DESKTOP HARD DISK,"Rs:75,000.00or 3 XRs:28,000.00with",Out of Stock,https://mdcomputers.lk/product/used-10tb-desktop-hard-disk/
MSI PRO Z690-A WIFI DDR4 MOTHERBOARD,"Rs:75,500.00or 3 XRs:28,186.67with",Out of Stock,https://mdcomputers.lk/product/msi-pro-z690-a-wi-fi-ddr4-motherboard/
NZXT Kraken 360 (360mm) RGB CPU Liquid Cooler With LCD Display White ( 6 YEARS WARRANTY ),"Rs:75,500.00or 3 XRs:28,186.67with",Available / Check Site,https://mdcomputers.lk/product/nzxt-kraken-360-360mm-rgb-cpu-liquid-cooler-with-lcd-display-white-6-years-warranty/
MSI B840 Gaming Plus (Wi-Fi) DDR5 Motherboard ( 3 YEARS WARRANTY ),"Rs:75,500.00or 3 XRs:28,186.67with",Out of Stock,https://mdcomputers.lk/product/msi-b840-gaming-plus-wi-fi-ddr5-motherboard-3-years-warranty/
"AMD RYZEN 7 7700X (8 Cores, 16 Threads) Up To 5.4GHz BRAND NEW DESKTOP PROCESSOR  ( 3 YEARS WARRANTY) -WITH OUT BOX","Rs:76,000.00Rs:102,000.00or 3 XRs:28,373.33with",Out of Stock,https://mdcomputers.lk/product/amd-ryzen-7-7700x-processor-without-box-cooler/
MSI MAG 275QF 27″ INCH WQHD (2560 X 1440) 180HZ 0.5MS Adaptive Sync IPS Gaming Monitor (3 Years Warranty),"Rs:76,000.00Rs:81,000.00or 3 XRs:28,373.33with",Out of Stock,https://mdcomputers.lk/product/msi-mag-275qf-27-inch-wqhd-2560-x-1440-180hz-0-5ms-adaptive-sync-ips-gaming-monitor-3-years-warranty/
MSI GEFORCE RTX2070 8GB TRI FROZR USED VGA,"Rs:76,500.00or 3 XRs:28,560.00with",Out of Stock,https://mdcomputers.lk/product/gigabyte-geforce-rtx-2070-super-windforce-oc-3x-8g-used-graphics-card/
ASUS PRIME H770-PLUS D4 BRAND NEW,"Rs:77,000.00or 3 XRs:28,746.67with",Available / Check Site,https://mdcomputers.lk/product/asus-prime-h770-plus-d4-brand-new/
MSI PRO B650M-A (WI-FI) DDR5 MOTHERBOARD,"Rs:77,000.00or 3 XRs:28,746.67with",Out of Stock,https://mdcomputers.lk/product/msi-pro-b650m-a-wi-fi-ddr5-motherboard/
MSI OPTIX G27C4X 27 INCH FHD 250HZ 1MS ADAPTIVE SYNC CURVED GAMING MONITOR ( 3 YEARS WARRANTY ),"Rs:77,000.00Rs:80,000.00or 3 XRs:28,746.67with",Out of Stock,https://mdcomputers.lk/product/msi-g27cq4-e2-27-curved-wqhd-170hz-gaming-monitor-3-years-warranty/
"ASUS TUF VG27AQ5A GAMING MONITOR 27INCH, QHD(2560×1440), 200HZ, FAST IPS MONITOR (3 YEARS WARRANTY)","Rs:77,000.00or 3 XRs:28,746.67with",Available / Check Site,https://mdcomputers.lk/product/asus-tuf-vg27aq5a-gaming-monitor-27inch-qhd2560x1440-200hz-fast-ips-monitor-3-years-warranty/
SEAGATE 4TB NAS IRONWOLF BRAND NEW HARD DISK ( 02 years warranty ),"Rs:77,500.00Rs:79,000.00or 3 XRs:28,933.33with",Available / Check Site,https://mdcomputers.lk/product/seagate-4tb-nas-ironwolf-brand-new-hard-dis/
Western Digital Black SN770 2TB PCIE 4.0 NVME M.2 SSD,"Rs:78,000.00or 3 XRs:29,120.00with",Out of Stock,https://mdcomputers.lk/product/western-digital-black-sn770-2tb-pcie-4-0-nvme-m-2-ssd/
MSI VENTUS RTX2070 SUPER 8GB USED VGA,"Rs:78,000.00Rs:80,000.00or 3 XRs:29,120.00with",Out of Stock,https://mdcomputers.lk/product/msi-ventus-rtx2070-super-8gb-used-vga/
ASUS DUAL RTX2070 8GB USED GRAPHICS CARD,"Rs:78,000.00Rs:89,000.00or 3 XRs:29,120.00with",Out of Stock,https://mdcomputers.lk/product/rtx2070-8gb-used-vga/
RTX2070 8GB SUPER USED GRAPHICS CARD,"Rs:78,000.00Rs:79,000.00or 3 XRs:29,120.00with",Out of Stock,https://mdcomputers.lk/product/msi-ventus-rtx2070-8gb-used-vga-2/
AMD RADEON RX6600 CHALLENGER 8GB USED VGA ( WITH BOX ),"Rs:78,000.00Rs:82,000.00or 3 XRs:29,120.00with",Available / Check Site,https://mdcomputers.lk/product/amd-radeon-rx-6600-challenger-8gb-used-vga-with-box/
MSI MAG 27CQ6F 27″ INCH WQHD (2560 X 1440) 180HZ 1MS AMD Freesync Curved Gaming Monitor ( 3 Years Warranty),"Rs:78,500.00or 3 XRs:29,306.67with",Out of Stock,https://mdcomputers.lk/product/msi-mag-27cq6f-27-inch-wqhd-2560-x-1440-180hz-1ms-amd-freesync-curved-gaming-monitor-3-years-warranty/
MSI MPG Z590 GAMING FORCE MOTHERBOARD,"Rs:79,000.00or 3 XRs:29,493.33with",Out of Stock,https://mdcomputers.lk/product/msi-mpg-z590-gaming-force-motherboard/
INTEL CORE I7-11700F BRAND NEW PROCESSOR ( FOR PC BUILD ONLY ),"Rs:79,000.00Rs:82,000.00or 3 XRs:29,493.33with",Out of Stock,https://mdcomputers.lk/product/intel-core-i7-11700f-processor-for-pc-build-only/
ASROCK B850M-RIPTIDE WiFi BRAND NEW MOTHERBOARD ( 03 Years Warranty ),"Rs:79,000.00Rs:81,000.00or 3 XRs:29,493.33with",Available / Check Site,https://mdcomputers.lk/product/asrock-b850m-riptide-wifi-brand-new-motherb/
SAPPHIRE RX 6600XT 8GB GDDR6 USED GRAPHICS CARD,"Rs:80,000.00or 3 XRs:29,866.67with",Out of Stock,https://mdcomputers.lk/product/sapphire-radeon-rx-6600-xt-nitro-rgb-gaming-8gb/
ZOTAC GAMING GEFORCE  RTX3050 ECO 8GB BEAND NEW GRHAPIC CARD,"Rs:80,000.00Rs:85,000.00or 3 XRs:29,866.67with",Out of Stock,https://mdcomputers.lk/product/zotac-gaming-rtx-3050-eco-8gb/
INTEL CORE I5 6TH GEN USED GAMING PC WITH GTX1060 3GB VGA,"Rs:80,000.00Rs:83,900.00or 3 XRs:29,866.67with",Out of Stock,https://mdcomputers.lk/product/intel-core-i5-6th-gen-used-gaming-pc-with-gtx1060-3gb-vga/
MARSRHINO VIPER ONE GAMING SOFA,"Rs:80,000.00Rs:95,000.00or 3 XRs:29,866.67with",Available / Check Site,https://mdcomputers.lk/product/marsrhino-viper-one-gaming-sofa/
MSI PRO Z790-S (WIFI) DDR5 Motherboard,"Rs:81,000.00Rs:82,000.00or 3 XRs:30,240.00with",Available / Check Site,https://mdcomputers.lk/product/msi-pro-z790-s-wifi-ddr5-motherboard/
Corsair Crystal Series 680X RGB ATX High Airflow Tempered Glass Smart Case – White,"Rs:81,000.00or 3 XRs:30,240.00with",Available / Check Site,https://mdcomputers.lk/product/corsair-crystal-series-680x-rgb-atx-high-airflow-tempered-glass-smart-case-white/
ASUS PRIME Z690M-PLUS D4 12TH GEN MOTHERBOARD,"Rs:81,500.00or 3 XRs:30,426.67with",Out of Stock,https://mdcomputers.lk/product/asus-prime-b760-plus-d4/
RTX2060 12GB USED GRAPHICS CARD ( RANDOM BRAND ),"Rs:82,000.00Rs:85,000.00or 3 XRs:30,613.33with",Out of Stock,https://mdcomputers.lk/product/msi-rtx2060-12gb-used-graphics-card-02-month/
MSI Radeon RX6600XT Mech 2X 8GB GDDR6 OC USED VGA,"Rs:82,000.00Rs:89,000.00or 3 XRs:30,613.33with",Out of Stock,https://mdcomputers.lk/product/msi-radeon-rx6600-xt-mech-2x-8gb-gddr6-oc-used-vga/
"ASUS TUF Gaming VG279QL1A 27” HDR Gaming Monitor, 1080P Full HD, 165Hz (Supports 144Hz), IPS, 1ms, FreeSync Premium, DisplayHDR 400, Extreme Low Motion Blur, Eye Care, HDMI DisplayPort, BLACK","Rs:82,500.00Rs:135,000.00or 3 XRs:30,800.00with",Available / Check Site,https://mdcomputers.lk/product/asus-tuf-gaming-vg279q1a-27-monitor3y/
MSI B760M PROJECT ZERO DDR5,"Rs:83,000.00or 3 XRs:30,986.67with",Available / Check Site,https://mdcomputers.lk/product/msi-b760m-project-zero-ddr5/
Macbook Air (2017) 13 Inch Intel i5 +8GB RAM -256GB SSD,"Rs:83,000.00Rs:104,990.00or 3 XRs:30,986.67with",Out of Stock,https://mdcomputers.lk/product/macbook-air-2017-13-inch-intel-i7-8gb-ram-256gb-ssd/
ASUS ROG STRIX B550-F GAMING,"Rs:84,000.00Rs:93,500.00or 3 XRs:31,360.00with",Out of Stock,https://mdcomputers.lk/product/asus-rog-strix-b550-f-gaming/
MSI B850 Gaming Plus (Wi-Fi) DDR5 Motherboard ( 3 YEARS WARRANTY ),"Rs:84,000.00Rs:94,000.00or 3 XRs:31,360.00with",Out of Stock,https://mdcomputers.lk/product/msi-b850-gaming-plus-wi-fi-ddr5-motherboard-3-years-warranty/
HP SMART TANK 670 3 IN 1 W/L/D BRAND NEW PRINTER ( 01 year warranty ),"Rs:84,000.00or 3 XRs:31,360.00with",Available / Check Site,https://mdcomputers.lk/product/hp-smart-tank-670-3-in-1-w-l-d-brand-new-printer-01-year-warranty/
LENOVO L14 – CORE I5 10TH GEN 8GB RAM / 256 NVME SSD USED LAPTOP,"Rs:84,990.00Rs:99,000.00or 3 XRs:31,729.60with",Out of Stock,https://mdcomputers.lk/product/lenovo-l14-core-i5-10th-gen-8gb-ram-256-nvme-ssd-used-laptop/
MSI 27″ OPTIX G272 27 INCH IPS 144HZ,"Rs:85,000.00or 3 XRs:31,733.33with",Out of Stock,https://mdcomputers.lk/product/msi-27-optix-g272-27-inch-ips-144hz/
MARSRHINO SPYDER EVO GAMING CHAIR,"Rs:85,000.00Rs:90,000.00or 3 XRs:31,733.33with",Available / Check Site,https://mdcomputers.lk/product/marsrhino-spyder-evo-gaming-chair-sri-lanka/
MARSRHINO SPYDER 2 GAMING CHAIR ( Cream),"Rs:85,000.00or 3 XRs:31,733.33with",Available / Check Site,https://mdcomputers.lk/product/marsrhino-spyder-2-gaming-chair-cream/
WD PURPLE 10TB BRAND NEW HDD ( 03 YEARS WARRANTY ),"Rs:86,000.00or 3 XRs:32,106.67with",Out of Stock,https://mdcomputers.lk/product/wd-purple-10tb-brand-new-hdd-03-years-warranty/
SEAGATE 10TB SKYHAWK HDD (3Y),"Rs:86,000.00or 3 XRs:32,106.67with",Out of Stock,https://mdcomputers.lk/product/seagate-10tb-skyhawk-hdd-3y/
ASUS PRIME B840-PLUS WIFI DDR5 CSM MOTHERBOARD ( 3 YEARS WARRANTY ),"Rs:86,000.00or 3 XRs:32,106.67with",Available / Check Site,https://mdcomputers.lk/product/asus-prime-b840-plus-wifi-ddr5-csm-motherboard-3-years-warranty/
MSI PRO Z690-A (DDR5) MOTHERBOARD,"Rs:86,500.00or 3 XRs:32,293.33with",Out of Stock,https://mdcomputers.lk/product/msi-pro-z690-a-ddr5-motherboard/
INTEL CORE I7-12700F BRAND NEW TRAY PROCESSOR ( WITH OUT BOX ),"Rs:86,500.00Rs:88,500.00or 3 XRs:32,293.33with",Out of Stock,https://mdcomputers.lk/product/intel-core-i7-12700f-processor/
"AMD RYZEN 7 9700X (8 Cores, 16 Threads) Up To 5.4GHz DESKTOP TRAY PROCESSOR (3 YEARS WARRANTY)","Rs:86,500.00Rs:107,500.00or 3 XRs:32,293.33with",Out of Stock,https://mdcomputers.lk/product/amd-ryzen-7-9700x-processor-without-box-cooler/
TWINMOS 16GB DDR5 5600MHz NOTEBOOK RAM ( 3y ),"Rs:87,000.00or 3 XRs:32,480.00with",Available / Check Site,https://mdcomputers.lk/product/twinmos-16gb-ddr5-5600mhz-notebook-ram-3y/
MSI B860 GAMING PLUS (WI-FI) DDR5 MOTHERBOARD ( 3 YEARS WARRANTY ),"Rs:87,500.00Rs:89,500.00or 3 XRs:32,666.67with",Available / Check Site,https://mdcomputers.lk/product/msi-b860-gaming-plus-wi-fi-ddr5-motherboard-3-years-warranty/
MSI GEFORCE RTX3050 VENTUS 2X 6GB OC BRAND NEW GRAPHICS CARD ( 03 YEARS WARRANTY ) – WITH OUT BOX,"Rs:87,500.00Rs:89,000.00or 3 XRs:32,666.67with",Out of Stock,https://mdcomputers.lk/product/msi-geforce-rtx3050-ventus-2x-6gb-oc-brand-new-graphics-card-03-years-warranty-with-out-box/
MSI MPG Z590 GAMING CARBON WIFI GAMING MOTHERBOARD,"Rs:88,000.00or 3 XRs:32,853.33with",Out of Stock,https://mdcomputers.lk/product/msi-mpg-z590-gaming-carbon-wifi-gaming-motherboard/
MSI G27C4 E2 CURVED IPS FHD 170HZ MONITOR,"Rs:88,000.00or 3 XRs:32,853.33with",Out of Stock,https://mdcomputers.lk/product/msi-g27c4-e2-curved-ips-fhd-170hz-monitor/
ViewSonic VX2718 2KPC MHD 27″ QHD (2560×1440) 180Hz AMD Free Sync Gaming Monitor,"Rs:88,000.00or 3 XRs:32,853.33with",Available / Check Site,https://mdcomputers.lk/product/viewsonic-vx2718-2kpc-mhd-27-qhd-2560x1440-180hz-amd-free-sync-gaming-monitor/
ASUS PROART PA248QV 24.1 IPS WUXGA (1920X1200)  75HZ 100% SRGB CALMAN VERIFIED PROFESSIONAL MONITOR,"Rs:88,000.00Rs:99,000.00or 3 XRs:32,853.33with",Out of Stock,https://mdcomputers.lk/product/asus-proart-pa248qv-24-1-ips-wuxga-1920x1200-75hz-100-srgb-calman-verified-professional-monitor/
LENOVO THINKPAD X1 CARBON – CORE I5 8TH / 8GB Ram / 256GB NVME SSD USED LAPTOP,"Rs:88,500.00Rs:100,000.00or 3 XRs:33,040.00with",Out of Stock,https://mdcomputers.lk/product/thinkpad-x1-carbon-i5-8th-8gb-ram-256gb-nvme-ssd-laptops/
Asus ROG Aura Edition 850 WATT 80 Plus Gold Certified Fully Modular Power Supply ( 3 YEARS WARRANTY ),"Rs:89,000.00or 3 XRs:33,226.67with",Available / Check Site,https://mdcomputers.lk/product/asus-rog-aura-edition-850-watt-80-plus-gold-certified-fully-modular-power-supply-3-years-warranty/
HP PROBOOK 450 G6 -CORE I5 8TH GEN -8GB RAM- 256GB NVME SSD -LAPTOP,"Rs:89,000.00Rs:95,000.00or 3 XRs:33,226.67with",Out of Stock,https://mdcomputers.lk/product/hp-probook-450-g6-i5-8th-gen-16gb-ram-256gb-nvme-ssd-laptop/
LENOVO THINKPAD X13 I5 10TH GEN 16GB RAM 256GB NVME SSD 13.3INCH FULLHD TOUCH DISPLAY,"Rs:89,000.00or 3 XRs:33,226.67with",Out of Stock,https://mdcomputers.lk/product/lenovo-thinkpad-x13-i5-10th-gen-16gb-ram-256gb-nvme-ssd-13-3inch-fullhd-touch-display/
HP ELITEBOOK 840 G7 CORE I7 10TH GEN / 8GB RAM / 256GB NVME SSD USED LAPTOP ( CAMERA ERROR ),"Rs:89,000.00Rs:98,000.00or 3 XRs:33,226.67with",Out of Stock,https://mdcomputers.lk/product/hp-elitebook-840-g7-core-i7-10th-gen-8gb-ram-256gb-nvme-ssd-used-laptop-camera-error/
INTEL CORE I7-11700 BRAND NEW PROCESSOR,"Rs:89,500.00or 3 XRs:33,413.33with",Out of Stock,https://mdcomputers.lk/product/intel-core-i7-11700-brand-new-processor/
Viewsonic VA3209-2K-MHD 32″ 2K QHD (2560×1440) Adaptive Monitor,"Rs:90,000.00or 3 XRs:33,600.00with",Available / Check Site,https://mdcomputers.lk/product/viewsonic-va3209-2k-mhd-32-2k-qhd-2560x1440-adaptive-monitor/
HP ELITEBOOK 845 G7 – RYZEN 5 PRO 4650U – 16GB RAM – 256GB SSD USED LAPTOP,"Rs:90,000.00Rs:103,000.00or 3 XRs:33,600.00with",Out of Stock,https://mdcomputers.lk/product/hp-elitebook-845-g7-ryzen-5-pro-4650u-16gb-ram-256gb-ssd-used-laptop/
MSI GAMING X GEFORCE RTX2080 8GB USED GRAPHICS CARD,"Rs:90,000.00or 3 XRs:33,600.00with",Out of Stock,https://mdcomputers.lk/product/msi-geforce-rtx2080-8gb-super-ventus-used-vga/
LENOVO X1 YOGA INTEL CORE I5 8TH GEN / 8GB RAM /256GB NVME USED 360 LAPTOP,"Rs:90,000.00Rs:100,000.00or 3 XRs:33,600.00with",Out of Stock,https://mdcomputers.lk/product/lenovo-x1-yoga-intel-core-i5-8th-gen-8gb-ram-256gb-nvme-used-360-laptop/
WESTERN DIGITAL 6TB NAS RED PLUS BRAND NEW HARD DISK (2y),"Rs:90,000.00or 3 XRs:33,600.00with",Available / Check Site,https://mdcomputers.lk/product/western-digital-6tb-nas-red-plus-brand-new-hard-disk-2y/
HP LASERJET PRO 4003DW BRAND NEW PRINTER (1y),"Rs:90,500.00Rs:95,500.00or 3 XRs:33,786.67with",Available / Check Site,https://mdcomputers.lk/product/hp-lj-pro-4003dw-brand-new-printer-1y-warra/
INTEL CORE I5 6TH GEN GAMING PC WITH GTX 970 4GB GRAPHIC CARD,"Rs:91,000.00Rs:93,900.00or 3 XRs:33,973.33with",Out of Stock,https://mdcomputers.lk/product/intel-core-i5-6th-gen-gaming-pc-gtx-960-4gb-graphic-card/
Corsair Vengeance 16GB (1x16GB) DDR5 SO-DIMM 5600MHz Laptop Memory ( 3 YEARS WARRANTY ),"Rs:91,000.00or 3 XRs:33,973.33with",Available / Check Site,https://mdcomputers.lk/product/corsair-vengeance-16gb-1x16gb-ddr5-so-dimm-5600mhz-laptop-memory-3-years-warranty/
MONOVA 27″ IPS 2K WQHD HD27S 165HZ FRAMELESS GAMING MONITOR,"Rs:92,000.00or 3 XRs:34,346.67with",Out of Stock,https://mdcomputers.lk/product/monova-27-ips-2k-wqhd-hd27s-165hz-frameless-gaming-monitor/
MSI G27CQ4 E2 27’’ CURVED WQHD 170Hz GAMING MONITOR ( 3 YEARS WARRANTY ),"Rs:92,000.00or 3 XRs:34,346.67with",Out of Stock,https://mdcomputers.lk/product/msi-g27cq4-e2-27-curved-wqhd-170hz-gaming-monitor-3-years-warranty-2/
CORSAIR T3 RUSH CHAECOAL FABRIC GAMING CHAIR  (2 Years Warranty),"Rs:92,000.00Rs:126,500.00or 3 XRs:34,346.67with",Out of Stock,https://mdcomputers.lk/product/corsair-t3-rush-2023-2023-charcoal-fabric-gaming-chair-2-years-warranty/
Corsair T3 Rush (2023) Grey & Charcoal Fabric Gaming Chair (2 Years Warranty),"Rs:92,000.00Rs:126,500.00or 3 XRs:34,346.67with",Available / Check Site,https://mdcomputers.lk/product/corsair-t3-rush-2023-grey-charcoal-fabric-gaming-chair-2-years-warranty/
Corsair ICUE 5000T RGB Tempered Glass Mid-Tower ATX Case – White (2 Years Warranty),"Rs:92,000.00or 3 XRs:34,346.67with",Available / Check Site,https://mdcomputers.lk/product/corsair-icue-5000t-rgb-tempered-glass-mid-tower-atx-case-white-2-years-warranty/
CORSAIR ICUE 5000T RGB Glass Mid Tower ATX Case- Black (2 Years Warranty),"Rs:92,000.00or 3 XRs:34,346.67with",Available / Check Site,https://mdcomputers.lk/product/corsair-icue-5000t-rgb-glass-mid-tower-atx-case-black-2-years-warranty/
NZXT KRAKEN Elite 360 (360mm) CPU Liquid Cooler With LCD Display Black,"Rs:92,000.00or 3 XRs:34,346.67with",Available / Check Site,https://mdcomputers.lk/product/nzxt-kraken-elite-360-360mm-cpu-liquid-cooler-with-lcd-display-black/
DELL LATITUDE 5500 – CORE I7 8TH GEN / 8GB RAM / 256GB NVME SSD USED LAPTOP,"Rs:92,000.00Rs:99,000.00or 3 XRs:34,346.67with",Out of Stock,https://mdcomputers.lk/product/dell-latitude-5500-core-i7-8th-gen-8gb-ram-256gb-nvme-ssd-used-laptop/
DELL LATITUDE 5510 – I5 10TH GEN / 8GB RAM / 256GB NVME SSD USED LAPTOP,"Rs:92,000.00or 3 XRs:34,346.67with",Out of Stock,https://mdcomputers.lk/product/dell-latitude-5510-i5-10th-gen-8gb-ram-256gb-nvme-ssd-used-laptop/
INTEL CORE I3 8TH GEN GAMING PC GTX1060 3GB USED VGA CARD,"Rs:93,000.00Rs:97,400.00or 3 XRs:34,720.00with",Out of Stock,https://mdcomputers.lk/product/11790/
MSI MAG B650 TOMAHAWK (WI-FI) DDR5 MOTHERBOARD ( 3 YEARS WARRANTY ),"Rs:93,000.00or 3 XRs:34,720.00with",Available / Check Site,https://mdcomputers.lk/product/msi-mag-b650-tomahawk-wi-fi-ddr5-motherboard-3-years-warranty/
DELL LATITUDE 3510 – CORE I5 10TH GEN – 8GB RAM – 256GB NVME SSD USED LAPTOP,"Rs:93,000.00Rs:105,000.00or 3 XRs:34,720.00with",Out of Stock,https://mdcomputers.lk/product/dell-vostro-3510-core-i5-10th-gen-8gb-ram-256gb-ssd-used-laptop/
ASROCK AMD RADEON RX7600 CHALLENGER 8GB OC USED VGA,"Rs:93,000.00Rs:95,000.00or 3 XRs:34,720.00with",Out of Stock,https://mdcomputers.lk/product/asrock-amd-radeon-rx7600-challenger-8gb-oc-used-vga/
ASUS MA02 ROG CLAYMORE II WIRED+WIRELESS KEYBOARD(1y),"Rs:93,200.00or 3 XRs:34,794.67with",Available / Check Site,https://mdcomputers.lk/product/asus-ma02-rog-claymore-ii-wiredwireless-keyboard1y/
Corsair MP700 Pro 2TB PCIe Gen5 M.2 NVME SSD ( 10 YEARS WARRANTY ),"Rs:94,000.00or 3 XRs:35,093.33with",Out of Stock,https://mdcomputers.lk/product/corsair-mp700-pro-2tb-pcie-gen5-m-2-nvme-ssd-3-years-warranty/
ASUS ROG STRIX B550-F GAMING WIFI II BRAND NEW MOTHERBOARD,"Rs:94,000.00or 3 XRs:35,093.33with",Available / Check Site,https://mdcomputers.lk/product/asus-rog-strix-b550-f-gaming-wifi-ii-brand-new-motherboard/
KOORUI 34E6UC 34INCH (3440×1440) VA 165HZ SRGB 100% HDR400 BRAND NEW GAMING MONITOR,"Rs:94,500.00or 3 XRs:35,280.00with",Out of Stock,https://mdcomputers.lk/product/koorui-34e6uc-34inch3440-x-1440-va-165hz-srgb-100-hdr400-monitor/
ASUS TUF GAMING X570 PRO (WI FI)II MOTHERBOARD,"Rs:95,000.00or 3 XRs:35,466.67with",Out of Stock,https://mdcomputers.lk/product/asus-tuf-gaming-x570-pro-wi-fiii-motherboard/
ASUS TUF GAMING X570 PRO (WI FI)II MOTHERBOARD,"Rs:95,000.00or 3 XRs:35,466.67with",Out of Stock,https://mdcomputers.lk/product/asus-tuf-gaming-x570-pro-wi-fiii-motherboard-2/
NZXT Kraken Elite 360 (360mm) RGB CPU Liquid Cooler With LCD Display White ( 6 YEARS WARRANTY ),"Rs:95,000.00Rs:100,000.00or 3 XRs:35,466.67with",Out of Stock,https://mdcomputers.lk/product/nzxt-kraken-elite-360-360mm-rgb-cpu-liquid-cooler-with-lcd-display-white-3-years-warranty/
Corsair Dominator Titanium RGB 32GB (2X16GB) DDR5 6400MHz Intel Xmp Memory ( 10 YEARS WARRANTY ),"Rs:95,000.00or 3 XRs:35,466.67with",Out of Stock,https://mdcomputers.lk/product/corsair-dominator-titanium-rgb-32gb-2x16gb-ddr5-6400mhz-intel-xmp-memory-3-years-warranty/
"AMD RYZEN 5 9600X (6 Cores, 12 Threads) Up To 5.4GHz Desktop Processor (3 YEARS WARRANTY)","Rs:95,000.00Rs:96,500.00or 3 XRs:35,466.67with",Available / Check Site,https://mdcomputers.lk/product/amd-ryzen-5-9600x-6-cores-12-threads-up-to-5-4ghz-desktop-processor-3-years-warranty/
GIGABYTE Z790 EAGLE AX DDR5 BRAND NEW (WiFi) MOTHERBOARD ( 03y ),"Rs:95,000.00or 3 XRs:35,466.67with",Available / Check Site,https://mdcomputers.lk/product/gigabyte-z790-eagle-ax-ddr5-brand-new-wifi-motherboard-03y/
MacBook Air 2017 – Intel i7 8GB RAM -256GB SSD +13 Inch,"Rs:95,000.00or 3 XRs:35,466.67with",Out of Stock,https://mdcomputers.lk/product/macbook-air-2017-intel-i7-8gb-ram-256gb-ssd-13-inch/
LENOVO T495s RYZEN 7 PRO 3700U – 16GB RAM – 256GB SSD – USED LAPTOP,"Rs:95,000.00or 3 XRs:35,466.67with",Out of Stock,https://mdcomputers.lk/product/lenovo-t495s-ryzen-7-pro-3700u-16gb-ram-256gb-ssd-used-laptop/
LENOVO X1 YOGA INTEL CORE I5 8TH GEN / 16GB RAM /256GB NVME USED 360 LAPTOP,"Rs:95,000.00Rs:105,000.00or 3 XRs:35,466.67with",Out of Stock,https://mdcomputers.lk/product/lenovo-x1-yoga-intel-core-i5-8th-gen-16gb-ram-256gb-nvme-used-360-laptop/
DELL LATITUDE 3540 CORE I7 8TH GEN 8GB RAM 256GB SSD USED LAPTOP,"Rs:95,000.00or 3 XRs:35,466.67with",Out of Stock,https://mdcomputers.lk/product/dell-latitude-3540-core-i7-8th-gen-8gb-ram-256gb-ssd-used-laptop/
DELL LATITUDE 5320 INTEL CORE I5 11TH GEN 8GB RAM 256GB NVME SSD USED LAPTOP,"Rs:95,000.00Rs:98,000.00or 3 XRs:35,466.67with",Out of Stock,https://mdcomputers.lk/product/dell-latitude-5320-intel-core-i5-11th-gen-8gb-ram-256gb-nvme-ssd-used-2-in-1-laptop/
ASROCK RX7600 8GB USED WHITE GRAPHICS CARD,"Rs:95,000.00or 3 XRs:35,466.67with",Out of Stock,https://mdcomputers.lk/product/asrock-rx7600-8gb-used-white-graphics-card/
ASUS TUF GAMING Z690 PLUS D4 12TH GEN MOTHERBOARD,"Rs:96,000.00or 3 XRs:35,840.00with",Out of Stock,https://mdcomputers.lk/product/asus-tuf-gaming-z690-plus-d4-12th-gen-motherboard/
ASUS TUF GAMING VG328QA1A FHD 170HZ VA 32INCH MONITOR,"Rs:96,000.00Rs:100,000.00or 3 XRs:35,840.00with",Available / Check Site,https://mdcomputers.lk/product/asus-tuf-gaming-vg328qa1a-fhd-170hz-va-32inch-monitor/
DELL LATITUDE 5511 – CORE I5 10TH GEN / 8GB RAM / 256GB NVME SSD USED LAPTOP,"Rs:96,000.00Rs:99,000.00or 3 XRs:35,840.00with",Out of Stock,https://mdcomputers.lk/product/dell-latitude-5510-core-i5-10th-gen-16gb-ram-256gb-nvme-ssd-used-laptop/
ZOTAC ECO GAMING GEFORCE RTX3050 8GB GDDR6 GRAPHICS CARD ( 02 y ),"Rs:96,000.00or 3 XRs:35,840.00with",Out of Stock,https://mdcomputers.lk/product/zotac-eco-gaming-geforce-rtx-3050-8gb-gddr6-graphics-card-02-y/
INTEL CORE I5 7TH GEN GAMING PC WITH GTX1050TI 4GB VGA CARD,"Rs:96,300.00Rs:101,300.00or 3 XRs:35,952.00with",Out of Stock,https://mdcomputers.lk/product/intel-core-i7-6th-gen-gaming-pc-gtx-1060-6gb-vga-card/
SAMSUNG LC27G55TQBEXXY 27 INCH ODYSSEY (G55TB) 144Hz CURVED QHD BRAND NEW GAMING MONITOR,"Rs:96,500.00or 3 XRs:36,026.67with",Available / Check Site,https://mdcomputers.lk/product/samsung-lc27g55tqbexxy-27-inch-odyssey-g55tb-curved-qhd-brand-new-gaming-monitor/
ASUS TUF GAMING B850M-PLUS DDR5 BRAND NEW MOTHERBOARD,"Rs:97,000.00or 3 XRs:36,213.33with",Out of Stock,https://mdcomputers.lk/product/asus-tuf-gaming-b850m-plus-wifi-ddr5-brand-new-motherboard/
CORSAIR VENGEANCE RGB 64GB (2X32) DDR5 DRAM 6000MHz AMD EXPO & INTEL XMP MEMORY ( 10 YEARS WARRANTY ),"Rs:97,500.00or 3 XRs:36,400.00with",Out of Stock,https://mdcomputers.lk/product/corsair-vengeance-rgb-64gb-2x32-ddr5-dram-6000mhz-amd-expo-intel-xmp-memory/
"AMD RYZEN 7 8700G (8 CORES, 16 THREADS) UP TO 4.2 GHZ DESKTOP PROCESSOR WITH WRAITH STEALTH COOLER ( 3 YEARS WARRANTY)","Rs:98,000.00Rs:108,500.00or 3 XRs:36,586.67with",Available / Check Site,https://mdcomputers.lk/product/amd-ryzen-7-8700g-8-cores-16-threads-up-to-4-2-ghz-desktop-processor-with-wraith-stealth-cooler-3-years-warranty/
ViewSonic VG2709-2K-MHDU 27 ” 2K QHD (2560×1440) Monitor,"Rs:98,000.00or 3 XRs:36,586.67with",Available / Check Site,https://mdcomputers.lk/product/viewsonic-vg2709-2k-mhdu-27-2k-qhd-2560x1440-monitor/
HP ELITEBOOK 840 G7 CORE I7 10TH GEN / 8GB RAM / 256GB NVME SSD USED LAPTOP,"Rs:98,000.00Rs:109,000.00or 3 XRs:36,586.67with",Out of Stock,https://mdcomputers.lk/product/hp-elitebook-845-g7-amd-ryzen-5-16-gb-ram-512-nvme-ssd-used-laptop/
INTEL CORE I7-11700K PROCESSOR ( FOR PC BUILD ONLY ),"Rs:98,500.00or 3 XRs:36,773.33with",Out of Stock,https://mdcomputers.lk/product/intel-core-i7-11700k-processor-for-pc-build-only/
ZOTAC RTX5050 8GB TWIN EDGE GDDR6 BRAND NEW GRAPIC CARD,"Rs:99,000.00or 3 XRs:36,960.00with",Out of Stock,https://mdcomputers.lk/product/zotac-rtx5050-8gb-twin-edge-gddr6-brand-new-grapic-card/
ASUS TUF GAMING B850-PLUS WIFI BRAND NEW MOTHERBOARD,"Rs:99,000.00or 3 XRs:36,960.00with",Available / Check Site,https://mdcomputers.lk/product/asus-tuf-gaming-b850-plus-wifi-brand-new-motherboard/
LENOVO T14S – CORE I5 11TH GEN – 8GB RAM – 256GB NVME SSD – USED LAPTOP,"Rs:99,000.00Rs:107,000.00or 3 XRs:36,960.00with",Out of Stock,https://mdcomputers.lk/product/lenovo-t14s-core-i5-11th-gen-8gb-ram-256gb-nvme-ssd-used-laptop/
HP PROBOOK 440 G8 – INTEL CORE I5 11GEN 8GB RAM 256GB NVME SSD USED LAPTOP,"Rs:99,000.00or 3 XRs:36,960.00with",Out of Stock,https://mdcomputers.lk/product/hp-probook-440-g8-intel-core-i5-11gen-8gb-ram-256gb-nvme-ssd-used-laptop/
HP OFFICEJET PRO 9720 3 IN 1 W/L BRAND NEW PRINTER ( 01 year warranty ),"Rs:99,000.00or 3 XRs:36,960.00with",Available / Check Site,https://mdcomputers.lk/product/hp-officejet-pro-9720-3-in-1-w-l-brand-new/
THERMALTAKE MAGCURVE 360 ULTRA SNOW ARGB SYNC LIQUID COOLER ( 05 years warranty ),"Rs:99,000.00Rs:102,000.00or 3 XRs:36,960.00with",Available / Check Site,https://mdcomputers.lk/product/thermaltake-magcurve-360-ultra-snow-argb-sync-liquid-cooler-05-years-warranty/
MSI Z790 Gaming Plus (WIFI) DDR5 Motherboard(3 YEARS WARRANTY),"Rs:99,500.00Rs:104,000.00or 3 XRs:37,146.67with",Available / Check Site,https://mdcomputers.lk/product/msi-z790-gaming-pro-wifi-ddr5-motherboard/
MSI Z790 Gaming Plus (WIFI) DDR5 Motherboard(3 YEARS WARRANTY),"Rs:99,500.00Rs:128,500.00or 3 XRs:37,146.67with",Out of Stock,https://mdcomputers.lk/product/asus-prime-z790-a-wifi-csm-motherboard3y/
MSI X670E Gaming Plus (Wi-Fi) DDR5 Motherboard ( 3 YEARS WARRANTY),"Rs:99,500.00or 3 XRs:37,146.67with",Available / Check Site,https://mdcomputers.lk/product/msi-x670e-gaming-plus-wi-fi-ddr5-motherboard-3-years-warranty/
Elgato Facecam Pro Premium 4K Webcam (2 Years Warranty),"Rs:99,500.00or 3 XRs:37,146.67with",Available / Check Site,https://mdcomputers.lk/product/elgato-facecam-pro-premium-4k-webcam-2-years-warranty/
ASROCK X870 PRO-A WiFi BRAND NEW MOTHERBOARD ( 03 Years Warranty ),"Rs:99,500.00Rs:102,500.00or 3 XRs:37,146.67with",Available / Check Site,https://mdcomputers.lk/product/asrock-x870-pro-a-wifi-brand-new-motherboar/
LENOVO T14 – CORE I5 10TH GEN – DDR4 16GB RAM – 256GB NVME SSD USED LAPTOP,"Rs:99,800.00Rs:100,000.00or 3 XRs:37,258.67with",Out of Stock,https://mdcomputers.lk/product/lenovo-t14-i5-10th-gen-8gb-ram-256gb-nvme-ssd-laptop/
ViewSonic VA2762-4K 27 ” 4K (3840 x 2160) UHD IPS Monitor( 3 Years Warranty),"Rs:100,000.00Rs:105,000.00or 3 XRs:37,333.33with",Available / Check Site,https://mdcomputers.lk/product/viewsonic-va2762-4k-27-4k-3840-x-2160-uhd-ips-monitor-3-years-warranty/
NZXT N7 B650E MOTHERBOARD – AMD B650 CHIPSET WITH WI-FI AND WHITE COVER ( 3 YEARS WARRANTY ),"Rs:100,000.00or 3 XRs:37,333.33with",Available / Check Site,https://mdcomputers.lk/product/nzxt-n7-b650e-motherboard-amd-b650-chipset-with-wi-fi-and-white-cover-3-years-warranty/
Gigabyte G32QC A 31.5 inches QHD 165HZ 1MS VA Panel Gaming Monitor | G32QCA-EK,"Rs:100,000.00Rs:102,000.00or 3 XRs:37,333.33with",Available / Check Site,https://mdcomputers.lk/product/gigabyte-gs32qc-32%e2%80%b3-curved-2k-oc-170hz-gaming-monitor/
LENOVO E15 – INTEL CORE I5 10TH GEN – 8GB RAM / 256GB NVME SSD USED LAPTOP,"Rs:100,000.00or 3 XRs:37,333.33with",Out of Stock,https://mdcomputers.lk/product/lenovo-e15-intel-core-i5-10th-gen-8gb-ram-256gb-nvme-ssd-used-laptop/
KOORUI 27″ S2721PM IPS Mini LED QHD (2560 X 1440) 200Hz MONITOR ( OPEN BOX ),"Rs:100,000.00or 3 XRs:37,333.33with",Out of Stock,https://mdcomputers.lk/product/koorui-27-s2721pm-ips-mini-led-qhd-2560-x-1440-200hz-monitor-open-box/
KOORUI 34″ G3441XC VA UWQHD 240HZ ULTRAWIDE CURVED BRAND NEW GAMING MONITOR,"Rs:101,000.00Rs:114,000.00or 3 XRs:37,706.67with",Out of Stock,https://mdcomputers.lk/product/koorui-34-g3441xc-va-uwqhd-240hz-ultrawide-curved-brand-new-gaming-monitor/
INTEL CORE I5-13600K PROCESSOR,"Rs:102,000.00or 3 XRs:38,080.00with",Available / Check Site,https://mdcomputers.lk/product/intel-core-i5-13600k-processor/
Asus ROG Aura Edition 1000 WATT 80 Plus Gold Certified Fully Modular Power Supply (3 YEARS WARRANTY),"Rs:102,000.00or 3 XRs:38,080.00with",Available / Check Site,https://mdcomputers.lk/product/asus-rog-aura-edition-1000-watt-80-plus-gold-certified-fully-modular-power-supply-3-years-warranty/
"INTEL CORE ULTRA 7 265K 36M CACHE UP TO 5.5 GHz(20 Threads , 20 Cores ) BRAND NEW TRAY DESKTOP PROCESSOR ( 03 Years Warranty )","Rs:102,000.00Rs:124,000.00or 3 XRs:38,080.00with",Out of Stock,https://mdcomputers.lk/product/intel-core-ultra-7-processor-265k-36m-cache-up-to-5-5-ghz20-threads-20-cores-desktop-processor/
Razer Nommo V2 Pro 2.1 Gaming Speaker With WIRED SUBWOOFER( 1 Years Warranty ),"Rs:102,000.00or 3 XRs:38,080.00with",Available / Check Site,https://mdcomputers.lk/product/razer-nommo-v2-pro-2-1-gaming-speaker-with-wired-subwoofer-1-years-warranty/
MSI G32CQ5P 32″ Inch WQHD (2560 X 1440) 170HZ 1ms Adaptive Sync Curved Gaming Monitor,"Rs:102,000.00or 3 XRs:38,080.00with",Out of Stock,https://mdcomputers.lk/product/msi-g32cq5p-32-inch-wqhd-2560-x-1440-170hz-1ms-adaptive-sync-curved-gaming-monitor/
LENOVO T495s RYZEN 7 PRO 3700U – 16GB RAM – 512GB SSD – USED LAPTOP,"Rs:102,000.00or 3 XRs:38,080.00with",Out of Stock,https://mdcomputers.lk/product/lenovo-t495s-ryzen-7-pro-3700u-8gb-ram-256gb-ssd-used-laptop/
MSI VENTUS RTX3060 8GB USED GRAPHICS CARD,"Rs:102,000.00or 3 XRs:38,080.00with",Out of Stock,https://mdcomputers.lk/product/msi-ventus-rtx3060-8gb-used-graphics-card/
GALAX RTX3060 8GB USED GRAPHICS CARD,"Rs:102,000.00or 3 XRs:38,080.00with",Out of Stock,https://mdcomputers.lk/product/galax-rtx3060-8gb-used-graphics-card/
Corsair ICUE 7000X RGB Tempered Glass Full-Tower ATX Case – White,"Rs:103,000.00or 3 XRs:38,453.33with",Out of Stock,https://mdcomputers.lk/product/corsair-icue-7000x-rgb-tempered-glass-full-tower-atx-case-white/
ASUS DUAL GeForce RTX 3060 OC Edition 12GB GDDR6,"Rs:103,000.00Rs:105,000.00or 3 XRs:38,453.33with",Out of Stock,https://mdcomputers.lk/product/asus-dual-geforce-rtx-3060-oc-edition-12gb-gddr6-1y-warranty/
MSI MAG 274QRFW 27″ INCH WQHD (2560 X 1440) 180HZ IPS AMD FREESYNC BRAND NEW WHITE GAMING MONITOR  (3 Years Warranty),"Rs:104,000.00Rs:106,000.00or 3 XRs:38,826.67with",Out of Stock,https://mdcomputers.lk/product/msi-mag-274qrfw-27-inch-wqhd-2560-x-1440-180hz-ips-amd-freesync-brand-new-white-gaming-monitor-3-years-warranty/
ASUS ROG STRIX HELIOS GX601 RGB BRAND NEW GAMING CASING – WHITE,"Rs:104,000.00or 3 XRs:38,826.67with",Available / Check Site,https://mdcomputers.lk/product/asus-rog-strix-helios-gx601-rgb-brand-new-gaming-casing-white/
AMD RYZEN™ 7 7700X BRAND NEW PROCESSOR,"Rs:105,000.00Rs:107,500.00or 3 XRs:39,200.00with",Out of Stock,https://mdcomputers.lk/product/amd-ryzen-7-7700x-brand-new-processor/
AMD RYZEN 9 5950X BRAND NEW PROCESSOR,"Rs:105,000.00Rs:186,000.00or 3 XRs:39,200.00with",Available / Check Site,https://mdcomputers.lk/product/amd-ryzen-9-5950x-brand-new-processor/
ZOTAC GAMING RTX 3060 12GB TWIN EDGE OC,"Rs:105,000.00Rs:110,000.00or 3 XRs:39,200.00with",Out of Stock,https://mdcomputers.lk/product/zotac-gaming-rtx-3060-12gb-twin-edge-oc-2/
ASUS ROG STRIX 27” 2K HDR10 USB-C XG27ACS 180Hz BRAND NEW MONITOR,"Rs:105,000.00Rs:120,000.00or 3 XRs:39,200.00with",Out of Stock,https://mdcomputers.lk/product/asus-rog-strix-27-2k-hdr10-usb-c-xg27acs-180hz1ms-fast-ips-g-sync-brand-new-monitor/
SEAGATE EXOS X16 16TB 7200RPM ENTERPRISE HDD (3y),"Rs:105,000.00or 3 XRs:39,200.00with",Out of Stock,https://mdcomputers.lk/product/seagate-exos-x16-16tb-7200rpm-enterprise-hdd-3y/
DELL LATITUDE 5510 – I7 10TH GEN / 16GB RAM / 256GB NVME SSD USED LAPTOP,"Rs:105,000.00or 3 XRs:39,200.00with",Out of Stock,https://mdcomputers.lk/product/dell-latitude-5510-i7-10th-gen-16gb-ram-256gb-nvme-ssd-used-laptop/
HP PROBOOK 650 G8 – CORE I5 11TH GEN / 8GB RAM / 256GB NVME SSD USED LAPTOP,"Rs:105,000.00Rs:108,000.00or 3 XRs:39,200.00with",Out of Stock,https://mdcomputers.lk/product/hp-probook-650-g8-core-i5-11th-gen-8gb-ram-256gb-nvme-ssd-used-laptop/
MSI RTX3060TI 8GB GAMING X USED GRAPHICS CARD,"Rs:105,000.00or 3 XRs:39,200.00with",Out of Stock,https://mdcomputers.lk/product/msi-geforce-rtx-3060-ventus-2x-oc-12gb-gddr6-graphics-card-02-years-warranty/
GIGABYTE RTX3060 12GB USED GRAPHICS CARD,"Rs:105,000.00Rs:115,000.00or 3 XRs:39,200.00with",Out of Stock,https://mdcomputers.lk/product/gigabyte-rtx3060-12gb-used-graphics-card/
MSI VENTUS RTX3070 8GB USED GRAPHICS CARD,"Rs:105,000.00or 3 XRs:39,200.00with",Out of Stock,https://mdcomputers.lk/product/msi-ventus-rtx3070-8gb-used-graphics-card/
MSI OPTIX G32C4X 31.5′ INCH FHD 250HZ 1MS ADAPTIVE SYNC CURVED GAMING MONITOR( 3 YEARS WARRANTY ),"Rs:106,000.00or 3 XRs:39,573.33with",Out of Stock,https://mdcomputers.lk/product/msi-optix-g32c4x-31-5-inch-fhd-250hz-1ms-adaptive-sync-curved-gaming-monitor-3-years-warranty/
NZXT N7 Z790 MOTHERBOARD – INTEL Z790 CHIPSET WITH WI-FI AND BLACK COVER ( 3 YEARS WARRANTY ),"Rs:106,000.00or 3 XRs:39,573.33with",Available / Check Site,https://mdcomputers.lk/product/nzxt-n7-z790-motherboard-intel-z790-chipset-with-wi-fi-and-black-cover-3-years-warranty/
NZXT N7 Z790 MOTHERBOARD – INTEL Z790 CHIPSET WITH WI-FI AND WHITE COVER ( 3 YEARS WARRANTY ),"Rs:106,000.00or 3 XRs:39,573.33with",Available / Check Site,https://mdcomputers.lk/product/nzxt-n7-z790-motherboard-intel-z790-chipset-with-wi-fi-and-white-cover-3-years-warranty/
SAMSUNG 990 EVO PLUS Gen.4 – Gen 5 Brand New 2TB NVME M.2 SSD,"Rs:106,000.00Rs:106,500.00or 3 XRs:39,573.33with",Out of Stock,https://mdcomputers.lk/product/samsung-990-evo-plus-gen-4-gen-5-brand-new-2tb-nvme-m-2-ssd/
MSI MAG B760 TOMAHAWK WIFI DDR5 MOTHERBOARD,"Rs:106,500.00or 3 XRs:39,760.00with",Available / Check Site,https://mdcomputers.lk/product/msi-mag-b760-tomahawk-wifi-ddr5-motherboard/
ASUS 31.5″ 4K HDR EYE CARE VP327Q UHD (3840 x 2160) BRAND NEW MONITOR,"Rs:106,500.00or 3 XRs:39,760.00with",Available / Check Site,https://mdcomputers.lk/product/asus-31-5-4k-hdr-eye-care-vp327q-uhd-3840-x-2160-brand-new-monitor/
HP PROBOOK 640 G8 CORE I5 11TH GEN 8GB RAM 256GB NVME SSD USED LAPTOP,"Rs:107,000.00Rs:118,900.00or 3 XRs:39,946.67with",Out of Stock,https://mdcomputers.lk/product/hp-probook-640-g8-i5-11th-gen-8gb-ram-256gb-nvme-ssd-laptop/
LENOVO X390 CORE I7 8TH GEN / 16GB RAM / 256GB NVME SSD USED LAPTOP,"Rs:107,000.00or 3 XRs:39,946.67with",Out of Stock,https://mdcomputers.lk/product/lenovo-x390-core-i7-8th-gen-8gb-ram-256gb-nvme-ssd-used-laptop/
LENOVO THINKPAD E14 – CORE I5 11TH GEN / 16GB RAM / 512GB NVME SSD USED LAPTOP,"Rs:107,000.00or 3 XRs:39,946.67with",Out of Stock,https://mdcomputers.lk/product/lenovo-thinkpad-e14-core-i5-11th-gen-16gb-ram-256gb-nvme-ssd-used-laptop-2/
CORSAIR VENGEANCE RGB 48GB (2X24) DDR5 CUDIMM DRAM 8200MHZ INTEL XMP MEMORY( 10 YEAR WARRANTY),"Rs:107,500.00or 3 XRs:40,133.33with",Out of Stock,https://mdcomputers.lk/product/corsair-vengeance-rgb-48gb-2x24-ddr5-cudimm-dram-8200mhz-intel-xmp-memory/
"INTEL CORE I7 12700 PROCESSOR ( WITHOUT BOX ) 25MB CACHE, 3.60 GHZ UP TO 4.90 GHZ ( FOR PC BUILD ONLY )","Rs:108,000.00Rs:110,000.00or 3 XRs:40,320.00with",Out of Stock,https://mdcomputers.lk/product/intel-core-i7-12700-brand-new-processor/
INTEL CORE I7 PROCESSOR 14700 (PC BUILD ONLY),"Rs:108,000.00or 3 XRs:40,320.00with",Available / Check Site,https://mdcomputers.lk/product/intel-core-i7-processor-14700-pc-build-only/
CORSAIR VENGEANCE LPX 32GB (32X1) DDR5 5600MHZ C40 MEMORY ( 10 YEARS WARRANTY ),"Rs:109,000.00Rs:129,000.00or 3 XRs:40,693.33with",Out of Stock,https://mdcomputers.lk/product/corsair-vengeance-lpx-32gb-32x1-ddr5-5600mhz-c40-memory-3-years-warranty/
INTEL CORE I7 14TH GEN BRAND NEW PROCESSOR 14700F (PC BUILD ONLY),"Rs:109,000.00Rs:134,000.00or 3 XRs:40,693.33with",Available / Check Site,https://mdcomputers.lk/product/intel-core-i7-processor-14700f-pc-build-only/
ASUS PROART LC 420 ALL-IN-ONE BRAND NEW CPU LIQUID COOLER,"Rs:109,000.00or 3 XRs:40,693.33with",Available / Check Site,https://mdcomputers.lk/product/asus-proart-lc-420-all-in-one-brand-new-cpu-liquid-cooler/
DELL LATITUDE 5420 – CORE I7 11TH GEN / 8GB RAM / 256GB SSD USED LAPTOP,"Rs:109,000.00Rs:118,500.00or 3 XRs:40,693.33with",Out of Stock,https://mdcomputers.lk/product/dell-latitude-5420-core-i7-11th-gen-8gb-ram-256gb-ssd-used-laptop/
GIGABYTE Z890 UD WIFI6E BRAND NEW MOTHERBOARD,"Rs:109,500.00or 3 XRs:40,880.00with",Available / Check Site,https://mdcomputers.lk/product/gigabyte-z890-ud-wifi6e-brand-new-motherboard/
ViewSonic VX3219-2K-PRO-2 QHD (2560×1440) IPS 32″ 165Hz AMD Free Sync Gaming Monitor ( Display Unit ),"Rs:110,000.00Rs:115,000.00or 3 XRs:41,066.67with",Out of Stock,https://mdcomputers.lk/product/viewsonic-vx3219-2k-pro-2-qhd-2560x1440-ips-32-165hz-amd-free-sync-gaming-monitor3-years-warranty/
LENOVO T14s CORE I7 10TH GEN – 16GB RAM – 256GB NVME SSD USED LAPTOP,"Rs:110,000.00or 3 XRs:41,066.67with",Out of Stock,https://mdcomputers.lk/product/lenovo-t14s-core-i7-10th-gen-16gb-ram-256gb-nvme-ssd-used-laptop/
LENOVO X1 YOGA – CORE I7 8TH GEN  16GB RAM / 256 NVME SSD USED LAPTOP ( BLACK ),"Rs:110,000.00or 3 XRs:41,066.67with",Out of Stock,https://mdcomputers.lk/product/lenovo-x1-yoga-core-i7-8th-gen-16gb-ram-256-nvme-ssd-used-laptop-black/
ASUS TUF RTX3070 8GB USED GRAPHICS CARD,"Rs:110,000.00or 3 XRs:41,066.67with",Out of Stock,https://mdcomputers.lk/product/rtx3070-8gb-used-graphics-card/
THERMALTAKE MINECUBE 360 ULTRA LIQUID COOLER ( 05 years warranty ),"Rs:110,000.00Rs:113,000.00or 3 XRs:41,066.67with",Available / Check Site,https://mdcomputers.lk/product/thermaltake-minecube-360-ultra-liquid-cooler-05-years-warranty/
ASUS ROG STRIX LC III 360 ARGB LCD BRAND NEW LIQUID COOLER,"Rs:111,500.00or 3 XRs:41,626.67with",Available / Check Site,https://mdcomputers.lk/product/asus-rog-strix-lc-iii-360-argb-lcd-brand-new-liquid-cooler/
HP SMART TANK 750 3 IN 1 WIRELESS BRAND NEW PRINTER ( 01 year warrany ),"Rs:111,500.00or 3 XRs:41,626.67with",Available / Check Site,https://mdcomputers.lk/product/hp-smart-tank-750-3-in-1-wireless-brand-new-printer-01-year-warrany/
INTEL CORE I3 9TH GEN GAMING DESKTOP PC WITH GTX10606GB VGA,"Rs:111,700.00Rs:116,700.00or 3 XRs:41,701.33with",Out of Stock,https://mdcomputers.lk/product/intel-core-i3-9th-gen-gaming-desktop-pc-with-gtx10606gb-vga/
DELL LATITUDE 7420 – CORE I7 11TH GEN / 16GB RAM / 256GB SSD USED LAPTOP,"Rs:112,000.00Rs:114,500.00or 3 XRs:41,813.33with",Out of Stock,https://mdcomputers.lk/product/dell-latitude-7420-core-i7-11th-gen-16gb-ram-256gb-ssd-used-laptop/
HP ELITEBOOK X360 1040 G7 – INTEL CORE I5 10TH GEN / 16GB RAM / 256GB NVME SSD USED LAPTOP,"Rs:112,000.00Rs:119,500.00or 3 XRs:41,813.33with",Out of Stock,https://mdcomputers.lk/product/hp-elitebook-x360-1040-g7-intel-core-i5-10th-gen-8gb-ram-256gb-nvme-ssd-used-laptop/
DELL LATITUDE 5430 – INTEL CORE I5 12TH GEN / 8GB RAM / 256GB NVME SSD USED LAPTOP,"Rs:112,000.00or 3 XRs:41,813.33with",Out of Stock,https://mdcomputers.lk/product/dell-latitude-5430-intel-core-i5-12th-gen-8gb-ram-256gb-nvme-ssd-used-laptop/
ASUS ProArt PA278QGV 27″ IPS 2K 1440P 95% DCI-P3 120Hz HDR-10 Calman Verified PROFESSIONAL MONITOR,"Rs:112,000.00or 3 XRs:41,813.33with",Available / Check Site,https://mdcomputers.lk/product/asus-proart-pa278qgv-27-ips-2k-1440p-95-dci-p3-120hz-hdr-10-calman-verified-professional-monitor/
ASUS RTX4060 8GB USED GRAPHICS CARD,"Rs:113,000.00Rs:120,000.00or 3 XRs:42,186.67with",Out of Stock,https://mdcomputers.lk/product/asus-rtx4060-8gb-used-graphics-card/
"INTEL CORE I5 PROCESSOR 14600K (24M CACHE, UP TO 5.30 GHZ)","Rs:114,000.00Rs:116,000.00or 3 XRs:42,560.00with",Available / Check Site,https://mdcomputers.lk/product/intel-core-i5-processor-14600k-24m-cache-up-to-5-30-ghz/
SEAGATE 8TB NAS IRONWOLF BRAND NEW HARD (2y),"Rs:114,000.00or 3 XRs:42,560.00with",Available / Check Site,https://mdcomputers.lk/product/seagate-8tb-nas-ironwolf-brand-new-hard-2y/
ASUS DUAL GEFORCE RTX 4060 8GB GDDR6 BRAND NEW GRHAPIC CARD,"Rs:115,000.00Rs:117,000.00or 3 XRs:42,933.33with",Out of Stock,https://mdcomputers.lk/product/asus-dual-geforce-rtx-4060-oc-edition-8gb-gddr6/
GIGABYTE RTX3070 8GB  USED GRAPHIC CARD,"Rs:115,000.00or 3 XRs:42,933.33with",Out of Stock,https://mdcomputers.lk/product/gigabyte-rtx3070-gaming-oc-8gb-used-graphic-card/
ASUS TUF RTX3060 12GB USED GRAPHICS CARD,"Rs:115,000.00Rs:120,000.00or 3 XRs:42,933.33with",Out of Stock,https://mdcomputers.lk/product/asus-rog-rtx3060-12gb-used-graphics-card-as/
ASUS TUF RTX3060TI 8GB USED VGA,"Rs:115,000.00Rs:120,000.00or 3 XRs:42,933.33with",Out of Stock,https://mdcomputers.lk/product/asus-tuf-rtx3060ti-8gb-used-vga/
MSI VENTUS GEFORCE RTX3070TI 3X 8G USED GRAPHICS CARD,"Rs:115,000.00Rs:125,000.00or 3 XRs:42,933.33with",Out of Stock,https://mdcomputers.lk/product/msi-ventus-geforce-rtx3070ti-3x-8g-oc-used-vga/
THERMALTAKE MINECUBE 360 ULTRA SNOW LIQUID COOLER ( 05 years warranty ),"Rs:115,000.00Rs:117,000.00or 3 XRs:42,933.33with",Available / Check Site,https://mdcomputers.lk/product/thermaltake-minecube-360-ultra-snow-liquid-cooler-05-years-warranty/
SAMSUNG UA43F6000FRXSG 43″ LED BRAND NEW SMARD TV,"Rs:116,500.00or 3 XRs:43,493.33with",Available / Check Site,https://mdcomputers.lk/product/samsung-ua43f6000frxsg-43%e2%80%b3-led-brand-new-smard-tv/
MSI GEFORCE RTX 3060 VENTUS 2X OC 12GB GDDR6 GRAPHICS CARD ( 3 YEARS WARRANTY ),"Rs:117,000.00Rs:135,000.00or 3 XRs:43,680.00with",Out of Stock,https://mdcomputers.lk/product/msi-geforce-rtx-3060-ventus-2x-oc-12gb-gddr6-graphics-card-3-years-warranty/
ZOTAC GAMING RTX 4060 8GB TWIN EDGE OC BRAND NEW GRAPHICS CARD,"Rs:117,000.00Rs:119,000.00or 3 XRs:43,680.00with",Out of Stock,https://mdcomputers.lk/product/zotac-gaming-rtx-4060-8gb-twin-edge-oc/
ASUS ROG STRIX B650E-F GAMING WI-FI (DDR5) MOTHERBOARD,"Rs:117,000.00Rs:121,000.00or 3 XRs:43,680.00with",Available / Check Site,https://mdcomputers.lk/product/asus-rog-strix-b650e-f-gaming-wi-fi-ddr5-motherboard/
GIGABYTE G34WQC2 34″ WQHD 200Hz CURVED GAMING MONITOR,"Rs:117,000.00or 3 XRs:43,680.00with",Available / Check Site,https://mdcomputers.lk/product/gigabyte-g34wqc2-34%e2%80%b3-wqhd-200hz-curved-gaming-monitor/
MSI MAG 274QRFW X32 27″ INCH WQHD (2560 X 1440) 320HZ IPS AMD FREESYNC WHITE GAMING MONITOR  (3 Years Warranty),"Rs:117,000.00Rs:120,000.00or 3 XRs:43,680.00with",Out of Stock,https://mdcomputers.lk/product/msi-mag274qrfw-x32-27-inch-wqhd-2560-x-1440-320hz-ips-amd-freesync-white-gaming-monitor-3-years-warranty/
ZOTAC GAMING GeForce RTX 4060 8GB TWIN EDGE,"Rs:118,000.00Rs:120,000.00or 3 XRs:44,053.33with",Out of Stock,https://mdcomputers.lk/product/zotac-gaming-geforce-rtx-4060-8gb-twin-edge/
GIGABYTE GEFORCE RTX 3060 WINDFORCE OC 12G BRAND NEW GRAPHIC CARD,"Rs:118,000.00Rs:120,000.00or 3 XRs:44,053.33with",Out of Stock,https://mdcomputers.lk/product/gigabyte-geforce-rtx-3060-windforce-oc-12g-brand-new-graphic-card/
MSI GEFORCE RTX3060 VENTUS 2X OC 12GB GRAPHICS CARD,"Rs:118,000.00or 3 XRs:44,053.33with",Out of Stock,https://mdcomputers.lk/product/msi-geforce-rtx3060-ventus-2x-oc-12gb-graphics-card-1-years-warranty/
AMD RYZEN 5 5600G BRANDNEW GAMING PC BUILD ( CHRISTMAS OFFER ),"Rs:118,000.00or 3 XRs:44,053.33with",Out of Stock,https://mdcomputers.lk/product/amd-ryzen-5-5600g-brandnew-gaming-pc-build-christmas-offer/
DELL LATITUDE 7430 -INTEL CORE I5 12TH GEN 16GB RAM 256GB NVME SSD USED LAPTOP,"Rs:118,000.00or 3 XRs:44,053.33with",Out of Stock,https://mdcomputers.lk/product/dell-latitude-7430-intel-core-i5-12th-gen-16gb-ram-256gb-nvme-ssd-used-laptop-2/
SEAGATE IRON WOLF 6TB NAS BRAND NEW HARD DISK ( 03 years warranty ),"Rs:118,800.00or 3 XRs:44,352.00with",Available / Check Site,https://mdcomputers.lk/product/seagate-iron-wolf-6tb-nas-brand-new-hard-disk-03-years-warranty/
MSI Z790 PROJECT ZERO (WIFI) DDR5 MOTHERBOARD ( 3 YEARS WARRANTY ),"Rs:119,000.00or 3 XRs:44,426.67with",Available / Check Site,https://mdcomputers.lk/product/msi-z790-project-zero-wifi-ddr5-motherboard-3-years-warranty/
INTEL CORE I7-12700K BRAND NEW PROCESSOR,"Rs:120,000.00or 3 XRs:44,800.00with",Available / Check Site,https://mdcomputers.lk/product/intel-core-i7-12700k-brand-new-processor/
MSI GEFORCE RTX 4060 VENTUS OC 2X 8GB GDDR6X BLACK GRAPHICS,"Rs:120,000.00Rs:122,000.00or 3 XRs:44,800.00with",Out of Stock,https://mdcomputers.lk/product/msi-geforce-rtx-4060-ventus-oc-2x-8gb-gddr6x-black-graphics/
DELL LATITUDE 5520 – CORE I7 11TH GEN / 8GB RAM / 256GB NVME SSD USED LAPTOP,"Rs:120,000.00or 3 XRs:44,800.00with",Out of Stock,https://mdcomputers.lk/product/dell-latitude-5520-core-i7-11th-gen-8gb-ram-256gb-nvme-ssd-used-laptop-2/
ASUS TUF GAMING VG32VQ1B 31.5 INCH 2K(2560×1440) 165Hz 1ms AMD FREESYNC PREMIUM COMPATIBLE FRAMELESS MONITOR (3 YEARS WARRANTY),"Rs:120,000.00or 3 XRs:44,800.00with",Available / Check Site,https://mdcomputers.lk/product/asus-tuf-gaming-vg32vq1b-31-5-inch-2k2560x1440-165hz-1ms-amd-freesync-premium-compatible-frameless-monitor-3-years-warranty/
ASUS PROART PA278QV 75HZ IPS 27INCH PROFESSIONAL MONITOR ( 03 YEARS WARRANTY ),"Rs:121,000.00Rs:129,000.00or 3 XRs:45,173.33with",Out of Stock,https://mdcomputers.lk/product/asus-proart-pa278qv-75hz-ips-27inch-professional-monitor/
Corsair ICUE 5000T RGB Tempered Glass Mid-Tower ATX Case White (2 Years Warranty),"Rs:121,000.00or 3 XRs:45,173.33with",Available / Check Site,https://mdcomputers.lk/product/corsair-icue-5000t-rgb-tempered-glass-mid-tower-atx-case-white-2-years-warranty-2/
SAMSUNG LS27D604UAEXXS 27 INCH VIEWFINITY S6 S60UD QHD BRAND NEW MONITOR,"Rs:121,500.00or 3 XRs:45,360.00with",Available / Check Site,https://mdcomputers.lk/product/samsung-ls27d604uaexxs-27-inch-viewfinity-s6-s60ud-qhd-brand-new-monitor/
PNY GeForce RTX 4060 8GB USED GRAPHICS CARD,"Rs:122,000.00or 3 XRs:45,546.67with",Out of Stock,https://mdcomputers.lk/product/pny-geforce-rtx-4060-8gb-used-graphics-card/
Corsair Vengeance RGB 48GB (2X24) DDR5 CUDIMM DRAM 8400MHz Intel XMP Memory (10 YEAR WARRANTY),"Rs:123,000.00or 3 XRs:45,920.00with",Out of Stock,https://mdcomputers.lk/product/corsair-vengeance-rgb-48gb-2x24-ddr5-cudimm-dram-8400mhz-intel-xmp-memory/
AMD RYZEN™ 9 7900X BRAND NEW PROCESSOR,"Rs:125,000.00Rs:140,000.00or 3 XRs:46,666.67with",Available / Check Site,https://mdcomputers.lk/product/amd-ryzen-9-7900x-brand-new-processor/
HP M32f Ultraslim BRAND NEW Monitor,"Rs:125,000.00or 3 XRs:46,666.67with",Available / Check Site,https://mdcomputers.lk/product/hp-m32f-ultraslim-brand-new-monitor/
Monova 32 inch FHD IPS 4K Monitor,"Rs:125,000.00or 3 XRs:46,666.67with",Available / Check Site,https://mdcomputers.lk/product/monova-32-inch-fhd-ips-4k-monitor/
LENOVO 32″ G32QC-30 32 2K 2560X1440 170HZ VA CURVED,"Rs:125,000.00or 3 XRs:46,666.67with",Available / Check Site,https://mdcomputers.lk/product/lenovo-32-g32qc-30-32-2k-2560x1440-170hz-va-curved/
"AMD Ryzen 7 9700X (8 Cores, 16 Threads) Up To 5.4GHz Desktop Processor(3 YEARS WARRANTY)","Rs:125,000.00Rs:128,000.00or 3 XRs:46,666.67with",Available / Check Site,https://mdcomputers.lk/product/amd-ryzen-7-9700x-8-cores-16-threads-up-to-5-4ghz-desktop-processor3-years-warranty/
ZOTAC GAMING GEFORCE RTX 5060 TWIN EDGE 8GB BRAND NEW GRAPHIC CARD ( 03 years warranty ),"Rs:125,000.00Rs:128,000.00or 3 XRs:46,666.67with",Out of Stock,https://mdcomputers.lk/product/zotac-gaming-geforce-rtx-5060-twin-edge-8gb-brand-new-graphic-card/
ASUS TUF GAMING VG34VQL3A 34INCH 180HZ 4K BRAND NEW CURVED MONITOR ( 03 years warranty ),"Rs:125,000.00Rs:139,000.00or 3 XRs:46,666.67with",Available / Check Site,https://mdcomputers.lk/product/asus-tuf-gaming-vg34vql3a-34inch-180hz-curved-monitor/
DELL LATITUDE 5531 CORE I5 12TH GEN 8GB RAM 512GB SSD USED LAPTOP,"Rs:125,000.00or 3 XRs:46,666.67with",Out of Stock,https://mdcomputers.lk/product/dell-latitude-5531-core-i5-12th-gen-8gb-ram-512gb-ssd-used-laptop/
PALIT GEFORCE RTX 3060 DUAL 12GB GDDR6 BRAND NEW GRAPHICS CARD,"Rs:125,000.00Rs:128,000.00or 3 XRs:46,666.67with",Out of Stock,https://mdcomputers.lk/product/palit-geforce-rtx-3060-dual-oc-12gb-gddr6-brand-new-graphics-card/
ASUS PROART RTX 4060 8GB USED GRAPHICS CARD,"Rs:125,000.00Rs:135,000.00or 3 XRs:46,666.67with",Out of Stock,https://mdcomputers.lk/product/asus-proart-rtx-4060-8gb-used-graphics-card/
INTEL CORE I7 8TH GEN GEMING DESKTOP PC WITH GTX1060 3GB VGA,"Rs:126,000.00Rs:131,200.00or 3 XRs:47,040.00with",Out of Stock,https://mdcomputers.lk/product/core-i5-8th-gen-pc-with-zotac-rtx2060-brand-new-vga/
MSI X870 GAMING PLUS (WI-FI) DDR5 MOTHERBOARD ( 3 YEARS WARRANTY),"Rs:126,000.00Rs:131,000.00or 3 XRs:47,040.00with",Out of Stock,https://mdcomputers.lk/product/msi-x870-gaming-plus-wi-fi-ddr5-motherboard-3-years-warranty/
"LOGITECH Z906 5.1 THX, DOLBY DIGITAL AND DTS DIGITAL CERTIFIED SOUND","Rs:126,000.00or 3 XRs:47,040.00with",Available / Check Site,https://mdcomputers.lk/product/logitech-z906-5-1-thx-dolby-digital-and-dts-digital-certified-sound/
MSI OPTIX AG321CR 31.5” INCH CURVED GAMING MONITOR,"Rs:127,000.00or 3 XRs:47,413.33with",Available / Check Site,https://mdcomputers.lk/product/msi-optix-ag321cr-31-5-inch-curved-gaming-monitor/
HP ELITEBOOK 650 G9 INTEL CORE I5 12TH GEN 16GB RAM / 256GB SSD USED LAPTOP,"Rs:127,000.00or 3 XRs:47,413.33with",Out of Stock,https://mdcomputers.lk/product/hp-elitebook-650-g9-intel-core-i5-12th-gen-16gb-ram-256gb-ssd-used-laptop/
DELL LATITUDE 5430 – INTEL CORE I5 12TH GEN / 8GB RAM / 256GB NVME SSD REFUBLISH LAPTOP (WITH BOX),"Rs:127,000.00or 3 XRs:47,413.33with",Out of Stock,https://mdcomputers.lk/product/dell-latitude-5430-intel-core-i5-12th-gen-8gb-ram-256gb-nvme-ssd-refublish-laptop-with-box/
MSI Z890 GAMING PLUS (WIFI) DDR5 MOTHERBOARD ( 3 YEARS WARRANTY ),"Rs:127,500.00Rs:128,500.00or 3 XRs:47,600.00with",Available / Check Site,https://mdcomputers.lk/product/msi-z890-gaming-plus-wifi-ddr5-motherboard-3-years-warranty/
TWINMOS 32GB DDR5 5600MHz BRAND NEW LAPTOP RAM ( 3y ),"Rs:127,500.00or 3 XRs:47,600.00with",Available / Check Site,https://mdcomputers.lk/product/twinmos-32gb-ddr5-5600mhz-brand-new-laptop-ram-3y/
MSI MODERN MD342CQP 34′ INCH UWQHD (3440 X 1440) 120Hz BUSINESS & AMP; PRODUCTIVITY BRAND NEW MONITOR ( 03 years warranty ),"Rs:128,000.00Rs:139,000.00or 3 XRs:47,786.67with",Out of Stock,https://mdcomputers.lk/product/msi-modern-md342cqp-34-inch-uwqhd-3440-x-1440-120hz-business-productivity-monitor/
ASUS PRIME RTX 5050 8GB GDDR6 OC EDITION BRAND NEW GRAPHICS CARD,"Rs:128,000.00or 3 XRs:47,786.67with",Out of Stock,https://mdcomputers.lk/product/asus-prime-rtx-5050-8gb-gddr6-oc-edition-brand-new-graphics-card-01-year-warranty/
Benq PD2705Q 27 Inch 2K(2560×1440) QHD HDR10 IPS Monitor,"Rs:128,500.00or 3 XRs:47,973.33with",Available / Check Site,https://mdcomputers.lk/product/benq-pd2705q-27-inch-2k2560x1440-qhd-hdr10-ips-monitor/
GIGABYTE Z890 EAGLE WIFI7 BRAND NEW MOTHERBOARD ( 03y ),"Rs:128,500.00or 3 XRs:47,973.33with",Available / Check Site,https://mdcomputers.lk/product/gigabyte-z890-eagle-wifi7-brand-new-motherboard-03y/
ZOTAC GAMING GEFORCE RTX 5060 TWIN EDGE 8GB OC BRAND NEW GRAPHIC CARD,"Rs:129,000.00Rs:132,000.00or 3 XRs:48,160.00with",Out of Stock,https://mdcomputers.lk/product/zotac-gaming-geforce-rtx-5060-twin-edge-8gb-oc-brand-new-graphic-card/
MSI MAG 342CQR E2 34″ UWQHD (3440 X 1440) 180 1ms Adaptive Sync Gaming Monitor,"Rs:129,500.00Rs:156,500.00or 3 XRs:48,346.67with",Available / Check Site,https://mdcomputers.lk/product/msi-pro-mp341cq-3440-x-1440-uwqhd-100hz-ultra-wide-monitor/
GIGABYTE RTX 3050 Gaming OC 8GB GDDR6 BRAND NEW VGA,"Rs:130,000.00Rs:190,000.00or 3 XRs:48,533.33with",Out of Stock,https://mdcomputers.lk/product/gigabyte-rtx-3050-gaming-oc-8gb-gddr6-brand-new-vga/
MSI MPG B650 GAMING CARBON (WI-FI) DDR5 MOTHERBOARD,"Rs:130,000.00or 3 XRs:48,533.33with",Available / Check Site,https://mdcomputers.lk/product/msi-mpg-b650-gaming-carbon-wi-fi-ddr5-motherboard/
ASUS KO GEFORCE RTX™ 3060 TI V2 OC Edition 8GB GDDR6 BRAND NEW GRAPHICS CARD,"Rs:130,000.00or 3 XRs:48,533.33with",Available / Check Site,https://mdcomputers.lk/product/asus-ko-geforce-rtx-3060-ti-v2-oc-edition-8gb-gddr6-brand-new-graphics-card/
INTEL CORE I7-13700 PROCESSOR ( FOR PC BUILD ONLY ),"Rs:131,500.00Rs:165,000.00or 3 XRs:49,093.33with",Available / Check Site,https://mdcomputers.lk/product/intel-core-i7-13700-processor-for-pc-build-only/
MSI MAG 342CQRF E20 34″ UWQHD (3440 X 1440) 200Mhz GAMING MONITOR( 03 YEARS WARRANTY ),"Rs:131,500.00or 3 XRs:49,093.33with",Out of Stock,https://mdcomputers.lk/product/msi-mag-342cqrf-e20-34-uwqhd-3440-x-1440-200mhz-gaming-monitor-03-years-warranty/
DELL INSPIRON 5590 -CORE I7 10TH GEN / 8GB RAM / 256GB NVME SSD / NVIDIA MX250 2GB VGA USED LAPTOP,"Rs:132,000.00or 3 XRs:49,280.00with",Out of Stock,https://mdcomputers.lk/product/dell-inspiron-5590-core-i7-10th-gen-8gb-ram-256gb-nvme-ssd-used-laptop/
SEAGATE 10TB NAS IRONWOLF BRAND NEW HARD ( 02y ),"Rs:133,000.00or 3 XRs:49,653.33with",Available / Check Site,https://mdcomputers.lk/product/seagate-10tb-nas-ironwolf-brand-new-hard-02y/
"AMD Ryzen 9 9900X (12 Cores, 24 Threads) Up To 5.6GHz Desktop Processor (3 Year Warranty)-Without Box","Rs:134,000.00or 3 XRs:50,026.67with",Out of Stock,https://mdcomputers.lk/product/amd-ryzen-9-9900x-12-cores-24-threads-up-to-5-6ghz-desktop-processor-3-year-warranty-without-box/
WESTERN DIGITAL 10TB NAS RED PLUS BRAND NEW HARD DISK ( 02y ),"Rs:134,000.00or 3 XRs:50,026.67with",Available / Check Site,https://mdcomputers.lk/product/western-digital-10tb-nas-red-plus-brand-new-hard-disk-02y/
PROLINK PROFESSIONAL II SERIES 3KVA ONLINE UPS,"Rs:135,000.00Rs:180,000.00or 3 XRs:50,400.00with",Out of Stock,https://mdcomputers.lk/product/prolink-professional-ii-series-3kva-online-ups/
SEAGATE SKYHAWK 12TB SURVEILLANCE INTERNAL HARD DRIVE ( 03Y ),"Rs:135,000.00Rs:148,000.00or 3 XRs:50,400.00with",Available / Check Site,https://mdcomputers.lk/product/seagate-skyhawk-12tb-surveillance-internal-hard-drive-03y/
HP ELITEBOOK 850 G8 – CORE I7 11TH GEN – 8GB RAM – 256GB NVME SSD USED LAPTOP,"Rs:135,000.00or 3 XRs:50,400.00with",Out of Stock,https://mdcomputers.lk/product/hp-elitebook-850-g8-core-i7-11th-gen-8gb-ra/
MSI GEFORCE RTX™ 3060 GAMING X 12G,"Rs:136,000.00or 3 XRs:50,773.33with",Out of Stock,https://mdcomputers.lk/product/msi-geforce-rtx-3060-gaming-x-12g/
"Intel Core I7-14700 Processor 33MB Cache, Up To 5.40 GHz (28 Threads, 20 Cores) Desktop Processor (3 Years Warranty) Without Box/Fan","Rs:136,000.00Rs:150,000.00or 3 XRs:50,773.33with",Available / Check Site,https://mdcomputers.lk/product/intel-core-i7-14700-processor-33mb-cache-up-to-5-40-ghz-28-threads-20-cores-desktop-processor-3-years-warranty-without-box-fan/
MSI GEFORCE RTX5050 GAMING OC 8GB GDDR7X GRAPHICS CARD (3 YEARS WARRANTY),"Rs:136,000.00or 3 XRs:50,773.33with",Out of Stock,https://mdcomputers.lk/product/msi-geforce-rtx5050-gaming-oc-8gb-gddr7x-graphics-card-3-years-warranty/
APPLE IPHONE 13 PRO USED MOBILE PHONE – 128GB,"Rs:136,000.00Rs:144,000.00or 3 XRs:50,773.33with",Out of Stock,https://mdcomputers.lk/product/apple-iphone-13-pro-used-mobile-phone-128gb/
CORE I7 8TH GEN GAMING DESKTOP PC WITH GTX1060 6GB VGA CARD,"Rs:137,400.00Rs:139,400.00or 3 XRs:51,296.00with",Out of Stock,https://mdcomputers.lk/product/core-i7-6th-gen-pc-with-palit-1660ti-brand-new-vga/
MSI GEFORCE RTX5060 VENTUS 2X OC 8GB GDDR7X GRAPHICS CARD WHITE (3 YEARS WARRANTY),"Rs:137,500.00or 3 XRs:51,333.33with",Out of Stock,https://mdcomputers.lk/product/msi-geforce-rtx5060-ventus-2x-oc-8gb-gddr7x-graphics-card-white-3-years-warranty/
ASUS TUF VG34WQML5A 34 INCH 250HZ 4K BRAND NEW CURVED GAMING MONITOR ( 03 years warranty ),"Rs:138,500.00Rs:142,000.00or 3 XRs:51,706.67with",Available / Check Site,https://mdcomputers.lk/product/asus-tuf-vg34wqml5a-34-inch-250hz-4k-brand-new-curved-gaming-monitor-03-years-warranty/
MSI GEFORCE RTX 3060 TI GAMING X TRIO 8GB GDDR6X GRAPHICS CARD,"Rs:139,000.00Rs:200,000.00or 3 XRs:51,893.33with",Out of Stock,https://mdcomputers.lk/product/zotac-gaming-geforce-rtx-3060-ti-twin-edge-oc-lhr-brand-new-vga/
Asus TUF Gaming X670E-Plus WIFI DDR5 Motherboard ( 3 YEARS WARRANTY ),"Rs:139,000.00Rs:153,500.00or 3 XRs:51,893.33with",Available / Check Site,https://mdcomputers.lk/product/asus-tuf-gaming-x670e-plus-wifi-ddr5-motherboard-3-years-warranty/
ASUS TUF GAMING Z890-PLUS WIFI BRAND NEW MOTHERBOARD,"Rs:139,000.00or 3 XRs:51,893.33with",Available / Check Site,https://mdcomputers.lk/product/asus-tuf-gaming-z890-plus-wifi-brand-new-motherboard/
ASUS ROG STRIX RTX3080 10GB USED GRAPHICS CARD,"Rs:139,000.00or 3 XRs:51,893.33with",Out of Stock,https://mdcomputers.lk/product/asus-rog-strix-rtx3080-10gb-used-graphics-card/
APPLLE A16 WIFI BRAND NEW IPAD ( SILVER COLOR ),"Rs:139,000.00or 3 XRs:51,893.33with",Out of Stock,https://mdcomputers.lk/product/applle-a16-wifi-brand-new-ipad-silver-color/
ASUS ROG RYUJIN III 360 ARGB WHITE/BLACK BRAND NEW LIQUID COOLER,"Rs:139,500.00or 3 XRs:52,080.00with",Available / Check Site,https://mdcomputers.lk/product/asus-rog-ryujin-iii-360-argb-white-black-brand-new-liquid-cooler/
LENOVO X1 YOGA – CORE I7 10TH GEN /16GB RAM /512GB NVME USED 360 LAPTOP,"Rs:139,990.00or 3 XRs:52,262.93with",Out of Stock,https://mdcomputers.lk/product/lenovo-x1-yoga-core-i7-10th-gen-16gb-ram-512gb-nvme-used-360-laptop/
PNY GeForce RTX 4060Ti 8GB OC XLR8 Gaming GDDR6 (3Y),"Rs:140,000.00or 3 XRs:52,266.67with",Out of Stock,https://mdcomputers.lk/product/pny-geforce-rtx-4060-ti-8gb-oc-xlr8-gaming-gddr6-3y/
SEAGATE EXOS X14 12TB 7200RPM ENTERPRISE HDD (3y),"Rs:140,000.00Rs:145,000.00or 3 XRs:52,266.67with",Available / Check Site,https://mdcomputers.lk/product/seagate-exos-x14-12tb-7200rpm-enterprise-hdd-3y/
"AMD Ryzen 9 7900X3D (12 Cores, 24 Threads) Up To 5.6GHz Desktop Processor (3 YEARS WARRANTY) (not sold separately)","Rs:142,500.00Rs:148,000.00or 3 XRs:53,200.00with",Out of Stock,https://mdcomputers.lk/product/amd-ryzen-9-7900x3d-12-cores-24-threads-up-to-5-6ghz-desktop-processor-3-years-warranty-not-sold-separately/
WESTERN DIGITAL 12TB RED PRO NAS INTERNAL HARD DISK ( 03 YEARS WARRANTY ),"Rs:144,000.00Rs:148,000.00or 3 XRs:53,760.00with",Available / Check Site,https://mdcomputers.lk/product/western-digital-12tb-red-pro-nas-internal-hard-disk-03-years-warranty/
MSI MAG X870 TOMAHAWK (WIFI) DDR5 MOTHERBOARD ( 3 YEARS WARRANTY ),"Rs:144,500.00or 3 XRs:53,946.67with",Available / Check Site,https://mdcomputers.lk/product/msi-mag-x870-tomahawk-wifi-ddr5-motherboard-3-years-warranty/
PNY GeForce RTX™ 4060 Ti 8GB VERTO™ Overclocked Dual Fan DLSS 3,"Rs:145,000.00Rs:195,000.00or 3 XRs:54,133.33with",Out of Stock,https://mdcomputers.lk/product/pny-geforce-rtx-4060-8gb-vga/
LOGITECH G923 TRUEFORCE SIM RACING WHEEL,"Rs:145,000.00Rs:165,000.00or 3 XRs:54,133.33with",Out of Stock,https://mdcomputers.lk/product/logitech-g923-trueforce-sim-racing-wheel/
GIGABYTE GEFORCE RTX5060 WINDFORCE OC 8GB BRAND NEW GRAPHIC CARD,"Rs:145,000.00or 3 XRs:54,133.33with",Out of Stock,https://mdcomputers.lk/product/gigabyte-geforce-rtx5060-windforce-oc-8gb-brand-new-graphic-card/
Corsair TC500 Shadow Fabric Charcoal Gaming Chair,"Rs:145,500.00or 3 XRs:54,320.00with",Available / Check Site,https://mdcomputers.lk/product/corsair-tc500-shadow-fabric-charcoal-gaming-chair/
ACER ASPIRE LITE AL16 -54P-39U1 / INTEL CORE I3 13TH GEN ( 1305U ) 8GB RAM / 512GB NVME / BRAND NEW LAPTOP,"Rs:146,000.00Rs:149,000.00or 3 XRs:54,506.67with",Out of Stock,https://mdcomputers.lk/product/acer-aspire-lite-al16-52p-intel-core-i3-1305u-intel-hd-graphics-8gb-ddr5-256gb-gen-4-m-2-nvme-ssd-16-inch-fhd-display-windows-11-home-light-silver/
ZOTAC GAMING GEFORCE AMP HOLO RTX3080 10GB USED GRHAPIC CARD,"Rs:146,000.00Rs:150,000.00or 3 XRs:54,506.67with",Out of Stock,https://mdcomputers.lk/product/zotac-gaming-geforce-trinity-rtx3080-10gb-used-grhapic-card/
MSI MAG Z790 TOMAHAWK (WI-FI) DDR5 MOTHERBOARD,"Rs:148,000.00or 3 XRs:55,253.33with",Available / Check Site,https://mdcomputers.lk/product/msi-mag-z790-tomahawk-wi-fi-ddr5-motherboard/
MSI MPG Z790 CARBON (WI-FI) DDR5 MOTHERBOARD,"Rs:148,500.00Rs:203,000.00or 3 XRs:55,440.00with",Available / Check Site,https://mdcomputers.lk/product/msi-mpg-z790-carbon-wi-fi-ddr5-motherboard/
JBL PartyBox Stage 320 Outdoor Portable Speaker ( Display Unit ),"Rs:149,000.00Rs:190,000.00or 3 XRs:55,626.67with",Out of Stock,https://mdcomputers.lk/product/jbl-partybox-stage-320-outdoor-portable-speaker/
MSI MODERN 15 F13MG INTEL CORE i3 13TH GEN ( 1315U ) 8GB RAM / 512GB NVME SSD BRAND NEW LAPTOP,"Rs:149,000.00Rs:151,000.00or 3 XRs:55,626.67with",Out of Stock,https://mdcomputers.lk/product/msi-modern-15-f13mg-intel-core-i3-13th-gen-1315u-8gb-ram-512gb-nvme-ssd-brand-new-laptop/
GIGABYTE AORUS GEFORCE RTX5060 ELITE 8GB BRAND NEW GRAPHIC CARD,"Rs:149,000.00or 3 XRs:55,626.67with",Out of Stock,https://mdcomputers.lk/product/gigabyte-aorus-geforce-rtx5060-elite-8gb-brand-new-graphic-card/
ASUS TUF GAMING RTX 3060 TI 8GB BRAND NEW GRAPHICS CARD,"Rs:149,000.00Rs:165,000.00or 3 XRs:55,626.67with",Out of Stock,https://mdcomputers.lk/product/asus-tuf-gaming-rtx-3060-ti-8gb-brand-new-graphics-card/
ASROCK X870E NOVA WiFi BRAND NEW MOTHERBOARD ( 03 Years Warranty ),"Rs:149,500.00Rs:152,500.00or 3 XRs:55,813.33with",Available / Check Site,https://mdcomputers.lk/product/asrock-x870e-nova-wifi-brand-new-motherbord/
ASUS ROG STRIX Z690 F GAMING WI-FI (DDR5) MOTHERBOARD,"Rs:150,000.00or 3 XRs:56,000.00with",Out of Stock,https://mdcomputers.lk/product/asus-rog-strix-z690-f-gaming-wi-fi-ddr5-motherboard/
ASUS ROG HYPERION GR701 FULL TOWER GAMING CASE,"Rs:150,000.00or 3 XRs:56,000.00with",Available / Check Site,https://mdcomputers.lk/product/asus-rog-hyperion-gr701-full-tower-gaming-case/
ASUS DUAL GEFORCE RTX 5060 8GB GDDR7 GRAPHICS CARD,"Rs:150,000.00Rs:161,500.00or 3 XRs:56,000.00with",Out of Stock,https://mdcomputers.lk/product/asus-dual-geforce-rtx-5060-8gb-gddr7-graphics-card/
MSI MAG 346CQRF X24 34″ UWQHD (3440 X 1440) 240Hz 0.5ms Adaptive Sync Curved Gaming Monitor ( 3 Years Warranty),"Rs:150,000.00Rs:156,000.00or 3 XRs:56,000.00with",Out of Stock,https://mdcomputers.lk/product/msi-mag-346cqrf-x24-34-uwqhd-3440-x-1440-240hz-0-5ms-adaptive-sync-curved-gaming-monitor-3-years-warranty/
MARSRHINO INFINITE AIR GOLD GAMING CHAIR ( 01 y ),"Rs:150,000.00Rs:165,000.00or 3 XRs:56,000.00with",Available / Check Site,https://mdcomputers.lk/product/marsrhino-infinite-air-gold-gaming-chair-01-y/
MSI MAG Z890 TOMAHAWK WIFI DDR5 MOTHERBOARD( 3 YEARS WARRANTY ),"Rs:152,000.00or 3 XRs:56,746.67with",Available / Check Site,https://mdcomputers.lk/product/msi-mag-z890-tomahawk-wifi-ddr5-motherboard-3-years-warranty/
ZOTAC GAMING GEFORCE RTX5060 8GB TWIN EDGE OC BRAND NEW VGA,"Rs:152,000.00or 3 XRs:56,746.67with",Out of Stock,https://mdcomputers.lk/product/zotac-gaming-geforce-rtx5060-8gb-twin-edge-oc-brand-new-vga/
ASUS VIVOBOOK X1504VA CORE I3 13TH GEN – 8GB / 512GB NVME SSD – DISPLAY UNIT,"Rs:152,000.00or 3 XRs:56,746.67with",Out of Stock,https://mdcomputers.lk/product/asus-vivobook-x1504va-core-i3-13th-gen-8gb-512gb-nvme-ssd-display-unit/
"INTEL CORE I9 TRAY PROCESSOR 14900K (36M CACHE, UP TO 6.00 GHZ)","Rs:152,500.00Rs:164,500.00or 3 XRs:56,933.33with",Out of Stock,https://mdcomputers.lk/product/intel-core-i9-processor-14900k-36m-cache-up-to-6-00-ghz/
AMD RYZEN 9 9900X PROCESSOR ( 03 YEARS WARRANTY ),"Rs:153,500.00Rs:158,500.00or 3 XRs:57,306.67with",Out of Stock,https://mdcomputers.lk/product/amd-ryzen-9-9900x-processor-03-years-warranty/
"Intel Core I7-14700K Processor 33M Cache Up To 5.6 GHz (28 Threads , 20 Cores ) Desktop Processor -( 3 YEARS WARRANTY)","Rs:155,000.00or 3 XRs:57,866.67with",Available / Check Site,https://mdcomputers.lk/product/intel-core-i7-processor-14700k-33m-cache-up-to-5-60-ghz/
GIGABYTE Z790 AOURUS ELITE AX ATX BRAND NEW MOTHERBOARD ( 03 years warranty ),"Rs:155,000.00or 3 XRs:57,866.67with",Available / Check Site,https://mdcomputers.lk/product/gigabyte-z790-aourus-elite-ax-atx-brand-new-motherboard-03-years-warranty/
"AMD RYZEN 7 9800X3D (8 CORES, 16 THREADS) UP TO 5.2GHZ DESKTOP PROCESSOR(3 YEARS WARRANTY) -WITHOUT BOX","Rs:156,000.00Rs:206,000.00or 3 XRs:58,240.00with",Available / Check Site,https://mdcomputers.lk/product/amd-ryzen-7-9800x3d-8-cores-16-threads-up-to-5-2ghz-desktop-processor3-years-warranty-without-box/
MSI GEFORCE RTX 5060 VENTUS 2X OC 8GB GDDR7X BRAND NEW GRAPHICS CARD ( 3 years warranty ),"Rs:156,000.00Rs:165,000.00or 3 XRs:58,240.00with",Out of Stock,https://mdcomputers.lk/product/msi-geforce-rtx-5060-ventus-2x-oc-8gb-gddr7/
SAMSUNG 990 PRO 2TB PCIE 4.0 M.2 NVME SSD ( 3 YEARS WARRANTY ),"Rs:157,000.00Rs:165,000.00or 3 XRs:58,613.33with",Available / Check Site,https://mdcomputers.lk/product/samsung-990-pro-2tb-pcie-4-0-nvme-m-2-ssd-3-years-warranty/
LENOVO IDEAPAD 1 15AMN7 – RYZEN 5 7520U / 8GB DDR5 RAM / 256GB NVME SSD / 15.6 FHD BRAND NEW LAPTOP,"Rs:157,000.00Rs:159,000.00or 3 XRs:58,613.33with",Out of Stock,https://mdcomputers.lk/product/lenovo-ideapad-1-15amn7-ryzen-5-7520u-8gb-ddr5-ram-256gb-nvme-ssd-15-6-fhd-brand-new-laptop/
ASUS ROG STRIX 30″ XG309CM 2560×1080 Ultra Wide 220Hz BRAND NEW MONITOR,"Rs:158,500.00or 3 XRs:59,173.33with",Available / Check Site,https://mdcomputers.lk/product/asus-rog-strix-30-xg309cm-2560x1080-ultra-wide-220hz-brand-new-monitor/
ASUS ROG RYUJIN III 360 ARGB EXTREME BRAND NEW CPU LIQUID COOLER,"Rs:159,000.00or 3 XRs:59,360.00with",Available / Check Site,https://mdcomputers.lk/product/asus-rog-ryujin-iii-360-argb-extreme-brand-new-cpu-liquid-cooler/
MSI GeForce RTX 5060 Ti 8G SHADOW 2X BRAND NEW GRHAPIC CARD ( display unit ),"Rs:160,000.00Rs:180,000.00or 3 XRs:59,733.33with",Out of Stock,https://mdcomputers.lk/product/msi-geforce-rtx-5060-ti-8g-shadow-2x-brand-new-grhapic-card-display-unit/
MSI OPTIX AG321CQR FREESYNC RGB CURVED GAMING MONITOR,"Rs:162,000.00or 3 XRs:60,480.00with",Available / Check Site,https://mdcomputers.lk/product/msi-optix-ag321cqr-freesync-rgb-curved-gaming-monitor/
ASUS ROG THOR PLATINUM III 1200W BRAND NEW POWER SUPPLY UNITS,"Rs:162,000.00or 3 XRs:60,480.00with",Available / Check Site,https://mdcomputers.lk/product/asus-rog-thor-platinum-iii-1200w-brand-new-power-supply-units/
HP 15 ( FDO133WM ) INTEL CORE I3 – N305 / DDR4 8GB RAM / 256GB NVME SSD BRAND NEW LAPTOP,"Rs:162,000.00Rs:172,000.00or 3 XRs:60,480.00with",Out of Stock,https://mdcomputers.lk/product/hp-15-fdo133wm-intel-core-i3-n305-ddr4-8gb-ram-256gb-nvme-ssd-brand-new-laptop-2/
AMD RYZEN™ 9 7950X (UP TO 5.7GHZ 16-CORES 32-THREADS) 80M CACHE ( FOR PC BUILD ONLY ),"Rs:162,500.00Rs:186,500.00or 3 XRs:60,666.67with",Available / Check Site,https://mdcomputers.lk/product/amd-ryzen-9-7950x-brand-new-processor/
ASUS VIVOBOOK F1504 CORE I3 13TH GEN – 8GB / 512GB NVME SSD BRAND NEW LAPTOP,"Rs:163,000.00Rs:176,000.00or 3 XRs:60,853.33with",Out of Stock,https://mdcomputers.lk/product/asus-vivobook-x1504va-nj451-core-i3-13th-gen-4gb-ram-512gb-ssd-15-6%e2%80%b3fhd-dos/
Asus TUF Gaming GeForce RTX5060 8GB GDDR7X OC Graphics Card ( 3 YEARS WARRANTY),"Rs:164,000.00or 3 XRs:61,226.67with",Out of Stock,https://mdcomputers.lk/product/asus-tuf-gaming-geforce-rtx5060-8gb-gddr7x-oc-graphics-card-3-years-warranty/
ASUS RTX™ 5060 LOW PROFILE BRK 8GB GDDR7 OC EDITION BRAND NEW GRAPHICS CARD ( 03 years warranty ),"Rs:164,000.00or 3 XRs:61,226.67with",Out of Stock,https://mdcomputers.lk/product/asus-rtx-5060-low-profile-brk-8gb-gddr7-oc/
ASUS PROART 27″ PA278CV USB-C 2K 100% SRGB CALMAN VERIFIED PROFESSIONAL MONITOR,"Rs:165,000.00Rs:170,000.00or 3 XRs:61,600.00with",Available / Check Site,https://mdcomputers.lk/product/asus-proart-27-pa278cv-usb-c-2k-100-srgb-calman-verified-professional-monitor/
ASUS VIVOBOOK 14 X1404VA CORE I5 13TH GEN ( 1335U ) / 8GB RAM / 512GB NVME / BRAND NEW LAPTOP,"Rs:165,000.00Rs:169,500.00or 3 XRs:61,600.00with",Out of Stock,https://mdcomputers.lk/product/asus-vivobook-x1404va-core-i5-13th-gen-1335u-8gb-ram-512gb-nvme-brand-new-laptop/
Apple MacBook Pro 2019 + i7 16GB RAM / 256GB SSD (BRAND-NEW) CONDITON,"Rs:165,000.00Rs:178,000.00or 3 XRs:61,600.00with",Out of Stock,https://mdcomputers.lk/product/apple-macbook-pro-2019-i7-16gb-ram-256gb-ssd-brand-new-conditon/
PlayStation®5 Digital Edition Console ( PS5 ),"Rs:165,000.00Rs:205,000.00or 3 XRs:61,600.00with",Out of Stock,https://mdcomputers.lk/product/playstation5-digital-edition-console/
KOORUI 27″ S2741LM 4K HDR 1400 MINI LED 100% SRGB 320Hz/160Hz BRAND NEW MONITOR,"Rs:165,000.00Rs:169,000.00or 3 XRs:61,600.00with",Out of Stock,https://mdcomputers.lk/product/koorui-27-s2741lm-4k-hdr-1400-mini-led-100-srgb-320hz-160hz-brand-new-monitor/
ASUS ROG HYPERION GR701 FULL TOWER GAMING CASE- WHITE ( 01Y ),"Rs:165,000.00or 3 XRs:61,600.00with",Available / Check Site,https://mdcomputers.lk/product/asus-rog-hyperion-gr701-full-tower-gaming-case-white-01y/
RTX3080 12GB USED VGA ( RANDOM BRAND ),"Rs:165,000.00Rs:172,000.00or 3 XRs:61,600.00with",Out of Stock,https://mdcomputers.lk/product/rtx3080-12gb-used-vga-random-brand/
MSI MAG X870E Tomahawk (WIFI) DDR5 Motherboard,"Rs:166,000.00Rs:176,000.00or 3 XRs:61,973.33with",Available / Check Site,https://mdcomputers.lk/product/msi-mag-x870e-tomahawk-wifi-ddr5-motherboard/
ASUS TUF GAMING VG27AQ 2K  COMPATIBLE GAMING MONITOR,"Rs:167,000.00or 3 XRs:62,346.67with",Available / Check Site,https://mdcomputers.lk/product/asus-tuf-gaming-vg27aq-2k-compatible-gaming-monitor/
ACER GO 15 ( AG15-21PT-R5GQ ) AMD RYZEN 5 7520U / 8GB RAM / 512GB NVME SSD BRAND NEW LAPTOP,"Rs:167,000.00Rs:169,000.00or 3 XRs:62,346.67with",Out of Stock,https://mdcomputers.lk/product/acer-go-15-ag15-21pt-r5gq-amd-ryzen-5-7520u-8gb-ram-512gb-nvme-ssd-brand-new-laptop/
HP 15S – CORE I5 12TH GEN +8GB RAM -512GB NVME SSD BRAND NEW LAPTOP,"Rs:167,999.00or 3 XRs:62,719.63with",Out of Stock,https://mdcomputers.lk/product/hp-15s-core-i5-12th-gen-8gb-ram-512gb-nvme-ssd-brand-new-laptop/
ASUS VIVOBOOK – RYZEN 5 + DDR5 8GB RAM / 512GB NVME SSD -BRAND NEW LAPTOP,"Rs:168,000.00Rs:170,000.00or 3 XRs:62,720.00with",Out of Stock,https://mdcomputers.lk/product/asus-vivobook-go-15-l1504fa-amd-ryzen-5-7520u-8gb-ddr5-512gb-nvme-radeon-graphics-15-6-win-11/
APPLE MACBOOK PRO 2020 I5 / 16GB RAM / 512GB SSD,"Rs:169,000.00or 3 XRs:63,093.33with",Out of Stock,https://mdcomputers.lk/product/apple-macbook-pro-2017-i7-16gb-ram-256gb-ssd-brand-new-conditon/
ASUS VIVOBOOK GO E1504GA-WS35 CORE I3 – N305 /  8GB RAM / 256GB NVME SSD BRAND NEW LAPTOP,"Rs:169,000.00Rs:170,000.00or 3 XRs:63,093.33with",Out of Stock,https://mdcomputers.lk/product/asus-vivobook-go-e1504ga-ws35-core-i3-n305-8gb-ram-256gb-nvme-ssd-brand-new-laptop/
"ASUS PROART PA278CGV 27″ IPS 2560 x 1440 144Hz CALMAN VERIFIIED, USB-C BRAND NEW MONITOR ( 03 years warranty )","Rs:169,500.00or 3 XRs:63,280.00with",Available / Check Site,https://mdcomputers.lk/product/asus-proart-pa278cgv-27-ips-2560-x-1440-144hz-calman-verifiied-usb-c-brand-new-monitor/
MSI GEFORCE RTX 4060 TI VENTUS OC 2X 8GB GDDR6X GRAPHICS CARD,"Rs:170,000.00Rs:210,000.00or 3 XRs:63,466.67with",Out of Stock,https://mdcomputers.lk/product/msi-geforce-rtx-4060-ti-ventus-oc-2x-8gb-gddr6x-graphics-card/
ASUS VVIVOBOOK – CORE I5 13TH GEN +8GB RAM / 512GB NVME SSD -BRAND NEW LAPTOP,"Rs:170,000.00Rs:180,000.00or 3 XRs:63,466.67with",Out of Stock,https://mdcomputers.lk/product/asus-vvivobook-core-i5-13th-gen-8gb-ram-512gb-nvme-ssd-brand-new-laptop/
GIGABYTE GEFORCE RTX5060TI  WINDFORCE OC 8GB BRAND NEW GRAPHIC CARD,"Rs:170,000.00or 3 XRs:63,466.67with",Out of Stock,https://mdcomputers.lk/product/gigabyte-geforce-rtx5060ti-windforce-oc-8gb-brand-new-graphic-card/
APPLE IPHONE 13 PROMAX USED MOBILE PHONE – 256GB,"Rs:170,000.00Rs:175,000.00or 3 XRs:63,466.67with",Out of Stock,https://mdcomputers.lk/product/apple-iphone-13-promax-used-mobile-phone-256gb/
MSI RTX3080 12GB VENTUS 3X USED GRAPHIC CARD,"Rs:170,000.00Rs:190,000.00or 3 XRs:63,466.67with",Out of Stock,https://mdcomputers.lk/product/msi-rtx3080-10gb-gaming-z-used-graphics-card/
HP 15 – RYZEN 5 7520U +16GB RAM -512GB NVME SSD Brand-New| Laptop,"Rs:171,000.00or 3 XRs:63,840.00with",Out of Stock,https://mdcomputers.lk/product/hp-15-ryzen-5-7520u-16gb-ram-512gb-nvme-ssd-brand-new-laptop/
DELL LAP 15 DC15250 CORE I3 14TH GEN ( 100U ) FHD 120hz 8GB RAM / 512GB NVME SSD BRAND NEW LAPTOP,"Rs:173,000.00Rs:183,000.00or 3 XRs:64,586.67with",Out of Stock,https://mdcomputers.lk/product/dell-lap-15-dc15250-core-i3-14th-gen-100u-8gb-ram-512gb-nvme-ssd-brand-new-laptop/
DELL VOSTRO 3530 -CORE I5 13TH GRN 8GB RAM /512GB NVME SSD Laptop,"Rs:174,000.00Rs:177,000.00or 3 XRs:64,960.00with",Out of Stock,https://mdcomputers.lk/product/dell-vostro-3530-core-i5-13th-grn-8gb-ram-512gb-nvme-ssd-laptop/
MSI GEFORCE RTX™ 4060 GAMING X 8G,"Rs:175,000.00Rs:200,000.00or 3 XRs:65,333.33with",Out of Stock,https://mdcomputers.lk/product/msi-geforce-rtx-4060-gaming-x-8g/
ASUS ROG STRIX Z790-F GAMING WIFI II,"Rs:175,000.00Rs:200,000.00or 3 XRs:65,333.33with",Available / Check Site,https://mdcomputers.lk/product/asus-rog-strix-z790-f-gaming-wifi-ii/
ASUS ROG X670E-F GAMING WI-FI DDR5 MOTHERBOARD (3 YEARS WARRANTY),"Rs:175,000.00or 3 XRs:65,333.33with",Available / Check Site,https://mdcomputers.lk/product/asus-rog-x670e-f-gaming-wi-fi-ddr5-motherboard-3-years-warranty/
ACER ASPIRE LITE 16 – 52P – 551Z CORE I5 13TH GEN ( 1334U ) 16GB RAM / 512GB NVME BRAND NEW LAPTOP,"Rs:175,000.00or 3 XRs:65,333.33with",Out of Stock,https://mdcomputers.lk/product/acer-aspire-lite-16-52p-551z-core-i5-13th-gen-1334u-16gb-ram-512gb-nvme-brand-new-laptop/
ASUS VIVOBOOK 15 X1504VA – CORE I5 13TH GEN +8GB RAM / 512GB NVME SSD -BRAND NEW LAPTOP,"Rs:175,000.00or 3 XRs:65,333.33with",Out of Stock,https://mdcomputers.lk/product/asus-vivobook-15-x1504va-core-i5-13th-gen-8gb-ram-512gb-nvme-ssd-brand-new-laptop/
ACER ASPIRE LITE AL16-52P-59QU / CORE I5 13TH GEN / 16GB RAM / 512GB NVME SSD BRAND NEW LAPTOP,"Rs:175,000.00or 3 XRs:65,333.33with",Out of Stock,https://mdcomputers.lk/product/acer-aspire-lite-al16-52p-59qu-core-i5-13th-gen-16gb-ram-512gb-nvme-ssd-brand-new-laptop/
LENOVO IDEAPAD SLIM 3 INTEL CORE I5 13420H – 8GB RAM – 512GB NVME SSD BRAND NEW LAPTOP,"Rs:177,000.00Rs:179,000.00or 3 XRs:66,080.00with",Out of Stock,https://mdcomputers.lk/product/lenovo-ideapad-slim-3-intel-core-i5-13420h-8gb-ram-512gb-nvme-ssd-brand-new-laptop/
ASUS EXPERTBOOK – I5 13TH GEN  8GB RAM / 512GB NVME SSD BRAND NEW LAPTOP,"Rs:177,990.00or 3 XRs:66,449.60with",Out of Stock,https://mdcomputers.lk/product/asus-expertbook-i5-13th-gen-8gb-ram-512gb-nvme-ssd-brand-new-laptop/
HP 250 G10  INTEL CORE I5 13TH – 8GB RAM – 512GB NVME SSD BRAND NEW LAPTOP,"Rs:179,000.00Rs:183,000.00or 3 XRs:66,826.67with",Out of Stock,https://mdcomputers.lk/product/hp-250-g10-i5-13th-16gb-ram-512gb-nvme-ssd-brand-new-laptop/
APPLE IPHONE 14 PRO USED MOBILE PHONE – 128GB,"Rs:179,000.00Rs:180,000.00or 3 XRs:66,826.67with",Out of Stock,https://mdcomputers.lk/product/apple-iphone-14-pro-used-mobile-phone-128gb/
APPLE MACBOOK PRO 2019 – I7 – 32GB RAM – 512GB SSD 16 INCH,"Rs:179,000.00or 3 XRs:66,826.67with",Out of Stock,https://mdcomputers.lk/product/apple-macbook-pro-2019-i7-32gb-ram-512gb-ssd-16-inch/
ASROCK X870E TAICHI BRAND NEW MOTHERBOARD ( 03 Years Warranty ),"Rs:179,000.00Rs:182,000.00or 3 XRs:66,826.67with",Available / Check Site,https://mdcomputers.lk/product/asrock-x870e-taichi-brand-new-motherboard/
Corsair AX1600I – 1600 WATT 80 Plus Titanium Certified Fully Modular Power Supply ( 3 YEARS WARRANTY ),"Rs:180,000.00or 3 XRs:67,200.00with",Available / Check Site,https://mdcomputers.lk/product/corsair-ax1600i-1600-watt-80-plus-titanium-certified-fully-modular-power-supply-3-years-warranty/
GIGABYTE GEFORCE RTX 5060 WINDFORCE 8GB BRAND NEW GRAPIC CARD,"Rs:180,000.00Rs:190,000.00or 3 XRs:67,200.00with",Out of Stock,https://mdcomputers.lk/product/gigabyte-geforce-rtx-5060-windforce-8gb-brand-new-grapic-card/
LENOVO IDEAPAD 1i 15IRU7 CORE I5 – 1335U / 16GB RAM / 256GB SSD BRAND NEW LAPTOP,"Rs:180,000.00Rs:190,000.00or 3 XRs:67,200.00with",Out of Stock,https://mdcomputers.lk/product/lenovo-idepad-1i-15iru7-core-i5-1335u-16gb-ram-256gb-ssd-brand-new-laptop/
DELL VOSTRO 3530 I3 – 1305U / 8GB RAM /512GB NVME SSD BRAND NEW LAPTOP,"Rs:182,000.00Rs:189,000.00or 3 XRs:67,946.67with",Out of Stock,https://mdcomputers.lk/product/dell-vostro-3530-i3-1305u-8gb-ram-512gb-nvme-ssd-brand-new-laptop/
ASUS VIVOBOOK X1504VA CORE I3 13TH GEN – 8GB / 512GB NVME SSD BRAND NEW LAPTOP,"Rs:182,000.00Rs:189,000.00or 3 XRs:67,946.67with",Out of Stock,https://mdcomputers.lk/product/asus-vivobook-x1504va-core-i3-13th-gen-8gb-512gb-nvme-ssd-brand-new-laptop/
ASUS PROART Z790-CREATOR WIFI,"Rs:185,000.00Rs:215,000.00or 3 XRs:69,066.67with",Available / Check Site,https://mdcomputers.lk/product/asus-proart-z790-creator-wifi/
"ASUS ProArt Display PA279CV Professional Monitor – 27-inch, IPS, 4K UHD (3840 x 2160), 100% sRGB, 100% Rec. 709, Color Accuracy ΔE < 2, Calman Verified, USB-C, ProArt Preset, ProArt Palette, Ergonomic Stand","Rs:185,000.00or 3 XRs:69,066.67with",Available / Check Site,https://mdcomputers.lk/product/asus-proart-display-pa279cv-professional-monitor-27-inch-ips-4k-uhd-3840-x-2160-100-srgb-100-rec-709-color-accuracy-%ce%b4e-2-calman-verified-usb-c-proart-preset-proart-palette-ergono/
ASUS VIVOBOOK F1502ZA-EJ2471 i5-12500H 12TH GEN 16 GB RAM /512 SSD /INTERGRATED 15.6″FHD DOS US ENGLISH QUIET BLUE,"Rs:185,000.00or 3 XRs:69,066.67with",Out of Stock,https://mdcomputers.lk/product/asus-vivobook-f1502za-ej2471-i5-12500h-12th-gen-16-gb-ram-512-ssd-intergrated-15-6fhd-dos-us-english-quiet-blue/
ASUS Dual GeForce RTX 5060TI 16GB GDDR7 OC Graphics Card,"Rs:185,000.00Rs:189,000.00or 3 XRs:69,066.67with",Out of Stock,https://mdcomputers.lk/product/asus-dual-geforce-rtx-5060ti-16gb-gddr7-oc-graphics-card-3-years-warranty/
APPLE MACBOOK PRO 2020 I5 / 32GB RAM / 512GB SSD,"Rs:185,000.00or 3 XRs:69,066.67with",Out of Stock,https://mdcomputers.lk/product/apple-macbook-pro-2020-i5-16gb-ram-512gb-ssd/
MSI RTX 4060 Ti Gaming X Slim 16GB Graphics Card,"Rs:185,500.00Rs:205,000.00or 3 XRs:69,253.33with",Out of Stock,https://mdcomputers.lk/product/msi-geforce-rtx-4060-ti-gaming-x-16gb-gddr6-graphics-card-3-years-warranty/
MSI GeForce RTX™ 5060 TI 8G GAMING TRIO OC,"Rs:186,500.00Rs:189,000.00or 3 XRs:69,626.67with",Out of Stock,https://mdcomputers.lk/product/msi-geforce-rtx-5060-ti-8g-gaming-trio-oc/
CORSAIR VENGEANCE RGB DDR5 6000MHZ 16GB- AMD KIT (2 x 16GB) ( 10 YEARS WARRANTY ),"Rs:187,000.00Rs:1,970,000.00or 3 XRs:69,813.33with",Available / Check Site,https://mdcomputers.lk/product/corsair-vengeance-rgb-32gb-2x16-ddr5-dram-6000mhz-amd-expo-intel-xmp-memory/
ASUS VIVOBOOK GO 15 E1504FA – AMD Ryzen 5 7520U / 8GB LPDDR5 / 512GB NVME SSD / 15.6″ FHD BRAND NEW LAPTOP,"Rs:187,000.00Rs:189,000.00or 3 XRs:69,813.33with",Out of Stock,https://mdcomputers.lk/product/asus-vivobook-go-15-e1504fa-amd-ryzen-5-7520u-8gb-lpddr5-512gb-nvme-ssd-15-6%e2%80%b3-fhd-brand-new-laptop/
ASUS ROG STRIX Z890-F Gaming WIFI DDR5 MOTHERBOARD,"Rs:189,000.00or 3 XRs:70,560.00with",Available / Check Site,https://mdcomputers.lk/product/asus-rog-strix-z890-f-gaming-wifi-ddr5-motherboard/
ASUS VIVOBOOK -CORE I5 13420H (13TH GEN) +16GB RAM / 512GB NVME SSD -BRAND NEW LAPTOP,"Rs:189,000.00or 3 XRs:70,560.00with",Out of Stock,https://mdcomputers.lk/product/asus-vivobook-core-i5-13420h-13th-gen-16gb-ram-512gb-nvme-ssd-brand-new-laptop/
GIGABYTE GEFORCE RTX5060TI EAGLE OC 16GB GRAPHIC CARD,"Rs:189,000.00or 3 XRs:70,560.00with",Out of Stock,https://mdcomputers.lk/product/gigabyte-geforce-rtx5060ti-eagle-oc-16gb-graphic-card/
APPLE IPHONE 14 PRO USED MOBILE PHONE – 256GB,"Rs:189,000.00Rs:195,000.00or 3 XRs:70,560.00with",Out of Stock,https://mdcomputers.lk/product/apple-iphone-14-pro-used-mobile-phone-256gb/
APPLE MACBOOK PRO 2020 – INTEL I7 16GB RAM 512GB SSD 13 INCH USED MACBOOK,"Rs:190,000.00Rs:198,000.00or 3 XRs:70,933.33with",Out of Stock,https://mdcomputers.lk/product/apple-macbook-pro-2020-intel-i7-16gb-ram-512gb-ssd-13-inch-used-macbook/
DELL INSPIRON BUSINESS 3030 i3-14100|8GB|512SSD|DOS (3y),"Rs:191,000.00or 3 XRs:71,306.67with",Available / Check Site,https://mdcomputers.lk/product/dell-inspiron-business-3030-i3-141008gb512ssddos-3y/
ASUS VIVOBOOK GO 15 E1504FA – AMD RYZEN 5 7520U / 16GB RAM / 512GB NVME SSD / 15.6″ FHD BRAND NEW LAPTOP,"Rs:192,000.00or 3 XRs:71,680.00with",Out of Stock,https://mdcomputers.lk/product/asus-vivobook-go-15-e1504fa-amd-ryzen-5-7520u-16gb-ram-512gb-nvme-ssd-15-6%e2%80%b3-fhd-brand-new-laptop/
"INTEL CORE ULTRA 9 PROCESSOR 285K 40MB Cache Up To 5.7 GHz(24 Threads , 24 Cores ) Desktop Processor (3 Years Warranty) -Without Box","Rs:194,500.00or 3 XRs:72,613.33with",Available / Check Site,https://mdcomputers.lk/product/intel-core-ultra-9-processor-285k-40mb-cache-up-to-5-7-ghz24-threads-24-cores-desktop-processor-3-years-warranty-without-box/
ASUS PRIME GeForce RTX™ 5060TI 8GB GDDR7 BRAND NEW GRAPHICS CARD,"Rs:194,500.00or 3 XRs:72,613.33with",Out of Stock,https://mdcomputers.lk/product/asus-prime-geforce-rtx-5060ti-8gb-gddr7-brand-new-graphics-card/
GIGABYTE GEFORCE RTX 5060 Ti EAGLE MAX OC 16GB BRAND NEW GRAPHIC CARD,"Rs:196,000.00Rs:198,000.00or 3 XRs:73,173.33with",Out of Stock,https://mdcomputers.lk/product/gigabyte-geforce-rtx-5060-ti-eagle-max-oc-16gb-brand-new-graphic-card/
HP Probook 440 G10 – CORE I5 13th Gen 14 Inch 8GB RAM 512GB NVME SSDBRAND NEW LAPTOP,"Rs:197,000.00Rs:199,000.00or 3 XRs:73,546.67with",Out of Stock,https://mdcomputers.lk/product/hp-probook-g10-i5-13th-gen-14-inch-8gb-ram-512gb-nvme-ssdbrand-new-laptp/
ZOTAC GAMING GEFORCE RTX 5060TI 8GB AMP BRAND NEW GRAPHIC CARD,"Rs:198,000.00or 3 XRs:73,920.00with",Out of Stock,https://mdcomputers.lk/product/zotac-gaming-geforce-rtx-5060ti-8gb-amp-brand-new-graphic-card/
ASUS VIVOBOOK 15 INTEL CORE I5 14TH – (120U) GEN – 8GB RAM – 512GB NVME M.2 SSD BRAND NEW LAPTOP,"Rs:198,000.00Rs:205,000.00or 3 XRs:73,920.00with",Out of Stock,https://mdcomputers.lk/product/asus-vivobook-15-intel-core-5-14th-120u-gen-8gb-512gb-nvme-m-2-ssd-brand-new-laptop/
ASUS ROG STRIX  X870-F GAMING WIFI MOTHERBOARD,"Rs:199,000.00or 3 XRs:74,293.33with",Available / Check Site,https://mdcomputers.lk/product/asus-rog-strix-x870-f-gaming-wifi-motherboard/
PNY GEFORCE RTX5060TI 16GB OC STEALTH MODE BRAND NEW GRAPHICS CARD,"Rs:199,000.00or 3 XRs:74,293.33with",Out of Stock,https://mdcomputers.lk/product/pny-geforce-rtx5060ti-16gb-oc-stealth-mode-brand-new-graphics-card-01-year-warranty/
ASROCK X870 TAICHI CREATOR BRAMD NEW MOTHERBOARD ( 03 Years Warranty ),"Rs:199,000.00Rs:205,000.00or 3 XRs:74,293.33with",Available / Check Site,https://mdcomputers.lk/product/asrock-x870-taichi-creator-bramd-new-mother/
PLAYSTATION 5 SLIM DISK EDITION CONSOLE 1TB,"Rs:200,000.00Rs:219,000.00or 3 XRs:74,666.67with",Out of Stock,https://mdcomputers.lk/product/playstation-5-slim-disk-edition-console-1tb/
ASUS VP32UQ 31.5 Inch 4K UHD (3840 X 2160) IPS BRAND NEW MONITOR ( 03 YEARS WARRANTY ),"Rs:203,500.00or 3 XRs:75,973.33with",Available / Check Site,https://mdcomputers.lk/product/asus-vp32uq-31-5-inch-4k-uhd-3840-x-2160-ips-brand-new-monitor-03-years-warranty/
ZOTAC GAMING GEFORCE AMP RTX4060TI 16GB BRAND NEW VGA,"Rs:204,000.00or 3 XRs:76,160.00with",Out of Stock,https://mdcomputers.lk/product/zotac-gaming-geforce-rtx-4060-ti-16gb-amp/
"AMD RYZEN 9 7950X3D (16 CORES, 32 THREADS) UP TO 5.7GHZ DESKTOP PROCESSOR","Rs:205,000.00or 3 XRs:76,533.33with",Available / Check Site,https://mdcomputers.lk/product/amd-ryzen-9-7950x3d-16-cores-32-threads-up-to-5-7ghz-desktop-processor/
DELL VOSTRO 3520 – CORE I7 12TH GEN /8GB RAM /512GB NVME -BRAND NEW LAPTOP,"Rs:205,000.00Rs:215,000.00or 3 XRs:76,533.33with",Out of Stock,https://mdcomputers.lk/product/dell-vostro-3520-core-i7-12th-gen-8gb-ram-512gb-nvme-brand-new-laptop/
GIGABYTE GEFORCE RTX5060 Ti GAMING OC 16GB BRAND NEW GRAPHIC CARD,"Rs:205,000.00or 3 XRs:76,533.33with",Out of Stock,https://mdcomputers.lk/product/gigabyte-geforce-rtx5060-ti-gaming-oc-16gb-brand-new-graphic-card/
APPLE MAC BOOK AIR M1 – 16GB RAM / 512GB SSD USED,"Rs:205,000.00or 3 XRs:76,533.33with",Out of Stock,https://mdcomputers.lk/product/apple-mac-book-air-m1-8gb-ram-256gb-ssd-used/
MSI GeForce RTX 4060 Ti X GC30 Monster Hunter Edition 8GB Graphics Card (3 YEARS WARRANTY),"Rs:207,000.00or 3 XRs:77,280.00with",Out of Stock,https://mdcomputers.lk/product/msi-geforce-rtx-4060-ti-x-gc30-monster-hunter-edition-8gb-graphics-card-3-years-warranty/
ASUS DUAL GeForce RTX 5060Ti 16GB GDDR7 BRAND NEW GRAPHICS CARD,"Rs:208,000.00or 3 XRs:77,653.33with",Out of Stock,https://mdcomputers.lk/product/asus-dual-geforce-rtx-5060ti-16gb-gddr7-brand-new-graphics-card/
HP VICTUS – RYZEN 5 7535HS +RTX 2050 4GB VGA +8GB RAM,"Rs:209,000.00Rs:224,000.00or 3 XRs:78,026.67with",Out of Stock,https://mdcomputers.lk/product/hp-victus-ryzen-5-7535hs-rtx-2050-4gb-vga-8gb-ram/
ASUS VIVOBOOK CORE I7 13TH GEN  8GB RAM  512GB NVME SSD  BRAND NEW LAPTOP,"Rs:209,990.00Rs:217,990.00or 3 XRs:78,396.27with",Out of Stock,https://mdcomputers.lk/product/asus-vivobook-i7-13th-gen-8gb-ram-512gb-nvme-ssd-brand-new-laptop/
INTEL CORE I9-13900K PROCESSOR,"Rs:210,000.00Rs:227,000.00or 3 XRs:78,400.00with",Out of Stock,https://mdcomputers.lk/product/intel-core-i9-13900k-processor/
HP 250 G10 – INTEL CORE I7 13TH GEN / DDR4 16GB RAM / 512GB NVME SSD BRAND NEW LAPTOP,"Rs:210,000.00Rs:218,000.00or 3 XRs:78,400.00with",Out of Stock,https://mdcomputers.lk/product/hp-250-g10-core-i7-13th-gen-laptop/
Benq PD3205U 32 Inch 4K(3840×2160) UHD HDR10 IPS Monitor (3 YEARS WARRANTY),"Rs:210,000.00or 3 XRs:78,400.00with",Available / Check Site,https://mdcomputers.lk/product/benq-pd3205u-32-inch-4k3840x2160-uhd-hdr10-ips-monitor-3-years-warranty/
ASUS VIVOBOOK X1404VA-I512256 CORE I5-1334U | 12GB RAM | 256GB SSD |14.0” FHD BRAND NEW LAPTOP,"Rs:210,000.00Rs:225,000.00or 3 XRs:78,400.00with",Out of Stock,https://mdcomputers.lk/product/asus-vivobook-x1404va-i512256-core-i5-1334u-12gb-ram-256gb-ssd-14-0-fhd-brand-new-laptop/
ASUS VIVOBOOK S14 FLIP TP3402VA-L669W INTEL CORE I5 13TH GEN ( 13420H ) BRAND NEW LAPTOP,"Rs:210,000.00Rs:235,000.00or 3 XRs:78,400.00with",Out of Stock,https://mdcomputers.lk/product/asus-vivobook-s14-flip-tp3402va-l669w-intel-core-i5-13th-gen-13420h-brand-new-laptop/
ASUS VIVOBOOK X1502VA CORE I7 – 13620H  / 16GB RAM / 512GB NVME SSD,"Rs:212,000.00Rs:220,000.00or 3 XRs:79,146.67with",Out of Stock,https://mdcomputers.lk/product/asus-vivobook-x1502va-core-i7-13620h-16gb-ram-512gb-nvme-ssd/
ASUS VIVOBOOK X1502VA-NJ853 INTEL CORE I7-13620H 16GB RAM 512GB SSD 15.6” FHD BRAND NEW LAPTOP,"Rs:212,000.00Rs:220,000.00or 3 XRs:79,146.67with",Out of Stock,https://mdcomputers.lk/product/asus-vivobook-x1502va-nj853-intel-core-i7-13620h-16gb-ram-512gb-ssd-15-6-fhd-brand-new-laptop/
ASUS EXPERTBOOK B1503CVA INTEL CORE I7 13TH ( 13620H ) GEN – 8GB RAM – 512GB NVME BRAND NEW LAPTOP,"Rs:212,000.00Rs:220,000.00or 3 XRs:79,146.67with",Out of Stock,https://mdcomputers.lk/product/asus-expertbook-b1503cva-intel-core-i7-13th-13620h-gen-8gb-ram-512gb-nvme-brand-new-laptop/
APPLE IPHONE 15 PRO USED MOBILE PHONE – 128GB,"Rs:213,000.00or 3 XRs:79,520.00with",Out of Stock,https://mdcomputers.lk/product/apple-iphone-15-pro-used-mobile-phone-128gb/
MSI THIN GF63 -I5 12TH GEN +RTX 2050 4GB VGA -8GB RAM /1TB Nvme DISPLAY UNIT,"Rs:214,990.00or 3 XRs:80,262.93with",Out of Stock,https://mdcomputers.lk/product/msi-thin-gf63-i5-12th-gen-rtx-2050-4gb-vga-8gb-ram-1tb-nvme-display-unit/
MSI MODERN 15 F13MG INTEL CORE I5- 1334U / 16GB RAM / 512GB NVME  SSD BRAND NEW LAPTOP,"Rs:215,000.00Rs:225,000.00or 3 XRs:80,266.67with",Out of Stock,https://mdcomputers.lk/product/msi-modern-15-f13mg-intel-i5-1334u-iris-xe-graphics-16gb-ddr4-3200mhz-512gb-gen4-nvme-m-2-ssd-15-6-inch-fhd-ips-level-display-windows-11-home-urban-silver/
ACER ASPIRE 5 A515 CORE I5 12TH GEN ( 1235U ) / 8GB RAM / 512GB NVME / RTX 2050 4GB BRAND NEW GAMING LAPTOP,"Rs:215,000.00Rs:250,000.00or 3 XRs:80,266.67with",Out of Stock,https://mdcomputers.lk/product/acer-aspire-5-a515-core-i5-12th-gen-1235u-8gb-ram-512gb-nvme-rtx-2050-4gb-brand-new-gaming-laptop/
ASUS VIVOBOOK – F1504V INTEL CORE 5 120U – 16GB RAM / 512GB NVME SSD BRAND NEW LAPTOP,"Rs:215,000.00Rs:218,000.00or 3 XRs:80,266.67with",Out of Stock,https://mdcomputers.lk/product/asus-vivobook-f1504vap-wh56-intel-core-5-120u-16gb-ram-512gb-nvme-ssd-brand-new-laptop/
APPLE MACBOOK PRO 2020 – INTEL I7 32GB RAM 1TB SSD 13 INCH USED MACBOOK,"Rs:218,000.00Rs:224,990.00or 3 XRs:81,386.67with",Out of Stock,https://mdcomputers.lk/product/macbook-pro-2018-intel-i7-32-gb-ram-512-nvme-touch-bar/
"AMD Ryzen 9 9950X (16 Cores, 32 Threads) Up To 5.7GHz Desktop Processor (3 YEARS WARRANTY)","Rs:218,500.00Rs:234,000.00or 3 XRs:81,573.33with",Available / Check Site,https://mdcomputers.lk/product/amd-ryzen-9-9950x-16-cores-32-threads-up-to-5-7ghz-desktop-processor-3-years-warranty/
LENOVO IDEAPAD 5 – 2 IN 1 ( 14IAL10 ) CORE ULTRA 5 8GB RAM / 512GB NVME / BRAND NEW LAPTOP,"Rs:219,000.00Rs:229,000.00or 3 XRs:81,760.00with",Out of Stock,https://mdcomputers.lk/product/lenovo-ideapad-5-2-in-1-14ial10-core-ultra-5-8gb-ram-512gb-nvme-brand-new-laptop/
ASUS ZENBOOK 14 Q415MA INTEL CORE ULTRA 5 125H  – 8GB RAM – 512GB NVME SSD BRAND NEW LAPTOP,"Rs:220,000.00or 3 XRs:82,133.33with",Out of Stock,https://mdcomputers.lk/product/asus-zenbook-q415-intel-core-ultra-5-125h-8gb-ram-512gb-nvme-ssd-brand-new-laptop/
SAMSUNG UA50DU7500RXSG 50″ (DU7500) CRYSTAL 4K UHD SMART TV,"Rs:220,000.00or 3 XRs:82,133.33with",Available / Check Site,https://mdcomputers.lk/product/samsung-ua50du7500rxsg-50-du7500-crystal-4k-uhd-smart-tv/
HP 250R G10 –  CORE 5 / 8GB RAM / 512GB NVME SSD BRAND NEW LAPTOP,"Rs:220,000.00Rs:225,000.00or 3 XRs:82,133.33with",Out of Stock,https://mdcomputers.lk/product/hp-250r-g10-intel-core-i5-14th-gen-8gb-ram-512gb-nvme-ssd-brand-new-laptop/
ASUS VIVOBOOK GO L1504FA RYZEN 5 7520U – 16GB RAM – 512GB NVME SSD BRAND NEW LAPTOP,"Rs:220,000.00or 3 XRs:82,133.33with",Out of Stock,https://mdcomputers.lk/product/asus-vivobook-go-l1504fa-ryzen-5-7520u-16gb-ram-512gb-nvme-ssd-brand-new-laptop/
Thermaltake GR300 Simulator Racing Cockpit With Single Racing Monitor Stand,"Rs:220,000.00Rs:260,000.00or 3 XRs:82,133.33with",Available / Check Site,https://mdcomputers.lk/product/thermaltake-gr300-simulator-racing-cockpit-with-single-racing-monitor-stand/
Thermaltake G6 Direct Drive Racing Wheel with Pedals Bundle ( 01y ),"Rs:220,000.00Rs:250,000.00or 3 XRs:82,133.33with",Available / Check Site,https://mdcomputers.lk/product/thermaltake-g6-direct-drive-racing-wheel-with-pedals-bundle/
ASUS PROART 27″ PA279CRV 4K UHD USB-C WITH PD 96W 99% DCI-P3 BRAND NEW MONITOR,"Rs:222,000.00or 3 XRs:82,880.00with",Available / Check Site,https://mdcomputers.lk/product/asus-proart-pa279crv-27-inch-uhd-3840-x-2160-ips-100-srgb-calman-verified-professional-monitor3-years-warranty/
HP PRO 280 G9 I5 13TH GEN / 8GB RAM  /512GB SSD / Dos (3y) BRAND NEW DESKTOP PC,"Rs:222,500.00or 3 XRs:83,066.67with",Available / Check Site,https://mdcomputers.lk/product/hp-pro-280-g9-i5-13th-gen-8gb-ram-512gb-ssd-dos-3y-brand-new-desktop-pc/
MSI GeForce RTX 4070 SUPER 12G GAMING X SLIM,"Rs:225,000.00Rs:355,000.00or 3 XRs:84,000.00with",Out of Stock,https://mdcomputers.lk/product/msi-geforce-rtx-4070-super-12g-gaming-x-slim/
IDEAPAD GAMING RYZEN 3 (RTX2050/4GB) +BRAND NEW LAP,"Rs:226,000.00or 3 XRs:84,373.33with",Out of Stock,https://mdcomputers.lk/product/ideapad-gaming-ryzen-3-rtx2050-4gb-brand-new-lap/
LENOVO LOQ -I5 12TH ( 12450HX ) 16GB RAM + RTX 2050 4GB VGA /512GB NVME BRAND NEW GAMING LAPTOP,"Rs:229,000.00Rs:239,000.00or 3 XRs:85,493.33with",Out of Stock,https://mdcomputers.lk/product/lenovo-loq-i5-12th-12450hx-16gb-ram-rtx-2050-4gb-vga-512gb-nvme-brand-new-gaming-laptop/
APPLE MACBOOK AIR M1 PRO CHIP / 16GB RAM / 256GB SSD,"Rs:229,000.00or 3 XRs:85,493.33with",Out of Stock,https://mdcomputers.lk/product/apple-macbook-air-m1-chip-8gb-ram-256gb-ssd-brand-new-conditon/
HP INTEL CORE ULTRA 5 – 125H / DDR5 8GB RAM / 512GB NVME SSD BRAND NEW LAPTOP,"Rs:229,000.00Rs:239,000.00or 3 XRs:85,493.33with",Out of Stock,https://mdcomputers.lk/product/hp-intel-core-ultra-5-125h-ddr5-8gb-ram-512gb-nvme-ssd-brand-new-laptop/
Benq PD3205UA 32 Inch 4K(3840×2160) UHD HDR10 IPS Monitor,"Rs:230,000.00or 3 XRs:85,866.67with",Available / Check Site,https://mdcomputers.lk/product/benq-pd3205ua-32-inch-4k3840x2160-uhd-hdr10-ips-monitor/
AMD Ryzen™ 9 9950X3D (up to 5.7Ghz 16-cores 32-threads) 128M Cache – BRAND NEW TRAY PROCESSOR,"Rs:230,000.00Rs:276,000.00or 3 XRs:85,866.67with",Available / Check Site,https://mdcomputers.lk/product/amd-ryzen-9-9950x3d-up-to-5-7ghz-16-cores-32-threads-128m-cache-tray/
APPLE IPHONE 15 PRO USED MOBILE PHONE – 256GB,"Rs:230,000.00or 3 XRs:85,866.67with",Out of Stock,https://mdcomputers.lk/product/apple-iphone-15-pro-used-mobile-phone-256gb/
GeForce RTX™ 5060 Ti 16G VANGUARD SOC,"Rs:232,000.00or 3 XRs:86,613.33with",Out of Stock,https://mdcomputers.lk/product/geforce-rtx-5060-ti-16g-vanguard-soc/
MSI GEFORCE RTX™ 4060 TI GAMING X 8G,"Rs:232,500.00or 3 XRs:86,800.00with",Out of Stock,https://mdcomputers.lk/product/msi-geforce-rtx-4060-ti-gaming-x-8g/
MSI GEFORCE RTX 5060TI SHADOW 2X OC PLUS 16GB GDDR7X BRAND NEW GRAPHICS CARD ( 3 Year Warranty  ),"Rs:236,500.00Rs:245,000.00or 3 XRs:88,293.33with",Out of Stock,https://mdcomputers.lk/product/msi-geforce-rtx-5060-ti-shadow-2x-oc-plus-16gb-gddr7x-graphics-card-3-years-warranty/
ASUS ROG STRIX XG32VQR CURVED HDR GAMING MONITOR 32 INCH 2560X1440 144HZ FREESYNC2,"Rs:237,000.00or 3 XRs:88,480.00with",Available / Check Site,https://mdcomputers.lk/product/asus-rog-strix-xg32vqr-curved-hdr-gaming-monitor-32-inch-2560x1440-144hz-freesync2/
MSI THIN 15 -INTEL CORE I5 12TH GEN + -RTX 2050 4GB VGA -8GB RAM /512GB NVME LAPTOP,"Rs:237,000.00Rs:249,000.00or 3 XRs:88,480.00with",Out of Stock,https://mdcomputers.lk/product/msi-thin-15-i5-12th-gen-rtx-2050-4gb-vga-8gb-ram-512gb-nvme-laptop/
ASUS VIVOBOOK F1605V INTEL CORE I7 13TH GEN ( 1335U ) 16GB RAM / 512GB NVME BRAND NEW LAPTOP,"Rs:238,000.00Rs:248,000.00or 3 XRs:88,853.33with",Out of Stock,https://mdcomputers.lk/product/asus-vivobook-f1605v-intel-core-i7-13th-gen-1335u-16gb-ram-512gb-nvme-brand-new-laptop-03-years-warranty/
HP VICTUS RYZEN 7 RTX3050 4GB VGA (144Hz) 512GB NVME GAMING LAPTOP,"Rs:239,000.00Rs:259,990.00or 3 XRs:89,226.67with",Out of Stock,https://mdcomputers.lk/product/hp-victus-ryzen-7-rtx3050-4gb-vga-144hz-512gb-nvme-gaming-laptop/
ASUS VIVOBOOK X1504VA – CORE 5 120U – 16GB RAM – 512GB NVME SSD – 15.6” BRAND NEW LAPTOP,"Rs:239,000.00Rs:259,000.00or 3 XRs:89,226.67with",Out of Stock,https://mdcomputers.lk/product/asus-vivobook-x1504va-core-5-120u-16gb-ram-512gb-nvme-ssd-15-6-brand-new-laptop/
Apple MacBook Air M2- 16GB RAM – 256GB SSD,"Rs:239,999.00Rs:248,000.00or 3 XRs:89,599.63with",Out of Stock,https://mdcomputers.lk/product/apple-macbook-air-m2-8gb-ram-256gb-ssd/
ASUS TUF-RTX3070TI-O8G-GAMING 8GB GRAPHIC CARD,"Rs:240,000.00or 3 XRs:89,600.00with",Out of Stock,https://mdcomputers.lk/product/asus-tuf-strix-rtx3070ti-o8g-gaming-8gb-graphic-card/
MSI THIN 15 – INTEL CORE I5 13TH GEN ( 13420H ) 16GB RAM / 512GB NVME / RTX2050 4GB VGA – BRAND NEW GAMING LAPTOP,"Rs:240,000.00Rs:249,500.00or 3 XRs:89,600.00with",Out of Stock,https://mdcomputers.lk/product/msi-thin-15-i5-13th-gen-16gb-ram-rtx-2050-vga-512gb-nvme-laptop/
ZOTAC GAMING GeForce RTX 5070 SOLID 12GB BRAND NEW GRAPHIC CARD,"Rs:242,000.00or 3 XRs:90,346.67with",Out of Stock,https://mdcomputers.lk/product/zotac-gaming-geforce-rtx-5070-solid-12gb/
Asus ROG THOR 1600 WATT 80 Plus Titanium Certified Fully Modular Power Supply ( 3 YEARS WARRANTY ),"Rs:245,000.00or 3 XRs:91,466.67with",Available / Check Site,https://mdcomputers.lk/product/asus-rog-thor-1600-watt-80-plus-titanium-certified-fully-modular-power-supply-3-years-warranty/
"ASUS ProArt Display PA34VCNV Curved Professional Monitor – 34.1-inch, IPS, 21:9 3440 x 1440, 3800R Curvature, 100% sRGB / Rec.709, Color Accuracy ΔE < 2, Calman Verified, USB-C Docking PD 96W, RJ45, Ergonomic Stand, Green Sustainability","Rs:246,600.00Rs:250,000.00or 3 XRs:92,064.00with",Available / Check Site,https://mdcomputers.lk/product/asus-proart-display-pa34vcnv-curved-professional-monitor-34-1-inch-ips-219-3440-x-1440-3800r-curvature-100-srgb-rec-709-color-accuracy-%ce%b4e-2-calman-verified-usb-c-docking/
HP VICTUS – CORE I5 12TH GEN / RTX3050 4GB VGA / 8GB RAM / 512GB NVME +LAPTOP,"Rs:246,990.00or 3 XRs:92,209.60with",Out of Stock,https://mdcomputers.lk/product/hp-victus-core-i5-12th-gen-rtx3050-4gb-vga-8gb-ram-512gb-nvme-laptop/
ZOTAC GAMING GeForce RTX 5070 SOLID OC 12GB,"Rs:247,000.00or 3 XRs:92,213.33with",Out of Stock,https://mdcomputers.lk/product/zotac-gaming-geforce-rtx-5070-solid-oc-12gb/
MSI THIN 15 B13UC CORE I5 13TH GEN – 16GB RAM – 512GB NVME SSD – RTX 3050 4GB – BRAND NEW GAMING LAPTOP,"Rs:249,000.00or 3 XRs:92,960.00with",Out of Stock,https://mdcomputers.lk/product/msi-thin-15-b13uc-core-i5-13th-gen-16gb-ram-512gb-nvme-ssd-rtx-3050-4gb-brand-new-gaming-laptop/
LENOVO LOQ 15IAX9E I5 – 12450HX / 8GB RAM / 512GB NVME / RTX4050 6GB VGA BRAND NEW GAMING LAPTOP,"Rs:249,000.00or 3 XRs:92,960.00with",Out of Stock,https://mdcomputers.lk/product/lenovo-loq-15iax9e-i5-12450hx-8gb-ram-512gb-nvme-rtx4050-6gb-vga-brand-new-gaming-laptop/
THERMALTAKE GR500 RACING SIMULATOR COCKPIT ( 01y ),"Rs:250,000.00Rs:255,000.00or 3 XRs:93,333.33with",Available / Check Site,https://mdcomputers.lk/product/thermaltake-gr500-racing-simulator-cockpit/
APPLE NEO A18 PRO CHIP 8GB RAM 256GB SSD 13 INCH BRAND NEW MACBOOK,"Rs:255,000.00or 3 XRs:95,200.00with",Out of Stock,https://mdcomputers.lk/product/apple-neo-a18-chip-8gb-ram-256gb-ssd-13-inch-brand-new-macbook-4/
APPLE NEO A18 PRO CHIP 8GB RAM 256GB SSD 13 INCH BRAND NEW MACBOOK,"Rs:259,000.00or 3 XRs:96,693.33with",Out of Stock,https://mdcomputers.lk/product/apple-neo-a18-chip-8gb-ram-256gb-ssd-13-inch-brand-new-macbook-3/
ASUS PROART 4060 TI 16GB GDDR6,"Rs:264,000.00or 3 XRs:98,560.00with",Out of Stock,https://mdcomputers.lk/product/asus-proart-4060-ti-16gb-gddr6/
APPLE NEO A18 CHIP 8GB RAM 256GB SSD 13 INCH BRAND NEW MACBOOK,"Rs:264,000.00or 3 XRs:98,560.00with",Out of Stock,https://mdcomputers.lk/product/apple-neo-a18-chip-8gb-ram-256gb-ssd-13-inch-brand-new-macbook/
"ASUS PROART PA328CGV 32″INCH  2560 x 1440 165 Hz 100% sRGB CALMAN VERIFIED, USB-C BRAND NEW MONITOR ( 03 YEARS WARRANTY )","Rs:267,000.00or 3 XRs:99,680.00with",Available / Check Site,https://mdcomputers.lk/product/asus-proart-pa328cgv-32-2560-x-1440-165-hz-100-srgb-calman-verified-usb-c-monitor/
MSI GF63 THIN 11SC  CORE i5-11400H,"Rs:269,000.00or 3 XRs:100,426.67with",Out of Stock,https://mdcomputers.lk/product/msi-gf63-thin-11sc-core-i5-11400h/
PS5 SLIM DISK EDITION CONSOLE 1TB – CFI-2116 (GEN 5),"Rs:269,000.00Rs:285,000.00or 3 XRs:100,426.67with",Out of Stock,https://mdcomputers.lk/product/playstation-5-slim-disk-edition-console-1tb-cfi-2116-gen-5/
LENOVO LOQ 15IAX9 – CORE I5 12TH GEN ( 12600HX ) / RTX 3050 6GB / 24GB RAM / 1TB NVME SSD BRAND NEW GAMING LAPTOP,"Rs:270,000.00or 3 XRs:100,800.00with",Out of Stock,https://mdcomputers.lk/product/lenovo-loq-15iax9-core-i5-12th-gen-12600hs-rtx-3050-6gb-24gb-ram-1tb-nvme-ssd-brand-new-gaming-laptop/
MSI Geforce RTX 5070 Gaming Trio OC 12GB GDDR7X Graphics Card White (3 YEARS WARRANTY),"Rs:270,500.00or 3 XRs:100,986.67with",Out of Stock,https://mdcomputers.lk/product/msi-geforce-rtx-5070-gaming-trio-oc-12gb-gddr7x-graphics-card-white-3-years-warranty/
MSI THIN I5 ( B13VE – 1451US ) CORE I5 13TH GEN ( 13420H ) 16GB RAM / 512GB NVME SSD / RTX 4050 6GB VGA BRAND NEW GAMING LAPTOP,"Rs:273,000.00Rs:285,000.00or 3 XRs:101,920.00with",Out of Stock,https://mdcomputers.lk/product/msi-thin-i5-13th-rtx-4050-6gb-vga-16gb-ram-512gb-nvme-laptop/
ASUS TUF F15 FX507ZCA  INTEL CORE I5 -12500H 12TH GEN | 16GB RAM | 512GB NVME | RTX™ 3050 VGA GAMING LAPTOP,"Rs:275,000.00Rs:279,000.00or 3 XRs:102,666.67with",Out of Stock,https://mdcomputers.lk/product/asus-tuf-f15-core-i5-12th-gen-16gb-ram-rtx-3050-vga-gaming-laptop/
MSI GeForce RTX™ 5070 12G GAMING TRIO OC BRAND NEW GRAPHIC CARD,"Rs:275,000.00Rs:285,000.00or 3 XRs:102,666.67with",Out of Stock,https://mdcomputers.lk/product/msi-geforce-rtx-5070-12g-gaming-trio-oc-brand-new/
THERMALTAKE GR500 RACING SIMULATOR COKPIT SNOW ( 01y ),"Rs:275,000.00Rs:285,000.00or 3 XRs:102,666.67with",Available / Check Site,https://mdcomputers.lk/product/thermaltake-gr500-racing-simulator-cokpit-snow-01y/
ASUS ROG-THOR-1600T3-GAMING 1600W TITANIUM III POWER SUPPLY ( 03Years Warranty ),"Rs:277,000.00or 3 XRs:103,413.33with",Available / Check Site,https://mdcomputers.lk/product/asus-rog-thor-1600t3-gaming-1600w-titanium-iii-power-supply-03years-warranty/
GeForce RTX™ 5070 12G VANGUARD SOC LAUNCH EDITION,"Rs:278,250.00or 3 XRs:103,880.00with",Out of Stock,https://mdcomputers.lk/product/geforce-rtx-5070-12g-vanguard-soc-launch-edition/
MSI Geforce RTX 5070 SHADOW 2X OC 12GB GDDR7X Graphic Card (3 YEARS WARRANTY),"Rs:279,000.00Rs:297,000.00or 3 XRs:104,160.00with",Available / Check Site,https://mdcomputers.lk/product/msi-geforce-rtx-5070-shadow-2x-oc-12gb-gddr7x-graphic-card-3-years-warranty/
MSI GEFORCE RTX 4070 GAMING X TRIO 12G,"Rs:283,000.00or 3 XRs:105,653.33with",Out of Stock,https://mdcomputers.lk/product/msi-geforce-rtx-4070-gaming-x-trio-12g/
MSI GEFORCE RTX 5070 SHADOW 3X OC 12GB GDDR7X GRAPHIC CARD (3 YEARS WARRANTY),"Rs:285,000.00Rs:297,000.00or 3 XRs:106,400.00with",Out of Stock,https://mdcomputers.lk/product/msi-geforce-rtx-5070-shadow-3x-oc-12gb-gddr7x-graphic-card-3-years-warranty/
ASROCK AMD RADEON™ RX 9070 XT CHALLENGER 16GB BRAND NEW GRAPHICS CARD ( Display Unit ),"Rs:285,000.00Rs:298,000.00or 3 XRs:106,400.00with",Out of Stock,https://mdcomputers.lk/product/asrock-amd-radeon-rx-9070-xt-challenger-16gb-brand-new-graphics-card/
HP OMNIBOOK 5 FLIP 14 – FP0023DX CORE ULTRA 7 150U / 16GB RAM / 512GB NVME SSD BRAND NEW LAPTOP,"Rs:286,000.00Rs:325,000.00or 3 XRs:106,773.33with",Out of Stock,https://mdcomputers.lk/product/hp-omnibook-5-flip-14-fp0023dx-core-ultra-7-150u-16gb-ram-512gb-nvme-ssd/
LENOVO LOQ AMD RYZEN 5 – 7235HS / 12GB RAM / 512GB NVME SSD / RTX4050 6GB BRAND NEW GAMING LAPTOP,"Rs:287,000.00Rs:289,000.00or 3 XRs:107,146.67with",Out of Stock,https://mdcomputers.lk/product/lenovo-loq-amd-ryzen-5-7235hs-12gb-ram-512gb-nvme-ssd-rtx4050-6gb-brand-new-gaming-laptop/
ASUS 27″ ProArt PA27JCV IPS 5K (5120 x 2880) 99% DCI-P3 LuxPixel Calman Verified,"Rs:287,000.00or 3 XRs:107,146.67with",Available / Check Site,https://mdcomputers.lk/product/asus-27-proart-pa27jcv-ips-5k-5120-x-2880-99-dci-p3-luxpixel-calman-verified/
MSI GeForce RTX™ 5070 12GB VANGUARD SOC BRAND NEW,"Rs:291,600.00or 3 XRs:108,864.00with",Out of Stock,https://mdcomputers.lk/product/msi-geforce-rtx-5070-12g-vanguard-soc-brand-new/
GIGABYTE RADEON RX9070 XT GAMING OC 16GB BRAND NEW GRAPHIC CARD,"Rs:295,000.00or 3 XRs:110,133.33with",Out of Stock,https://mdcomputers.lk/product/gigabyte-radeon-rx9070-xt-gaming-oc-16gb-brand-new-graphic-card/
ASUS ZENBOOK CORE ULTRA 7-255H / 16GB DDR5 / 512GB NVME BRAND NEW LAPTOP,"Rs:298,000.00or 3 XRs:111,253.33with",Out of Stock,https://mdcomputers.lk/product/asus-zenbook-core-ultra-7-255h-16gb-ddr5-512gb-nvme-brand-new-laptop/
ASUS TUF A15  RYZEN 5 7535HS RTX 4060 8GB VGA -512GB NVME -BRAND NEW GAMING LAPTOP,"Rs:299,000.00Rs:308,000.00or 3 XRs:111,626.67with",Out of Stock,https://mdcomputers.lk/product/asus-tuf-a15-ryzen-7-7435hs-rtx-2050-4gb-vga-512gb-nvme-brand-new-gaming-laptop/
ASUS TUF GAMING GEFORCE RTX 3080 TI OC EDITION 12GB GDDR6X GRAPHICS CARD,"Rs:305,000.00or 3 XRs:113,866.67with",Out of Stock,https://mdcomputers.lk/product/asus-tuf-gaming-geforce-rtx-3080-ti-oc-edition-12gb-gddr6x-graphics-card/
ZOTAC GAMING GEFORCE RTX 4070 SUPER TWIN EDGE OC 12GB GDDR6X,"Rs:309,000.00or 3 XRs:115,360.00with",Out of Stock,https://mdcomputers.lk/product/zotac-gaming-geforce-rtx-4070-super-twin-edge-oc-12gb-gddr6x/
MSI GEFORCE RTX 5070 VENTUS OC 2X 12GB GDDR7X GRAPHICS CARD ( 3 years warranty ),"Rs:309,000.00Rs:313,500.00or 3 XRs:115,360.00with",Available / Check Site,https://mdcomputers.lk/product/msi-geforce-rtx-5070-ventus-oc-2x-12gb-gddr7x-graphic-card-3-years-warranty/
GIGABYTE AORUS GEFORCE RTX 4070 MASTER 12G,"Rs:313,000.00or 3 XRs:116,853.33with",Out of Stock,https://mdcomputers.lk/product/gigabyte-aorus-geforce-rtx-4070-master-12g/
ACER NITRO V16 RYZEN 5 – 16GB RAM – 512GB NVME – GRAPHICS CARD RTX5050 8GB BRAND NEW GAMING LAPTOP,"Rs:314,000.00Rs:315,000.00or 3 XRs:117,226.67with",Out of Stock,https://mdcomputers.lk/product/acer-nitro-v16-ai-ryzen-5-16gb-ram-512gb-nvme-graphics-card-rtx5050-8gb-brand-new-gaming-laptop/
LENOVO LOQ INTEL CORE I5 13TH GEN ( 13450HX ) 16GB RAM / 512GB NVME / RTX 5050 8GB BRAND NEW GAMING LAPTOP,"Rs:315,000.00or 3 XRs:117,600.00with",Out of Stock,https://mdcomputers.lk/product/lenovo-loq-intel-core-i5-13th-gen-13450hx-16gb-ram-512gb-nvme-rtx-5050-8gb-brand-new-gaming-laptop/
MSI GEFORCE RTX5070 GAMING TRIO OC 12GB GDDR7X WHITE GRAPHICS CARD  ( 3 years warranty ),"Rs:317,000.00or 3 XRs:118,346.67with",Out of Stock,https://mdcomputers.lk/product/msi-geforce-rtx5070-gaming-trio-oc-12gb-gddr7x-white-graphics-card-3-years-warranty/
ASUS TUF GAMING GEFORCE RTX5070 12GB GDDR7 OC GRHAPIC CARD,"Rs:319,000.00or 3 XRs:119,093.33with",Out of Stock,https://mdcomputers.lk/product/asus-tuf-gaming-geforce-rtx5070-12gb-gddr7-oc-grhapic-card/
HP LASERJET MFP M438NDA 3 IN1 BRAND NEW PRINTER (1 year warranty ),"Rs:319,000.00Rs:329,000.00or 3 XRs:119,093.33with",Available / Check Site,https://mdcomputers.lk/product/hp-laserjet-mfp-m438nda-3-in1-brand-new-printer-1-year-warranty/
ASUS DUAL GEFORCE RTX5070 12GB GDDR7 OC BRAND NEW GRAPHICS CARD ( 03 years warranty ),"Rs:320,000.00Rs:325,000.00or 3 XRs:119,466.67with",Out of Stock,https://mdcomputers.lk/product/asus-dual-geforce-rtx5070-12gb-gddr7-oc-brand-new-graphics-card-03-years-warranty/
ASROCK AMD RADEON™ RX 9070 XT CHALLENGER 16GB BRAND NEW GRAPHICS CARD,"Rs:320,000.00or 3 XRs:119,466.67with",Out of Stock,https://mdcomputers.lk/product/asrock-amd-radeon-rx-9070-xt-challenger-16gb-brand-new-graphics-card-2/
"Asus Zenbook Ultra 7 -14th Gen 16GB RAM 1TB NVME SSD OLED Laptop,","Rs:321,990.00Rs:345,990.00or 3 XRs:120,209.60with",Out of Stock,https://mdcomputers.lk/product/asus-zenbook-14-q425ma-ultra-7-14th-gen-oled/
Corsair Dominator Titanium RGB 64GB (2X32GB) DDR5 6400MHz Intel Xmp Memory( 10 YEAR WARRANTY),"Rs:323,000.00or 3 XRs:120,586.67with",Out of Stock,https://mdcomputers.lk/product/corsair-dominator-titanium-rgb-64gb-2x32gb-ddr5-6400mhz-intel-xmp-memory-10-years-warranty/
MSI GF63 INTEL CORE I7 12TH GEN – 8GB RAM / 512GB NVME SSD / RTX 3050 6GB VGA  BRAND NEW GAMING LAPTOP,"Rs:325,000.00Rs:362,000.00or 3 XRs:121,333.33with",Out of Stock,https://mdcomputers.lk/product/msi-gf63-i7-12th-gen-rtx-3050-6gb-vga-512b-nvme-ssdgaming-lap/
ASUS TUF A15 -RYZEN 7 +RTX 4050 6GB VGA +16GB RAM / 1TB NVME SSD BRAND NEW GAMING LAP,"Rs:325,000.00Rs:335,000.00or 3 XRs:121,333.33with",Out of Stock,https://mdcomputers.lk/product/asus-tuf-gaming-a15-fa507nur-lp003-full-hd-ryzen-7-7435hs-16gb-ssd-512gb-rtx-4050/
ASUS PROART 34 ” PA348CGV ULTRA WIDE QHD (3440 x 1440) IPS USB-C 120HZ CALMAN VERIFIED BRAND NEW MONITOR ( 03 YEARS WARRANTY ),"Rs:325,500.00or 3 XRs:121,520.00with",Available / Check Site,https://mdcomputers.lk/product/asus-proart-34-pa348cgv-ultra-wide-qhd-3440-x-1440-ips-usb-c-120hz-calman-verified-monitor/
ACER NITRO V15 INTEL CORE I7 13TH GEN /  16GB RAM /  512GB NVME SSD /  RTX4050 6GB VGA BRAND NEW GAMING LAPTOP,"Rs:327,990.00Rs:334,000.00or 3 XRs:122,449.60with",Out of Stock,https://mdcomputers.lk/product/acer-nitro-5-rtx-40506gb-16gb-ddr5-core-i7-laptop/
ASUS PROART 32″ PA329CRV 4K UHD USB-C WITH PD 96W 98% DCI-P3 BRAND NEW MONITOR ( 03 YEARS WARRANTY ),"Rs:333,000.00or 3 XRs:124,320.00with",Available / Check Site,https://mdcomputers.lk/product/asus-proart-32-pa329crv-4k-uhd-usb-c-with-pd-96w-98-dci-p3-brand-new-monitor/
ASUS TUF F15 – I7 13TH  – RTX 4050 6GB VGA  16GB RAM -512GB NVME SSD GAMING LAPTOP,"Rs:335,000.00Rs:353,990.00or 3 XRs:125,066.67with",Out of Stock,https://mdcomputers.lk/product/asus-tuf-f15-i7-13th-rtx-4050-6gb-vga-16gb-ram-512gb-nvme-gaming-laptop/
HP VICTUS 15 – CORE I5 13TH GEN- 16GB RAM – 512GB NVME SSD RTX 4050 6GB VGA BRAND NEW GAMING LAPTOP,"Rs:339,000.00Rs:350,000.00or 3 XRs:126,560.00with",Out of Stock,https://mdcomputers.lk/product/hp-victus-i5-13th-rtx-4050-6gb-vga-144hz-512gb-nvme-laptop/
PNY GeForce RTX™ 4070 Ti SUPER 16GB VERTO™ Overclocked Triple Fan DLSS 3,"Rs:340,000.00Rs:345,000.00or 3 XRs:126,933.33with",Out of Stock,https://mdcomputers.lk/product/pny-geforce-rtx-4070-ti-super-16gb-verto-overclocked-triple-fan-dlss-3/
ACER NITRO V15 – CORE I7 13TH GEN (RTX 4060 8GB ) 16GB RAM  512GB NVME BRAND NEW GAMING LAPTOP,"Rs:340,000.00Rs:359,900.00or 3 XRs:126,933.33with",Out of Stock,https://mdcomputers.lk/product/acer-nitro-v15-core-i7-13th-gen-rtx-4060-8gb-16gb-ram-512gb-nvme-brand-new-gaming-laptop/
ACER NITRO V15 INTEL CORE I5 13TH GEN / 16GB RAM / 512GB NVME / RTX5050 8GB GRAPHICS CARD BRAND NEW GAMING LAPTOP,"Rs:340,000.00Rs:365,000.00or 3 XRs:126,933.33with",Out of Stock,https://mdcomputers.lk/product/acer-nitro-v15-intel-core-i5-13th-gen-16gb-ram-512gb-nvme-rtx5050-8gb-graphics-card-brand-new-gaming-laptop/
"MSI Cyborg – i7 13TH GEN – RTX4050 6GB , 16GB , 512GB NVME , BRAND NEW GAMING LAPTOP","Rs:342,000.00Rs:348,500.00or 3 XRs:127,680.00with",Out of Stock,https://mdcomputers.lk/product/msi-cyborg-i7-13th-rtx4050-6gb-16gb-512gb-nvme-gaming-laptops/
ASUS VIVOBOOK FLIP TP3407SA-DS74T INTEL ULTRA 7 256V / 16GB RAM / 1TB NVME SSD / BRAND NEW LAPTOP,"Rs:342,000.00Rs:354,000.00or 3 XRs:127,680.00with",Out of Stock,https://mdcomputers.lk/product/asus-vivobook-flip-tp3407sa-ds74t-intel-ultra-7-256v-16gb-ram-1tb-nvme-ssd-brand-new-laptop/
MSI Geforce RTX 4070 Ti Ventus OC 3X E112GB GDDR6X Graphic Card ( 03 YEARS WARRANTY ),"Rs:344,500.00Rs:414,500.00or 3 XRs:128,613.33with",Out of Stock,https://mdcomputers.lk/product/msi-geforce-rtx-4070-ti-ventus-oc-3x-e1-12gb-gddr6x-graphic-card-3-years-warranty/
MSI GEFORCE RTX 5070 TI VENTUS OC 3X 16GB GDDR7X GRAPHIC CARD,"Rs:345,000.00Rs:358,000.00or 3 XRs:128,800.00with",Out of Stock,https://mdcomputers.lk/product/msi-geforce-rtx-5070-ti-ventus-oc-3x-16gb-gddr7x-graphic-card/
ASUS TUF GAMING FX607VU – CORE I7 13TH GEN ( 13620H ) 16GB RAM – 512GB NVME SSD – RTX4060 6GB – BRAND NEW GAMING LAPTOP,"Rs:345,000.00or 3 XRs:128,800.00with",Out of Stock,https://mdcomputers.lk/product/asus-tuf-gaming-fx607vu-core-i7-13th-gen-13620h-16gb-ram-512gb-nvme-ssd-rtx4060-6gb-brand-new-gaming-laptop/
LENOVO LOQ  RYZEN 7 7435HS / RTX 4050 6GB GHAPHICS CARD -16GB RAM -512GB NVME -BRAND NEW GAMING LAPTOP,"Rs:345,000.00or 3 XRs:128,800.00with",Out of Stock,https://mdcomputers.lk/product/lenovo-loq-ryzen-7-7435hs-rtx-4050-6gb-ghaphics-card-16gb-ram-512gb-nvme-brand-new-gaming-laptop/
ASUS TUF F16 -CORE I7 13TH GEN +RTX 4050 6GB VGA +16GB RAM -512GB NVME SSD BRAND NEW GAMING LAPTOP,"Rs:345,000.00or 3 XRs:128,800.00with",Out of Stock,https://mdcomputers.lk/product/asus-tuf-f16-core-i7-13th-gen-rtx-4050-6gb-vga-16gb-ram-512gb-nvme-ssd-brand-new-gaming-laptop/
PNY NVIDIA GEFORCE RTX 5070Ti 16GB OC TRIPLE FAN GRAPHICS CARD,"Rs:345,000.00or 3 XRs:128,800.00with",Out of Stock,https://mdcomputers.lk/product/pny-geforce-rtx-5070ti-16gb-triple-fan-plus-brand-new-graphics-card/
MSI Geforce RTX 5070 TI SHADOW 3X OC 16GB GDDR7X Graphic Card (3 YEARS WARRANTY),"Rs:346,500.00or 3 XRs:129,360.00with",Out of Stock,https://mdcomputers.lk/product/geforce-rtx-5070-ti-16g-ventus-3x-oc/
SAMSUNG UA60DU7700RXSG 65 CRYSTAL UHD DU7700 4K BRAND NEW SMART TV,"Rs:347,500.00or 3 XRs:129,733.33with",Available / Check Site,https://mdcomputers.lk/product/samsung-ua60du7700rxsg-65-crystal-uhd-du7700-4k-brand-new-smart-tv/
LENOVO LOQ AMD RYZEN 5 – 7235HS / 16GB RAM / 512GB NVME SSD / RTX4050 6GB BRAND NEW GAMING LAPTOP,"Rs:349,000.00Rs:375,000.00or 3 XRs:130,293.33with",Out of Stock,https://mdcomputers.lk/product/lenovo-loq-amd-ryzen-5-7235hs-24gb-ram-512gb-nvme-ssd-rtx4050-6gb-brand-new-gaming-laptop/
ACER NITRO V16 / INTEL CORE I7-14650HX / 16″ WQXGA 165Hz IPS / DDR5 16GB / NVIDIA GEFORCE RTX -4050 6GB VGA CARD,"Rs:350,000.00or 3 XRs:130,666.67with",Out of Stock,https://mdcomputers.lk/product/acer-nitro-v16-intel-core-i7-14650hx-16-wqxga-180hz-ips-ddr5-16gb-nvidia-geforce-rtx-4050-6gb-vga-card/
MSI GEFORCE RTX 4070 SUPER GAMING X 12GB GDDR6X SLIM WHITE GRAPHICS CARD ( 3 YEARS WARRANTY ),"Rs:350,500.00or 3 XRs:130,853.33with",Out of Stock,https://mdcomputers.lk/product/msi-geforce-rtx-4070-gaming-x-slim-white-12g/
MSI KATANA CORE I7 13TH GEN / RTX4050 6GB / 16GB RAM / 1TB NVME SSD GAMING LAPTOP,"Rs:350,990.00Rs:354,990.00or 3 XRs:131,036.27with",Out of Stock,https://mdcomputers.lk/product/msi-katana-i7-13-th-rtx4050-6-gb-16-gb-1-tb-nvme-gaming-laptop/
HP VICTUS 15-FA1657NR – CORE I7 13TH GEN+ RTX 4060 8GB VGA +16GB RAM -BRAND NEW GAMING LAPTOP,"Rs:359,000.00Rs:365,000.00or 3 XRs:134,026.67with",Out of Stock,https://mdcomputers.lk/product/hp-victus-15-fa1657nr-core-i7-13th-gen-rtx-4060-8gb-vga-16gb-ram-brand-new-gaming-laptop/
ASUS TUF A15 -RYZEN 7 RTX 4060 8GB VGA 16GB RAM -512GB NVME BRAND NEW GAMING LAPTOP,"Rs:360,000.00or 3 XRs:134,400.00with",Out of Stock,https://mdcomputers.lk/product/asus-tuf-a15-ryzen-7-rtx-4060-8gb-vga-16gb-ram-512gb-nvme-brand-new-gaming-laptop/
ACRE NITRO V15 ANV15-52-57BB – INTEL CORE I5 13TH GEN / 16GB RAM / 512GB NVMESSD / RTX 5050 8GB GRAPHICS CARD (  DISPLAY UNIT ) GAMING LAPTOP,"Rs:360,000.00Rs:390,000.00or 3 XRs:134,400.00with",Out of Stock,https://mdcomputers.lk/product/acre-nitro-v15-anv15-52-57bb-intel-core-i5-13th-gen-16gb-ram-512gb-nvmessd-rtx-5050-8gb-graphics-card-brand-new-gaming-laptop/
LENOVO LOQ – RYZEN 7 8845HS + RTX 4060 8GB VGA -1TB NVME -NEW LAPTOP,"Rs:364,990.00or 3 XRs:136,262.93with",Out of Stock,https://mdcomputers.lk/product/lenovo-loq-ryzen-7-8845hs-rtx-4060-8gb-vga-1tb-nvme-new-laptop/
MSI CYBORG CORE I7 13th / 16GB RAM / 512GB NVME / RTX4060 8GB VGA,"Rs:365,000.00Rs:367,500.00or 3 XRs:136,266.67with",Out of Stock,https://mdcomputers.lk/product/msi-cyborg-15-gaming-laptop-brand-new/
ASUS TUF GAMING FA607NU-WS53 RYZEN 5 7535HS – 16GB RAM – 512GB SSD – RTX4050 6GB VGA BRAND NEW GAMING LAPTOP,"Rs:365,000.00Rs:385,000.00or 3 XRs:136,266.67with",Out of Stock,https://mdcomputers.lk/product/asus-tuf-gaming-fa607nu-ws53-ryzen-5-7535hs-16gb-ram-512gb-ssd-rtx4050-6gb-vga-brand-new-gaming-laptop/
SAMSUNG 65INCH CRYSTAL UHD U8500F 4K SMART TV,"Rs:369,300.00or 3 XRs:137,872.00with",Available / Check Site,https://mdcomputers.lk/product/samsung-65inch-crystal-uhd-u8500f-4k-smart-tv/
"ACER NITRO V16 /CORE I7-14650HX/ 16GB, 512GB SSD/ NVIDIA GEFORCE RTX 4060 8GB / BRAND NEW GAMING LATOP","Rs:370,000.00or 3 XRs:138,133.33with",Out of Stock,https://mdcomputers.lk/product/acer-nitro-v16-core-i7-14650hx-16gb-512gb-ssd-nvidia-geforce-rtx-4060-8gb-brand-new-gaming-latop/
ZOTAC GAMING GeForce RTX 5070Ti AMP Extreme INFINITY 16GB,"Rs:372,000.00or 3 XRs:138,880.00with",Out of Stock,https://mdcomputers.lk/product/zotac-gaming-geforce-rtx-5070ti-amp-extreme-infinity-16gb/
ASUS TUF F15 -I7 13TH / RTX 4060 8GB VGA /16GB RAM /512GB NVME SSD BRAND NEW GAMING LAPTOP,"Rs:374,000.00or 3 XRs:139,626.67with",Out of Stock,https://mdcomputers.lk/product/asus-tuf-f15-i7-13th-rtx-4060-8gb-vga-16gb-ram-1tb-nvme-ssd-brand-new-gaming-laptop/
MSI GEFORCE RTX 3080 VENTUS OC 3X PLUS 12GB GDDR6X LHR GRAPHICS CARD,"Rs:375,000.00or 3 XRs:140,000.00with",Out of Stock,https://mdcomputers.lk/product/msi-geforce-rtx-3080-ventus-oc-3x-plus-12gb-gddr6x-lhr-graphics-card/
CORSAIR XENEON 32UHD144-A 32″ IPS UHD (3840 X2160) 144HZ HDR600 GAMING MONITOR ( 3 YEARS WARRANTY),"Rs:376,500.00or 3 XRs:140,560.00with",Available / Check Site,https://mdcomputers.lk/product/corsair-xeneon-32uhd144-a-32-ips-uhd-3840-x2160-144hz-hdr600-gaming-monitor-3-years-warranty/
GeForce RTX™ 5070 Ti 16G GAMING TRIO OC PLUS BRAND NEW VGA,"Rs:378,000.00or 3 XRs:141,120.00with",Out of Stock,https://mdcomputers.lk/product/geforce-rtx-5070-ti-16g-gaming-trio-oc-plus-brand-new-vga/
MSI Cyborg I7 12TH Gen / RTX 4060 8GB VGA /512GB NVME SSD |New Laptop,"Rs:380,000.00or 3 XRs:141,866.67with",Out of Stock,https://mdcomputers.lk/product/msi-cyborg-i7-13th-gen-16gb-ram-rtx-4050-6gb-vga-gaming-lap/
Asus ROG Strix GeForce RTX 4070 Super 12GB GDDR6X OC Graphics Card ( 3 YEARS WARRANTY),"Rs:385,000.00or 3 XRs:143,733.33with",Out of Stock,https://mdcomputers.lk/product/asus-rog-strix-geforce-rtx-4070-super-12gb-gddr6x-oc-graphics-card-3-years-warranty/
MSI MAG 341CQP 34 INCH QD-OLED UWQHD (3440 X 1440) 175HZ 0.03MS AMD FREESYNC PREMIUM PRO COMPATIBLE FRAMELESS GAMING MONITOR ( 3 YEARS WARRANTY ),"Rs:387,000.00Rs:455,000.00or 3 XRs:144,480.00with",Available / Check Site,https://mdcomputers.lk/product/msi-mag-341cqp-34-inch-qd-oled-uwqhd-3440-x-1440-175hz-0-03ms-amd-freesync-premium-pro-compatible-frameless-gaming-monitor-3-years-warranty/
MSI GeForce RTX™ 5070 Ti 16G VANGUARD SOC LAUNCH EDITION,"Rs:387,000.00or 3 XRs:144,480.00with",Out of Stock,https://mdcomputers.lk/product/geforce-rtx-5070-ti-16g-vanguard-soc-launch-edition/
LENOVO LOQ 15ARP10E – AMD RYZEN 7-7735HS /16GB RAM / 512GB NVME / RTX4050 6GB GRAPHICS CARD WITH BRAND NEW GAMING LAPTOP,"Rs:395,000.00Rs:400,000.00or 3 XRs:147,466.67with",Out of Stock,https://mdcomputers.lk/product/lenovo-loq-15arp10e-amd-ryzen-7-7735hs-16gb/
"MSI KATANA 15 – I7 13TH GEN (RTX4060 /8GB) +16GB,1TB NVME ,Gaming LAPTOP","Rs:397,990.00Rs:439,999.00or 3 XRs:148,582.93with",Out of Stock,https://mdcomputers.lk/product/msi-katana-gf66-12ud-brand-new-laptop/
GIGABYTE AORUS CO49DQ EK QD-OLED CURVED GAMING MONITOR,"Rs:399,000.00Rs:410,000.00or 3 XRs:148,960.00with",Available / Check Site,https://mdcomputers.lk/product/gigabyte-aorus-co49dq-ek-qd-oled-curved-gaming-monitor/
ASUS TUF-RTX4070TI-12G-GAMING 12GB GRAPHICS CARD,"Rs:400,000.00or 3 XRs:149,333.33with",Out of Stock,https://mdcomputers.lk/product/asus-tuf-rtx4070ti-12g-gaming-12gb-graphics-card/
ZOTAC GAMING GEFORCE RTX 4070 TI SUPER TRINITY BLACK EDITION 16GB GDDR6X,"Rs:402,000.00or 3 XRs:150,080.00with",Out of Stock,https://mdcomputers.lk/product/zotac-gaming-geforce-rtx-4070-ti-super-trinity-black-edition-16gb-gddr6x/
MSI GEFORCE RTX 5070TI SHADOW 3X OC 16GB GDDR7X GRAPHICS CARD ( 3 Years Warranty ),"Rs:405,000.00Rs:413,000.00or 3 XRs:151,200.00with",Out of Stock,https://mdcomputers.lk/product/msi-geforce-rtx-5070-ti-shadow-3x-oc-16gb-gddr7x-graphic-card-3-years-warranty/
MSI MAG 271QPX 27 INCH QD-OLED WQHD (2560X1440) 360HZ 0.03MS ADAPTIVE-SYNC COMPATIBLE FRAMELESS GAMING MONITOR ( 3 YEARS WARRANTY ),"Rs:421,500.00or 3 XRs:157,360.00with",Available / Check Site,https://mdcomputers.lk/product/msi-mag-271qpx-27-inch-qd-oled-wqhd-2560x1440-360hz-0-03ms-adaptive-sync-compatible-frameless-gaming-monitor-3-years-warranty/
ASUS ROG STRIX G16 INTEL CORE I7 – 13TH GEN ( 13650HX ) 16GB RAM / 1TB NVME SSD / RTX4050 6GB VGA  /  BRAND NEW GAMING LAPTOP,"Rs:430,000.00Rs:465,000.00or 3 XRs:160,533.33with",Out of Stock,https://mdcomputers.lk/product/asus-rog-strix-g16-intel-core-i7-13th-gen-13650hx-16gb-ram-1tb-nvme-ssd-rtx4050-6gb-vga-brand-new-gaming-laptop/
MSI GEFORCE RTX5080 SHADOW 3X OC 16GB GDDR7X GRAPHICS CARD,"Rs:440,000.00Rs:480,000.00or 3 XRs:164,266.67with",Out of Stock,https://mdcomputers.lk/product/msi-geforce-rtx5080-shadow-3x-oc-16gb-gddr7x-graphics-card/
CORSAIR XENEON 27QHD240 27″ OLED QHD (2560 X1440) 240Hz Gaming Monitor,"Rs:442,500.00or 3 XRs:165,200.00with",Available / Check Site,https://mdcomputers.lk/product/corsair-xeneon-27qhd240-27-oled-qhd-2560-x1440-240hz-gaming-monitor/
ASUS TUF GAMING FX507V CORE I7 13TH GEN – 16GB RAM – RTX4070 8GB VGA/1TB SSD,"Rs:445,000.00or 3 XRs:166,133.33with",Out of Stock,https://mdcomputers.lk/product/asus-tuf-gaming-fx507v-i7-13th-gen-16gb-ram-4070-8gb-vga-1tb-ssd/
MSI KATANA 15 – I7 13TH GEN /16GB RAM /1TB NVME /RTX4070 8GB /BRAND NEW GAMING LAPTOP,"Rs:445,000.00Rs:470,000.00or 3 XRs:166,133.33with",Out of Stock,https://mdcomputers.lk/product/msi-katana-15-b13vgk-i7-13th-gen-rtx-4070-8gb/
MSI GeForce RTX™ 5080 16GB SHADOW 3X OC BRAND NEW GRAPHICS CARD,"Rs:455,000.00or 3 XRs:169,866.67with",Out of Stock,https://mdcomputers.lk/product/msi-geforce-rtx-5080-16gb-shadow-3x-oc-brand-new-graphics-card/
MSI CYBORG 15 B2RWFKG-071US CORE 7-240H DDR5 16GB RAM / 512GB NVME SSD /  RTX 5060 8GB BRAND NEW GAMING LAPTOP,"Rs:458,000.00or 3 XRs:170,986.67with",Out of Stock,https://mdcomputers.lk/product/msi-cyborg-15-b2rwfkg-071us-core-7-240h-ddr5-16gb-ram-512gb-nvme-ssd-rtx-5060-8gb-brand-new-gaming-laptop/
LENOVO LOQ 15IRX10 INTEL CORE I7 – 13650HX / 16GB RAM / 512GB NVME SSD / RTX5060 8GB VGA BRAND NEW GAMING LAPTOP,"Rs:459,500.00Rs:480,000.00or 3 XRs:171,546.67with",Out of Stock,https://mdcomputers.lk/product/lenovo-loq-15irx10-intel-core-i7-13650hx-16gb-ram-512gb-nvme-ssd-rtx5060-8gb-vga-brand-new-gaming-laptop/
ASUS ROG ZEPHYRUS G16 /INTEL CORE I7 13TH ( 13620H ) / 16GB RAM /  512GB NVME / RTX4070 8GB VGA,"Rs:460,000.00Rs:490,000.00or 3 XRs:171,733.33with",Out of Stock,https://mdcomputers.lk/product/asus-rog-zephyrus-g16-gu603vi-i7-13th-gen-rtx-4070-8gb/
INTEL CORE I5 14TH GEN GAMING PC BUILD – FREE GAMING TABLE ( CHRISTMAS OFFER ),"Rs:463,000.00Rs:482,500.00or 3 XRs:172,853.33with",Out of Stock,https://mdcomputers.lk/product/intel-core-i5-14th-gen-gaming-pc-build-free-gaming-table-christmas-offer/
LENOVO LEGION PRO -I7 14TH (14650HX ) -1TB +RTX 4060 8GB -16GB -BRAND NEW GAMING LAPTOP,"Rs:465,000.00Rs:479,000.00or 3 XRs:173,600.00with",Out of Stock,https://mdcomputers.lk/product/lenovo-legion-5-16irx9-i7-14th-gen-hx-rtx-4060-brand-new-gaming-laptop/
LENOVO LEGION CORE I7 14TH ( 14700H ) GEN 16GB RAM / 512GB NVME / RTX5050 8GB GRAPHICS CARD BRAND NEW GAMING LAPTOP,"Rs:469,000.00or 3 XRs:175,093.33with",Out of Stock,https://mdcomputers.lk/product/lenovo-legion-core-i7-14th-14700h-gen-16gb-ram-512gb-nvme-rtx5050-8gb-graphics-card-brand-new-gaming-laptop/
MSI SWORD 16HX CORE I7 14TH GEN ( 14650HX ) 16GB RAM – 1TB NVME SSD – RTX 4060 8GB – BRAND NEW GAMING LAPTOP,"Rs:472,000.00Rs:502,000.00or 3 XRs:176,213.33with",Out of Stock,https://mdcomputers.lk/product/msi-swod-16hx-core-i7-14th-gen-14650hx-16gb-ram-1tb-nvme-ssd-rtx-4060-8gb-brand-new-gaming-laptop/
ASUS ROG STRIX I7 13TH GEN ( RTX 4060 8GB) 16GB RAM BRAND NEW GAMING LAPTOP,"Rs:478,500.00Rs:483,500.00or 3 XRs:178,640.00with",Out of Stock,https://mdcomputers.lk/product/asus-rog-strix-i7-13th-gen-rtx-4060-8gb-16gb-ram-brand-new-gaming-laptop/
MSI GEFORCE RTX 5080 16G INSPIRE 3X OC BRAND NEW GRAPHICSCARD,"Rs:480,000.00Rs:483,000.00or 3 XRs:179,200.00with",Out of Stock,https://mdcomputers.lk/product/geforce-rtx-5080-16g-inspire-3x-oc/
MSI GEFORCE RTX 5080 RTX 5080 GAMING TRIO OC 16GB GDDR7X,"Rs:482,500.00or 3 XRs:180,133.33with",Out of Stock,https://mdcomputers.lk/product/msi-geforce-rtx-5080-gaming-trio-oc-16gb-gddr7x/
LENOVO LEGION 5 15AHP10 AMD RYZEN 7 260 / 16GB RAM / 512GB NVME SSD /  RTX5060 8GB GRHAPIC CARD BRAND NEW GAMING LAPTOP,"Rs:484,000.00Rs:499,000.00or 3 XRs:180,693.33with",Out of Stock,https://mdcomputers.lk/product/lenovo-legion-5-15ahp10-amd-ryzen-7-260-16gb-ram-512gb-nvme-ssd-rtx5060-8gb-grhapic-card-brand-new-gaming-laptop/
ASUS TUF A15  RYZEN 9 8945HS RTX4070 8GB VGA -1TB NVME -BRAND NEW GAMING LAPTOP,"Rs:485,000.00Rs:589,990.00or 3 XRs:181,066.67with",Out of Stock,https://mdcomputers.lk/product/asus-tuf-a15-ryzen-9-8945hs-rtx4070-8gb-vga-1tb-nvme-brand-new-gaming-laptop/
MSI MPG 321URX 32 Inch QD-OLED UHD (3840×2160) 240Hz 0.03ms AMD FreeSync Premium Pro Compatible Frameless Gaming Monitor ( 3 YEARS WARRANTY ),"Rs:485,500.00Rs:530,000.00or 3 XRs:181,253.33with",Available / Check Site,https://mdcomputers.lk/product/msi-mag-321upx-32-inch-qd-oled-uhd-3840x2160-240hz-0-03ms-adaptive-sync-compatible-frameless-gaming-monitor-3-years-warranty/
LENOVO LEGION 5 83LY000LUS CORE I7 14TH GEN / 16GB RAM / 512GB NVME SSD /NVIDIA GEFORCE RTX5060 8GB VGA BRAND NEW GAMING LAPTOP,"Rs:487,000.00Rs:495,000.00or 3 XRs:181,813.33with",Out of Stock,https://mdcomputers.lk/product/lenovo-legion-5-83ly000lus-core-i7-14th-gen-16gb-ram-512gb-nvme-ssd-nvidia-geforce-rtx5060-8gb-vga-brand-new-gaming-laptop/
ACER 14TH HELIOS NEO16 INTEL CORE I9 14TH GEN RTX4060 8GB BRAND NEW GAMING LAPTOP,"Rs:487,990.00Rs:493,000.00or 3 XRs:182,182.93with",Out of Stock,https://mdcomputers.lk/product/brand-new-acer-predator-helios-neo-16-i9-14th-gen-rtx4060-brand-new-laptop/
MSI CROSSHAIR 16 HX D14VGKG /CORE I7 14650HX /RTX 4070 8GB VGA/DDR5 16GB /1TB SSD /BRAND NEW GAMING LAPTOP,"Rs:490,000.00or 3 XRs:182,933.33with",Out of Stock,https://mdcomputers.lk/product/msi-crosshair-16-hx-d14vgkg-core-i7-14650hx-rtx-4070-8gb-vga-ddr5-16gb-1tb-ssd-brand-new-gaming-laptop/
PNY GeForce RTX™ 5080 16GB ARGB EPIC-X RGB™ Overclocked Triple Fan GPU,"Rs:495,000.00or 3 XRs:184,800.00with",Out of Stock,https://mdcomputers.lk/product/pny-geforce-rtx-5080-16gb-argb-epic-x-rgb-overclocked-triple-fan-gpu/
ASUS ROG SWIFT OLED PG34WCDM 34″ 240HZ 3440 x 1440 BRAND NEW MONITOR,"Rs:499,000.00or 3 XRs:186,293.33with",Available / Check Site,https://mdcomputers.lk/product/asus-rog-swift-oled-pg34wcdm-34-240hz-3440-x-1440-brand-new-monitor/
MSI Geforce RTX 5080 VANGUARD SOC LAUNCH Edition OC 16GB,"Rs:503,000.00or 3 XRs:187,786.67with",Out of Stock,https://mdcomputers.lk/product/msi-geforce-rtx-5080-vanguard-soc-launch-edition-oc-16gb/
ASUS ROG STRIX G16 G614FH – OS94 – RYZEN 9 9955HX /  16GB RAM / 1TB NVME SSD / RTX5050 8GB VGA BRAND NEW GAMING LAPTOP,"Rs:505,000.00Rs:580,000.00or 3 XRs:188,533.33with",Out of Stock,https://mdcomputers.lk/product/asus-rog-strix-g16-ryzen-9-9955hx-16gb-ram-1tb-nvme-ssd-rtx5050-8gb-vga-brand-new-gaming-laptop/
ASUS ROG STRIX CORE I7-14650HX | 16GB RAM |1TB NVME SSD | RTX5060 8GB VGA | BRAND NEW GAMING LAPTOP,"Rs:529,000.00or 3 XRs:197,493.33with",Out of Stock,https://mdcomputers.lk/product/asus-rog-strix-core-i7-14650hx-16gb-ram-1tb-nvme-ssd-rtx5060-8gb-vga-brand-new-gaming-laptop/
GeForce RTX™  5080 16G  VANGUARD SOC,"Rs:530,000.00or 3 XRs:197,866.67with",Out of Stock,https://mdcomputers.lk/product/geforce-rtx-5080-16g-vanguard-soc/
APPLE IPHONE 17 PRO MAX 512GB BRAND NEW MOBILE PHONE,"Rs:535,000.00Rs:539,000.00or 3 XRs:199,733.33with",Out of Stock,https://mdcomputers.lk/product/apple-iphone-17-pro-max-512gb-brand-new-mobile-phone/
ASUS TUF A16 FA608UP – R7165 RYZEN 7 260 -16GB RAM – 512GB SSD – RTX5070 8GB VGA BRAND NEW GAMING LAPTOP,"Rs:547,000.00Rs:550,000.00or 3 XRs:204,213.33with",Out of Stock,https://mdcomputers.lk/product/asus-tuf-a16-fa608up-r7165-ryzen-7-260-16gb-ram-512gb-ssd-rtx5070-8gb-vga-brand-new-gaming-laptop/
MSI MAG 491CQP 49 INCH QD-OLED UWQHD (5120 X 1440) 144HZ 0.03MS ADAPTIVE-SYNC COMPATIBLE FRAMELESS GAMING MONITOR ( 3 YEARS WARRANTY ),"Rs:567,500.00Rs:615,000.00or 3 XRs:211,866.67with",Available / Check Site,https://mdcomputers.lk/product/msi-mag-491cqp-49-inch-qd-oled-uwqhd-5120-x-1440-144hz-0-03ms-adaptive-sync-compatible-frameless-gaming-monitor-3-years-warranty/
ASUS ROG ZEPHYRUS G6 PRO FX608 CORE ULTRA 7 – 255HX / 16GB RAM / 1TB NVME SDD / RTX5060 8GB VGA BRAND NEW GAMING LAPTOP,"Rs:585,000.00Rs:630,000.00or 3 XRs:218,400.00with",Out of Stock,https://mdcomputers.lk/product/asus-rog-zephyrus-g6-pro-fx608-core-ultra-7-255hx-16gb-ram-1tb-nvme-sdd-rtx5060-8gb-vga-brand-new-gaming-laptop/
ACER PREDATOR HELIOS NEO 16S 16S-71-91AW ULTRA 9 275HX / 16GB RAM / 1TB NVME SSD / RTX5060 8GB GRAPHICS CARD BRAND NEW GAMING LAPTOP,"Rs:585,000.00or 3 XRs:218,400.00with",Out of Stock,https://mdcomputers.lk/product/acer-predator-helios-neo-16s-16s-71-91aw-ultra-9-275hx-16gb-ram-1tb-nvme-ssd-rtx5060-8gb-graphics-card-brand-new-gaming-laptop/
ASUS TUF GAMING F16 FX608JMR – INTEL CORE I7-14650HX – 32GB RAM – 1TB NVME SSD –  RTX 5060 8GB – BRAND NEW GAMING LAPTOP,"Rs:587,000.00or 3 XRs:219,146.67with",Out of Stock,https://mdcomputers.lk/product/asus-tuf-gaming-f16-fx608jmr-intel-core-i7-14650hx-32gb-ram-1tb-nvme-ssd-rtx-5060-8gb-brand-new-gaming-laptop/
ASUS ROG STRIX G16 – RYZEN 9 9955HX / 16GB RAM / 1TB NVME SSD / RTX5060 8GB VGA BRAND NEW GAMING LAPTOP,"Rs:590,000.00or 3 XRs:220,266.67with",Out of Stock,https://mdcomputers.lk/product/asus-rog-strix-g16-ryzen-9-9955hx-16gb-ram-1tb-nvme-ssd-rtx5060-8gb-vga-brand-new-gaming-laptop/
LENOVO LEGION PRO 5 16ADR10 RYZEN 7 8745HX 32GB RAM / 1TB NVME SSD / RTX5060 8GB BRAND NEW GAMING LAPTOP,"Rs:595,000.00or 3 XRs:222,133.33with",Out of Stock,https://mdcomputers.lk/product/lenovo-legion-pro-5-16adr10-ryzen-7-8745hx-32gb-ram-1tb-nvme-ssd-rtx5060-8gb-brand-new-gaming-laptop/
ASUS ROG ZEPHYRUS GA403 – AMD RYZEN 9 270 / DDR5 16GB RAM / 1TB NVME SSD / RTX5060 8GB VGA BRAND NEW GAMING LAPTOP,"Rs:602,000.00Rs:615,000.00or 3 XRs:224,746.67with",Out of Stock,https://mdcomputers.lk/product/asus-rog-zephyrus-ga403-amd-ryzen-9-270-ddr5-16gb-ram-1tb-nvme-ssd-rtx5060-8gb-vga-brand-new-gaming-laptop/
APPLE MACBOOK PRO M5 16GB RAM 1TB SSD 14 INCH BRAND NEW,"Rs:610,000.00or 3 XRs:227,733.33with",Available / Check Site,https://mdcomputers.lk/product/apple-macbook-pro-m5-16gb-ram-1tb-ssd-14-inch-brand-new/
ASUS ROG ZEPHYRUS G14 GA403UM RYZEN 9 270 HX |  DDR5 16GB| 1TB NVME SSD | RTX 5060 8GB VGA  | 14” OLED 3K 120Hz | WIN11 BRAND NEW GAMING LAPTOP,"Rs:620,000.00Rs:625,000.00or 3 XRs:231,466.67with",Out of Stock,https://mdcomputers.lk/product/asus-rog-zephyrus-g14-ga403um-ryzen-9-270-hx-ddr5-16gb-1tb-nvme-ssd-rtx-5060-8gb-vga-14-oled-3k-120hz-win11-brand-new-gaming-laptop/
ASUS ROG ZEPHYRUS G6 PRO FX608 CORE ULTRA 9 – 275HX / 16GB RAM / 1TB NVME SDD / RTX5060 8GB VGA BRAND NEW GAMING LAPTOP,"Rs:620,000.00Rs:635,000.00or 3 XRs:231,466.67with",Out of Stock,https://mdcomputers.lk/product/asus-rog-zephyrus-g6-pro-fx608-core-ultra-9-275hx-16gb-ram-1tb-nvme-sdd-rtx5060-8gb-vga-brand-new-gaming-laptop/
MSI KATANA 15 B14WGK INTEL I9 14900HX – 16GB RAM – 512GB NVME – RTX 5070 8GB GRAPHICS CARD BRAND NEW GAMING LAPTOP,"Rs:640,000.00or 3 XRs:238,933.33with",Out of Stock,https://mdcomputers.lk/product/msi-katana-15-b14wgk-intel-i9-14900hx-16gb-ram-1tb-nvme-rtx-5070-8gb-graphics-card-brand-new-gaming-laptop/
ASUS ROG ZEPHYRUS M16 I9 13TH GEN-16GB-1TB ( RTX 4070 8GB)-GAMING LAPTOP,"Rs:650,000.00or 3 XRs:242,666.67with",Out of Stock,https://mdcomputers.lk/product/asus-rog-zephyrus-m16-i9-13th-gen-16gb-1tb-rtx-4070-8gb-gaming-laptop/
MSI VECTOR 16HX A2XWHG-061US – ULTRA 7  / RTX5070TI 12GB VGA / 16GB RAM / 512GB NVME,"Rs:665,000.00Rs:690,000.00or 3 XRs:248,266.67with",Out of Stock,https://mdcomputers.lk/product/msi-vector-16hx-a2xwhg-061us-ultra-7-rtx5070ti-12gb-vga-16gb-ram-512gb-nvme/
MSI VECTOR -ULTRA 7 + RTX 5070Ti 12GB VGA -32GB RAM -1TB NVME -BRAND NEW GAMING LAPTOP,"Rs:725,000.00Rs:820,000.00or 3 XRs:270,666.67with",Available / Check Site,https://mdcomputers.lk/product/msi-vector-ultra-7-rtx-5070ti-12gb-vga-32gb-ram-1tb-nvme-brand-new-gaming-laptop/
MSI VECTOR -ULTRA 9 + RTX 5070Ti 12GB VGA -32GB RAM -1TB NVME – BRAND NEW GAMING LAPTOP,"Rs:755,000.00Rs:875,000.00or 3 XRs:281,866.67with",Out of Stock,https://mdcomputers.lk/product/msi-vector-16hx-ai-a2xwhg-intel-core-ultra-9-275hx-32gb-1tb-rtx5070ti-12gb-win11-cosmos-gray-16inch-qhd-ips-240hz-gaming-laptop/
APPLE MACBOOK PRO M5 24GB RAM 1TB SSD 14 INCH BRAND NEW,"Rs:769,000.00or 3 XRs:287,093.33with",Available / Check Site,https://mdcomputers.lk/product/apple-macbook-pro-m5-24gb-ram-1tb-ssd-14-inch-brand-new/
SAMSUNG 85INCH CRYSTAL UHD U8500F 4K SMART TV,"Rs:794,000.00or 3 XRs:296,426.67with",Available / Check Site,https://mdcomputers.lk/product/samsung-85inch-crystal-uhd-u8500f-4k-smart-tv/
MSI GEFORCE RTX 4090 SUPRIM 24G,"Rs:956,000.00or 3 XRs:356,906.67with",Out of Stock,https://mdcomputers.lk/product/msi-geforce-rtx-4090-suprim-24g/
APPLE PRO M5 PRO – 24GB RAM – 2TB SSD – 14 INCH BRAND NEW MACBOOK,"Rs:965,000.00or 3 XRs:360,266.67with",Available / Check Site,https://mdcomputers.lk/product/apple-pro-m5-pro-24gb-ram-2tb-ssd-14-inch-brand-new-macbook/
ZOTAC GAMING GEFORCE RTX 5090 AMP Extreme Infinity (32GB),"Rs:975,000.00or 3 XRs:364,000.00with",Out of Stock,https://mdcomputers.lk/product/zotac-gaming-geforce-rtx-5090-amp-extreme-infinity-32gb/
APPLE PRO M5 – 24GB RAM – 1TB SSD – 16 INCH BRAND NEW MACBOOK,"Rs:983,000.00or 3 XRs:366,986.67with",Available / Check Site,https://mdcomputers.lk/product/apple-pro-m5-24gb-ram-1tb-ssd-16-inch-brand-new-macbook/
MSI GEFORCE RTX™ 5090 32G GAMING TRIO OC,"Rs:1,039,000.00or 3 XRs:387,893.33with",Out of Stock,https://mdcomputers.lk/product/msi-geforce-rtx-5090-32g-gaming-trio-oc/
MSI GEFORCE RTX 5090 VANGUARD SOC 32GB GDDR7X GRAPHICS CARD (3 YEARS WARRANTY),"Rs:1,039,000.00or 3 XRs:387,893.33with",Available / Check Site,https://mdcomputers.lk/product/msi-geforce-rtx-5090-vanguard-soc-32gb-gddr7x-graphics-card-3-years-warranty/
MSI GEFORCE RTX™ 5090 32G SUPRIM LIQUID SOC BRAND NEW GRAPHICS CARD,"Rs:1,102,500.00or 3 XRs:411,600.00with",Out of Stock,https://mdcomputers.lk/product/msi-geforce-rtx-5090-32g-suprim-liquid-soc-brand-new-graphics-card/
APPLE PRO M5 MAX 36GB RAM – 2TB SSD – 14 INCH BRAND NEW MACBOOK,"Rs:1,285,000.00or 3 XRs:479,733.33with",Available / Check Site,https://mdcomputers.lk/product/apple-pro-m5-max-36gb-ram-2tb-ssd-14-inch-brand-new-macbook/
MSI GEFORCE RTX 5090 VENTUS OC 3X 32GB GDDR7X GRAPHICS CARD ( 3 years warranty ),"Rs:1,680,000.00or 3 XRs:627,200.00with",Available / Check Site,https://mdcomputers.lk/product/msi-geforce-rtx-5090-ventus-oc-3x-32gb-gddr7x-graphics-card-3-years-warranty/
