Category,Title,Price,Stock,URL
Graphics Card,Asus ROG Astral LC GeForce RTX 5090 32GB GDDR7,"1,569,000 LKR",Out of Stock,https://www.nanotek.lk/product/asus-rog-astral-lc-geforce-rtx-5090-32gb-gddr7
Graphics Card,ASUS ROG Geforce RTX 5090 Astral 32GB GDDR7,"1,435,000 LKR",Out of Stock,https://www.nanotek.lk/product/asus-rog-geforce-rtx-5090-astral-32gb-gddr7
Graphics Card,ASUS TUF Gaming Geforce RTX 5080 16GB GDDR7,"629,000 LKR",Out of Stock,https://www.nanotek.lk/product/asus-tuf-gaming-geforce-rtx-5080-16gb-gddr7
Graphics Card,ASUS ROG Astral GeForce RTX 5080 16GB GDDR7 OC Edition,"679,000 LKR",Out of Stock,https://www.nanotek.lk/product/asus-rog-astral-geforce-rtx-5080-16gb-gddr7-oc-edition
Graphics Card,ASUS Prime GeForce RTX 5070 Ti 16GB OC GDDR7,"464,000 LKR",In Stock,https://www.nanotek.lk/product/asus-prime-geforce-rtx-5070-ti-16gb-oc-gddr7
Graphics Card,Asus TUF Gaming GeForce RTX 5070 12GB GDDR7 OC,"299,000 LKR",Out of Stock,https://www.nanotek.lk/product/asus-tuf-gaming-geforce-rtx-5070-12gb-gddr7-oc
Graphics Card,ASUS Dual GeForce RTX 5070 12GB GDDR7 OC,"320,000 LKR",In Stock,https://www.nanotek.lk/product/asus-dual-geforce-rtx-5070-12gb-gddr7-oc
Graphics Card,Asus PRIME GeForce RTX 5070 12GB GDDR7 OC,"269,000 LKR",Out of Stock,https://www.nanotek.lk/product/asus-prime-geforce-rtx-5070-12gb-gddr7-oc
Graphics Card,ASUS Dual GeForce RTX 5060 Ti 8GB GDDR7 OC,"192,000 LKR",Out of Stock,https://www.nanotek.lk/product/asus-dual-geforce-rtx-5060-ti-8gb-gddr7-oc
Graphics Card,ASUS TUF Gaming GeForce RTX 5060 Ti 16GB GDDR7,"225,000 LKR",Out of Stock,https://www.nanotek.lk/product/asus-tuf-gaming-geforce-rtx-5060-ti-16gb-gddr7
Graphics Card,ASUS Dual GeForce RTX 5060 Ti 16GB GDDR7,"279,000 LKR",In Stock,https://www.nanotek.lk/product/asus-dual-geforce-rtx-5060-ti-16gb-gddr7
Graphics Card,ASUS PRIME RTX 5060 8GB OC,"162,000 LKR",Out of Stock,https://www.nanotek.lk/product/asus-prime-rtx-5060-8gb-oc
Graphics Card,ASUS Dual GeForce RTX 5060 8GB OC GDDR7,"175,000 LKR",In Stock,https://www.nanotek.lk/product/asus-dual-geforce-rtx-5060-8gb-oc-gddr7
Graphics Card,ASUS TUF Gaming GeForce RTX 5060 8GB GDDR7,"169,000 LKR",Out of Stock,https://www.nanotek.lk/product/asus-tuf-gaming-geforce-rtx-5060-8gb-gddr7
Graphics Card,ASUS PRIME RTX 5050 8GB OC,"144,500 LKR",In Stock,https://www.nanotek.lk/product/asus-prime-rtx-5050-8gb-oc
Graphics Card,ASUS Dual GeForce RTX 5050 8GB GDDR6 OC Edition,"132,000 LKR",In Stock,https://www.nanotek.lk/product/asus-dual-geforce-rtx-5050-8gb-gddr6-oc-edition-1
Graphics Card,ASUS Prime Radeon RX 9060 XT  16GB GDDR6 OC Edition,"189,500 LKR",Out of Stock,https://www.nanotek.lk/product/asus-prime-radeon-rx-9060-xt-16gb-gddr6-oc-edition
Graphics Card,ASUS Prime Radeon RX 9070 XT OC Edition 16GB GDDR6,"309,000 LKR",Out of Stock,https://www.nanotek.lk/product/asus-prime-radeon-rx-9070-xt-oc-edition-16gb-gddr6
Graphics Card,ASUS TUF Gaming Radeon™ RX 9070 XT OC Edition 16GB GDDR6,"317,500 LKR",Out of Stock,https://www.nanotek.lk/product/asus-tuf-gaming-radeon-rx-9070-xt-oc-edition-16gb-gddr6
Graphics Card,ASUS Dual GeForce RTX 3050 V2 OC Edition 8GB GDDR6,"89,000 LKR109,000 LKR",Out of Stock,https://www.nanotek.lk/product/asus-dual-geforce-rtx-3050-v2-oc-edition-8gb-gddr6
Graphics Card,MSI GeForce RTX 3060 Ventus 2X OC 12GB GDDR6,"160,000 LKR",In Stock,https://www.nanotek.lk/product/msi-geforce-rtx-3060-ventus-2x-oc-12gb-gddr6
Graphics Card,ASUS ROG WINGWALL GRAPHICS CARD HOLDER,"26,500 LKR",Out of Stock,https://www.nanotek.lk/product/asus-rog-wingwall-graphics-card-holder
Graphics Card,Asus ProArt GeForce RTX 4080 16GB OC Edition GDDR6X,"429,000 LKR",Out of Stock,https://www.nanotek.lk/product/asus-proart-geforce-rtx-4080-16gb-oc-edition-gddr6x
Graphics Card,ZOTAC GAMING GeForce RTX 5070 TWIN EDGE OC 12GB,"265,000 LKR",Out of Stock,https://www.nanotek.lk/product/zotac-gaming-geforce-rtx-5070-twin-edge-oc-12gb
Graphics Card,ZOTAC GAMING GeForce RTX 5060 Twin Edge OC 8GB,"152,500 LKR",Out of Stock,https://www.nanotek.lk/product/zotac-gaming-geforce-rtx-5060-twin-edge-oc-8gb
Graphics Card,ZOTAC GAMING GEFORCE RTX 5060 TI 16GB TWIN EDGE OC - WHITE,"240,000 LKR",Out of Stock,https://www.nanotek.lk/product/zotac-gaming-geforce-rtx-5060-ti-16gb-twin-edge-oc-white
Graphics Card,SPARKLE Intel Arc B580 TITAN Nox OC 12GB DDR6,"126,000 LKR",Out of Stock,https://www.nanotek.lk/product/sparkle-intel-arc-b580-titan-nox-oc-12gb-ddr6
Graphics Card,ARKTEK GTX 1660 SUPER MATRIX 6GB,"72,000 LKR",Out of Stock,https://www.nanotek.lk/product/arktek-gtx-1660-super-matrix-6gb
Graphics Card,ARKTEK GTX 1650 MATRIX 4GB,"64,000 LKR",Out of Stock,https://www.nanotek.lk/product/arktek-gtx-1650-matrix-4gb
Graphics Card,ARKTEK GTX 1660TI MATRIX 6GB,"76,000 LKR",Out of Stock,https://www.nanotek.lk/product/arktek-gtx-1660ti-matrix-6gb
Graphics Card,ZOTAC GAMING GeForce RTX 5050 Twin Edge 8GB,"134,500 LKR",In Stock,https://www.nanotek.lk/product/zotac-gaming-geforce-rtx-5050-twin-edge-8gb
Graphics Card,ARKTEK GTX 750TI CYCLOPS 4GB,"36,000 LKR",Out of Stock,https://www.nanotek.lk/product/arktek-gtx-750ti-cyclops-4gb
Graphics Card,ANTEC RGB GPU HOLDER,"7,500 LKR",Out of Stock,https://www.nanotek.lk/product/antec-rgb-gpu-holder
Graphics Card,ZOTAC GAMING GeForce RTX 5060 Ti 8GB Twin Edge,"189,000 LKR",In Stock,https://www.nanotek.lk/product/zotac-gaming-geforce-rtx-5060-ti-8gb-twin-edge
Graphics Card,MSI GeForce RTX 5060 Ti 8G SHADOW 2X OC PLUS,"209,000 LKR",In Stock,https://www.nanotek.lk/product/msi-geforce-rtx-5060-ti-8g-shadow-2x-oc-plus
Graphics Card,MSI GeForce RTX 5050 8G VENTUS 2X OC,"146,000 LKR",In Stock,https://www.nanotek.lk/product/msi-geforce-rtx-5050-8g-ventus-2x-oc
Graphics Card,MSI GeForce RTX 5050 8GB SHADOW 2X OC,"139,500 LKR",In Stock,https://www.nanotek.lk/product/msi-geforce-rtx-5050-8gb-shadow-2x-oc
Graphics Card,MSI GeForce RTX 5090 32G GAMING TRIO OC,"1,696,000 LKR",Out of Stock,https://www.nanotek.lk/product/msi-geforce-rtx-5090-32g-gaming-trio-oc
Graphics Card,MSI GeForce RTX 5060 8G VENTUS 2X OC,"152,000 LKR",Out of Stock,https://www.nanotek.lk/product/msi-geforce-rtx-5060-8g-ventus-2x-oc
Graphics Card,MSI RTX 5060 TI VENTUS 2X OC PLUS 8GB,"217,000 LKR",In Stock,https://www.nanotek.lk/product/msi-rtx-5060-ti-ventus-2x-oc-plus-8gb
Graphics Card,MSI GeForce RTX 5060  GAMING OC 8GB,"165,000 LKR",Out of Stock,https://www.nanotek.lk/product/msi-geforce-rtx-5060-gaming-oc-8gb
Graphics Card,ZOTAC GAMING GeForce RTX 5060 Twin Edge 8GB,"149,500 LKR",Out of Stock,https://www.nanotek.lk/product/zotac-gaming-geforce-rtx-5060-twin-edge-8gb
Graphics Card,MSI GeForce RTX 5060 8G SHADOW 2X OC,"166,500 LKR",In Stock,https://www.nanotek.lk/product/msi-geforce-rtx-5060-8g-shadow-2x-oc
Graphics Card,ZOTAC GAMING GeForce RTX 5060 Ti 16GB Twin Edge OC,"240,000 LKR",Out of Stock,https://www.nanotek.lk/product/zotac-gaming-geforce-rtx-5060-ti-16gb-twin-edge-oc
Graphics Card,MSI RTX 3050 VENTUS 2X E OC 6GB,"103,000 LKR",In Stock,https://www.nanotek.lk/product/msi-rtx-3050-ventus-2x-e-oc-6gb
Graphics Card,MSI GeForce RTX 5070 12G VENTUS 2X OC,"310,000 LKR",In Stock,https://www.nanotek.lk/product/msi-geforce-rtx-5070-12g-ventus-2x-oc
Graphics Card,ZOTAC GAMING GeForce RTX 5070 Ti SOLID SFF OC 16GB,"429,000 LKR",Out of Stock,https://www.nanotek.lk/product/zotac-gaming-geforce-rtx-5070-ti-solid-sff-oc-16gb
Graphics Card,MSI GeForce RTX 5050 8G GAMING OC,"136,000 LKR",Out of Stock,https://www.nanotek.lk/product/msi-geforce-rtx-5050-8g-gaming-oc
Graphics Card,NVIDIA RTX A4500 20GB,"599,000 LKR619,000 LKR",In stock,https://www.nanotek.lk/product/nvidia-rtx-a4500-20gb
Graphics Card,MSI RTX 5080 Gaming Trio OC 16GB GDDR7X,"632,000 LKR",out of stock,https://www.nanotek.lk/product/msi-rtx-5080-gaming-trio-oc-16gb-gddr7x
Graphics Card,ZOTAC GAMING Geforce RTX 3050 TWIN EDGE 6GB OC,"95,000 LKR",In stock,https://www.nanotek.lk/product/zotac-gaming-geforce-rtx-3050-twin-edge-6gb-oc
Graphics Card,MSI GeForce RTX 5070 12G SHADOW 2X OC,"279,000 LKR",In stock,https://www.nanotek.lk/product/msi-geforce-rtx-5070-12g-shadow-2x-oc
Graphics Card,NVIDIA RTX A400 4GB,"74,500 LKR",Out of Stock,https://www.nanotek.lk/product/nvidia-rtx-a400-4gb
Graphics Card,MSI GEFORCE RTX 3050 VENTUS 2X XS 8G OC,"117,500 LKR",In Stock,https://www.nanotek.lk/product/msi-geforce-rtx-3050-ventus-2x-xs-8g-oc
Graphics Card,MSI Geforce RTX 5070TI MLG EDITION 16GB OC,"429,000 LKR",Out of Stock,https://www.nanotek.lk/product/msi-geforce-rtx-5070ti-mlg-edition-16gb-oc
Graphics Card,ZOTAC GAMING GeForce RTX 5050 Twin Edge 8GB OC,"104,000 LKR",Out of Stock,https://www.nanotek.lk/product/zotac-gaming-geforce-rtx-5050-twin-edge-8gb-oc
Graphics Card,ZOTAC GAMING GeForce RTX 5070 Ti AMP Extreme INFINITY ULTRA,"370,000 LKR",Out of Stock,https://www.nanotek.lk/product/zotac-gaming-geforce-rtx-5070-ti-amp-extreme-infinity-ultra
Graphics Card,MSI RTX 5060 GAMING OC 8GB,"177,000 LKR",Out of Stock,https://www.nanotek.lk/product/msi-rtx-5060-gaming-oc-8gb
Graphics Card,MSI RTX 5060 TI VENTUS 2X PLUS OC 16GB,"256,000 LKR",Out of Stock,https://www.nanotek.lk/product/msi-rtx-5060-ti-ventus-2x-plus-oc-16gb
Graphics Card,ANTEC DAGGER ARGB GPU HOLDER,"8,500 LKR",In stock,https://www.nanotek.lk/product/antec-dagger-argb-gpu-holder
Graphics Card,MSI GeForce RTX 5070 12G SHADOW 3X OC,"275,000 LKR",Out of Stock,https://www.nanotek.lk/product/msi-geforce-rtx-5070-12g-shadow-3x-oc-1
Graphics Card,MSI GeForce RTX 5070 Ti 16G GAMING TRIO OC,"369,000 LKR",Out of Stock,https://www.nanotek.lk/product/msi-geforce-rtx-5070-ti-16g-gaming-trio-oc-1
Graphics Card,MSI GeForce RTX 5060 Ti 16G GAMING TRIO OC,"220,000 LKR",Out of Stock,https://www.nanotek.lk/product/msi-geforce-rtx-5060-ti-16g-gaming-trio-oc
Graphics Card,MSI GeForce RTX 5060 Ti 8G GAMING TRIO OC,"185,000 LKR",Out of Stock,https://www.nanotek.lk/product/msi-geforce-rtx-5060-ti-8g-gaming-trio-oc
Graphics Card,MSI GeForce RTX™ 5070 12G VANGUARD SOC,"295,000 LKR",Out of Stock,https://www.nanotek.lk/product/msi-geforce-rtx-5070-12g-vanguard-soc
Graphics Card,MSI Geforce RTX 5070 Ti 16G GAMING TRIO OC PLUS,"370,000 LKR",Out of Stock,https://www.nanotek.lk/product/msi-geforce-rtx-5070-ti-16g-gaming-trio-oc-plus
Graphics Card,MSI GeForce RTX 5090 32G VENTUS 3X OC,"1,975,000 LKR",In Stock,https://www.nanotek.lk/product/msi-geforce-rtx-5090-32g-ventus-3x-oc
Graphics Card,MSI Geforce RTX 5090 SUPRIM LIQUID SOC 32GB GDDR7X,"1,144,000 LKR",Out of Stock,https://www.nanotek.lk/product/msi-geforce-rtx-5090-suprim-liquid-soc-32gb-gddr7x
Graphics Card,ZOTAC GAMING GeForce RTX 5060 Ti 8GB AMP,"199,000 LKR",In Stock,https://www.nanotek.lk/product/zotac-gaming-geforce-rtx-5060-ti-8gb-amp
Graphics Card,ZOTAC GAMING GeForce RTX 5060 8GB AMP,"155,000 LKR",Out of Stock,https://www.nanotek.lk/product/zotac-gaming-geforce-rtx-5060-8gb-amp
Graphics Card,MSI GeForce RTX 5060 Ti 16G SHADOW 2X OC PLUS,"232,000 LKR",Out of Stock,https://www.nanotek.lk/product/msi-geforce-rtx-5060-ti-16g-shadow-2x-oc-plus
Graphics Card,MSI RTX 5070 GAMING TRIO WHITE 12GB,"289,000 LKR",Out of Stock,https://www.nanotek.lk/product/msi-rtx-5070-gaming-trio-white-12gb
Graphics Card,MSI Geforce RTX 5090 SUPRIM SOC 32GB GDDR7X,"1,100,000 LKR",Out of Stock,https://www.nanotek.lk/product/msi-geforce-rtx-5090-suprim-soc-32gb-gddr7x
Graphics Card,GIGABYTE Geforce RTX 5060 WINDFORCE OC 8GB,"145,000 LKR152,000 LKR",Out of stock,https://www.nanotek.lk/product/gigabyte-geforce-rtx-5060-windforce-oc-8gb
Graphics Card,ZOTAC GAMING GeForce RTX 5080 SOLID CORE OC,"575,000 LKR",Out of Stock,https://www.nanotek.lk/product/zotac-gaming-geforce-rtx-5080-solid-core-oc
Graphics Card,ZOTAC GAMING Geforce RTX 5090 AMP EXTREME INFINITY 32GB,"965,000 LKR",Out of stock,https://www.nanotek.lk/product/zotac-gaming-geforce-rtx-5090-amp-extreme-infinity-32gb
Graphics Card,"Corsair Premium PCIe 4.0 x16 Extension Cable, 300mm","32,500 LKR",Out of Stock,https://www.nanotek.lk/product/corsair-premium-pcie-40-x16-extension-cable-300mm
Graphics Card,MSI Geforce RTX 5080 16G SHADOW 3X OC,"455,000 LKR",Out of Stock,https://www.nanotek.lk/product/msi-geforce-rtx-5080-16g-shadow-3x-oc
Graphics Card,PowerColor Reaper AMD Radeon RX 9060 XT 16GB GDDR6,"192,500 LKR",Out of stock,https://www.nanotek.lk/product/powercolor-reaper-amd-radeon-rx-9060-xt-16gb-gddr6
Graphics Card,ZOTAC GAMING GeForce RTX 5080 AMP Extreme INFINITY 16GB,"489,000 LKR",Out of Stock,https://www.nanotek.lk/product/zotac-gaming-geforce-rtx-5080-amp-extreme-infinity-16gb
Graphics Card,ZOTAC GAMING GeForce RTX 5070 Ti AMP Extreme INFINITY 16GB,"372,000 LKR",Out of Stock,https://www.nanotek.lk/product/zotac-gaming-geforce-rtx-5070-ti-amp-extreme-infinity-16gb
Graphics Card,ZOTAC GAMING GeForce RTX 5070 Ti SOLID OC 16GB,"335,000 LKR",Out of Stock,https://www.nanotek.lk/product/zotac-gaming-geforce-rtx-5070-ti-solid-oc-16gb
Graphics Card,ZOTAC GAMING GeForce RTX 5070 SOLID OC 12GB,"275,000 LKR",Out of Stock,https://www.nanotek.lk/product/zotac-gaming-geforce-rtx-5070-solid-oc-12gb
Graphics Card,MSI Geforce RTX 5070 Ti 16G SHADOW 3X OC,"405,000 LKR",Out of Stock,https://www.nanotek.lk/product/msi-geforce-rtx-5070-ti-16g-shadow-3x-oc
Graphics Card,MSI GeForce RTX 5080 16G VANGUARD SOC,"529,000 LKR",Out of Stock,https://www.nanotek.lk/product/msi-geforce-rtx-5080-16g-vanguard-soc
Graphics Card,NVIDIA RTX 2000 Ada Generation 16GB,"515,000 LKR",In Stock,https://www.nanotek.lk/product/nvidia-rtx-2000-ada-generation-16gb
Graphics Card,MSI RTX 5070 Ti 16G VANGUARD SOC,"385,000 LKR",Out of Stock,https://www.nanotek.lk/product/msi-rtx-5070-ti-16g-vanguard-soc
Graphics Card,MSI GeForce RTX 5070 12G GAMING TRIO OC,"280,000 LKR",Out of Stock,https://www.nanotek.lk/product/msi-geforce-rtx-5070-12g-gaming-trio-oc
Graphics Card,MSI Geforce RTX 5070 Ti 16G VENTUS 3X OC,"445,000 LKR",Out of Stock,https://www.nanotek.lk/product/msi-geforce-rtx-5070-ti-16g-ventus-3x-oc
Graphics Card,NVIDIA T400 4GB,"65,000 LKR",Out of Stock,https://www.nanotek.lk/product/nvidia-t400-4gb
Graphics Card,NVIDIA T1000 8GB,"145,000 LKR",Out of Stock,https://www.nanotek.lk/product/nvidia-t1000-8gb
Graphics Card,MSI Geforce RTX 5080 INSPIRE 3X OC 16GB GDDR7X,"487,000 LKR",Out of Stock,https://www.nanotek.lk/product/msi-geforce-rtx-5080-inspire-3x-oc-16gb-gddr7x
Graphics Card,PowerColor Hellhound AMD Radeon RX 9060 XT 16GB GDDR6,"205,000 LKR",Out of Stock,https://www.nanotek.lk/product/powercolor-hellhound-amd-radeon-rx-9060-xt-16gb-gddr6
Pba Systems,Nano Flame Ultimate - INTEL,N/A,Contact for Pricing 0770322381,https://www.nanotek.lk/product/nano-flame-ultimate-intel
Pba Systems,Nano Animator - INTEL,N/A,Contact for Pricing 0770322381,https://www.nanotek.lk/product/nano-animator-intel-1
Pba Systems,Nano TUF Pro - INTEL,N/A,Contact for Pricing 0770322381,https://www.nanotek.lk/product/nano-tuf-pro-intel
Pba Systems,Nano Corp Pro,N/A,Contact for Pricing 0770322381,https://www.nanotek.lk/product/nano-corp-pro
Pba Systems,ගමේ ලස්සනම ලේලි - AMD,N/A,Contact for Pricing 0770322381,https://www.nanotek.lk/product/amd
Pba Systems,Nano Designer - AMD,N/A,Contact for Pricing 0770322381,https://www.nanotek.lk/product/nano-designer-amd
Pba Systems,Nano Corp - AMD,N/A,Contact for Pricing 0770322381,https://www.nanotek.lk/product/nano-corp-amd
Pba Systems,Powered by Asus (GAMING) - Learn More,N/A,Contact for Pricing 0770322381,https://www.nanotek.lk/product/powered-by-asus-gaming-learn-more
Pba Systems,Powered by Asus (TUF) - Learn More,N/A,Contact for Pricing 0770322381,https://www.nanotek.lk/product/powered-by-asus-tuf-learn-more
Pba Systems,Powered by Asus (ProArt) - Learn More,N/A,Contact for Pricing 0770322381,https://www.nanotek.lk/product/powered-by-asus-proart-learn-more
Pba Systems,Powered by Asus (COMMERCIAL) - Learn More,N/A,Contact for Pricing 0770322381,https://www.nanotek.lk/product/powered-by-asus-commercial-learn-more
Apple,APPLE MAC MINI M4 16GB 512GB,"349,000 LKR",In Stock,https://www.nanotek.lk/product/apple-mac-mini-m4-16gb-512gb
Apple,APPLE MAC MINI M4 16GB 256GB,"299,000 LKR309,000 LKR",In Stock,https://www.nanotek.lk/product/apple-mac-mini-m4-16gb-256gb
Apple,"APPLE MACBOOK AIR M5 15"" 16GB 512GB","495,000 LKR",Out of Stock,https://www.nanotek.lk/product/apple-macbook-air-m5-15-16gb-512gb
Apple,"APPLE MACBOOK AIR M5 13"" 16GB 512GB","490,000 LKR",In Stock,https://www.nanotek.lk/product/apple-macbook-air-m5-13-16gb-512gb
Apple,Apple Macbook Neo 8GB 512GB,"299,000 LKR",In Stock,https://www.nanotek.lk/product/apple-macbook-neo-8gb-512gb
Apple,ACASIS 10GBPS MAC MINI M4 DOCK & DUAL BAY SSD ENCLOSURE - M001,"36,000 LKR",In Stock,https://www.nanotek.lk/product/acasis-10gbps-mac-mini-m4-dock-dual-bay-ssd-enclosure-m001
Apple,APPLE EARPODS IN-EAR HEADPHONES (USB-C),"8,000 LKR",Out of Stock,https://www.nanotek.lk/product/apple-earpods-in-ear-headphones-usb-c
Apple,Apple Macbook Neo 8GB 256GB,"258,000 LKR",In Stock,https://www.nanotek.lk/product/apple-macbook-neo-8gb-256gb
Apple,UGREEN MAC MINI M4 11 IN 1 USB-C DOCKING STATION - CM841 - 65487,"22,500 LKR",In Stock,https://www.nanotek.lk/product/ugreen-mac-mini-m4-11-in-1-usb-c-docking-station-cm841-65487
Apple,"APPLE MACBOOK PRO M5 14"" 16GB 1TB","649,000 LKR",Out of Stock,https://www.nanotek.lk/product/apple-macbook-pro-m5-14-16gb-1tb
Apple,ACASIS MAC MINI M4 WORKSTATION 8 IN 1 40GBPS DOCK - M002 PRO,"59,500 LKR",In Stock,https://www.nanotek.lk/product/acasis-mac-mini-m4-workstation-8-in-1-40gbps-dock-m002-pro
Apple,ACASIS MAC MINI M4 DOCK & STAND - NVME SSD ENCLOSURE - M003,"24,500 LKR",Out of Stock,https://www.nanotek.lk/product/acasis-mac-mini-m4-dock-stand-nvme-ssd-enclosure-m003
Apple,"APPLE MACBOOK AIR M5 13"" 16GB 1TB","495,000 LKR",Out of Stock,https://www.nanotek.lk/product/apple-macbook-air-m5-13-16gb-1tb
Apple,"APPLE MACBOOK PRO M5 14"" 24GB 1TB","755,000 LKR",Out of Stock,https://www.nanotek.lk/product/apple-macbook-pro-m5-14-24gb-1tb
Apple,"APPLE MACBOOK PRO M5 PRO 14"" 24GB 1TB","845,000 LKR",Out of Stock,https://www.nanotek.lk/product/apple-macbook-pro-m5-pro-14-24gb-1tb
Apple,"APPLE MACBOOK PRO M5 14"" 16GB 512GB","579,000 LKR",Out of Stock,https://www.nanotek.lk/product/apple-macbook-pro-m5-14-16gb-512gb
Mobile Phones Tablets,OnePlus Nord CE5,"129,500 LKR",In Stock,https://www.nanotek.lk/product/oneplus-nord-ce5
Mobile Phones Tablets,Honor X9D 5G,"135,000 LKR149,000 LKR",Out of Stock,https://www.nanotek.lk/product/honor-x9d-5g
Mobile Phones Tablets,ONEPLUS NORD 5,"199,000 LKR",Out of Stock,https://www.nanotek.lk/product/oneplus-nord-5
Mobile Phones Tablets,OSCAL PAD 90,"52,500 LKR",Out of Stock,https://www.nanotek.lk/product/oscal-pad-90
Mobile Phones Tablets,OSCAL PAD 9,"47,500 LKR",Out of Stock,https://www.nanotek.lk/product/oscal-pad-9
All In One Nuc Systems,Chuwi AuBox X Intel Core Ultra 5 226V,"215,000 LKR",Out of Stock,https://www.nanotek.lk/product/chuwi-aubox-x-intel-core-ultra-5-226v
All In One Nuc Systems,Chuwi LarkBox X  i3 12th gen,"140,000 LKR",In Stock,https://www.nanotek.lk/product/chuwi-larkbox-x-i3-12th-gen
All In One Nuc Systems,Lenovo IdeaCentre AIO (All In One) 24ARR9 Ryzen 7,"365,000 LKR",In Stock,https://www.nanotek.lk/product/lenovo-ideacentre-aio-all-in-one-24arr9-ryzen-7
All In One Nuc Systems,Lenovo IdeaCentre AIO (All In One) 24ARR9 Ryzen 5,"320,000 LKR",In Stock,https://www.nanotek.lk/product/lenovo-ideacentre-aio-all-in-one-24arr9-ryzen-5
All In One Nuc Systems,Lenovo A105 AIO (All In One) Ryzen 5,"285,000 LKR",In Stock,https://www.nanotek.lk/product/lenovo-a105-aio-all-in-one-ryzen-5
Desktop Workstations,Nano-X Photographer,N/A,Contact for Pricing 0770322381,https://www.nanotek.lk/product/nano-x-photographer
Desktop Workstations,Nano-X Director Lite,N/A,Contact for Pricing 0770322381,https://www.nanotek.lk/product/nano-x-director-lite
Desktop Workstations,Nano-X Director PRO V1,N/A,Contact for Pricing 0770322381,https://www.nanotek.lk/product/nano-x-director-pro-v1
Desktop Workstations,NANO-X CREATOR V1 -Video Editing,N/A,Contact for Pricing 0770322381,https://www.nanotek.lk/product/nano-x-creator-v1-video-editing
Desktop Workstations,NANO-X CREATOR V2 -Video Editing,N/A,Contact for Pricing 0770322381,https://www.nanotek.lk/product/nano-x-creator-v2-video-editing
Desktop Workstations,Nano-X Creator PRO V1 - 3D Modelling,N/A,Contact for Pricing 0770322381,https://www.nanotek.lk/product/nano-x-creator-pro-v1-3d-modelling
Desktop Workstations,Nano-X Creator PRO V2 - 3D Modelling,N/A,Contact for Pricing 0770322381,https://www.nanotek.lk/product/nano-x-creator-pro-v2-3d-modelling
Desktop Workstations,Nano-X Creator Ultimate - 3D Modelling,N/A,Contact for Pricing 0770322381,https://www.nanotek.lk/product/nano-x-creator-ultimate-3d-modelling
Desktop Workstations,Nano-X Creator Intel Pro  - 3D Modelling,N/A,Contact for Pricing 0770322381,https://www.nanotek.lk/product/nano-x-creator-intel-pro-3d-modelling
Desktop Workstations,Nano-X Creator AMD Pro  - 3D Modelling,N/A,Contact for Pricing 0770322381,https://www.nanotek.lk/product/nano-x-creator-amd-pro-3d-modelling
Console Handheld Gaming,PLAYSTATION 5 SLIM DIGITAL EDITION CONSOLE,"229,000 LKR",Out of Stock,https://www.nanotek.lk/product/playstation-5-slim-digital-edition-console
Console Handheld Gaming,PLAYSTATION 5 PRO CONSOLE,"415,000 LKR",In Stock,https://www.nanotek.lk/product/playstation-5-pro-console
Console Handheld Gaming,PLAYSTATION 5 SLIM 1TB DISK EDITION CONSOLE,"269,000 LKR",In Stock,https://www.nanotek.lk/product/playstation-5-slim-1tb-disk-edition-console
Console Handheld Gaming,PLAYSTATION 5 DUALSENSE WIRELESS CONTROLLER,"28,500 LKR",In Stock,https://www.nanotek.lk/product/playstation-5-dualsense-wireless-controller-1
Console Handheld Gaming,XBOX WIRELESS CONTROLLER,"24,000 LKR",In Stock,https://www.nanotek.lk/product/xbox-wireless-controller
Console Handheld Gaming,Porodo Gaming PS5 Slim Cooling Station + Controller Charging & Headphone Stand,"14,500 LKR",Out of Stock,https://www.nanotek.lk/product/porodo-gaming-ps5-slim-cooling-station-controller-charging-headphone-stand
Console Handheld Gaming,NINTENDO SWITCH OLED MODEL - NEON,"105,000 LKR",Out of Stock,https://www.nanotek.lk/product/nintendo-switch-oled-model-neon
Console Handheld Gaming,Playstation 5 DualSense EDGE,"65,500 LKR",Out of Stock,https://www.nanotek.lk/product/playstation-5-dualsense-edge
Console Handheld Gaming,GREEN LION GL-GC8 GP PRO+ HANDHELD GAMING,"21,500 LKR",Out of Stock,https://www.nanotek.lk/product/green-lion-gl-gc8-gp-pro-handheld-gaming
Console Handheld Gaming,XBOX Wireless Headset,"38,500 LKR42,500 LKR",Out of Stock,https://www.nanotek.lk/product/xbox-wireless-headset-1
Console Handheld Gaming,Lenovo Legion Go 8APU1 Ryzen Z1 AMD Ryzen Z1 Extreme,"349,000 LKR",Out of Stock,https://www.nanotek.lk/product/lenovo-legion-go-8apu1-ryzen-z1-amd-ryzen-z1-extreme
Console Handheld Gaming,MSI Claw - A1M 14TH GEN ARC Graphics Handheld Console,"155,000 LKR",Out of Stock,https://www.nanotek.lk/product/msi-claw-a1m-14th-gen-arc-graphics-handheld-console
Graphic Tablet,Huion HS611 Pen & Drawing Tablet,"29,500 LKR",In Stock,https://www.nanotek.lk/product/huion-hs611-pen-drawing-tablet
Graphic Tablet,Huion HS64 Pen Tablet,"16,500 LKR",In Stock,https://www.nanotek.lk/product/huion-hs64-pen-tablet
Graphic Tablet,Huion Inspiroy 2 M H951P Graphics Tablet,"32,500 LKR",In Stock,https://www.nanotek.lk/product/huion-inspiroy-2-m-h951p-graphics-tablet
Laptop,ASUS ROG ZEPHYRUS DUO 16 GX651AX Ultra 9 RTX 5090,"2,399,000 LKR",In Stock,https://www.nanotek.lk/product/asus-rog-zephyrus-duo-16-gx651ax-ultra-9-rtx-5090
Laptop,ASUS ROG SCAR 18 (2026) G835LXG Ultra 9 RTX 5090,"2,149,000 LKR",In stock,https://www.nanotek.lk/product/asus-rog-scar-18-2026-g835lxg-ultra-9-rtx-5090
Laptop,Asus Expertbook Ultra B9406CAA Ultra X7 358H,"1,099,000 LKR",In Stock,https://www.nanotek.lk/product/asus-expertbook-ultra-b9406caa-ultra-x7-358h
Laptop,MSI Vector 16 HX AI A2XWHG Ultra 7 RTX 5070Ti,"889,000 LKR",In stock,https://www.nanotek.lk/product/msi-vector-16-hx-ai-a2xwhg-ultra-7-rtx-5070ti
Laptop,MSI Katana A15 AI B8VE Ryzen 7 RTX 4050,"495,000 LKR",In Stock,https://www.nanotek.lk/product/msi-katana-a15-ai-b8ve-ryzen-7-rtx-4050
Laptop,ASUS VIVOBOOK 15 X1504VA CORE 7 14TH GEN,"259,000 LKR",In Stock,https://www.nanotek.lk/product/asus-vivobook-15-x1504va-core-7-14th-gen
Laptop,Lenovo LOQ 15IRX9 i5 13th GEN HX + RTX 3050 6GB,"339,000 LKR",Out of Stock,https://www.nanotek.lk/product/lenovo-loq-15irx9-i5-13th-gen-hx-rtx-3050-6gb
Laptop,ASUS ROG G16 G615JHR Intel Core i7 14TH RTX 5050 8GB,"629,000 LKR",In Stock,https://www.nanotek.lk/product/asus-rog-g16-g615jhr-intel-core-i7-14th-rtx-5050-8gb
Laptop,ASUS TUF F16 FX608JHI I7 14650HX RTX 5050,"579,000 LKR",In Stock,https://www.nanotek.lk/product/asus-tuf-f16-fx608jhi-i7-14650hx-rtx-5050
Laptop,Asus Vivobook GO 15 E1504FA AMD Ryzen 5 16GB,"249,000 LKR",In stock,https://www.nanotek.lk/product/asus-vivobook-go-15-e1504fa-amd-ryzen-5-16gb
Laptop,Acer Aspire Go 14 AG14-171M Intel Core Ultra 9,"449,000 LKR",In Stock,https://www.nanotek.lk/product/acer-aspire-go-14-ag14-171m-intel-core-ultra-9
Laptop,ASUS VIVOBOOK 14 FLIP TP3407SA Ultra 7 16GB 1TB,"425,000 LKR",In Stock,https://www.nanotek.lk/product/asus-vivobook-14-flip-tp3407sa-ultra-7-16gb-1tb-1
Laptop,ALIENWARE 16 AURORA AC16250 CORE 7 RTX 5060,"595,000 LKR",In Stock,https://www.nanotek.lk/product/alienware-16-aurora-ac16250-core-7-rtx-5060
Laptop,ASUS Vivobook S 16 S5606CA Intel Ultra 9 285H,"489,000 LKR",In Stock,https://www.nanotek.lk/product/asus-vivobook-s-16-s5606ca-intel-ultra-9-285h
Laptop,MSI Commercial 14 B1MG Core 5,"309,000 LKR",In Stock,https://www.nanotek.lk/product/msi-commercial-14-b1mg-core-5
Laptop,ASUS Vivobook 15 A1502VA i7 H Series,"279,000 LKR",In stock,https://www.nanotek.lk/product/asus-vivobook-15-a1502va-i7-h-series
Laptop,ASUS VIVOBOOK S14 S3407QA SNAPDRAGON X X126100 1TB 16G,"329,000 LKR",Out of Stock,https://www.nanotek.lk/product/asus-vivobook-s14-s3407qa-snapdragon-x-x126100-1tb-16g
Laptop,MSI Cyborg 15 Black Edition A13UC I5 13TH GEN RTX 3050 4GB,"339,000 LKR",In Stock,https://www.nanotek.lk/product/msi-cyborg-15-black-edition-a13uc-i5-13th-gen-rtx-3050-4gb
Laptop,Acer Aspire Lite 15 15-54P Intel Core Ultra 5,"269,000 LKR",In Stock,https://www.nanotek.lk/product/acer-aspire-lite-15-15-54p-intel-core-ultra-5
Laptop,Lenovo V15 G4 Ryzen 3 16GB Ram,"199,000 LKR",In Stock,https://www.nanotek.lk/product/lenovo-v15-g4-ryzen-3-16gb-ram
Laptop,Asus Vivobook S14 M3407GA AMD Ryzen Ai 7 OLED,"435,000 LKR",In stock,https://www.nanotek.lk/product/asus-vivobook-s14-m3407ga-amd-ryzen-ai-7-oled
Laptop,Asus Vivobook 16 X1607AA Intel Ultra 5 325,"374,000 LKR",In stock,https://www.nanotek.lk/product/asus-vivobook-16-x1607aa-intel-ultra-5-325
Laptop,ASUS ZENBOOK A14 UX3407QA SNAPDRAGON X X126100 1TB 16G,"399,000 LKR",In Stock,https://www.nanotek.lk/product/asus-zenbook-a14-ux3407qa-snapdragon-x-x126100-1tb-16g
Laptop,ROG Zephyrus G16 GU605CM OLED Ultra 7 RTX 5060,"899,000 LKR",In Stock,https://www.nanotek.lk/product/rog-zephyrus-g16-gu605cm-oled-ultra-7-rtx-5060
Laptop,Lenovo IdeaPad 5 2-in-1 14AGP11 Ryzen AI 5,"399,000 LKR",In stock,https://www.nanotek.lk/product/lenovo-ideapad-5-2-in-1-14agp11-ryzen-ai-5
Laptop,HP VICTUS 15 FB3166AX RYZEN 5 RTX 2050 4GB,"285,000 LKR",In Stock,https://www.nanotek.lk/product/hp-victus-15-fb3166ax-ryzen-5-rtx-2050-4gb
Laptop,ASUS VIVOBOOK 15 2026 X1504MA CORE 5 320,"294,000 LKR",In Stock,https://www.nanotek.lk/product/asus-vivobook-15-2026-x1504ma-core-5-320
Laptop,LENOVO V15 G4 AMN AMD RYZEN 5 16GB,"229,000 LKR",In Stock,https://www.nanotek.lk/product/lenovo-v15-g4-amn-amd-ryzen-5-16gb
Laptop,ASUS TUF Gaming A16 FA608PM Ryzen 9 RTX 5060,"649,000 LKR",In stock,https://www.nanotek.lk/product/asus-tuf-gaming-a16-fa608pm-ryzen-9-rtx-5060
Laptop,ASUS ROG G16 G615LW 2025 Ultra 9 15th GEN 5080,"1,399,000 LKR",In stock,https://www.nanotek.lk/product/asus-rog-g16-g615lw-2025-ultra-9-15th-gen-5080
Laptop,Asus Vivobook 16 M1607KA AMD Ryzen Ai 5,"324,000 LKR",In stock,https://www.nanotek.lk/product/asus-vivobook-16-m1607ka-amd-ryzen-ai-5
Laptop,MSI CYBORG 15 A2RUDX CORE 7 RTX 3050,"389,000 LKR",In Stock,https://www.nanotek.lk/product/msi-cyborg-15-a2rudx-core-7-rtx-3050
Laptop,ASUS TUF GAMING F16 FX607VU i7 13th GEN RTX 4050 6GB,"455,000 LKR",In Stock,https://www.nanotek.lk/product/asus-tuf-gaming-f16-fx607vu-i7-13th-gen-rtx-4050-6gb
Laptop,LENOVO Legion 5 15AKP10 Ryzen Ai 7 RTX 5070,"699,000 LKR",In Stock,https://www.nanotek.lk/product/lenovo-legion-5-15akp10-ryzen-ai-7-rtx-5070
Laptop,LENOVO Thinkpad E14 Gen 7 Ultra 7 255H,"579,000 LKR",In Stock,https://www.nanotek.lk/product/lenovo-thinkpad-e14-gen-7-ultra-7-255h
Laptop,Asus Vivobook GO 15 E1504FA AMD Ryzen 3,"199,000 LKR",In stock,https://www.nanotek.lk/product/asus-vivobook-go-15-e1504fa-amd-ryzen-3
Laptop,MSI CYBORG 15 BLACK EDITION A13UDX i7 13TH GEN RTX 3050 6GB,"369,000 LKR",In Stock,https://www.nanotek.lk/product/msi-cyborg-15-black-edition-a13udx-i7-13th-gen-rtx-3050-6gb
Laptop,ASUS ROG G16 G614PP 2025 Ryzen 9 8000 series RTX 5070,"829,000 LKR",In Stock,https://www.nanotek.lk/product/asus-rog-g16-g614pp-2025-ryzen-9-8000-series-rtx-5070
Laptop,ASUS VIVOBOOK 15 F1504VAP CORE 7 14TH GEN,"285,000 LKR",Out of Stock,https://www.nanotek.lk/product/asus-vivobook-15-f1504vap-core-7-14th-gen
Laptop,Chuwi CoreBook Air PLUS-H  Ryzen 7 H 255,"240,000 LKR",Out of Stock,https://www.nanotek.lk/product/chuwi-corebook-air-plus-h-ryzen-7-h-255
Laptop,LENOVO LOQ ESSENTIAL 15IAX9E i5 12th GEN HX+ RTX 3050 6GB,"329,000 LKR",In Stock,https://www.nanotek.lk/product/lenovo-loq-essential-15iax9e-i5-12th-gen-hx-rtx-3050-6gb
Laptop,ASUS ROG G16 G615JPR 2025 i9 14900HX RTX 5070,"849,000 LKR",In Stock,https://www.nanotek.lk/product/asus-rog-g16-g615jpr-2025-i9-14900hx-rtx-5070
Laptop,ASUS TUF F16 FX610JM 2026 I7 14650HX RTX 5060,"699,000 LKR",In Stock,https://www.nanotek.lk/product/asus-tuf-f16-fx610jm-2026-i7-14650hx-rtx-5060
Laptop,ACER ASPIRE LITE 15 AMD RYZEN 7,"215,000 LKR",In Stock,https://www.nanotek.lk/product/acer-aspire-lite-15-amd-ryzen-7
Laptop,Chuwi CoreBook PLUS  Ryzen 5,"200,000 LKR",In Stock,https://www.nanotek.lk/product/chuwi-corebook-plus-ryzen-5
Laptop,ASUS TUF GAMING A15 (2026) FA506NCQ RYZEN 7 RTX 3050,"389,000 LKR",In stock,https://www.nanotek.lk/product/asus-tuf-gaming-a15-2026-fa506ncq-ryzen-7-rtx-3050
Laptop,MSI MODERN 15 F1MG INTEL CORE 7 14TH GEN,"310,000 LKR",In stock,https://www.nanotek.lk/product/msi-modern-15-f1mg-intel-core-7-14th-gen
Laptop,ASUS TUF GAMING A15 FA506NCG RYZEN 7 8000 SERIES RTX 3050,"425,000 LKR",In stock,https://www.nanotek.lk/product/asus-tuf-gaming-a15-fa506ncg-ryzen-7-8000-series-rtx-3050
Laptop,LENOVO THINKBOOK 16 G8 IRL CORE 5 210H,"359,000 LKR",In Stock,https://www.nanotek.lk/product/lenovo-thinkbook-16-g8-irl-core-5-210h
Laptop,ASUS VIVOBOOK 15 X1504VAP CORE 5 - 16GB DDR5,"279,000 LKR",In Stock,https://www.nanotek.lk/product/asus-vivobook-15-x1504vap-core-5-16gb-ddr5
Laptop,Lenovo LOQ Essential 15ARP10E RYZEN 7 + RTX 3050 6GB,"355,000 LKR",In Stock,https://www.nanotek.lk/product/lenovo-loq-essential-15arp10e-ryzen-7-rtx-3050-6gb
Laptop,Asus Vivobook GO 15 E1504FA AMD Ryzen 5,"205,000 LKR",In Stock,https://www.nanotek.lk/product/asus-vivobook-go-15-e1504fa-amd-ryzen-5
Laptop,LENOVO ThinkBook 16 G8 IAL Ultra 5 225H,"379,000 LKR",In Stock,https://www.nanotek.lk/product/lenovo-thinkbook-16-g8-ial-ultra-5-225h
Laptop,Lenovo V15 G5 IRL Core i5 13th GEN H,"259,000 LKR",In Stock,https://www.nanotek.lk/product/lenovo-v15-g5-irl-core-i5-13th-gen-h
Laptop,LENOVO Legion 5 15IRX10 Intel Core i9 RTX 5070 - 16GB,"669,000 LKR",In Stock,https://www.nanotek.lk/product/lenovo-legion-5-15irx10-intel-core-i9-rtx-5070-16gb
Laptop,MSI THIN 15 B13UC I7 13TH GEN RTX 3050,"327,000 LKR",In Stock,https://www.nanotek.lk/product/msi-thin-15-b13uc-i7-13th-gen-rtx-3050
Laptop,Chuwi CoreBook AIR Ultra 5 226V,"249,000 LKR",In Stock,https://www.nanotek.lk/product/chuwi-corebook-air-ultra-5-226v
Laptop,ASUS EXPERTBOOK B1503CVA CORE 5 120U,"309,000 LKR",In Stock,https://www.nanotek.lk/product/asus-expertbook-b1503cva-core-5-120u
Laptop,Lenovo LOQ Essential 15ARP10E RYZEN 7 + RTX 4050 6GB,"385,000 LKR",In Stock,https://www.nanotek.lk/product/lenovo-loq-essential-15arp10e-ryzen-7-rtx-4050-6gb
Laptop,LENOVO LEGION PRO 5 16IAX10 ULTRA 9 RTX 5060,"699,000 LKR",In stock,https://www.nanotek.lk/product/lenovo-legion-pro-5-16iax10-ultra-9-rtx-5060
Laptop,LENOVO Thinkpad E16 GEN3 Ultra 7 255H,"489,000 LKR",Out of Stock,https://www.nanotek.lk/product/lenovo-thinkpad-e16-gen3-ultra-7-255h
Laptop,LENOVO Thinkpad E16 GEN3 Ultra 5 225H,"409,000 LKR",In Stock,https://www.nanotek.lk/product/lenovo-thinkpad-e16-gen3-ultra-5-225h
Laptop,ASUS ROG G16 G614PR 2025 Ryzen 9 8000 series RTX 5070Ti,"1,049,000 LKR",In Stock,https://www.nanotek.lk/product/asus-rog-g16-g614pr-2025-ryzen-9-8000-series-rtx-5070ti
Laptop,ASUS TUF GAMING A16 (2026) FA607NUQ Ryzen 7 RTX 4050 6GB,"409,000 LKR",In Stock,https://www.nanotek.lk/product/asus-tuf-gaming-a16-2026-fa607nuq-ryzen-7-rtx-4050-6gb
Laptop,ASUS VIVOBOOK 15 X1504VAP CORE 7 14TH GEN,"319,000 LKR",In Stock,https://www.nanotek.lk/product/asus-vivobook-15-x1504vap-core-7-14th-gen
Laptop,ASUS TUF GAMING F16 FX607VU Core 5 15th GEN RTX 4050 6GB,"439,000 LKR",In Stock,https://www.nanotek.lk/product/asus-tuf-gaming-f16-fx607vu-core-5-15th-gen-rtx-4050-6gb
Laptop,MSI Katana 15 B14WFK Intel I9 14900HX RTX 5060,"629,000 LKR",In Stock,https://www.nanotek.lk/product/msi-katana-15-b14wfk-intel-i9-14900hx-rtx-5060
Laptop,MSI Summit 16 AI Evo A2HMTG Core Ultra 7 255H,"609,000 LKR",In stock,https://www.nanotek.lk/product/msi-summit-16-ai-evo-a2hmtg-core-ultra-7-255h
Laptop,MSI Katana 15 B14WGK Intel I9 14900HX RTX 5070,"695,000 LKR708,000 LKR",Out of Stock,https://www.nanotek.lk/product/msi-katana-15-b14wgk-intel-i9-14900hx-rtx-5070
Laptop,LENOVO LOQ 15IRX10 I7 13TH GEN HX + RTX 5050 8GB,"455,000 LKR",In stock,https://www.nanotek.lk/product/lenovo-loq-15irx10-i7-13th-gen-hx-rtx-5050-8gb
Laptop,Lenovo Ideapad SLIM 3 15IRH10 Core i7 13th GEN H,"295,000 LKR",In stock,https://www.nanotek.lk/product/lenovo-ideapad-slim-3-15irh10-core-i7-13th-gen-h
Laptop,ASUS TUF F16 FX608JMI I7 14650HX RTX 5060,"629,000 LKR",In stock,https://www.nanotek.lk/product/asus-tuf-f16-fx608jmi-i7-14650hx-rtx-5060
Laptop,MSI CYBORG 15 B2RWFKG CORE 7 RTX 5060,"589,000 LKR",In Stock,https://www.nanotek.lk/product/msi-cyborg-15-b2rwfkg-core-7-rtx-5060
Laptop,HP VICTUS 15 FA2013DX  Intel Core i5 RTX 3050 6GB,"299,000 LKR",In Stock,https://www.nanotek.lk/product/hp-victus-15-fa2013dx-intel-core-i5-rtx-3050-6gb
Laptop,Asus Vivobook 15 X1504VA i3 13th Gen,"199,000 LKR",In Stock,https://www.nanotek.lk/product/asus-vivobook-15-x1504va-i3-13th-gen
Laptop,MSI Cyborg 15 Black Edition A13VE I7 13TH GEN RTX 4050 6GB,"410,000 LKR",In Stock,https://www.nanotek.lk/product/msi-cyborg-15-black-edition-a13ve-i7-13th-gen-rtx-4050-6gb
Laptop,ASUS VIVOBOOK 14 FLIP TP3407SA Ultra 7 16GB 1TB,"515,000 LKR",Out of Stock,https://www.nanotek.lk/product/asus-vivobook-14-flip-tp3407sa-ultra-7-16gb-1tb
Laptop,MSI Cyborg 15 A2RVE Core 7 240H RTX 4050,"449,000 LKR",Out of Stock,https://www.nanotek.lk/product/msi-cyborg-15-a2rve-core-7-240h-rtx-4050
Laptop,ASUS VIVOBOOK 15 X1504VAP CORE 3 14TH GEN,"219,000 LKR",In stock,https://www.nanotek.lk/product/asus-vivobook-15-x1504vap-core-3-14th-gen
Laptop,HP VICTUS 15 FA2082WM i5 RTX 4050 6GB,"339,000 LKR",Out of Stock,https://www.nanotek.lk/product/hp-victus-15-fa2082wm-i5-rtx-4050-6gb
Laptop,Asus Vivobook 16 X1607QA Snapdragon X  X1,"245,000 LKR",Out of Stock,https://www.nanotek.lk/product/asus-vivobook-16-x1607qa-snapdragon-x-x1
Laptop,ASUS VIVOBOOK 15 X1504VA CORE 5,"225,000 LKR",In Stock,https://www.nanotek.lk/product/asus-vivobook-15-x1504va-core-5
Laptop,Lenovo IdeaPad Slim 5 14AKP10 Ryzen AI 5 340 OLED,"289,000 LKR",Out of Stock,https://www.nanotek.lk/product/lenovo-ideapad-slim-5-14akp10-ryzen-ai-5-340-oled
Laptop,HP LAPTOP 15-FC0386AU AMD RYZEN 5,"165,000 LKR",Out of Stock,https://www.nanotek.lk/product/hp-laptop-15-fc0386au-amd-ryzen-5
Laptop,Lenovo IdeaPad Slim 5 16AKP10 Ryzen AI 5 340 OLED,"322,000 LKR",Out of Stock,https://www.nanotek.lk/product/lenovo-ideapad-slim-5-16akp10-ryzen-ai-5-340-oled
Laptop,MSI Vector 16 HX AI A8WHG Ryzen 9 8940HX RTX 5070Ti,"959,000 LKR",In Stock,https://www.nanotek.lk/product/msi-vector-16-hx-ai-a8whg-ryzen-9-8940hx-rtx-5070ti
Laptop,LENOVO IDEAPAD FLEX 5 Ryzen 5 16GB 14ABR8 - 512GB,"219,000 LKR",Out of Stock,https://www.nanotek.lk/product/lenovo-ideapad-flex-5-ryzen-5-16gb-14abr8-512gb
Laptop,MSI Modern 15 H AI C1MG 14th Gen Ultra 5 + ARC Graphics,"259,000 LKR",Out of Stock,https://www.nanotek.lk/product/msi-modern-15-h-ai-c1mg-14th-gen-ultra-5-arc-graphics
Laptop,Lenovo Yoga Slim 7 14Q8X9 Snapdragon® X Elite X1E-78-100 Ai,"429,000 LKR579,000 LKR",Out of Stock,https://www.nanotek.lk/product/lenovo-yoga-slim-7-14q8x9-snapdragon-x-elite-x1e-78-100-ai
Laptop,Asus ExpertBook P1503CVA i5 13th GEN,"175,000 LKR185,000 LKR",Out of Stock,https://www.nanotek.lk/product/asus-expertbook-p1503cva-i5-13th-gen
Laptop,Lenovo Ideapad SLIM 5 13ARP10 AMD Ryzen 7,"244,000 LKR",Out of Stock,https://www.nanotek.lk/product/lenovo-ideapad-slim-5-13arp10-amd-ryzen-7
Laptop,HP VICTUS 15 FA1427TX  Intel Core i7  RTX 3050,"322,000 LKR",Out of Stock,https://www.nanotek.lk/product/hp-victus-15-fa1427tx-intel-core-i7-rtx-3050
Laptop,HP LAPTOP 15-FD0333TU  CORE i5 13th GEN,"189,000 LKR205,000 LKR",Out of Stock,https://www.nanotek.lk/product/hp-laptop-15-fd0333tu-core-i5-13th-gen
Laptop,HP VICTUS 15 FA1428TX Intel Core i7 RTX 4050,"389,000 LKR",Out of Stock,https://www.nanotek.lk/product/hp-victus-15-fa1428tx-intel-core-i7-rtx-4050
Laptop,Lenovo IdeaPad Slim 3 14IPH11 Intel Ultra 7 355,"460,000 LKR",ETA 17th September,https://www.nanotek.lk/product/lenovo-ideapad-slim-3-14iph11-intel-ultra-7-355
Laptop,ASUS Vivobook S 15 S5507 OLED Snapdragon X Plus X1P,"399,000 LKR479,000 LKR",Out of Stock,https://www.nanotek.lk/product/asus-vivobook-s-15-s5507-oled-snapdragon-x-plus-x1p
Laptop,LENOVO IDEAPAD 5 14IRU9 2-in-1 INTEL CORE 5 14TH GEN,"259,000 LKR279,000 LKR",Out of Stock,https://www.nanotek.lk/product/lenovo-ideapad-5-14iru9-2-in-1-intel-core-5-14th-gen
Laptop,LENOVO Legion PRO 5 16IAX10 Ultra 7 15th GEN RTX 5060,"549,000 LKR579,000 LKR",Out of Stock,https://www.nanotek.lk/product/lenovo-legion-pro-5-16iax10-ultra-7-15th-gen-rtx-5060
Laptop,LENOVO YOGA PRO 7 AURA EDITION 14IAH10 ULTRA 9 3K OLED,"459,000 LKR",Out of Stock,https://www.nanotek.lk/product/lenovo-yoga-pro-7-aura-edition-14iah10-ultra-9-3k-oled
Laptop,MSI Stealth A16 Mercedes AMG AI+ A3XWGG Ryzen 9 Ai RTX 5070,"955,000 LKR1,059,000 LKR",Out of Stock,https://www.nanotek.lk/product/msi-stealth-a16-mercedes-amg-ai-a3xwgg-ryzen-9-ai-rtx-5070
Laptop,MSI Venture 15 AI A1MG Ultra 7 + ARC Graphics,"299,000 LKR305,000 LKR",Out of Stock,https://www.nanotek.lk/product/msi-venture-15-ai-a1mg-ultra-7-arc-graphics
Laptop,HP LAPTOP 15 FD1114TU CORE 5 14th Gen,"199,000 LKR239,000 LKR",Out of Stock,https://www.nanotek.lk/product/hp-laptop-15-fd1114tu-core-5-14th-gen
Laptop,Lenovo LOQ 15ARP9 AMD RYZEN 5 + RTX 3050 6GB,"268,000 LKR289,000 LKR",Out of Stock,https://www.nanotek.lk/product/lenovo-loq-15arp9-amd-ryzen-5-rtx-3050-6gb
Laptop,LENOVO YOGA 7 2-in-1 14AHP9 AMD RYZEN 7 8000 SERIES,"319,000 LKR",Out of Stock,https://www.nanotek.lk/product/lenovo-yoga-7-2-in-1-14ahp9-amd-ryzen-7-8000-series
Laptop,MSI Modern 15 H AI C1MG 14th Gen Ultra 7+ ARC Graphics,"295,000 LKR",Out of Stock,https://www.nanotek.lk/product/msi-modern-15-h-ai-c1mg-14th-gen-ultra-7-arc-graphics
Laptop,Lenovo IdeaPad 1 15AMN7 Ryzen 3 16GB Ram,"139,000 LKR",Out of Stock,https://www.nanotek.lk/product/lenovo-ideapad-1-15amn7-ryzen-3-16gb-ram
Laptop,Asus Vivobook GO 15 E1504GA i3 13th Gen,"179,000 LKR200,000 LKR",In Stock - Display Unit,https://www.nanotek.lk/product/asus-vivobook-go-15-e1504ga-i3-13th-gen
Laptop,LENOVO IDEAPAD SLIM 3 15IRU8 CORE I3 13TH GEN,"149,000 LKR153,000 LKR",Out of Stock,https://www.nanotek.lk/product/lenovo-ideapad-slim-3-15iru8-core-i3-13th-gen
Laptop,Lenovo IdeaPad 5 2 in 1 14AKP10 Ryzen AI 7 350,"325,000 LKR",Out of Stock,https://www.nanotek.lk/product/lenovo-ideapad-5-2-in-1-14akp10-ryzen-ai-7-350
Laptop,LENOVO LEGION 5 15AHP10 Ryzen 7 RTX 5050 8GB,"445,000 LKR",Out of Stock,https://www.nanotek.lk/product/lenovo-legion-5-15ahp10-ryzen-7-rtx-5050-8gb
Laptop,Lenovo IdeaPad Slim 5 14AKP10 Ryzen AI 7 350 OLED,"337,000 LKR",Out of Stock,https://www.nanotek.lk/product/lenovo-ideapad-slim-5-14akp10-ryzen-ai-7-350-oled
Laptop,Lenovo Ideapad SLIM 3 15IRH10R Core 5 15th GEN,"229,000 LKR",Out of Stock,https://www.nanotek.lk/product/lenovo-ideapad-slim-3-15irh10r-core-5-15th-gen
Laptop,ASUS VIVOBOOK 14 FLIP TP3407SA Ultra 5 16GB 1TB,"435,000 LKR",Out of Stock,https://www.nanotek.lk/product/asus-vivobook-14-flip-tp3407sa-ultra-5-16gb-1tb
Laptop,HP VICTUS 15 FB3093DX Ryzen 7 16GB RTX 4050,"275,000 LKR319,000 LKR",Out of Stock,https://www.nanotek.lk/product/hp-victus-15-fb3093dx-ryzen-7-16gb-rtx-4050
Laptop,MSI Crosshair 16 HX AI D2XWGKG Ultra 9 275HX RTX 5070 8GB,"825,000 LKR",Out of Stock,https://www.nanotek.lk/product/msi-crosshair-16-hx-ai-d2xwgkg-ultra-9-275hx-rtx-5070-8gb
Laptop,Lenovo YOGA 7 2 in 1 14AKP10 Ryzen AI 5 340 OLED,"349,000 LKR",Out of Stock,https://www.nanotek.lk/product/lenovo-yoga-7-2-in-1-14akp10-ryzen-ai-5-340-oled
Laptop,MSI Sword 16 HX B14VEKG Core i7 14TH GEN HX RTX 4050,"429,000 LKR",Out of Stock,https://www.nanotek.lk/product/msi-sword-16-hx-b14vekg-core-i7-14th-gen-hx-rtx-4050
Laptop,Lenovo IdeaPad Slim 5 16AKP10 Ryzen AI 7 350 OLED,"399,000 LKR",Out of Stock,https://www.nanotek.lk/product/lenovo-ideapad-slim-5-16akp10-ryzen-ai-7-350-oled
Laptop,LENOVO LOQ 15AHP10 Ryzen 5 16GB RTX 5050 8GB,"369,000 LKR",Out of Stock,https://www.nanotek.lk/product/lenovo-loq-15ahp10-ryzen-5-16gb-rtx-5050-8gb-1
Laptop,Lenovo ThinkPad P16 Gen 3 Ultra 9 + RTX PRO 2000 4K Workstation,"1,155,000 LKR",Out of Stock,https://www.nanotek.lk/product/lenovo-thinkpad-p16-gen-3-ultra-9-rtx-pro-2000-4k-workstation
Laptop,LENOVO LOQ 15AHP10 Ryzen 7 RTX 5060 8GB,"449,000 LKR",Out of Stock,https://www.nanotek.lk/product/lenovo-loq-15ahp10-ryzen-7-rtx-5060-8gb
Laptop,MSI MODERN 15 F13MG I5 13TH GEN,"234,000 LKR",In Stock,https://www.nanotek.lk/product/msi-modern-15-f13mg-i5-13th-gen
Laptop,LENOVO IDEAPAD 5 14IRU9 2-in-1 INTEL CORE 7 14TH GEN,"314,000 LKR317,000 LKR",Out of Stock,https://www.nanotek.lk/product/lenovo-ideapad-5-14iru9-2-in-1-intel-core-7-14th-gen
Laptop,ASUS ROG SCAR 16 G635LW Ultra 9 RTX 5080,"1,229,000 LKR",Out of Stock,https://www.nanotek.lk/product/asus-rog-scar-16-g635lw-ultra-9-rtx-5080
Laptop,HP OMNIBOOK 7 FLIP 16-AU0773CL AI OLED ULTRA 7 15th GEN,"429,000 LKR",Out of Stock,https://www.nanotek.lk/product/hp-omnibook-7-flip-16-au0773cl-ai-oled-ultra-7-15th-gen
Laptop,Lenovo IdeaPad Slim 5 14AKP10 Ryzen AI 5 330,"272,000 LKR",Out of Stock,https://www.nanotek.lk/product/lenovo-ideapad-slim-5-14akp10-ryzen-ai-5-330
Laptop,Lenovo Ideapad SLIM 3 15IRH10 Core i5 13th GEN H,"255,000 LKR",Out of stock,https://www.nanotek.lk/product/lenovo-ideapad-slim-3-15irh10-core-i5-13th-gen-h
Laptop,LENOVO LEGION PRO 7 16IAX10H ULTRA 9 RTX 5090,"1,399,000 LKR",Out of Stock,https://www.nanotek.lk/product/lenovo-legion-pro-7-16iax10h-ultra-9-rtx-5090
Laptop,Lenovo YOGA 7 2 in 1 14AKP10 Ryzen AI 7 350 OLED,"439,000 LKR",Out of Stock,https://www.nanotek.lk/product/lenovo-yoga-7-2-in-1-14akp10-ryzen-ai-7-350-oled
Laptop,MSI Prestige 14 AI+ Evo C2VMG Core Ultra 7 258V,"449,000 LKR",Out of Stock,https://www.nanotek.lk/product/msi-prestige-14-ai-evo-c2vmg-core-ultra-7-258v
Laptop,LENOVO LEGION PRO 5 16IAX10 ULTRA 9 RTX 5070,"739,000 LKR",Out of Stock,https://www.nanotek.lk/product/lenovo-legion-pro-5-16iax10-ultra-9-rtx-5070
Laptop,LENOVO LOQ 15AHP10 Ryzen 7 16GB RTX 5050 8GB,"395,000 LKR",Out of Stock,https://www.nanotek.lk/product/lenovo-loq-15ahp10-ryzen-7-16gb-rtx-5050-8gb
Laptop,LENOVO LEGION PRO 5 16AFR10 Ryzen 9 RTX 5060,"669,000 LKR",Out of Stock,https://www.nanotek.lk/product/lenovo-legion-pro-5-16afr10-ryzen-9-rtx-5060
Laptop,ASUS V16 GAMING V3607VJ Core 5 RTX3050,"329,000 LKR",Out of Stock,https://www.nanotek.lk/product/asus-v16-gaming-v3607vj-core-5-rtx3050
Laptop,ASUS ROG ZEPHYRUS G14 2025 GA403WR RYZEN Ai 9 HX 370 RTX 5070Ti,"879,000 LKR",Out of Stock,https://www.nanotek.lk/product/asus-rog-zephyrus-g14-2025-ga403wr-ryzen-ai-9-hx-370-rtx-5070ti
Laptop,HP 14 EU0080TU Spectre x360 2-in-1 Intel Core Ultra 7,"479,000 LKR",Out of Stock,https://www.nanotek.lk/product/hp-14-eu0080tu-spectre-x360-2-in-1-intel-core-ultra-7
Laptop,LENOVO Legion 5 15AKP10 Ryzen Ai 7 RTX 5060,"615,000 LKR",Out of Stock,https://www.nanotek.lk/product/lenovo-legion-5-15akp10-ryzen-ai-7-rtx-5060
Laptop,MSI MODERN 15 F13MG I5 13TH GEN 16GB,"244,000 LKR",Out of Stock,https://www.nanotek.lk/product/msi-modern-15-f13mg-i5-13th-gen-16gb
Laptop,Lenovo YOGA 9 2-in-1 14ILL10 ULTRA 7 OLED,"639,000 LKR",Out of Stock,https://www.nanotek.lk/product/lenovo-yoga-9-2-in-1-14ill10-ultra-7-oled
Laptop,Lenovo LOQ 15IRX10 i7 14th GEN HX + RTX 5060 8GB,"539,000 LKR",Out of Stock,https://www.nanotek.lk/product/lenovo-loq-15irx10-i7-14th-gen-hx-rtx-5060-8gb
Laptop,Chuwi CoreBook i3 10TH GEN,"119,000 LKR126,000 LKR",Out of Stock,https://www.nanotek.lk/product/chuwi-corebook-i3-10th-gen
Laptop,MSI CYBORG 15 B2RWEKG CORE 7  RTX 5050,"539,000 LKR",In Stock,https://www.nanotek.lk/product/msi-cyborg-15-b2rwekg-core-7-rtx-5050
Laptop,ASUS V16 Gaming V3607VH Core 7 RTX5050,"455,000 LKR",Out of Stock,https://www.nanotek.lk/product/asus-v16-gaming-v3607vh-core-7-rtx5050
Laptop,ASUS Vivobook S 14 M5406WA AMD Ryzen AI 9 365,"499,000 LKR539,000 LKR",Out of Stock,https://www.nanotek.lk/product/asus-vivobook-s-14-m5406wa-amd-ryzen-ai-9-365
Laptop,MSI Vector 16 HX AI A2XWJG Core Ultra 9 275HX RTX 5090,"1,575,000 LKR",Out of Stock,https://www.nanotek.lk/product/msi-vector-16-hx-ai-a2xwjg-core-ultra-9-275hx-rtx-5090
Laptop,Asus ExpertBook B1502CVA i5 13TH GEN,"224,000 LKR",Out of Stock,https://www.nanotek.lk/product/asus-expertbook-b1502cva-i5-13th-gen
Laptop,ASUS ZENBOOK 14 UX3405CA Ultra 5 15GEN 1TB 16GB OLED,"475,000 LKR",Out of Stock,https://www.nanotek.lk/product/asus-zenbook-14-ux3405ca-ultra-5-15gen-1tb-16gb-oled
Laptop,MSI Katana 15 B14WFK Intel I7 14650HX RTX 5060,"575,000 LKR",Out of Stock,https://www.nanotek.lk/product/msi-katana-15-b14wfk-intel-i7-14650hx-rtx-5060
Laptop,LENOVO ThinkBook 14 G8 IAL Ultra 7 255H,"415,000 LKR",Out of Stock,https://www.nanotek.lk/product/lenovo-thinkbook-14-g8-ial-ultra-7-255h
Laptop,Lenovo ThinkPad P16 Gen 3 Ultra 9 + RTX PRO 2000 Workstation,"1,075,000 LKR",Out of stock,https://www.nanotek.lk/product/lenovo-thinkpad-p16-gen-3-ultra-9-rtx-pro-2000-workstation
Laptop,ASUS ROG ZEPHYRUS G16 (2026) GU606AR Ultra 9 386H RTX 5070Ti,"1,240,000 LKR",Out of Stock,https://www.nanotek.lk/product/asus-rog-zephyrus-g16-2026-gu606ar-ultra-9-386h-rtx-5070ti
Laptop,DELL VOSTRO 3530 I7 13TH NVIDIA MX550,"232,000 LKR249,000 LKR",Out of Stock,https://www.nanotek.lk/product/dell-vostro-3530-i7-13th-nvidia-mx550
Laptop,MSI Katana 15 B14WEK Intel I7 14650HX RTX 5050,"539,000 LKR",Out of Stock,https://www.nanotek.lk/product/msi-katana-15-b14wek-intel-i7-14650hx-rtx-5050
Laptop,Asus ProArt PX13 HN7306EA (2026) Ryzen AI MAX,"829,000 LKR",Out of Stock,https://www.nanotek.lk/product/asus-proart-px13-hn7306ea-2026-ryzen-ai-max
Laptop,LENOVO IDEAPAD SLIM 3 15ARP10  AMD RYZEN 7,"264,000 LKR",Out of Stock,https://www.nanotek.lk/product/lenovo-ideapad-slim-3-15arp10-amd-ryzen-7
Laptop,LENOVO V15 G5 CORE 5 H 15TH GEN,"275,000 LKR",Out of stock,https://www.nanotek.lk/product/lenovo-v15-g5-core-5-h-15th-gen
Laptop,ASUS ZENBOOK 14 UX5406SA Ultra 7 15GEN 1TB 32GB OLED,"629,000 LKR",Out of Stock,https://www.nanotek.lk/product/asus-zenbook-14-ux5406sa-ultra-7-15gen-1tb-32gb-oled
Laptop,HP LAPTOP 15 FD1003NQ ULTRA 5 125H,"275,000 LKR",Out of Stock,https://www.nanotek.lk/product/hp-laptop-15-fd1003nq-ultra-5-125h
Laptop,LENOVO ThinkBook 14 G8 IAL Ultra 5 225H,"335,000 LKR",Out of Stock,https://www.nanotek.lk/product/lenovo-thinkbook-14-g8-ial-ultra-5-225h
Laptop,MSI Venture 14 AI A1MG Ultra 7 OLED + ARC Graphics,"355,000 LKR370,000 LKR",Out of Stock,https://www.nanotek.lk/product/msi-venture-14-ai-a1mg-ultra-7-oled-arc-graphics
Laptop,ASUS Zenbook DUO UX8407AA Ultra 9 GEN3,"899,000 LKR",Out of Stock,https://www.nanotek.lk/product/asus-zenbook-duo-ux8407aa-ultra-9-gen3-1
Laptop,ASUS TUF GAMING A16 FA607NUG Ryzen 7 RTX 4050 6GB,"419,000 LKR",Out of Stock,https://www.nanotek.lk/product/asus-tuf-gaming-a16-fa607nug-ryzen-7-rtx-4050-6gb
Laptop,ASUS ROG G16 G614PM 2025 Ryzen 9 8000 series RTX 5060,"759,000 LKR",In Stock,https://www.nanotek.lk/product/asus-rog-g16-g614pm-2025-ryzen-9-8000-series-rtx-5060
Laptop,LENOVO LEGION PRO 5 16AFR10 Ryzen 9 RTX 5070,"799,000 LKR",Out of Stock,https://www.nanotek.lk/product/lenovo-legion-pro-5-16afr10-ryzen-9-rtx-5070
Laptop,LENOVO YOGA Book 9 14IAH10 ULTRA 9 Dual Screen 2.8K OLED,"749,000 LKR",Out of Stock,https://www.nanotek.lk/product/lenovo-yoga-book-9-14iah10-ultra-9-dual-screen-28k-oled
Laptop,ASUS ZENBOOK 14 UX3405CA Ultra 7 15GEN 512GB 16GB OLED,"435,000 LKR",Out of stock,https://www.nanotek.lk/product/asus-zenbook-14-ux3405ca-ultra-7-15gen-512gb-16gb-oled
Power Banks Laptop Bags Accessories,FANTECH NC30 RGB LAPTOP COOLING PAD,"8,500 LKR",In Stock,https://www.nanotek.lk/product/fantech-nc30-rgb-laptop-cooling-pad
Power Banks Laptop Bags Accessories,UGREEN 13 Inches Laptop Sleeve - LP187 - 60985,"4,000 LKR",In stock,https://www.nanotek.lk/product/ugreen-13-inches-laptop-sleeve-lp187-60985
Power Banks Laptop Bags Accessories,"UGREEN LAPTOP SLEEVE 14"" WITH STAND -LP407 - 20432","4,500 LKR",In Stock,https://www.nanotek.lk/product/ugreen-laptop-sleeve-14-with-stand-lp407-20432
Power Banks Laptop Bags Accessories,UGREEN 10000MAH 30W QI2 MAGNETIC WIRELESS PB - PB761 – 45763,"14,000 LKR",In Stock,https://www.nanotek.lk/product/ugreen-10000mah-30w-qi2-magnetic-wireless-pb-pb761-45763
Power Banks Laptop Bags Accessories,UGREEN 25000MAH 200W NEXODE PRO PB – PB728 – 75702B,"28,000 LKR",In Stock,https://www.nanotek.lk/product/ugreen-25000mah-200w-nexode-pro-pb-pb728-75702b
Power Banks Laptop Bags Accessories,UGREEN 20000MAH 165W NEXODE SMART DISPLAY PB WITH RETRACTABLE CABLE (CCC VERSION)- PB726 – 95670B,"24,000 LKR",In Stock,https://www.nanotek.lk/product/ugreen-20000mah-165w-nexode-smart-display-pb-with-retractable-cable-ccc-version-pb726-95670b
Power Banks Laptop Bags Accessories,UGREEN 10000MAH 20W ZAPIX SERIES TWO-WAY FAST CHARGING PB- PB507 - 75131B,"7,000 LKR",In Stock,https://www.nanotek.lk/product/ugreen-10000mah-20w-zapix-series-two-way-fast-charging-pb-pb507-75131b
Power Banks Laptop Bags Accessories,ANKER 100W 3 PORTS SD WITH C-C CABLE - B121BKZ1,"16,000 LKR",Out of Stock,https://www.nanotek.lk/product/anker-100w-3-ports-sd-with-c-c-cable-b121bkz1
Power Banks Laptop Bags Accessories,SHARGE SP170 SHARGEEK 24000MAH - 170W,"25,000 LKR",In Stock,https://www.nanotek.lk/product/sharge-sp170-shargeek-24000mah-170w
Power Banks Laptop Bags Accessories,ANKER 30W ZOLO PD 3.0 C-C CHARGER BLACK - B2698K11,"5,500 LKR",In Stock,https://www.nanotek.lk/product/anker-30w-zolo-pd-30-c-c-charger-black-b2698k11
Power Banks Laptop Bags Accessories,ANKER 100W NANO CHARGER WITH C-C CABLE - B2679K11,"14,000 LKR",In Stock,https://www.nanotek.lk/product/anker-100w-nano-charger-with-c-c-cable-b2679k11
Power Banks Laptop Bags Accessories,FANTECH NS12 LAPTOP STAND,"4,500 LKR",In stock,https://www.nanotek.lk/product/fantech-ns12-laptop-stand
Power Banks Laptop Bags Accessories,SHARGE E4 RETRACTABLE 20000MAH - 165W,"15,000 LKR",Out of Stock,https://www.nanotek.lk/product/sharge-e4-retractable-20000mah-165w
Power Banks Laptop Bags Accessories,SHARGE M7 MAGNETIC WIRELESS 10000MAH,"10,000 LKR",Out of Stock,https://www.nanotek.lk/product/sharge-m7-magnetic-wireless-10000mah
Power Banks Laptop Bags Accessories,BANGE BG-2888 15.6 DOUBLE SHOULDER BACKPACK,"13,000 LKR",In Stock,https://www.nanotek.lk/product/bange-bg-2888-156-double-shoulder-backpack
Power Banks Laptop Bags Accessories,BANGE BG-7663 16 ANTI THEFT WATERPROOF BACKPACK,"13,500 LKR",In Stock,https://www.nanotek.lk/product/bange-bg-7663-16-anti-theft-waterproof-backpack
Power Banks Laptop Bags Accessories,LENOVO 65W 20V 3.25A TYPE C ADAPTER - ADP1065,"5,500 LKR",Out of Stock,https://www.nanotek.lk/product/lenovo-65w-20v-325a-type-c-adapter-adp1065
Power Banks Laptop Bags Accessories,SHARGE P3 FLOW 3 10000MAH - 45W,"7,000 LKR",Out of Stock,https://www.nanotek.lk/product/sharge-p3-flow-3-10000mah-45w
Power Banks Laptop Bags Accessories,UGREEN 20000mAh 45W PB WITH TYPE-C - 55988B - PB536,"11,500 LKR",Out of Stock,https://www.nanotek.lk/product/ugreen-20000mah-45w-pb-with-type-c-55988b-pb536
Power Banks Laptop Bags Accessories,SHARGE T1 FLOW MINI 2 5000MAH - 22.5W,"5,000 LKR",In Stock,https://www.nanotek.lk/product/sharge-t1-flow-mini-2-5000mah-225w
Power Banks Laptop Bags Accessories,SHARGE M3 ICEMAG 3 10000MAH - 35W,"15,000 LKR",In Stock,https://www.nanotek.lk/product/sharge-m3-icemag-3-10000mah-35w
Power Banks Laptop Bags Accessories,SHARGE E5 STANGMAG 15000MAH- 100W,"16,000 LKR",In Stock,https://www.nanotek.lk/product/sharge-e5-stangmag-15000mah-100w
Power Banks Laptop Bags Accessories,ASUS 100W 20V TYPE C ORG - ADA1225,"9,000 LKR",In Stock,https://www.nanotek.lk/product/asus-100w-20v-type-c-org-ada1225
Power Banks Laptop Bags Accessories,MSI 100W TYPE C - ADP1071,"9,000 LKR",In Stock,https://www.nanotek.lk/product/msi-100w-type-c-adp1071
Power Banks Laptop Bags Accessories,UGREEN 12000mAh 100W Nexode Fast Charging Power Bank – PB724 – 35526B,"14,000 LKR",In Stock,https://www.nanotek.lk/product/ugreen-12000mah-100w-nexode-fast-charging-power-bank-pb724-35526b
Power Banks Laptop Bags Accessories,ANKER ZOLO 20W PD 3.0 USB-C ADAPTER - A2699K11,"3,500 LKR",Out of Stock,https://www.nanotek.lk/product/anker-zolo-20w-pd-30-usb-c-adapter-a2699k11
Power Banks Laptop Bags Accessories,ANKER B2656K11 25W CHARGER WITH USB-C BRAIDED - 1M,"5,500 LKR",Out of Stock,https://www.nanotek.lk/product/anker-b2656k11-25w-charger-with-usb-c-braided-1m
Power Banks Laptop Bags Accessories,"ANKER PRIME CHARGER - 250W, 6 PORTS, GANPRIME","39,500 LKR",In Stock,https://www.nanotek.lk/product/anker-prime-charger-250w-6-ports-ganprime
Power Banks Laptop Bags Accessories,UGREEN 10000mAh 20W Two-way Fast Charging Power Bank – PB311 – 25742,"7,500 LKR",In Stock,https://www.nanotek.lk/product/ugreen-10000mah-20w-two-way-fast-charging-power-bank-pb311-25742
Power Banks Laptop Bags Accessories,UGREEN 20000mAh 20W Two-way Fast Charging Power Bank – PB312 – 25683,"9,500 LKR",In Stock,https://www.nanotek.lk/product/ugreen-20000mah-20w-two-way-fast-charging-power-bank-pb312-25683
Power Banks Laptop Bags Accessories,UGREEN 48000mAh 300W Power Bank with Smart Digital Display – PB770 – 25286,"38,000 LKR",In Stock,https://www.nanotek.lk/product/ugreen-48000mah-300w-power-bank-with-smart-digital-display-pb770-25286
Power Banks Laptop Bags Accessories,"ANKER A1383 (20K, 20,000mAh, 87W) POWER BANK","15,000 LKR",Out of Stock,https://www.nanotek.lk/product/anker-a1383-20k-20000mah-87w-power-bank
Power Banks Laptop Bags Accessories,ANKER 735 POWERPORT 65W USB-C CHARGER - A2667,"11,000 LKR",In Stock,https://www.nanotek.lk/product/anker-735-powerport-65w-usb-c-charger-a2667
Power Banks Laptop Bags Accessories,HP 150W BLUE TIP 19.5V 7.7A - ADP1084,"10,000 LKR",Out of Stock,https://www.nanotek.lk/product/hp-150w-blue-tip-195v-77a-adp1084
Power Banks Laptop Bags Accessories,DEEPCOOL Multi Core X6 Laptop Cooling Pad,"7,500 LKR",Out of Stock,https://www.nanotek.lk/product/deepcool-multi-core-x6-laptop-cooling-pad
Power Banks Laptop Bags Accessories,DELL 65W 20V 3.25A TYPE C ADPATER - ADP1061,"7,000 LKR",In Stock,https://www.nanotek.lk/product/dell-65w-20v-325a-type-c-adpater-adp1061
Power Banks Laptop Bags Accessories,UGREEN 13-13.9 Inches Laptop Bag – LP437 – 20448,"4,000 LKR",In Stock,https://www.nanotek.lk/product/ugreen-13-139-inches-laptop-bag-lp437-20448
Power Banks Laptop Bags Accessories,DELL 65W 19.5V 3.42A 4.5MM*3.0MM ADAPTER - ADP1054,"5,000 LKR",In Stock,https://www.nanotek.lk/product/dell-65w-195v-342a-45mm30mm-adapter-adp1054
Power Banks Laptop Bags Accessories,DELL 130W 19.5V 6.7A 7.4*5.0MM BIG PIN ORG - ADA1218,"8,000 LKR",In Stock,https://www.nanotek.lk/product/dell-130w-195v-67a-7450mm-big-pin-org-ada1218
Power Banks Laptop Bags Accessories,DELL 150W 19.5V 7.7A 7.4*5.0MM BIG PIN ORG - ADA1217,"9,000 LKR",In Stock,https://www.nanotek.lk/product/dell-150w-195v-77a-7450mm-big-pin-org-ada1217
Power Banks Laptop Bags Accessories,DELL 180W 19.5V 9.23A 7.4*5.0MM BIG PIN ORG - ADA1216,"11,000 LKR",Out of Stock,https://www.nanotek.lk/product/dell-180w-195v-923a-7450mm-big-pin-org-ada1216
Power Banks Laptop Bags Accessories,ACER 65W 19.5V 3.42A 3.0MM*1.1MM ADAPTER - ADP1058,"4,500 LKR",In Stock,https://www.nanotek.lk/product/acer-65w-195v-342a-30mm11mm-adapter-adp1058
Power Banks Laptop Bags Accessories,ACER 180W 19.5V 9.23A PURPLE PIN ORG - ADA1214,"9,000 LKR",In Stock,https://www.nanotek.lk/product/acer-180w-195v-923a-purple-pin-org-ada1214
Power Banks Laptop Bags Accessories,HP 65W 19.5V 3.33A 4.5MM*3.5MM BLUE TIP ADAPTER - ADP1049,"5,500 LKR",In Stock,https://www.nanotek.lk/product/hp-65w-195v-333a-45mm35mm-blue-tip-adapter-adp1049
Power Banks Laptop Bags Accessories,HP 200W 19.5V 10.3A 4.5MM BLUE TIP ORG - ADA1213,"14,000 LKR",In Stock,https://www.nanotek.lk/product/hp-200w-195v-103a-45mm-blue-tip-org-ada1213
Power Banks Laptop Bags Accessories,HP 230W 19.5V 11.8A BLUE TIP - ADP1085,"13,000 LKR",In Stock,https://www.nanotek.lk/product/hp-230w-195v-118a-blue-tip-adp1085
Power Banks Laptop Bags Accessories,MSI 65W 4.5*3.0MM SMALL PIN ADAPTER - ADP1069,"6,000 LKR",In Stock,https://www.nanotek.lk/product/msi-65w-4530mm-small-pin-adapter-adp1069
Power Banks Laptop Bags Accessories,MSI 65W TYPE C - ADP1070,"7,000 LKR",In Stock,https://www.nanotek.lk/product/msi-65w-type-c-adp1070
Power Banks Laptop Bags Accessories,MSI CHICONY 120W 19.5V 6.15A 5.5*2.5MM LAPTOP ADAPTER - ADP1131,"8,000 LKR",Out of Stock,https://www.nanotek.lk/product/msi-chicony-120w-195v-615a-5525mm-laptop-adapter-adp1131
Power Banks Laptop Bags Accessories,MSI CHICONY 120W 20V-6A 4.5*3.0 LAPTOP ADAPTER - ADP1132,"9,000 LKR",Out of Stock,https://www.nanotek.lk/product/msi-chicony-120w-20v-6a-4530-laptop-adapter-adp1132
Power Banks Laptop Bags Accessories,MSI CHICONY 135W  19.5V 6.92A 5.5MM*2.5MM ORG - ADA1220,"9,000 LKR",In Stock,https://www.nanotek.lk/product/msi-chicony-135w-195v-692a-55mm25mm-org-ada1220
Power Banks Laptop Bags Accessories,MSI CHICONY 150W 19.5V 7.7A 5.5MM ORG - ADA1221,"9,500 LKR",In Stock,https://www.nanotek.lk/product/msi-chicony-150w-195v-77a-55mm-org-ada1221
Power Banks Laptop Bags Accessories,LENOVO 65W 20V 3.25A 4.0*1.7 ADAPTER - ADP1060,"5,500 LKR",In Stock,https://www.nanotek.lk/product/lenovo-65w-20v-325a-4017-adapter-adp1060
Power Banks Laptop Bags Accessories,LENOVO 135W 20V 6.75A USB TYPE ADAPTER - ADP1078,"9,500 LKR",In Stock,https://www.nanotek.lk/product/lenovo-135w-20v-675a-usb-type-adapter-adp1078
Power Banks Laptop Bags Accessories,LENOVO 170W 20V 8.5A USB TYPE ADAPTER- ADP1079,"12,000 LKR",Out of Stock,https://www.nanotek.lk/product/lenovo-170w-20v-85a-usb-type-adapter-adp1079
Power Banks Laptop Bags Accessories,FANTECH NS11 LAPTOP STAND,"2,000 LKR",In Stock,https://www.nanotek.lk/product/fantech-ns11-laptop-stand
Power Banks Laptop Bags Accessories,DEEPCOOL U PAL Laptop Cooling Pad,"5,000 LKR",Out of Stock,https://www.nanotek.lk/product/deepcool-u-pal-laptop-cooling-pad
Power Banks Laptop Bags Accessories,ASUS 20V 9A 180W 6.3*3.7MM - ADP1074,"12,000 LKR",In stock,https://www.nanotek.lk/product/asus-20v-9a-180w-6337mm-adp1074
Power Banks Laptop Bags Accessories,ASUS 20V 10A 200W 6.3*3.7MM - ADP1075,"12,500 LKR",Out of Stock,https://www.nanotek.lk/product/asus-20v-10a-200w-6337mm-adp1075
Power Banks Laptop Bags Accessories,ASUS 150W 20V 7.5A 6.3*3.7MM ADAPTER - ADP1072,"11,500 LKR",Out of Stock,https://www.nanotek.lk/product/asus-150w-20v-75a-6337mm-adapter-adp1072
Power Banks Laptop Bags Accessories,ASUS 65W 19V 3.42A 4.5*3.0 ADAPTER - ADA1111,"5,500 LKR",In stock,https://www.nanotek.lk/product/asus-65w-19v-342a-4530-adapter-ada1111
Power Banks Laptop Bags Accessories,ASUS 65W 20V TYPE C ORG - ADA1224,"7,000 LKR",In stock,https://www.nanotek.lk/product/asus-65w-20v-type-c-org-ada1224
Power Banks Laptop Bags Accessories,ASUS 65W 19.5V 3.42A SMALL PIN ADAPTER - ADP1056,"4,500 LKR",Out of Stock,https://www.nanotek.lk/product/asus-65w-195v-342a-small-pin-adapter-adp1056
Power Banks Laptop Bags Accessories,ASUS 120W 20V 6A 6.0*3.7MM BIG PIN - ADA1223,"8,000 LKR",In stock,https://www.nanotek.lk/product/asus-120w-20v-6a-6037mm-big-pin-ada1223-1
Power Banks Laptop Bags Accessories,ASUS 45W 19.5V 2.37A SMALL PIN - ADP1055,"5,500 LKR",In stock,https://www.nanotek.lk/product/asus-45w-195v-237a-small-pin-adp1055
Power Banks Laptop Bags Accessories,DEEPCOOL N200 LAPTOP COOLER,"3,000 LKR",In stock,https://www.nanotek.lk/product/deepcool-n200-laptop-cooler
Power Banks Laptop Bags Accessories,DELL PREMIER SLEEVE 15 PE1521VL,"4,500 LKR",In Stock,https://www.nanotek.lk/product/dell-premier-sleeve-15-pe1521vl
Power Banks Laptop Bags Accessories,UGREEN VERTICAL DUAL SLOT LAPTOP STAND - 60643,"5,500 LKR",In Stock,https://www.nanotek.lk/product/ugreen-vertical-dual-slot-laptop-stand-60643
Power Banks Laptop Bags Accessories,ASUS ROG BP1501G BACKPACK,"6,500 LKR",In Stock,https://www.nanotek.lk/product/asus-rog-bp1501g-backpack
Power Banks Laptop Bags Accessories,SHENG BEIER CARRY CASE 13.3,"4,500 LKR",In Stock,https://www.nanotek.lk/product/sheng-beier-carry-case-133
Power Banks Laptop Bags Accessories,FANTECH NC14 NOTEBOOK COOLER,"4,000 LKR",In Stock,https://www.nanotek.lk/product/fantech-nc14-notebook-cooler-1
Power Banks Laptop Bags Accessories,"HP ENVY URBAN 14"" TOTE","8,000 LKR",In Stock,https://www.nanotek.lk/product/hp-envy-urban-14-tote
Power Banks Laptop Bags Accessories,FANTECH NC22 RGB NOTEBOOK COOLER,"8,000 LKR",In Stock,https://www.nanotek.lk/product/fantech-nc22-rgb-notebook-cooler-1
Power Banks Laptop Bags Accessories,SHENG BEIER CARRY CASE 15.6,"5,500 LKR",Out of Stock,https://www.nanotek.lk/product/sheng-beier-carry-case-156
Power Banks Laptop Bags Accessories,ASUS ROG BP4701 BACKPACK,"11,500 LKR",In Stock,https://www.nanotek.lk/product/asus-rog-bp4701-backpack
Power Banks Laptop Bags Accessories,SHENG BEIER CARRY CASE 14.5,"5,000 LKR",In Stock,https://www.nanotek.lk/product/sheng-beier-carry-case-145
Power Banks Laptop Bags Accessories,DELL PREMIER SLEEVE M 15 48D58,"4,000 LKR",In Stock,https://www.nanotek.lk/product/dell-premier-sleeve-m-15-48d58
Power Banks Laptop Bags Accessories,UGREEN 65W 7 PORTS DIGINEST CUBE CHARGING STATION - 90906,"12,000 LKR",Out of Stock,https://www.nanotek.lk/product/ugreen-65w-7-ports-diginest-cube-charging-station-90906
Power Banks Laptop Bags Accessories,UGREEN INVISIBLE LAPTOP STAND - 45415,"2,500 LKR",In Stock,https://www.nanotek.lk/product/ugreen-invisible-laptop-stand-45415
Power Banks Laptop Bags Accessories,"UGREEN  15.6"" Laptop Backpack B02 - 90798","7,500 LKR",In Stock,https://www.nanotek.lk/product/ugreen-156-laptop-backpack-b02-90798
Power Banks Laptop Bags Accessories,FANTECH NC21 NOTEBOOK COOLER,"7,500 LKR",In Stock,https://www.nanotek.lk/product/fantech-nc21-notebook-cooler
Power Banks Laptop Bags Accessories,GAMDIAS AETHER E1 LAPTOP 3X FAN COOLING PAD,"6,500 LKR",Out of Stock,https://www.nanotek.lk/product/gamdias-aether-e1-laptop-3x-fan-cooling-pad
Power Banks Laptop Bags Accessories,GAMDIAS AETHER M1 RGB LAPTOP 3X COOLING PAD,"8,500 LKR",Out of Stock,https://www.nanotek.lk/product/gamdias-aether-m1-rgb-laptop-3x-cooling-pad
Power Banks Laptop Bags Accessories,North Bayou Laptop Stand Mount FP-2,"5,000 LKR",In Stock,https://www.nanotek.lk/product/north-bayou-laptop-stand-mount-fp-2
Power Banks Laptop Bags Accessories,"Nanotek Backpack V2 15.6""","3,000 LKR",Out of Stock,https://www.nanotek.lk/product/nanotek-backpack-v2-156
Power Banks Laptop Bags Accessories,UGREEN Laptop Bag 14″-14.9″ (Gray) - 50337,"4,000 LKR",In Stock,https://www.nanotek.lk/product/ugreen-laptop-bag-14-149-gray-50337
Power Banks Laptop Bags Accessories,UGREEN Laptop Bag 15″-15.9″ (Gray) - 30325,"4,500 LKR",In Stock,https://www.nanotek.lk/product/ugreen-laptop-bag-15-159-gray-30325
Power Banks Laptop Bags Accessories,UGREEN FOLDABLE LAPTOP STAND - 40289,"5,500 LKR",In stock,https://www.nanotek.lk/product/ugreen-foldable-laptop-stand-40289
Power Banks Laptop Bags Accessories,"Honor Ad60 15"" Back Pack","5,500 LKR",Out of Stock,https://www.nanotek.lk/product/honor-ad60-15-back-pack
Power Banks Laptop Bags Accessories,OEM Laptop stand,"2,000 LKR",Out of Stock,https://www.nanotek.lk/product/oem-laptop-stand
Power Banks Laptop Bags Accessories,GAMDIAS AETHER P1 RGB LAPTOP DUAL FAN COOLING PAD,"12,000 LKR",Out of Stock,https://www.nanotek.lk/product/gamdias-aether-p1-rgb-laptop-dual-fan-cooling-pad
Power Banks Laptop Bags Accessories,UGREEN SWIVEL LAPTOP STAND - 90849,"15,500 LKR",In Stock,https://www.nanotek.lk/product/ugreen-swivel-laptop-stand-90849
Power Banks Laptop Bags Accessories,Mi Computer Monitor Light Bar,"13,500 LKR15,000 LKR",Out of Stock,https://www.nanotek.lk/product/mi-computer-monitor-light-bar
Power Banks Laptop Bags Accessories,BANGE BACKPACK 7216,"13,000 LKR",In Stock,https://www.nanotek.lk/product/bange-backpack-7216
Power Banks Laptop Bags Accessories,"BANGE BG-1921 15.6"" Backpack with USB charging port","8,500 LKR",In Stock,https://www.nanotek.lk/product/bange-bg-1921-156-backpack-with-usb-charging-port
Power Banks Laptop Bags Accessories,Gamdias AETHER P1 Pro RGB Laptop Cooling Pad,"12,500 LKR",In Stock,https://www.nanotek.lk/product/gamdias-aether-p1-pro-rgb-laptop-cooling-pad
Power Banks Laptop Bags Accessories,UGREEN 80348 LAPTOP STAND,"3,500 LKR",Out of Stock,https://www.nanotek.lk/product/ugreen-80348-laptop-stand
Power Banks Laptop Bags Accessories,UGREEN 14 Inches Laptop Sleeve – LP187 – 20476,"4,000 LKR",In Stock,https://www.nanotek.lk/product/ugreen-14-inches-laptop-sleeve-lp187-20476
Television Tv,"Samsung 75"" DU7700 Crystal 4K UHD Smart TV","599,000 LKR",In Stock,https://www.nanotek.lk/product/samsung-75-du7700-crystal-4k-uhd-smart-tv
Television Tv,"Samsung 65"" DU7700 Crystal 4K UHD Smart TV","379,000 LKR",Out of Stock,https://www.nanotek.lk/product/samsung-65-du7700-crystal-4k-uhd-smart-tv
Television Tv,"Samsung 43"" DU7500 Crystal 4K UHD Smart TV","189,000 LKR",Out of Stock,https://www.nanotek.lk/product/samsung-43-du7500-crystal-4k-uhd-smart-tv
Television Tv,"Samsung 55"" DU7500 Crystal 4K UHD Smart TV","269,000 LKR",Out of Stock,https://www.nanotek.lk/product/samsung-55-du7500-crystal-4k-uhd-smart-tv
Monitors Monitor Arms,"ASUS ROG Strix 27” XG27ACMES 2K USB-C 255Hz, 0.3ms, Fast IPS G-Sync","119,500 LKR",Out of Stock,https://www.nanotek.lk/product/asus-rog-strix-27-xg27acmes-2k-usb-c-255hz-03ms-fast-ips-g-sync
Monitors Monitor Arms,"ASUS ROG Swift OLED PG34WCDM 34"" 240HZ  3440 x 1440 Type-C Monitor","499,000 LKR",Out of Stock,https://www.nanotek.lk/product/asus-rog-swift-oled-pg34wcdm-34-240hz-3440-x-1440-type-c-monitor
Monitors Monitor Arms,"ASUS PROART PA278QGV 27"" IPS 2K 120HZ HDR-10 CALMAN VERIFIED PROFESSIONAL MONITOR","125,000 LKR",Out of Stock,https://www.nanotek.lk/product/asus-proart-pa278qgv-27-ips-2k-120hz-hdr-10-calman-verified-professional-monitor
Monitors Monitor Arms,"Asus ProArt 24"" PA248QFV 1080P 100Hz Professional Monitor","92,500 LKR",In Stock,https://www.nanotek.lk/product/asus-proart-24-pa248qfv-1080p-100hz-professional-monitor
Monitors Monitor Arms,"MSI PRO 16"" MP165 E6 PORTABLE ULTRA SLIM BUISNESS MONITOR","41,500 LKR",In Stock,https://www.nanotek.lk/product/msi-pro-16-mp165-e6-portable-ultra-slim-buisness-monitor
Monitors Monitor Arms,"ASUS 15.6"" ZenScreen MB169CK IPS 1080P Portable Monitor","44,500 LKR",Out of Stock,https://www.nanotek.lk/product/asus-156-zenscreen-mb169ck-ips-1080p-portable-monitor
Monitors Monitor Arms,"ASUS TUF GAMING VG279QE5A 27"" FHD IPS 146HZ","46,000 LKR",Out of Stock,https://www.nanotek.lk/product/asus-tuf-gaming-vg279qe5a-27-fhd-ips-146hz
Monitors Monitor Arms,"ASUS VY279HGR 27"" IPS FHD 120HZ EYE CARE MONITOR","45,000 LKR",Out of Stock,https://www.nanotek.lk/product/asus-vy279hgr-27-ips-fhd-120hz-eye-care-monitor
Monitors Monitor Arms,"Asus ROG Strix 30"" XG309CM 2560x1080 Ultra Wide 220Hz","147,000 LKR",In Stock,https://www.nanotek.lk/product/asus-rog-strix-30-xg309cm-2560x1080-ultra-wide-220hz
Monitors Monitor Arms,"ASUS ProArt PA328CGV 32"" 2560 x 1440 165 Hz 100% sRGB Calman Verified, USB-C","254,000 LKR",In Stock,https://www.nanotek.lk/product/asus-proart-pa328cgv-32-2560-x-1440-165-hz-100-srgb-calman-verified-usb-c
Monitors Monitor Arms,"ASUS 27"" PA278QV 1440P IPS PROART DISPLAY CALMAN VERIFIED PROFESSIONAL MONITOR","121,500 LKR151,000 LKR",In Stock,https://www.nanotek.lk/product/asus-27-pa278qv-1440p-ips-proart-display-calman-verified-professional-monitor
Monitors Monitor Arms,"ASUS ROG STRIX OLED XG27AQWMG 27"" 2K W-OLED 280Hz GAMING MONITOR","209,000 LKR",Out of Stock,https://www.nanotek.lk/product/asus-rog-strix-oled-xg27aqwmg-27-2k-w-oled-280hz-gaming-monitor
Monitors Monitor Arms,"ASUS ROG STRIX OLED XG27ACDMS 27"" 2K QD-OLED 280Hz GAMING MONITOR","239,000 LKR",Out of Stock,https://www.nanotek.lk/product/asus-rog-strix-oled-xg27acdms-27-2k-qd-oled-280hz-gaming-monitor
Monitors Monitor Arms,"ASUS 27"" ProArt PA27JCV IPS 5K (5120 x 2880) 99% DCI-P3 LuxPixel Calman Verified","299,000 LKR",In Stock,https://www.nanotek.lk/product/asus-27-proart-pa27jcv-ips-5k-5120-x-2880-99-dci-p3-luxpixel-calman-verified
Monitors Monitor Arms,"ACER NITRO XZ396QU P 39"" (2560 x 1440) 170HZ CURVED","156,000 LKR",In Stock,https://www.nanotek.lk/product/acer-nitro-xz396qu-p-39-2560-x-1440-170hz-curved
Monitors Monitor Arms,"ASUS VA279QG 27"" FHD IPS 99%SRGB 120HZ","44,500 LKR",Out of Stock,https://www.nanotek.lk/product/asus-va279qg-27-fhd-ips-99srgb-120hz
Monitors Monitor Arms,"Lenovo ThinkVision P34WD-40 34"" 10bit IPS 120hz (3440 x 1440) 98% DCI-P3","219,000 LKR",In Stock,https://www.nanotek.lk/product/lenovo-thinkvision-p34wd-40-34-10bit-ips-120hz-3440-x-1440-98-dci-p3
Monitors Monitor Arms,"ASUS TUF GAMING VG249Q5R 24"""" FHD FAST IPS 200HZ","44,500 LKR",Out of Stock,https://www.nanotek.lk/product/asus-tuf-gaming-vg249q5r-24-fhd-fast-ips-200hz-1
Monitors Monitor Arms,"ASUS ROG Strix 27” 2K HDR10 USB-C XG27ACS 180Hz,1ms, Fast IPS G-Sync","99,000 LKR129,500 LKR",Out of Stock,https://www.nanotek.lk/product/asus-rog-strix-27-2k-hdr10-usb-c-xg27acs-180hz1ms-fast-ips-g-sync
Monitors Monitor Arms,"ASUS ProArt 34"" PA34VCNV Curved 3440 x 1440 100% sRGB Rec.709 Color Accuracy ΔE < 2 Calman Verified USB-C","272,000 LKR",Out of Stock,https://www.nanotek.lk/product/asus-proart-34-pa34vcnv-curved-3440-x-1440-100-srgb-rec709-color-accuracy-de-2-calman-verified-usb-c
Monitors Monitor Arms,"ASUS PROART 32"" PA329CRV 4K UHD USB-C WITH PD 96W 98% DCI-P3","332,500 LKR",Out of Stock,https://www.nanotek.lk/product/asus-proart-32-pa329crv-4k-uhd-usb-c-with-pd-96w-98-dci-p3
Monitors Monitor Arms,ASUS TUF GAMING VG328QA1A FHD 170HZ VA FREESYNC PREMIUM,"90,000 LKR105,000 LKR",Out of Stock,https://www.nanotek.lk/product/asus-tuf-gaming-vg328qa1a-fhd-170hz-va-freesync-premium
Monitors Monitor Arms,"ASUS ROG Strix 27” 4K HDR400 USB-C XG27UCS 160Hz 1ms, Fast IPS G-Sync","155,000 LKR199,000 LKR",Out of Stock,https://www.nanotek.lk/product/asus-rog-strix-27-4k-hdr400-usb-c-xg27ucs-160hz-1ms-fast-ips-g-sync
Monitors Monitor Arms,"ASUS ProArt PA278CGV 27"" IPS 2560 x 1440 144 Hz Calman Verified, USB-C","169,000 LKR",Out of Stock,https://www.nanotek.lk/product/asus-proart-pa278cgv-27-ips-2560-x-1440-144-hz-calman-verified-usb-c
Monitors Monitor Arms,"ASUS ROG STRIX XG49VQ SUPER ULTRA-WIDE HDR GAMING MONITOR 49"" (3840 X 1080), 144HZ","359,500 LKR399,000 LKR",Out of Stock,https://www.nanotek.lk/product/asus-rog-strix-xg49vq-super-ultra-wide-hdr-gaming-monitor-49-3840-x-1080-144hz-1
Monitors Monitor Arms,"ASUS TUF Gaming VG30VQL1A 30 Ultra-wide WFHD (2560X1080), 200Hz","120,500 LKR",In stock,https://www.nanotek.lk/product/asus-tuf-gaming-vg30vql1a-30-ultra-wide-wfhd-2560x1080-200hz
Monitors Monitor Arms,"ASUS TUF GAMING VG27AQ5A 27"" QHD FAST IPS 210HZ","74,500 LKR",Out of Stock,https://www.nanotek.lk/product/asus-tuf-gaming-vg27aq5a-27-qhd-fast-ips-210hz
Monitors Monitor Arms,ASUS TUF Gaming 34” VG34VQL3A 1440P 1500R 180Hz Curved Monitor,"142,000 LKR",Out of Stock,https://www.nanotek.lk/product/asus-tuf-gaming-34-vg34vql3a-1440p-1500r-180hz-curved-monitor
Monitors Monitor Arms,"ASUS PROART 27"" PA279CRV 4K UHD USB-C WITH PD 96W 99% DCI-P3","222,000 LKR",In stock,https://www.nanotek.lk/product/asus-proart-27-pa279crv-4k-uhd-usb-c-with-pd-96w-99-dci-p3
Monitors Monitor Arms,"ASUS ProArt 34 "" PA348CGV Ultra Wide QHD (3440 x 1440) IPS USB-C 120HZ Calman Verified","299,000 LKR",In Stock,https://www.nanotek.lk/product/asus-proart-34-pa348cgv-ultra-wide-qhd-3440-x-1440-ips-usb-c-120hz-calman-verified
Monitors Monitor Arms,"Asus 24"" VA249HG 99% sRGB 120Hz IPS","34,500 LKR",In Stock,https://www.nanotek.lk/product/asus-24-va249hg-99-srgb-120hz-ips
Monitors Monitor Arms,"ASUS ROG Strix OLED XG27AQDMG 27"" 1440p WOLED 240 Hz 99% DCI-P3 Gaming Monitor","215,000 LKR",Out of Stock,https://www.nanotek.lk/product/asus-rog-strix-oled-xg27aqdmg-27-1440p-woled-240-hz-99-dci-p3-gaming-monitor
Monitors Monitor Arms,"ASUS VY279HGE 27"" IPS 1080P 144HZ","57,500 LKR",Out of Stock,https://www.nanotek.lk/product/asus-vy279hge-27-ips-1080p-144hz
Monitors Monitor Arms,"ASUS ProArt 32"" PA329CV 4K UHD USB-C with PD","225,000 LKR",Out of Stock,https://www.nanotek.lk/product/asus-proart-32-pa329cv-4k-uhd-usb-c-with-pd
Monitors Monitor Arms,BENQ 27' GW2790Q 2K QHD 100HZ IPS,"67,500 LKR",In Stock,https://www.nanotek.lk/product/benq-27-gw2790q-2k-qhd-100hz-ips
Monitors Monitor Arms,"E-Mark LIBRA 15P 15.6"" 60Hz Portable Monitor","35,500 LKR",In Stock,https://www.nanotek.lk/product/e-mark-libra-15p-156-60hz-portable-monitor
Monitors Monitor Arms,"LENOVO 27"" L27Q-4A QHD IPS 100HZ 99% SRGB","67,000 LKR",Out of Stock,https://www.nanotek.lk/product/lenovo-27-l27q-4a-qhd-ips-100hz-99-srgb-1
Monitors Monitor Arms,"BENQ CREATIVE PRO 27"" PD2706QN QHD IPS 100HZ DESIGNER MONITOR","139,000 LKR",In Stock,https://www.nanotek.lk/product/benq-creative-pro-27-pd2706qn-qhd-ips-100hz-designer-monitor
Monitors Monitor Arms,"VIEWSONIC 27"" VA27G1-H 144HZ IPS FHD","45,000 LKR",In Stock,https://www.nanotek.lk/product/viewsonic-27-va27g1-h-144hz-ips-fhd
Monitors Monitor Arms,"BENQ CREATIVE PRO 27"" PD2706U UHD 60HZ IPS HDR400 USB-C DESIGNER MONITOR","184,000 LKR",In Stock,https://www.nanotek.lk/product/benq-creative-pro-27-pd2706u-uhd-60hz-ips-hdr400-usb-c-designer-monitor
Monitors Monitor Arms,"BENQ CREATIVE PRO 32"" PD3205U UHD 60HZ IPS HDR10 USB-C DESIGNER MONITOR","222,000 LKR",In Stock,https://www.nanotek.lk/product/benq-creative-pro-32-pd3205u-uhd-60hz-ips-hdr10-usb-c-designer-monitor
Monitors Monitor Arms,"BENQ SERIES FOR MAC 27"" MA270U 4K UHD 60HZ IPS HDR10 90W PD USB-C DESIGNER MONITOR","196,000 LKR",In Stock,https://www.nanotek.lk/product/benq-series-for-mac-27-ma270u-4k-uhd-60hz-ips-hdr10-90w-pd-usb-c-designer-monitor
Monitors Monitor Arms,"BENQ SERIES FOR MAC 32"" MA320U 4K UHD 60HZ IPS HDR10 90W PD USB-C DESIGNER MONITOR","249,000 LKR",Out of Stock,https://www.nanotek.lk/product/benq-series-for-mac-32-ma320u-4k-uhd-60hz-ips-hdr10-90w-pd-usb-c-designer-monitor
Monitors Monitor Arms,"BENQ PHOTOVUE 24"" SW240 WUXGA 60HZ ADOBERGB PHOTOGRAPHER MONITOR","89,000 LKR",In Stock,https://www.nanotek.lk/product/benq-photovue-24-sw240-wuxga-60hz-adobergb-photographer-monitor
Monitors Monitor Arms,"Lenovo ThinkVision P27Q-40 27"" IPS 2K 120Hz 98% DCI-P3 10 bit","109,000 LKR",In Stock,https://www.nanotek.lk/product/lenovo-thinkvision-p27q-40-27-ips-2k-120hz-98-dci-p3-10-bit
Monitors Monitor Arms,"VIEWSONIC VX2766-2K-PRO-9 27"" 320HZ QHD IPS GAMING MONITOR","94,000 LKR",In Stock,https://www.nanotek.lk/product/viewsonic-vx2766-2k-pro-9-27-320hz-qhd-ips-gaming-monitor
Monitors Monitor Arms,"VIEWSONIC VX2757-2K-PRO-4 27"" 425HZ QHD IPS GAMING MONITOR","149,000 LKR",In Stock,https://www.nanotek.lk/product/viewsonic-vx2757-2k-pro-4-27-425hz-qhd-ips-gaming-monitor
Monitors Monitor Arms,"NORTH BAYOU A5C DUAL MONITOR DESK ARM 17""-32""","18,500 LKR",In Stock,https://www.nanotek.lk/product/north-bayou-a5c-dual-monitor-desk-arm-17-32
Monitors Monitor Arms,NORTH BAYOU A5-XE GAMING SINGLE DESK ARM,"12,500 LKR",In Stock,https://www.nanotek.lk/product/north-bayou-a5-xe-gaming-single-desk-arm
Monitors Monitor Arms,"North Bayou D65 TV Wall Mount 32""-70""","18,500 LKR",In Stock,https://www.nanotek.lk/product/north-bayou-d65-tv-wall-mount-32-70
Monitors Monitor Arms,"KOORUI G2721E 27"" IPS QHD 320Hz HDR400 GAMING MONITOR","70,000 LKR",Out of Stock,https://www.nanotek.lk/product/koorui-g2721e-27-ips-qhd-320hz-hdr400-gaming-monitor
Monitors Monitor Arms,"KOORUI 27"" E2721H QHD IPS 120HZ MONITOR","52,500 LKR",Out of Stock,https://www.nanotek.lk/product/koorui-27-e2721h-qhd-ips-120hz-monitor
Monitors Monitor Arms,MSI MAG 272QP 26.5 Inch QD-OLED X50 WQHD  500Hz  Gaming Monitor,"419,500 LKR423,500 LKR","In Stock ""Special offer""",https://www.nanotek.lk/product/msi-mag-272qp-265-inch-qd-oled-x50-wqhd-500hz-gaming-monitor
Monitors Monitor Arms,"MSI MAG 276CF E20 FHD 27"" VA CURVED 200HZ GAMING MONITOR","61,000 LKR",In Stock,https://www.nanotek.lk/product/msi-mag-276cf-e20-fhd-27-va-curved-200hz-gaming-monitor-1
Monitors Monitor Arms,"MSI MAG 342CQRF E20 34"" UWQHD 200HZ VA  GAMING MONITOR","136,000 LKR",Out of Stock,https://www.nanotek.lk/product/msi-mag-342cqrf-e20-34-uwqhd-200hz-va-gaming-monitor
Monitors Monitor Arms,"Lenovo Legion 27"" 27U-10 IPS 2160P 4K 99% SRGB 160Hz (4K), 320HZ (FHD)","95,000 LKR",Out of Stock,https://www.nanotek.lk/product/lenovo-legion-27-27u-10-ips-2160p-4k-99-srgb-160hz-4k-320hz-fhd
Monitors Monitor Arms,"Lenovo Legion 24"" 24-10 IPS 1080P 240Hz 99% SRGB","39,500 LKR",In Stock,https://www.nanotek.lk/product/lenovo-legion-24-24-10-ips-1080p-240hz-99-srgb
Monitors Monitor Arms,"Lenovo Legion 27"" 27Q-10 IPS 1440P 240Hz 99% SRGB","69,500 LKR",Out of Stock,https://www.nanotek.lk/product/lenovo-legion-27-27q-10-ips-1440p-240hz-99-srgb
Monitors Monitor Arms,"Lenovo Legion 27"" 27Q-11 IPS 1440P 300Hz 99% SRGB","72,500 LKR",Out of Stock,https://www.nanotek.lk/product/lenovo-legion-27-27q-11-ips-1440p-300hz-99-srgb
Monitors Monitor Arms,"Lenovo Legion 25"" 25-10 IPS 1080P 320Hz 99% SRGB","52,000 LKR",In Stock,https://www.nanotek.lk/product/lenovo-legion-25-25-10-ips-1080p-320hz-99-srgb
Monitors Monitor Arms,"LENOVO L27-4C 27"" 144HZ FHD IPS MONITOR","45,000 LKR",In Stock,https://www.nanotek.lk/product/lenovo-l27-4c-27-144hz-fhd-ips-monitor
Monitors Monitor Arms,"NORTH BAYOU G55 DUAL MONITOR DESK ARM 27""-34""","30,500 LKR",Out of Stock,https://www.nanotek.lk/product/north-bayou-g55-dual-monitor-desk-arm-27-34
Monitors Monitor Arms,"NORTH BAYOU L60/M8/K6/V7/J6/D8/F6 EXPLORER RGB GAMING SINGLE DESK ARM 32""- 60""","27,500 LKR",In stock,https://www.nanotek.lk/product/north-bayou-l60m8k6v7j6d8f6-explorer-rgb-gaming-single-desk-arm-32-60
Monitors Monitor Arms,NORTH BAYOU H100-FP LAPTOP SINGLE DESK ARM,"12,500 LKR",In Stock,https://www.nanotek.lk/product/north-bayou-h100-fp-laptop-single-desk-arm
Monitors Monitor Arms,"KOORUI 25"" G2511E 320Hz IPS FHD HDR400 GAMING MONITOR","49,000 LKR",In Stock,https://www.nanotek.lk/product/koorui-25-g2511e-320hz-ips-fhd-hdr400-gaming-monitor
Monitors Monitor Arms,"MSI 27"" MP275 E14L FHD IPS 144HZ MONITOR","49,000 LKR",In Stock,https://www.nanotek.lk/product/msi-27-mp275-e14l-fhd-ips-144hz-monitor
Monitors Monitor Arms,"MSI PRO MP243L E14 24"" IPS FHD 144Hz","34,500 LKR",In Stock,https://www.nanotek.lk/product/msi-pro-mp243l-e14-24-ips-fhd-144hz
Monitors Monitor Arms,"Lenovo Legion 27"" 27-10 IPS 1080P 240Hz 99% SRGB","54,500 LKR",In stock,https://www.nanotek.lk/product/lenovo-legion-27-27-10-ips-1080p-240hz-99-srgb
Monitors Monitor Arms,"LENOVO L24-4C 24"" 144HZ FHD IPS MONITOR","35,500 LKR",In Stock,https://www.nanotek.lk/product/lenovo-l24-4c-24-144hz-fhd-ips-monitor
Monitors Monitor Arms,"NORTH BAYOU G80/M9/K7/V8/J7/D9 RGB GAMING SINGLE DESK ARM 32""- 60""","30,500 LKR",In stock,https://www.nanotek.lk/product/north-bayou-g80m9k7v8j7d9-rgb-gaming-single-desk-arm-32-60
Monitors Monitor Arms,"KOORUI 24"" E2411H 1080P IPS 120HZ","30,500 LKR",Out of Stock,https://www.nanotek.lk/product/koorui-24-e2411h-1080p-ips-120hz
Monitors Monitor Arms,"KOORUI 32"" S3241XO 4K OLED True Black 400 98% DCI-P3 240Hz","320,000 LKR",Out of Stock,https://www.nanotek.lk/product/koorui-32-s3241xo-4k-oled-true-black-400-98-dci-p3-240hz
Monitors Monitor Arms,"MSI 27"" MAG 274QPF E20 (2560 X 1440) 200HZ IPS","92,000 LKR",Out of Stock,https://www.nanotek.lk/product/msi-27-mag-274qpf-e20-2560-x-1440-200hz-ips
Monitors Monitor Arms,"NORTH BAYOU F80 FULL MOTIION SWIVEL SINGLE MONITOR ARM 17""-30""","12,500 LKR",In stock,https://www.nanotek.lk/product/north-bayou-f80-full-motiion-swivel-single-monitor-arm-17-30
Monitors Monitor Arms,"North Bayou SP5 Full Motion TV Wall Mount for 75""-110""","19,500 LKR",Out of Stock,https://www.nanotek.lk/product/north-bayou-sp5-full-motion-tv-wall-mount-for-75-110
Monitors Monitor Arms,North Bayou F160 Full Motion Dual Monitor Desk Mount 17″- 27″,"16,500 LKR",Out of Stock,https://www.nanotek.lk/product/north-bayou-f160-full-motion-dual-monitor-desk-mount-17-27
Monitors Monitor Arms,"NORTH BAYOU G45 Full Motion Swivel Gaming Monitor Arm 20"" - 40""","17,500 LKR",Out of Stock,https://www.nanotek.lk/product/north-bayou-g45-full-motion-swivel-gaming-monitor-arm-20-40
Monitors Monitor Arms,"NORTH BAYOU G60 SINGLE MONITOR DESK ARM 27"" - 45""","18,500 LKR",In stock,https://www.nanotek.lk/product/north-bayou-g60-single-monitor-desk-arm-27-45
Monitors Monitor Arms,"NORTH BAYOU G50 SINGLE MONITOR DESK ARM 27"" - 45""","17,500 LKR",Out of Stock,https://www.nanotek.lk/product/north-bayou-g50-single-monitor-desk-arm-27-45
Monitors Monitor Arms,NORTH BAYOU G65 DUAL MONITOR DESK ARM 27″ - 34″,"29,500 LKR",Out of Stock,https://www.nanotek.lk/product/north-bayou-g65-dual-monitor-desk-arm-27-34
Monitors Monitor Arms,"NORTH BAYOU F120 Full Motion Articulating Swivel for Wall Mount 17"" - 27""","10,000 LKR",In Stock,https://www.nanotek.lk/product/north-bayou-f120-full-motion-articulating-swivel-for-wall-mount-17-27
Monitors Monitor Arms,"NB North Bayou MB32 Gas Strut Sit & Stand Monitor Wall Mount 19"" - 27""","36,000 LKR",In stock,https://www.nanotek.lk/product/nb-north-bayou-mb32-gas-strut-sit-stand-monitor-wall-mount-19-27
Monitors Monitor Arms,"NORTH BAYOU A6 GAMING SINGLE DESK ARM 27""- 50""","23,500 LKR",Out of Stock,https://www.nanotek.lk/product/north-bayou-a6-gaming-single-desk-arm-27-50
Monitors Monitor Arms,"KOORUI 27"" S2721PM IPS Mini LED QHD (2560 X 1440) 200Hz","107,000 LKR",Out of Stock,https://www.nanotek.lk/product/koorui-27-s2721pm-ips-mini-led-qhd-2560-x-1440-200hz
Monitors Monitor Arms,"NORTH BAYOU M150 PARTITION RAIL MONITOR MOUNT  17""-27""","9,500 LKR15,500 LKR",In Stock,https://www.nanotek.lk/product/north-bayou-m150-partition-rail-monitor-mount-17-27
Monitors Monitor Arms,North Bayou F150 Full Motion Monitor & TV  Wall Mount 17″- 35″,"13,500 LKR",Out of Stock,https://www.nanotek.lk/product/north-bayou-f150-full-motion-monitor-tv-wall-mount-17-35
Monitors Monitor Arms,NORTH BAYOU S7 GAMING DESK MONITOR ARM,"24,500 LKR",Out of Stock,https://www.nanotek.lk/product/north-bayou-s7-gaming-desk-monitor-arm
Monitors Monitor Arms,"NORTH BAYOU L50/F5 GAMING MONITOR DESK ARM 32"" - 60""","25,000 LKR",In Stock,https://www.nanotek.lk/product/north-bayou-l50f5-gaming-monitor-desk-arm-32-60
Monitors Monitor Arms,NB North Bayou H180 Stack Monitor Mount 17''- 27'',"18,500 LKR",Out of Stock,https://www.nanotek.lk/product/nb-north-bayou-h180-stack-monitor-mount-17-27
Monitors Monitor Arms,"NORTH BAYOU M60 PARTITION RAIL MOUNT FULL MOTION SWIVEL MONITOR ARM 22""-35""","13,500 LKR16,500 LKR",Out of Stock,https://www.nanotek.lk/product/north-bayou-m60-partition-rail-mount-full-motion-swivel-monitor-arm-22-35
Monitors Monitor Arms,Dell PRO P2725DE 100Hz IPS (2560 x 1440) IPS sRGB 99% USB-C HUB,"139,000 LKR149,000 LKR",Out of Stock,https://www.nanotek.lk/product/dell-pro-p2725de-100hz-ips-2560-x-1440-ips-srgb-99-usb-c-hub
Monitors Monitor Arms,"MSI PRO MP273U 27"" 4K (3840 X 2160) IPS HDR","92,500 LKR",Out of Stock,https://www.nanotek.lk/product/msi-pro-mp273u-27-4k-3840-x-2160-ips-hdr-1
Monitors Monitor Arms,"DELL PRO 34"" P3424WE 3440 X 1440 IPS CURVED USB-C HUB","277,000 LKR",Out of Stock,https://www.nanotek.lk/product/dell-pro-34-p3424we-3440-x-1440-ips-curved-usb-c-hub-1
Monitors Monitor Arms,"Dell UltraSharp 38"" U3824DW 3840 x 1600 IPS 100% Rec 709, 100% sRGB Curved USB-C Hub Monitor","549,000 LKR",Out of Stock,https://www.nanotek.lk/product/dell-ultrasharp-38-u3824dw-3840-x-1600-ips-100-rec-709-100-srgb-curved-usb-c-hub-monitor
Monitors Monitor Arms,"Alienware 34"" AW3425DWM 3440 x 1440 VA 180Hz Gaming Monitor","175,000 LKR",Out of Stock,https://www.nanotek.lk/product/alienware-34-aw3425dwm-3440-x-1440-va-180hz-gaming-monitor
Monitors Monitor Arms,"Dell UltraSharp 34"" U3425WE 3440 x 1440 120Hz IPS sRGB 100% Curved Thunderbolt Hub Monitor","419,000 LKR",Out of Stock,https://www.nanotek.lk/product/dell-ultrasharp-34-u3425we-3440-x-1440-120hz-ips-srgb-100-curved-thunderbolt-hub-monitor
Monitors Monitor Arms,"KOORUI G2741L 27"" 4K UHD DUAL-MODE 160HZ / 320HZ FHD IPS GAMING MONITOR","88,000 LKR",In Stock,https://www.nanotek.lk/product/koorui-g2741l-27-4k-uhd-dual-mode-160hz-320hz-fhd-ips-gaming-monitor
Monitors Monitor Arms,"MSI MAG 255XF 25"" (1920x1080) 300HZ RAPID IPS 0.5MS AMD FREESYNC GAMING MONITOR","60,000 LKR",In Stock,https://www.nanotek.lk/product/msi-mag-255xf-25-1920x1080-300hz-rapid-ips-05ms-amd-freesync-gaming-monitor
Monitors Monitor Arms,"MSI MAG 325QF E18V 32"" (2560 x 1440) 180HZ 0.5MS ADAPTIVE SYNC GAMING MONITOR","95,000 LKR",In Stock,https://www.nanotek.lk/product/msi-mag-325qf-e18v-32-2560-x-1440-180hz-05ms-adaptive-sync-gaming-monitor-1
Monitors Monitor Arms,"MSI MPG 275CQRXF 27"" (2560 x 1440) 240Hz 0.5MS AMD FREESYNC GAMING MONITOR","127,000 LKR",In Stock,https://www.nanotek.lk/product/msi-mpg-275cqrxf-27-2560-x-1440-240hz-05ms-amd-freesync-gaming-monitor
Monitors Monitor Arms,"MSI MAG 274QPF X30MV 27"" WQHD 300HZ MINI LED GAMING MONITOR","139,500 LKR",In Stock,https://www.nanotek.lk/product/msi-mag-274qpf-x30mv-27-wqhd-300hz-mini-led-gaming-monitor
Monitors Monitor Arms,"ViewSonic 32"" VA3209-MH 1080P IPS 75Hz Frameless Monitor","65,500 LKR",In Stock,https://www.nanotek.lk/product/viewsonic-32-va3209-mh-1080p-ips-75hz-frameless-monitor
Monitors Monitor Arms,Viewsonic XG272-2K-OLED 27” 240Hz Gaming Monitor,"215,000 LKR",Out of Stock,https://www.nanotek.lk/product/viewsonic-xg272-2k-oled-27-240hz-gaming-monitor
Monitors Monitor Arms,"Samsung 49"" Odyssey OLED G9 (G93SD) Dual QHD 240Hz Curved Gaming Monitor","539,000 LKR599,000 LKR",In stock,https://www.nanotek.lk/product/samsung-49-odyssey-oled-g9-g93sd-dual-qhd-240hz-curved-gaming-monitor
Monitors Monitor Arms,"ViewSonic VA3209-2K-MHD 32"" (QHD) IPS Frameless Monitor","79,500 LKR",In Stock,https://www.nanotek.lk/product/viewsonic-va3209-2k-mhd-32-qhd-ips-frameless-monitor
Monitors Monitor Arms,"KOORUI 27"" S2741LM 4K HDR 1400 mini LED 100% SRGB 320Hz/160Hz","160,000 LKR",Out of Stock,https://www.nanotek.lk/product/koorui-27-s2741lm-4k-hdr-1400-mini-led-100-srgb-320hz160hz
Monitors Monitor Arms,"MSI MPG 341CQPX 34"" QD-OLED 3440X1440 240HZ","415,000 LKR",Out of Stock,https://www.nanotek.lk/product/msi-mpg-341cqpx-34-qd-oled-3440x1440-240hz
Monitors Monitor Arms,"MSI MAG 272UP QD OLED X24 27"" 4K 240HZ","368,500 LKR",Out of Stock,https://www.nanotek.lk/product/msi-mag-272up-qd-oled-x24-27-4k-240hz
Monitors Monitor Arms,"CORSAIR XENEON ​32UHD144-A 32"" IPS 4K UHD 144HZ REFRESH RATE, HDR600 GAMING MONITOR","289,000 LKR383,500 LKR",In Stock,https://www.nanotek.lk/product/corsair-xeneon-32uhd144-a-32-ips-4k-uhd-144hz-refresh-rate-hdr600-gaming-monitor
Monitors Monitor Arms,"KOORUI 27"" 27N5C Curved VA Monitor 75HZ","39,500 LKR",Out of Stock,https://www.nanotek.lk/product/koorui-27-27n5c-curved-va-monitor-75hz
Monitors Monitor Arms,"KOORUI 27"" E2712K 144HZ FHD VA MONITOR","38,500 LKR",in stock,https://www.nanotek.lk/product/koorui-27-e2712k-144hz-fhd-va-monitor
Monitors Monitor Arms,"ACER 34"" 180HZ NITRO 3440 X 1440 XZ342CU 95% SRGB HDR 400 CURVED","114,000 LKR",In Stock,https://www.nanotek.lk/product/acer-34-180hz-nitro-3440-x-1440-xz342cu-95-srgb-hdr-400-curved
Monitors Monitor Arms,"KOORUI 22"" 22N1 VA 1080P 100HZ","23,500 LKR",Out of Stock,https://www.nanotek.lk/product/koorui-22-22n1-va-1080p-100hz
Monitors Monitor Arms,SAMSUNG 27' S60UD (2560x1440) VIEWFINITY IPS QHD 100HZ LS27D604UAEXXS,"106,500 LKR",In Stock,https://www.nanotek.lk/product/samsung-27-s60ud-2560x1440-viewfinity-ips-qhd-100hz-ls27d604uaexxs
Monitors Monitor Arms,"SAMSUNG 27"" ViewFinity S8 S80UH 4K LS27H800UAEXXS IPS USB C","155,000 LKR",In Stock,https://www.nanotek.lk/product/samsung-27-viewfinity-s8-s80uh-4k-ls27h800uaexxs-ips-usb-c
Monitors Monitor Arms,"SAMSUNG 27"" Odyssey G4 G40H LSHG400EEXXS 1080P 300HZ IPS","99,000 LKR",In Stock,https://www.nanotek.lk/product/samsung-27-odyssey-g4-g40h-lshg400eexxs-1080p-300hz-ips
Monitors Monitor Arms,"KOORUI 27"" G2711P 200Hz IPS FHD HDR400 Display, 90% DCI-P3","49,500 LKR",In stock,https://www.nanotek.lk/product/koorui-27-g2711p-200hz-ips-fhd-hdr400-display-90-dci-p3
Monitors Monitor Arms,"KOORUI G2722P ""27"" Fast IPS 1440p 200Hz HDR 400","68,000 LKR",In Stock,https://www.nanotek.lk/product/koorui-g2722p-27-fast-ips-1440p-200hz-hdr-400
Monitors Monitor Arms,"VIEWSONIC 27"" VA270A-H FHD 120HZ IPS","40,500 LKR",Out of Stock,https://www.nanotek.lk/product/viewsonic-27-va270a-h-fhd-120hz-ips
Monitors Monitor Arms,"KOORUI 34"" G3441XC VA UWQHD 240HZ ULTRAWIDE CURVED GAMING MONITOR","99,000 LKR",Out of Stock,https://www.nanotek.lk/product/koorui-34-g3441xc-va-uwqhd-240hz-ultrawide-curved-gaming-monitor
Monitors Monitor Arms,"MSI 27"" MODERN MD272QXP 2560 X 1440 100HZ IPS TYPE-C MONITOR","93,000 LKR",In Stock,https://www.nanotek.lk/product/msi-27-modern-md272qxp-2560-x-1440-100hz-ips-type-c-monitor
Monitors Monitor Arms,"VIEWSONIC 24"" VA24G2-H 144HZ IPS FHD","35,500 LKR",In Stock,https://www.nanotek.lk/product/viewsonic-24-va24g2-h-144hz-ips-fhd
Monitors Monitor Arms,"KOORUI 27"" S2721XO 2K OLED True Black 400 98% DCI-P3 240Hz","179,000 LKR",Out of Stock,https://www.nanotek.lk/product/koorui-27-s2721xo-2k-oled-true-black-400-98-dci-p3-240hz
Monitors Monitor Arms,"KOORUI 24"" G2411P IPS FHD 200Hz Gaming Monitor","39,000 LKR",Out of Stock,https://www.nanotek.lk/product/koorui-24-g2411p-ips-fhd-200hz-gaming-monitor
Monitors Monitor Arms,"KOORUI 27"" E2711F 1080P IPS 100HZ","37,500 LKR",Out of Stock,https://www.nanotek.lk/product/koorui-27-e2711f-1080p-ips-100hz
Monitors Monitor Arms,"KOORUI 22"" E2212F VA 100HZ SRGB 99%","23,500 LKR",Out of Stock,https://www.nanotek.lk/product/koorui-22-e2212f-va-100hz-srgb-99
Monitors Monitor Arms,"Viewsonic VP2756A-2K 27"" 120Hz 2K QHD Pantone Validated 100% sRGB Factory Pre-Calibrated Monitor with 90W USB-C","125,000 LKR",Out of Stock,https://www.nanotek.lk/product/viewsonic-vp2756a-2k-27-120hz-2k-qhd-pantone-validated-100-srgb-factory-pre-calibrated-monitor-with-90w-usb-c
Monitors Monitor Arms,"VIEWSONIC 24"" VX2479A-HD-PRO IPS 240HZ","47,500 LKR",In stock,https://www.nanotek.lk/product/viewsonic-24-vx2479a-hd-pro-ips-240hz
Monitors Monitor Arms,ViewSonic VX3219-2K-PRO-2 32” 2K 165Hz Gaming Monitor,"115,000 LKR",Out of Stock,https://www.nanotek.lk/product/viewsonic-vx3219-2k-pro-2-32-2k-165hz-gaming-monitor
Monitors Monitor Arms,"LG UltraGear™ 27"" 27GS65F-B FHD -IPS 180Hz 1ms","89,000 LKR102,000 LKR",In Stock,https://www.nanotek.lk/product/lg-ultragear-27-27gs65f-b-fhd-ips-180hz-1ms
Monitors Monitor Arms,LG 27UN880-B Ultrafine Monitor 27” UHD 4K IPS sRGB 99% USB-C,"184,000 LKR195,000 LKR",Out of Stock,https://www.nanotek.lk/product/lg-27un880-b-ultrafine-monitor-27-uhd-4k-ips-srgb-99-usb-c
Monitors Monitor Arms,"KOORUI 49"" S4941XO 5K (DQHD) OLED 240Hz CURVED ULTRAWIDE GAMING MONITOR","399,000 LKR",Out of Stock,https://www.nanotek.lk/product/koorui-49-s4941xo-5k-dqhd-oled-240hz-curved-ultrawide-gaming-monitor
Monitors Monitor Arms,MSI 255F E20 24.5' Inch FHD 200Hz Gaming Monitor,"50,000 LKR",Out of Stock,https://www.nanotek.lk/product/msi-255f-e20-245-inch-fhd-200hz-gaming-monitor
Monitors Monitor Arms,"MSI Modern MD342CQP 34"" UWQHD 120HZ Curved Monitor with PD 98W","128,000 LKR",Out of Stock,https://www.nanotek.lk/product/msi-modern-md342cqp-34-uwqhd-120hz-curved-monitor-with-pd-98w
Monitors Monitor Arms,"VIEWSONIC 27"" VX2779A-HD-PRO FHD IPS 240HZ","64,000 LKR",In stock,https://www.nanotek.lk/product/viewsonic-27-vx2779a-hd-pro-fhd-ips-240hz
Monitors Monitor Arms,"Viewsonic27"" VA2708-4K-MHD 4K 3840 x 2160 IPS Monitor","84,000 LKR",In Stock,https://www.nanotek.lk/product/viewsonic27-va2708-4k-mhd-4k-3840-x-2160-ips-monitor-1
Monitors Monitor Arms,"KOORUI 32"" G3221SC 2K 170Hz 90% DCI-P3 Curved Gaming Monitor","72,000 LKR",Out of Stock,https://www.nanotek.lk/product/koorui-32-g3221sc-2k-170hz-90-dci-p3-curved-gaming-monitor
Monitors Monitor Arms,"MSI MAG 275F 27"" 1080P 180HZ IPS GAMING MONITOR","65,000 LKR",Out of Stock,https://www.nanotek.lk/product/msi-mag-275f-27-1080p-180hz-ips-gaming-monitor-1
Monitors Monitor Arms,MSI MPG 321URX 32 Inch QD-OLED 4K (3840x2160) 240Hz Gaming Monitor,"440,000 LKR",Out of Stock,https://www.nanotek.lk/product/msi-mpg-321urx-32-inch-qd-oled-4k-3840x2160-240hz-gaming-monitor
Monitors Monitor Arms,"KOORUI 25"" G2511P 200Hz IPS FHD HDR400 Display, 90% DCI-P3","39,000 LKR",In Stock,https://www.nanotek.lk/product/koorui-25-g2511p-200hz-ips-fhd-hdr400-display-90-dci-p3
Monitors Monitor Arms,"LG ULTRAGEAR 27GR93U 27"" 4K IPS 144HZ","335,000 LKR349,000 LKR",In Stock,https://www.nanotek.lk/product/lg-ultragear-27gr93u-27-4k-ips-144hz
Monitors Monitor Arms,"MSI Gaming MAG401QR 40 "" IPS, 3440x1440 155Hz Type C","188,000 LKR",In stock,https://www.nanotek.lk/product/msi-gaming-mag401qr-40-ips-3440x1440-155hz-type-c
Monitors Monitor Arms,"LG 27"" UltraGear 27GS75Q-B 2K QHD 200Hz 1ms IPS","129,000 LKR149,000 LKR",In Stock,https://www.nanotek.lk/product/lg-27-ultragear-27gs75q-b-2k-qhd-200hz-1ms-ips
Monitors Monitor Arms,"KOORUI 27"" 27N5CA Curved VA Monitor 75HZ","40,500 LKR",In stock,https://www.nanotek.lk/product/koorui-27-27n5ca-curved-va-monitor-75hz-1
Monitors Monitor Arms,"MSI MAG 274QRFW X32 27"" 320HZ 2K IPS GAMING MONITOR","119,000 LKR",In Stock,https://www.nanotek.lk/product/msi-mag-274qrfw-x32-27-320hz-2k-ips-gaming-monitor
Monitors Monitor Arms,"KOORUI 24"" 24N5CA FHD CURVED VA MONITOR","29,000 LKR",Out of Stock,https://www.nanotek.lk/product/koorui-24-24n5ca-fhd-curved-va-monitor
Monitors Monitor Arms,"Dell UltraSharp U2724D 27"" (2560 x 1440) 120Hz IPS 100% sRGB","139,000 LKR149,000 LKR",In Stock,https://www.nanotek.lk/product/dell-ultrasharp-u2724d-27-2560-x-1440-120hz-ips-100-srgb
Monitors Monitor Arms,"Dell UltraSharp U2424H 24"" (1920x1080) 120Hz IPS 100% sRGB","95,000 LKR104,000 LKR",In Stock,https://www.nanotek.lk/product/dell-ultrasharp-u2424h-24-1920x1080-120hz-ips-100-srgb
Monitors Monitor Arms,"LENOVO D19-10 18.5"" TN MONITOR","23,000 LKR",In Stock,https://www.nanotek.lk/product/lenovo-d19-10-185-tn-monitor
Monitors Monitor Arms,Viewsonic VX2758A-2K-PRO-3 27” 240Hz Fast IPS Gaming Monitor,"88,500 LKR",In stock,https://www.nanotek.lk/product/viewsonic-vx2758a-2k-pro-3-27-240hz-fast-ips-gaming-monitor
Monitors Monitor Arms,Viewsonic XG2737 27” 520Hz  IPS 1080P Gaming Monitor,"189,000 LKR",In stock,https://www.nanotek.lk/product/viewsonic-xg2737-27-520hz-ips-1080p-gaming-monitor
Monitors Monitor Arms,"VIEWSONIC 27"" XG2709A FHD IPS 240HZ","62,500 LKR",In Stock,https://www.nanotek.lk/product/viewsonic-27-xg2709a-fhd-ips-240hz
Monitors Monitor Arms,"MSI Pro MP272PMG 27"" 120Hz FHD With Built in Mic & Web Camera","67,000 LKR",Out of Stock,https://www.nanotek.lk/product/msi-pro-mp272pmg-27-120hz-fhd-with-built-in-mic-web-camera
Monitors Monitor Arms,"NORTH BAYOU G60 RGB GAMING SINGLE MONITOR DESK ARM 32""-60""","21,500 LKR",Out of Stock,https://www.nanotek.lk/product/north-bayou-g60-rgb-gaming-single-monitor-desk-arm-32-60
Monitors Monitor Arms,"NORTH BAYOU F160-FP LAPTOP + MONITER DESK MOUNT 17""-30""","19,000 LKR",Out of Stock,https://www.nanotek.lk/product/north-bayou-f160-fp-laptop-moniter-desk-mount-17-30
Monitors Monitor Arms,"NORTH BAYOU H180-FP DUAL DESK ARM LAPTOP 10-17"" + MONITOR MOUNT 17-27""","23,000 LKR",Out of Stock,https://www.nanotek.lk/product/north-bayou-h180-fp-dual-desk-arm-laptop-10-17-monitor-mount-17-27
Monitors Monitor Arms,"Asus ROG Swift Gaming PG49WCD 49"" QD-OLED (5120x1440) 144Hz 0.03ms G-SYNC","765,000 LKR",In stock,https://www.nanotek.lk/product/asus-rog-swift-gaming-pg49wcd-49-qd-oled-5120x1440-144hz-003ms-g-sync
Monitors Monitor Arms,"ASUS ROG Swift 39"" PG39WCDM WQHD 240Hz 3440 x 1440 TYPE C KVM SUPPORTED MONITOR","659,000 LKR",Out of Stock,https://www.nanotek.lk/product/asus-rog-swift-39-pg39wcdm-wqhd-240hz-3440-x-1440-type-c-kvm-supported-monitor
Monitors Monitor Arms,"ASUS 27"" VA279HG 1080P 99%SRGB 120Hz","44,500 LKR",Out of Stock,https://www.nanotek.lk/product/asus-27-va279hg-1080p-99srgb-120hz
Monitors Monitor Arms,"ASUS 25"" VA259HGA 120Hz IPS MONITOR","35,000 LKR",Out of Stock,https://www.nanotek.lk/product/asus-25-va259hga-120hz-ips-monitor
Monitors Monitor Arms,NORTH BAYOU G35 DUAL MONITOR DESK ARM 22'' - 32'',"21,500 LKR",Out of Stock,https://www.nanotek.lk/product/north-bayou-g35-dual-monitor-desk-arm-22-32
Monitors Monitor Arms,"ASUS TUF GAMING 27"" VG279Q3R 180HZ IPS 100% SRGB","55,500 LKR",Out of Stock,https://www.nanotek.lk/product/asus-tuf-gaming-27-vg279q3r-180hz-ips-100-srgb-1
Monitors Monitor Arms,"ASUS VZ27EHF 27"" IPS 100HZ FRAMELESS MONITOR","52,000 LKR72,000 LKR",Out of Stock,https://www.nanotek.lk/product/asus-vz27ehf-27-ips-100hz-frameless-monitor
Monitors Monitor Arms,"Asus ProArt 24"" PA248QV 1080P Calman Verified Professional Monitor","85,500 LKR",Out of Stock,https://www.nanotek.lk/product/asus-proart-24-pa248qv-1080p-calman-verified-professional-monitor
Monitors Monitor Arms,"ASUS VY249HGR 24"" IPS 1080P 120HZ","32,000 LKR",Out of Stock,https://www.nanotek.lk/product/asus-vy249hgr-24-ips-1080p-120hz-1
Monitors Monitor Arms,ASUS TUF GAMING VG246H1A IPS 100HZ GAMING MONITOR,"44,000 LKR",Out of Stock,https://www.nanotek.lk/product/asus-tuf-gaming-vg246h1a-ips-100hz-gaming-monitor
Monitors Monitor Arms,"ASUS 27"" VA27DQF IPS 1080P 100Hz","42,500 LKR",Out of Stock,https://www.nanotek.lk/product/asus-27-va27dqf-ips-1080p-100hz-1
Monitors Monitor Arms,Dell PRO P2725QE (3840 x 2160) IPS 99%s RGB 120Hz USB-C HUB,"179,000 LKR185,000 LKR",Out of Stock,https://www.nanotek.lk/product/dell-pro-p2725qe-3840-x-2160-ips-99s-rgb-120hz-usb-c-hub
Monitors Monitor Arms,"NORTH BAYOU P65 TV Wall Mount 55"" - 85""","17,500 LKR",Out of Stock,https://www.nanotek.lk/product/north-bayou-p65-tv-wall-mount-55-85
Monitors Monitor Arms,"Dell UltraSharp U2725QE 27"" (3840 x 2160) IPS 100%s RGB 120Hz Thunderbolt HUB","299,000 LKR",Out of Stock,https://www.nanotek.lk/product/dell-ultrasharp-u2725qe-27-3840-x-2160-ips-100s-rgb-120hz-thunderbolt-hub
Monitors Monitor Arms,MSI MAG 321CQF E18 32'' (2560 x 1440) 180Hz Curved Gaming Monitor,"102,000 LKR",In Stock,https://www.nanotek.lk/product/msi-mag-321cqf-e18-32-2560-x-1440-180hz-curved-gaming-monitor
Monitors Monitor Arms,"MSI PRO MP251 25"" 1080P IPS 100Hz","32,500 LKR",Out of Stock,https://www.nanotek.lk/product/msi-pro-mp251-25-1080p-ips-100hz
Monitors Monitor Arms,"MSI MODERN MD272UPHG 27"" 4K UHD IPS TYPE-C PD 98W MONITOR","127,000 LKR",Out of Stock,https://www.nanotek.lk/product/msi-modern-md272uphg-27-4k-uhd-ips-type-c-pd-98w-monitor
Monitors Monitor Arms,"MSI MAG 275UPD E14 27"" 4K/144hz OR FHD/288hz IPS DUAL MODE GAMING MONITOR","102,500 LKR",In Stock,https://www.nanotek.lk/product/msi-mag-275upd-e14-27-4k144hz-or-fhd288hz-ips-dual-mode-gaming-monitor
Monitors Monitor Arms,"MSI MAG 272F X24 27"" (1920 x 1080) 240HZ 0.5MS RAPID IPS ADAPTIVE SYNC GAMING MONITOR","62,000 LKR",In stock,https://www.nanotek.lk/product/msi-mag-272f-x24-27-1920-x-1080-240hz-05ms-rapid-ips-adaptive-sync-gaming-monitor
Monitors Monitor Arms,"MSI MAG 272QPW 2K QD OLED X28 27"" 280Hz 0.03MS TYPE C MONITOR","245,000 LKR259,000 LKR",Out of Stock,https://www.nanotek.lk/product/msi-mag-272qpw-2k-qd-oled-x28-27-280hz-003ms-type-c-monitor
Monitors Monitor Arms,"VIEWSONIC VA2708-2K-MHD 27"" 2K (QHD) 100HZ IPS FRAMELESS MONITOR","64,000 LKR",In Stock,https://www.nanotek.lk/product/viewsonic-va2708-2k-mhd-27-2k-qhd-100hz-ips-frameless-monitor-1
Monitors Monitor Arms,"MSI MAG 342CQR E2 34"" 3440 X 1440 180Hz 1ms Adaptive Sync Gaming Monitor","132,000 LKR",Out of Stock,https://www.nanotek.lk/product/msi-mag-342cqr-e2-34-3440-x-1440-180hz-1ms-adaptive-sync-gaming-monitor
Monitors Monitor Arms,"MSI MPG491CQPX 49"" QD-OLED UWQHD (5120 X 1440) 240HZ GAMING MONITOR","496,000 LKR",Out of Stock,https://www.nanotek.lk/product/msi-mpg491cqpx-49-qd-oled-uwqhd-5120-x-1440-240hz-gaming-monitor
Monitors Monitor Arms,"ASUS 22"" VZ22EHE 1080P 75Hz IPS","25,500 LKR",Out of Stock,https://www.nanotek.lk/product/asus-22-vz22ehe-1080p-75hz-ips
Monitors Monitor Arms,"Lenovo Legion 45"" R45w-30 5120 x 1440 170HZ DQHD Monitor","299,000 LKR",Out of Stock,https://www.nanotek.lk/product/lenovo-legion-45-r45w-30-5120-x-1440-170hz-dqhd-monitor
Monitors Monitor Arms,"MSI MAG 271QPX E2 27"" QD-OLED WQHD (2560x1440) 240Hz  Gaming Monitor","280,000 LKR",Out of Stock,https://www.nanotek.lk/product/msi-mag-271qpx-e2-27-qd-oled-wqhd-2560x1440-240hz-gaming-monitor
Monitors Monitor Arms,"MSI 32"" G32C4X 1080P VA 250HZ CURVED GAMING MONITOR","106,000 LKR",Out of Stock,https://www.nanotek.lk/product/msi-32-g32c4x-1080p-va-250hz-curved-gaming-monitor
Monitors Monitor Arms,"MSI 27"" MP273 E14A FHD IPS 144HZ MONITOR","48,500 LKR",In Stock,https://www.nanotek.lk/product/msi-27-mp273-e14a-fhd-ips-144hz-monitor
Monitors Monitor Arms,"VIEWSONIC VA1903H 19"" TN MONITOR","22,000 LKR",Out of Stock,https://www.nanotek.lk/product/viewsonic-va1903h-19-tn-monitor
Monitors Monitor Arms,"Koorui 34E6UC 34"" (3440 x 1440) VA 165HZ SRGB 100% HDR400","89,000 LKR95,000 LKR",Out of Stock,https://www.nanotek.lk/product/koorui-34e6uc-34-3440-x-1440-va-165hz-srgb-100-hdr400
Monitors Monitor Arms,"KOORUI 24"" G2421V IPS 2K 180Hz Gaming Monitor","49,000 LKR",Out of Stock,https://www.nanotek.lk/product/koorui-24-g2421v-ips-2k-180hz-gaming-monitor
Monitors Monitor Arms,"HP OMEN 34"" 34C 3440 x 1440 165Hz 1500R curved","173,000 LKR",Out of Stock,https://www.nanotek.lk/product/hp-omen-34-34c-3440-x-1440-165hz-1500r-curved
Monitors Monitor Arms,"CORSAIR XENEON 315QHD165 32"" QHD 2K IPS 165HZ G-SYNC Compatible Monitor","143,500 LKR",Out of Stock,https://www.nanotek.lk/product/corsair-xeneon-315qhd165-32-qhd-2k-ips-165hz-g-sync-compatible-monitor
Monitors Monitor Arms,"ASUS 24"" VZ24EHF 100Hz IPS Frameless Monitor","30,000 LKR",In Stock,https://www.nanotek.lk/product/asus-24-vz24ehf-100hz-ips-frameless-monitor
Monitors Monitor Arms,"MSI PRO MP273AP 27"" IPS 100HZ PIVOT SUPPORT MONITOR","55,000 LKR",Out of Stock,https://www.nanotek.lk/product/msi-pro-mp273ap-27-ips-100hz-pivot-support-monitor
Monitors Monitor Arms,"MSI MAG 275QF E20 27"" 2K 200HZ IPS Gaming Monitor","79,000 LKR",In Stock,https://www.nanotek.lk/product/msi-mag-275qf-e20-27-2k-200hz-ips-gaming-monitor
Monitors Monitor Arms,"MSI PRO MP225 E12VL 21.5"" 120HZ Frameless Monitor","27,500 LKR",In stock,https://www.nanotek.lk/product/msi-pro-mp225-e12vl-215-120hz-frameless-monitor
Monitors Monitor Arms,"MSI PRO MP251L 25"" E2 IPS FHD 120Hz","32,000 LKR",Out of Stock,https://www.nanotek.lk/product/msi-pro-mp251l-25-e2-ips-fhd-120hz
Monitors Monitor Arms,"MSI PRO MP275Q E14 27"" 144HZ 2K IPS ULTRA SLIM","69,500 LKR",In Stock,https://www.nanotek.lk/product/msi-pro-mp275q-e14-27-144hz-2k-ips-ultra-slim
Monitors Monitor Arms,"MSI MAG 27CQ6F  27"" Inch WQHD (2560 X 1440) 180HZ 0.5MS Amd Freesync Curved Gaming Monitor","77,500 LKR",Out of Stock,https://www.nanotek.lk/product/msi-mag-27cq6f-27-inch-wqhd-2560-x-1440-180hz-05ms-amd-freesync-curved-gaming-monitor
Monitors Monitor Arms,"MSI MAG 275CQF E18 27"" 180HZ 2K VA 0.5MS","74,000 LKR",Out of Stock,https://www.nanotek.lk/product/msi-mag-275cqf-e18-27-180hz-2k-va-05ms
Monitors Monitor Arms,"MSI PRO MP271A E2 27"" 120HZ IPS FRAMELESS MONITOR","52,000 LKR",Out of Stock,https://www.nanotek.lk/product/msi-pro-mp271a-e2-27-120hz-ips-frameless-monitor
Monitors Monitor Arms,"MSI PRO MP275 / MP275W E2 27"" 120HZ FHD IPS FRAMELESS MONTOR","48,000 LKR",Out of Stock,https://www.nanotek.lk/product/msi-pro-mp275-mp275w-e2-27-120hz-fhd-ips-frameless-montor
Monitors Monitor Arms,"KOORUI 24"" E2411K 1080P IPS 144HZ","33,500 LKR",In stock,https://www.nanotek.lk/product/koorui-24-e2411k-1080p-ips-144hz
Monitors Monitor Arms,"LG 27UP600-W 27"" 4K UHD IPS DCI-P3 95% ESA DisplayHDR 400","147,500 LKR",Out of Stock,https://www.nanotek.lk/product/lg-27up600-w-27-4k-uhd-ips-dci-p3-95-esa-displayhdr-400
Monitors Monitor Arms,"ACER EK251Q 24.5"" IPS 120HZ Frameless Monitor","29,500 LKR30,500 LKR",Out of Stock,https://www.nanotek.lk/product/acer-ek251q-245-ips-120hz-frameless-monitor
Monitors Monitor Arms,"MSI MODERN MD272QP 27""2K IPS TYPE-C Frameless Monitor","95,000 LKR",Out of Stock,https://www.nanotek.lk/product/msi-modern-md272qp-272k-ips-type-c-frameless-monitor
Monitors Monitor Arms,"MSI 27"" G27CQ4 E2 2K 170HZ VA","92,000 LKR",Out of Stock,https://www.nanotek.lk/product/msi-27-g27cq4-e2-2k-170hz-va
Monitors Monitor Arms,"Dell  P2425H 24"" (1920x1080) 100Hz IPS 99% sRGB","65,000 LKR73,500 LKR",In Stock,https://www.nanotek.lk/product/dell-p2425h-24-1920x1080-100hz-ips-99-srgb
Monitors Monitor Arms,"Dell P2725H 27"" (1920x1080) 100Hz IPS 99% sRGB","82,000 LKR86,000 LKR",In stock,https://www.nanotek.lk/product/dell-p2725h-27-1920x1080-100hz-ips-99-srgb
Monitors Monitor Arms,"Dell P2723DE 27"" (2560 x 1440) IPS 99% sRGB USB-C","132,000 LKR",Out of Stock,https://www.nanotek.lk/product/dell-p2723de-27-2560-x-1440-ips-99-srgb-usb-c
Monitors Monitor Arms,"Dell P2723D 27"" (2560 x 1440) IPS 99% sRGB","109,000 LKR",Out of Stock,https://www.nanotek.lk/product/dell-p2723d-27-2560-x-1440-ips-99-srgb
Monitors Monitor Arms,"Dell P2723QE 27"" (3840 x 2160) IPS 99% sRGB","169,500 LKR",Out of Stock,https://www.nanotek.lk/product/dell-p2723qe-27-3840-x-2160-ips-99-srgb
Monitors Monitor Arms,"MSI Gaming G32CQ5P 32"" VA, 2560x1440, 170Hz, 1ms","102,000 LKR",Out of Stock,https://www.nanotek.lk/product/msi-gaming-g32cq5p-32-va-2560x1440-170hz-1ms
Monitors Monitor Arms,"ASUS ROG Strix XG49WCR 49"" Double QHD (5120 x 1440) USB-C 165HZ OC","429,000 LKR499,000 LKR",Out of Stock,https://www.nanotek.lk/product/asus-rog-strix-xg49wcr-49-double-qhd-5120-x-1440-usb-c-165hz-oc
Monitors Monitor Arms,"ASUS TUF Gaming 24"" VG249Q3R 180Hz IPS 100% sRGB","44,000 LKR",In Stock,https://www.nanotek.lk/product/asus-tuf-gaming-24-vg249q3r-180hz-ips-100-srgb
Monitors Monitor Arms,"NORTH BAYOU H100 HEAVY-DUTY SINGLE MONITOR ARM FOR 17""-30""","12,500 LKR",In Stock,https://www.nanotek.lk/product/north-bayou-h100-heavy-duty-single-monitor-arm-for-17-30-1
Monitors Monitor Arms,"ASUS TUF Gaming 32"" VG32VQ1B 1440P HDR Curved Monitor 165Hz","119,000 LKR",Out of Stock,https://www.nanotek.lk/product/asus-tuf-gaming-32-vg32vq1b-1440p-hdr-curved-monitor-165hz
Monitors Monitor Arms,Dell PRO P2725D 100Hz IPS (2560 x 1440) IPS sRGB 99%,"115,000 LKR119,000 LKR",Out of Stock,https://www.nanotek.lk/product/dell-pro-p2725d-100hz-ips-2560-x-1440-ips-srgb-99
Monitors Monitor Arms,"SAMSUNG 32"" ViewFinity S8 S80UH 4K S8 LS32H802UAEXXS USB-C","165,000 LKR",In Stock,https://www.nanotek.lk/product/samsung-32-viewfinity-s8-s80uh-4k-s8-ls32h802uaexxs-usb-c
Monitors Monitor Arms,Viewsonic VX2758A-2K-PRO-4 27” 180Hz Fast IPS Gaming Monitor,"74,000 LKR",Out of Stock,https://www.nanotek.lk/product/viewsonic-vx2758a-2k-pro-4-27-180hz-fast-ips-gaming-monitor
Monitors Monitor Arms,Viewsonic VX2719-PC-MHD 27” 240Hz Curved Gaming Monitor,"65,000 LKR",Out of stock,https://www.nanotek.lk/product/viewsonic-vx2719-pc-mhd-27-240hz-curved-gaming-monitor
Monitors Monitor Arms,Viewsonic VX2718-2KPC-MHD 27” 180Hz 2K VA Curved Gaming Monitor,"82,500 LKR",Out of Stock,https://www.nanotek.lk/product/viewsonic-vx2718-2kpc-mhd-27-180hz-2k-va-curved-gaming-monitor
Monitors Monitor Arms,"MSI MPG 346CQRF X24 34"" UWQHD (3440 X 1440) 240HZ 0.5MS Adaptive Sync Curved Gaming Monitor","162,000 LKR",Out of stock,https://www.nanotek.lk/product/msi-mpg-346cqrf-x24-34-uwqhd-3440-x-1440-240hz-05ms-adaptive-sync-curved-gaming-monitor
Monitors Monitor Arms,"SAMSUNG Essential S3 LS22D300GAEXXS 22"" IPS 1080P 100HZ","27,000 LKR",Out of Stock,https://www.nanotek.lk/product/samsung-essential-s3-ls22d300gaexxs-22-ips-1080p-100hz
Monitors Monitor Arms,"MSI MAG 273QP QD-OLED X24 27"" 240HZ 2K","225,000 LKR",Out of Stock,https://www.nanotek.lk/product/msi-mag-273qp-qd-oled-x24-27-240hz-2k
Monitors Monitor Arms,"MSI PRO MP245PG 24"" FHD 100HZ IPS","46,500 LKR",Out of Stock,https://www.nanotek.lk/product/msi-pro-mp245pg-24-fhd-100hz-ips
Monitors Monitor Arms,MSI PRO MP341CQ E12 3440 X 1440 (UWQHD) 120HZ ULTRA WIDE MONITOR,"114,000 LKR",In Stock,https://www.nanotek.lk/product/msi-pro-mp341cq-e12-3440-x-1440-uwqhd-120hz-ultra-wide-monitor
Monitors Monitor Arms,"MSI MODERN MD271UL 27"" IPS 4K MONITOR","119,000 LKR",Out of Stock,https://www.nanotek.lk/product/msi-modern-md271ul-27-ips-4k-monitor
Monitors Monitor Arms,"Koorui N07 27"" UHD 4K IPS DCI-P3 90% HDR10","69,000 LKR",Out of Stock,https://www.nanotek.lk/product/koorui-n07-27-uhd-4k-ips-dci-p3-90-hdr10
Monitors Monitor Arms,"ViewSonic 22"" VA22E2-H 1080P 100Hz VA","25,000 LKR",In Stock,https://www.nanotek.lk/product/viewsonic-22-va22e2-h-1080p-100hz-va
Monitors Monitor Arms,"MSI PRO MP251P 25"" IPS 100HZ PIVOT SUPPORT MONITOR","44,500 LKR",Out of Stock,https://www.nanotek.lk/product/msi-pro-mp251p-25-ips-100hz-pivot-support-monitor
Processor,AMD Ryzen™ 5 3400G (Up To 4.2GHz Cores 4 - Threads 8) 4M Cache,"27,000 LKR",In Stock,https://www.nanotek.lk/product/amd-ryzen-5-3400g-up-to-42ghz-cores-4-threads-8-4m-cache
Processor,"Intel® Core™ Ultra 7 270K Plus (36M Cache, up to 5.50 GHz)","118,000 LKR",In Stock,https://www.nanotek.lk/product/intel-core-ultra-7-270k-plus-36m-cache-up-to-550-ghz
Processor,AMD Ryzen 5 5500 (up to 4.2Ghz 6-cores 12-threads) 16M Cache,"36,500 LKR",In Stock,https://www.nanotek.lk/product/amd-ryzen-5-5500-up-to-42ghz-6-cores-12-threads-16m-cache
Processor,AMD RYZEN 7 5700X (UP TO 4.6GHZ 8-CORES 16-THREADS) 36M CACHE,"58,000 LKR",Out of Stock,https://www.nanotek.lk/product/amd-ryzen-7-5700x-up-to-46ghz-8-cores-16-threads-36m-cache
Processor,"INTEL CORE I5-12400F (18M CACHE, UP TO 4.40 GHZ)","55,000 LKR",In Stock,https://www.nanotek.lk/product/intel-core-i5-12400f-18m-cache-up-to-440-ghz
Processor,"INTEL CORE I5-12400 (18M CACHE, UP TO 4.40 GHZ)","72,000 LKR",Out of Stock,https://www.nanotek.lk/product/intel-core-i5-12400-18m-cache-up-to-440-ghz
Processor,"INTEL CORE I5 14400F (20M CACHE, UP TO 4.70 GHZ)","56,000 LKR",In Stock,https://www.nanotek.lk/product/intel-core-i5-14400f-20m-cache-up-to-470-ghz
Processor,"INTEL CORE I5 14400 (20M CACHE, UP TO 4.70 GHZ)","59,000 LKR",In Stock,https://www.nanotek.lk/product/intel-core-i5-14400-20m-cache-up-to-470-ghz
Processor,"Intel® Core™ Ultra 5 Processor 225 (20M Cache, up to 4.90 GHz)","59,500 LKR",In stock,https://www.nanotek.lk/product/intel-core-ultra-5-processor-225-20m-cache-up-to-490-ghz
Processor,"INTEL CORE I7 14700F (33M CACHE, UP TO 5.40 GHZ)","109,000 LKR",In Stock,https://www.nanotek.lk/product/intel-core-i7-14700f-33m-cache-up-to-540-ghz
Processor,AMD RYZEN 7 9850X3D (UP TO 5.6 GHZ 8-CORES 16-TREADS ) 96M CACHE,"169,000 LKR",In Stock,https://www.nanotek.lk/product/amd-ryzen-7-9850x3d-up-to-56-ghz-8-cores-16-treads-96m-cache
Processor,AMD Ryzen 7 9800X3D (Up to 5.2 GHz 8-Cores 16-Treads ) 96M Cache,"145,000 LKR",In Stock,https://www.nanotek.lk/product/amd-ryzen-7-9800x3d-up-to-52-ghz-8-cores-16-treads-96m-cache
Processor,AMD Ryzen™ 9 9900X3D (up to 5.5Ghz 12-cores 24-threads) 128M Cache,"212,000 LKR",In Stock,https://www.nanotek.lk/product/amd-ryzen-9-9900x3d-up-to-55ghz-12-cores-24-threads-128m-cache
Processor,"INTEL CORE I3 12100 (12M CACHE, UP TO 4.30)","59,500 LKR",Out of Stock,https://www.nanotek.lk/product/intel-core-i3-12100-12m-cache-up-to-430
Processor,AMD Ryzen 7 7700 (up to 5.3Ghz 8-cores 16-threads) 32M Cache - TRAY,"70,000 LKR",In Stock,https://www.nanotek.lk/product/amd-ryzen-7-7700-up-to-53ghz-8-cores-16-threads-32m-cache-tray
Processor,AMD RYZEN 7 8700G (up to 5.1Ghz 8-cores 16-threads) 24M Cache - TRAY,"85,500 LKR",Out of Stock,https://www.nanotek.lk/product/amd-ryzen-7-8700g-up-to-51ghz-8-cores-16-threads-24m-cache-tray
Processor,Intel Core Ultra 7 Processor 265,"99,000 LKR",Out of Stock,https://www.nanotek.lk/product/intel-core-ultra-7-processor-265-1
Processor,"Intel® Core i3 processor 14100 (12M Cache, up to 4.70 GHz) - Tray","50,500 LKR",In Stock,https://www.nanotek.lk/product/intel-core-i3-processor-14100-12m-cache-up-to-470-ghz-tray
Processor,AMD Ryzen™ 7 5700G (up to 4.6Ghz 8-cores 16-threads) 16M Cache,"73,000 LKR",Out of Stock,https://www.nanotek.lk/product/amd-ryzen-7-5700g-up-to-46ghz-8-cores-16-threads-16m-cache
Processor,AMD Ryzen 5 8400F (up to 4.7Ghz 6-cores 12-threads) 16M Cache - Tray,"43,000 LKR",In stock,https://www.nanotek.lk/product/amd-ryzen-5-8400f-up-to-47ghz-6-cores-12-threads-16m-cache-tray
Processor,"Intel® Core i3-12100F Processor 12M Cache, up to 4.30 GHz","44,500 LKR",In Stock,https://www.nanotek.lk/product/intel-core-i3-12100f-processor-12m-cache-up-to-430-ghz-1
Processor,"Intel® Core™ Ultra 5 Processor 225F (20M Cache, up to 4.90 GHz)","53,500 LKR",In stock,https://www.nanotek.lk/product/intel-core-ultra-5-processor-225f-20m-cache-up-to-490-ghz
Processor,Intel® Core Ultra 9 Processor 285K,"212,000 LKR",Out of Stock,https://www.nanotek.lk/product/intel-core-ultra-9-processor-285k
Processor,AMD Ryzen 9 9950X (up to 5.7Ghz 16-cores 32-threads) 64M Cache,"179,500 LKR",In Stock,https://www.nanotek.lk/product/amd-ryzen-9-9950x-up-to-57ghz-16-cores-32-threads-64m-cache
Processor,AMD Ryzen 7 9700X (up to 5.5Ghz 8-cores 16-threads) 32M Cache,"82,500 LKR",In Stock,https://www.nanotek.lk/product/amd-ryzen-7-9700x-up-to-55ghz-8-cores-16-threads-32m-cache
Processor,Intel® Core Ultra 7 Processor 265K,"115,000 LKR",In Stock,https://www.nanotek.lk/product/intel-core-ultra-7-processor-265k
Processor,AMD Ryzen 9 9900X (up to 5.6Ghz 12-cores 24-threads) 64M Cache - Tray,"132,000 LKR",In Stock,https://www.nanotek.lk/product/amd-ryzen-9-9900x-up-to-56ghz-12-cores-24-threads-64m-cache-tray
Processor,"INTEL CORE I7 14700 (33M CACHE, UP TO 5.40 GHZ)","130,000 LKR",In Stock,https://www.nanotek.lk/product/intel-core-i7-14700-33m-cache-up-to-540-ghz
Processor,AMD RYZEN 5 8500G UP TO 5GHZ 6-CORES 12-THREADS) 22M CACHE,"54,000 LKR",In Stock,https://www.nanotek.lk/product/amd-ryzen-5-8500g-up-to-5ghz-6-cores-12-threads-22m-cache
Processor,AMD Ryzen 5 9600X (up to 5.4Ghz 6-cores 12-threads) 32M Cache,"79,500 LKR",In Stock,https://www.nanotek.lk/product/amd-ryzen-5-9600x-up-to-54ghz-6-cores-12-threads-32m-cache
Processor,AMD Ryzen 5 7500F (up to 5.0Ghz 6-cores 12-threads) 32M Cache  - TRAY,"49,500 LKR",In Stock,https://www.nanotek.lk/product/amd-ryzen-5-7500f-up-to-50ghz-6-cores-12-threads-32m-cache-tray
Processor,AMD Ryzen 7 7800X3D (up to 5Ghz 8-cores 16-threads) 96M AMD V-Cache - Tray,"97,000 LKR",In Stock,https://www.nanotek.lk/product/amd-ryzen-7-7800x3d-up-to-5ghz-8-cores-16-threads-96m-amd-v-cache-tray
Processor,AMD Ryzen 9 9950X3D2 Dual Edition (Up to 5.6 GHz 16-Cores 32-Threads) 192M Cache,"315,000 LKR",In Stock,https://www.nanotek.lk/product/amd-ryzen-9-9950x3d2-dual-edition-up-to-56-ghz-16-cores-32-threads-192m-cache
Processor,AMD Ryzen 7 7700X (up to 5.4Ghz 8-cores 16-threads) 32M Cache - TRAY,"74,000 LKR",In Stock,https://www.nanotek.lk/product/amd-ryzen-7-7700x-up-to-54ghz-8-cores-16-threads-32m-cache-tray
Processor,"INTEL CORE I7 12700F (25M CACHE, UP TO 4.90 GHZ)","89,500 LKR",Out of Stock,https://www.nanotek.lk/product/intel-core-i7-12700f-25m-cache-up-to-490-ghz
Processor,AMD Ryzen 5 7600X (up to 5.3Ghz 6-cores 12-threads) 32M Cache,"67,000 LKR",In Stock,https://www.nanotek.lk/product/amd-ryzen-5-7600x-up-to-53ghz-6-cores-12-threads-32m-cache
Processor,AMD Ryzen 5 5600GT (up to 4.6Ghz 6-cores 12-threads) 16M Cache,"62,500 LKR",In Stock,https://www.nanotek.lk/product/amd-ryzen-5-5600gt-up-to-46ghz-6-cores-12-threads-16m-cache
Processor,Intel Core Ultra 5 Processor 245K,"69,000 LKR",In Stock,https://www.nanotek.lk/product/intel-core-ultra-5-processor-245k
Processor,"INTEL CORE I9 14900K (36M CACHE, UP TO 6.00 GHZ)","169,000 LKR",In Stock,https://www.nanotek.lk/product/intel-core-i9-14900k-36m-cache-up-to-600-ghz
Processor,"INTEL CORE I7 14700K (33M CACHE, UP TO 5.60 GHZ) - TRAY","132,000 LKR",In Stock,https://www.nanotek.lk/product/intel-core-i7-14700k-33m-cache-up-to-560-ghz-tray
Processor,AMD Ryzen 5 7600 (up to 5.1Ghz 6-cores 12-threads) 32M Cache - TRAY,"59,500 LKR",In Stock,https://www.nanotek.lk/product/amd-ryzen-5-7600-up-to-51ghz-6-cores-12-threads-32m-cache-tray
Processor,"INTEL CORE I5 14600K (24M CACHE, UP TO 5.30 GHZ)","92,500 LKR",In Stock,https://www.nanotek.lk/product/intel-core-i5-14600k-24m-cache-up-to-530-ghz
Processor,Amd Ryzen 9 7900X3D (up To 5.6ghz 12-Cores 24-Threads) 128m Cache - Tray,"129,500 LKR",In stock,https://www.nanotek.lk/product/amd-ryzen-9-7900x3d-up-to-56ghz-12-cores-24-threads-128m-cache-tray
Processor,"INTEL CORE I7 12700 (25M CACHE, UP TO 4.90)","89,500 LKR",Out of Stock,https://www.nanotek.lk/product/intel-core-i7-12700-25m-cache-up-to-490
Processor,"Intel® Core™ i3-13100 Processor (12M Cache, up to 4.50 GHz)","39,000 LKR",Out of Stock,https://www.nanotek.lk/product/intel-core-i3-13100-processor-12m-cache-up-to-450-ghz
Processor,AMD RYZEN 5 5600G (UP TO 4.4GHZ 6-CORES 12-THREADS) 19M CACHE - TRAY,"45,000 LKR",Out of Stock,https://www.nanotek.lk/product/amd-ryzen-5-5600g-up-to-44ghz-6-cores-12-threads-19m-cache-tray
Processor,AMD RYZEN 5 5600X (UP TO 4.6GHZ 6-CORES 12-THREADS) 35M CACHE - TRAY,"45,000 LKR",In Stock,https://www.nanotek.lk/product/amd-ryzen-5-5600x-up-to-46ghz-6-cores-12-threads-35m-cache-tray
Processor,"AMD Ryzen 5 5600 (6 Cores, 12 Threads) Up To 4.4 GHz","43,500 LKR",In Stock,https://www.nanotek.lk/product/amd-ryzen-5-5600-6-cores-12-threads-up-to-44-ghz
Processor,AMD Ryzen 5 PRO 8600G up to 5Ghz 6-cores 12-threads) 16M Cache - Tray,"77,000 LKR",In stock,https://www.nanotek.lk/product/amd-ryzen-5-pro-8600g-up-to-5ghz-6-cores-12-threads-16m-cache-tray
Processor,AMD Ryzen™ 9 9950X3D (up to 5.7Ghz 16-cores 32-threads) 128M Cache,"226,000 LKR",In Stock,https://www.nanotek.lk/product/amd-ryzen-9-9950x3d-up-to-57ghz-16-cores-32-threads-128m-cache
Processor,"Intel® Core™ Ultra 5 Processor 235 (24M Cache, up to 5.00 GHz)","79,500 LKR",Out of Stock,https://www.nanotek.lk/product/intel-core-ultra-5-processor-235-24m-cache-up-to-500-ghz
Processor,"Intel® Core i7-13700F Processor (30M Cache, up to 5.20 GHz)","89,000 LKR",Out of Stock,https://www.nanotek.lk/product/intel-core-i7-13700f-processor-30m-cache-up-to-520-ghz
Motherboards,ASUS ROG MAXIMUS Z890 HERO,"263,500 LKR",Out of Stock,https://www.nanotek.lk/product/asus-rog-maximus-z890-hero
Motherboards,ASUS ROG STRIX X870E-H GAMING WIFI 7,"199,000 LKR",Out of Stock,https://www.nanotek.lk/product/asus-rog-strix-x870e-h-gaming-wifi-7
Motherboards,ASUS ROG STRIX B860-F GAMING WIFI DDR5,"116,000 LKR",In Stock,https://www.nanotek.lk/product/asus-rog-strix-b860-f-gaming-wifi-ddr5
Motherboards,ASUS ROG STRIX B860-A GAMING WIFI DDR5,"102,000 LKR",In Stock,https://www.nanotek.lk/product/asus-rog-strix-b860-a-gaming-wifi-ddr5
Motherboards,ASUS TUF GAMING B550M-PLUS  DDR4,"72,500 LKR",Out of Stock,https://www.nanotek.lk/product/asus-tuf-gaming-b550m-plus-ddr4
Motherboards,ASUS TUF GAMING B550-PLUS DDR4,"76,000 LKR",Out of Stock,https://www.nanotek.lk/product/asus-tuf-gaming-b550-plus-ddr4
Motherboards,ASUS ROG STRIX Z790-A GAMING WIFI D4,"122,500 LKR",Out of Stock,https://www.nanotek.lk/product/asus-rog-strix-z790-a-gaming-wifi-d4
Motherboards,ASUS PRIME Z890M-PLUS WIFI-CSM,"109,500 LKR",In Stock,https://www.nanotek.lk/product/asus-prime-z890m-plus-wifi-csm
Motherboards,ASUS PRIME A620M-K,"36,500 LKR",In Stock,https://www.nanotek.lk/product/asus-prime-a620m-k
Motherboards,ASUS ProArt B760-CREATOR,"73,000 LKR115,000 LKR",In Stock,https://www.nanotek.lk/product/asus-proart-b760-creator
Motherboards,ASUS PRIME B760M-A WIFI D5,"63,500 LKR",In Stock,https://www.nanotek.lk/product/asus-prime-b760m-a-wifi-d5
Motherboards,ASUS PRIME H510M-K R.20,"36,000 LKR",In Stock,https://www.nanotek.lk/product/asus-prime-h510m-k-r20
Motherboards,Asus PRIME B860-PLUS WIFI-CSM,"76,500 LKR",Out of Stock,https://www.nanotek.lk/product/asus-prime-b860-plus-wifi-csm
Motherboards,ASUS PRIME H610M-K D4-CSM,"35,000 LKR",Out of Stock,https://www.nanotek.lk/product/asus-prime-h610m-k-d4-csm
Motherboards,ASUS PRIME B840M-A WIFI CSM (3Y),"76,500 LKR",In stock,https://www.nanotek.lk/product/asus-prime-b840m-a-wifi-csm-3y
Motherboards,Asus TUF GAMING B860-PLUS WIFI,"94,000 LKR",In Stock,https://www.nanotek.lk/product/asus-tuf-gaming-b860-plus-wifi
Motherboards,Asus B860M AYW GAMING WIFI,"69,500 LKR",In stock,https://www.nanotek.lk/product/asus-b860m-ayw-gaming-wifi
Motherboards,Asus Z890 AYW GAMING WIFI (3Y),"115,000 LKR",In stock,https://www.nanotek.lk/product/asus-z890-ayw-gaming-wifi-3y
Motherboards,ASUS TUF GAMING Z890-PLUS WIFI,"139,000 LKR",In Stock,https://www.nanotek.lk/product/asus-tuf-gaming-z890-plus-wifi
Motherboards,ASUS ProArt Z890-CREATOR WIFI,"225,000 LKR",In Stock,https://www.nanotek.lk/product/asus-proart-z890-creator-wifi
Motherboards,Asus B650M-AYW WIFI,"57,000 LKR",Out of stock,https://www.nanotek.lk/product/asus-b650m-ayw-wifi
Motherboards,ASUS TUF GAMING H670-PRO WIFI D4,"79,000 LKR",Out of Stock,https://www.nanotek.lk/product/asus-tuf-gaming-h670-pro-wifi-d4
Motherboards,ASUS PRIME Z790-P WIFI D4 CSM,"99,000 LKR",Out of Stock,https://www.nanotek.lk/product/asus-prime-z790-p-wifi-d4-csm
Motherboards,MSI PRO H610M-S WIFI D4,"38,000 LKR",In Stock,https://www.nanotek.lk/product/msi-pro-h610m-s-wifi-d4
Motherboards,ASUS ROG STRIX B650E-F GAMING WIFI,"116,500 LKR",Out of Stock,https://www.nanotek.lk/product/asus-rog-strix-b650e-f-gaming-wifi
Motherboards,ASUS ROG STRIX Z890-F GAMING WIFI,"179,000 LKR",In Stock,https://www.nanotek.lk/product/asus-rog-strix-z890-f-gaming-wifi
Motherboards,ASUS PRIME A520M-K,"26,500 LKR",In Stock,https://www.nanotek.lk/product/asus-prime-a520m-k
Motherboards,ASUS TUF GAMING B850M-PLUS WIFI,"104,000 LKR",In Stock,https://www.nanotek.lk/product/asus-tuf-gaming-b850m-plus-wifi
Motherboards,ASUS PROART X670E-CREATOR WIFI,"229,000 LKR",Out of Stock,https://www.nanotek.lk/product/asus-proart-x670e-creator-wifi
Motherboards,ASUS ROG STRIX Z790-F GAMING WIFI II,"175,000 LKR207,000 LKR",Out of Stock,https://www.nanotek.lk/product/asus-rog-strix-z790-f-gaming-wifi-ii
Motherboards,ASUS ROG MAXIMUS Z790 DARK HERO,"299,000 LKR",Out of Stock,https://www.nanotek.lk/product/asus-rog-maximus-z790-dark-hero
Motherboards,ASUS PRIME B450M-A II,"39,500 LKR",Out of Stock,https://www.nanotek.lk/product/asus-prime-b450m-a-ii
Motherboards,ASUS PRIME A520M-A II,"36,000 LKR",Out of Stock,https://www.nanotek.lk/product/asus-prime-a520m-a-ii
Motherboards,ASUS PRIME X670-P WIFI-CSM,"139,000 LKR",Out of Stock,https://www.nanotek.lk/product/asus-prime-x670-p-wifi-csm
Motherboards,ASUS ROG STRIX Z790-E GAMING WIFI II,"179,000 LKR",Out of Stock,https://www.nanotek.lk/product/asus-rog-strix-z790-e-gaming-wifi-ii
Motherboards,ASUS PRIME Z790-P CSM WIFI DDR5,"92,500 LKR",Out of Stock,https://www.nanotek.lk/product/asus-prime-z790-p-csm-wifi-ddr5
Motherboards,ASUS Prime H610M-K,"33,000 LKR",Out of Stock,https://www.nanotek.lk/product/asus-prime-h610m-k
Motherboards,ASUS PRIME B760M-K D4,"46,500 LKR",In Stock,https://www.nanotek.lk/product/asus-prime-b760m-k-d4
Motherboards,ASUS Prime H610M-K CSM,"33,500 LKR",Out of Stock,https://www.nanotek.lk/product/asus-prime-h610m-k-csm
Motherboards,ASUS ROG STRIX B760-F GAMING WIFI DDR5,"99,000 LKR",Out of Stock,https://www.nanotek.lk/product/asus-rog-strix-b760-f-gaming-wifi-ddr5
Motherboards,ASUS PRIME B650M-A WIFI II,"74,000 LKR",In Stock,https://www.nanotek.lk/product/asus-prime-b650m-a-wifi-ii
Motherboards,ASUS PRIME B550M-A WIFI II,"57,500 LKR",In Stock,https://www.nanotek.lk/product/asus-prime-b550m-a-wifi-ii
Motherboards,ASUS PRIME B840-PLUS WIFI CSM,"78,000 LKR",In Stock,https://www.nanotek.lk/product/asus-prime-b840-plus-wifi-csm
Motherboards,Asus TUF GAMING X870-PLUS WIFI,"175,000 LKR",In Stock,https://www.nanotek.lk/product/asus-tuf-gaming-x870-plus-wifi
Motherboards,ASUS PRIME B550M-A,"49,500 LKR",Out of Stock,https://www.nanotek.lk/product/asus-prime-b550m-a
Motherboards,ASUS TUF GAMING B850-PLUS WIFI,"108,500 LKR",Out of Stock,https://www.nanotek.lk/product/asus-tuf-gaming-b850-plus-wifi
Motherboards,ASUS ROG CROSSHAIR X870E HERO,"299,000 LKR",Out of Stock,https://www.nanotek.lk/product/asus-rog-crosshair-x870e-hero
Motherboards,ASUS PRIME H610M-D D4 CSM,"35,500 LKR",Out of Stock,https://www.nanotek.lk/product/asus-prime-h610m-d-d4-csm
Motherboards,ASUS TUF B660-PLUS WIFI D4,"62,000 LKR",Out of Stock,https://www.nanotek.lk/product/asus-tuf-b660-plus-wifi-d4
Motherboards,ASUS PRIME X870-P WIFI-CSM,"124,500 LKR",Out of Stock,https://www.nanotek.lk/product/asus-prime-x870-p-wifi-csm
Motherboards,ASUS TUF GAMING Z890-PRO WIFI,"143,000 LKR",Out of Stock,https://www.nanotek.lk/product/asus-tuf-gaming-z890-pro-wifi
Motherboards,ASUS PRIME H610M-K CSM DDR5,"33,000 LKR",In Stock,https://www.nanotek.lk/product/asus-prime-h610m-k-csm-ddr5
Motherboards,ASUS ROG Strix X870-F Gaming WiFi,"199,000 LKR",Out of Stock,https://www.nanotek.lk/product/asus-rog-strix-x870-f-gaming-wifi
Motherboards,ASUS TUF B550M-PLUS WIFI II,"78,500 LKR",In Stock,https://www.nanotek.lk/product/asus-tuf-b550m-plus-wifi-ii
Motherboards,ASUS TUF B760-PLUS WIFI DDR5,"73,500 LKR",Out of Stock,https://www.nanotek.lk/product/asus-tuf-b760-plus-wifi-ddr5
Motherboards,ASUS TUF GAMING Z790-PLUS WIFI DDR5,"125,000 LKR",Out of Stock,https://www.nanotek.lk/product/asus-tuf-gaming-z790-plus-wifi-ddr5
Motherboards,ASUS TUF B660M-PLUS D4,"69,500 LKR",Out of Stock,https://www.nanotek.lk/product/asus-tuf-b660m-plus-d4
Motherboards,ASUS PRIME B550M-K,"39,500 LKR",Out of Stock,https://www.nanotek.lk/product/asus-prime-b550m-k
Motherboards,ASUS TUF GAMING B650-PLUS,"79,500 LKR",Out of Stock,https://www.nanotek.lk/product/asus-tuf-gaming-b650-plus
Motherboards,MSI PRO B760M-A WIFI DDR4,"68,000 LKR",In Stock,https://www.nanotek.lk/product/msi-pro-b760m-a-wifi-ddr4
Motherboards,ASROCK PHANTOM GAMING Z890 NOVA WIFI DDR5,"149,500 LKR",In stock,https://www.nanotek.lk/product/asrock-phantom-gaming-z890-nova-wifi-ddr5
Motherboards,ASROCK X870 PRO-A WIFI DDR5,"99,500 LKR",In stock,https://www.nanotek.lk/product/asrock-x870-pro-a-wifi-ddr5
Motherboards,ASROCK X870 LIVEMIXER WIFI DDR5,"129,500 LKR",In stock,https://www.nanotek.lk/product/asrock-x870-livemixer-wifi-ddr5
Motherboards,ASROCK PHANTOM GAMING X870E NOVA WIFI DDR5,"149,500 LKR",In stock,https://www.nanotek.lk/product/asrock-phantom-gaming-x870e-nova-wifi-ddr5
Motherboards,ASROCK X870E TAICHI WIFI DDR5,"179,000 LKR",In stock,https://www.nanotek.lk/product/asrock-x870e-taichi-wifi-ddr5
Motherboards,ASROCK X870 TAICHI CREATOR WIFI DDR5,"199,000 LKR",In stock,https://www.nanotek.lk/product/asrock-x870-taichi-creator-wifi-ddr5
Motherboards,ASROCK B850M PRO-A WIFI DDR5,"69,500 LKR",Out of Stock,https://www.nanotek.lk/product/asrock-b850m-pro-a-wifi-ddr5
Motherboards,ASROCK PHANTOM GAMING B850M RIPTIDE WIFI DDR5,"79,000 LKR",In stock,https://www.nanotek.lk/product/asrock-phantom-gaming-b850m-riptide-wifi-ddr5
Motherboards,ASROCK PHANTOM GAMING B850 RIPTIDE WIFI DDR5,"85,000 LKR",Out of Stock,https://www.nanotek.lk/product/asrock-phantom-gaming-b850-riptide-wifi-ddr5
Motherboards,ASROCK B860M PRO-A WIFI DDR5,"69,500 LKR",In stock,https://www.nanotek.lk/product/asrock-b860m-pro-a-wifi-ddr5
Motherboards,ASROCK B860M STEEL LEGEND WIFI DDR5,"84,500 LKR",In stock,https://www.nanotek.lk/product/asrock-b860m-steel-legend-wifi-ddr5
Motherboards,ASROCK H810M-X GEN5 WIFI DDR5,"59,000 LKR",In stock,https://www.nanotek.lk/product/asrock-h810m-x-gen5-wifi-ddr5
Motherboards,ASROCK H610M-X GEN5 WIFI DDR5,"35,000 LKR",In stock,https://www.nanotek.lk/product/asrock-h610m-x-gen5-wifi-ddr5
Motherboards,ASROCK A620AM-HVS DDR5,"34,500 LKR",In stock,https://www.nanotek.lk/product/asrock-a620am-hvs-ddr5
Motherboards,ASROCK A520M/AC DDR4,"25,000 LKR",Out of stock,https://www.nanotek.lk/product/asrock-a520mac-ddr4
Motherboards,MSI PRO A620AM-B EVO,"40,000 LKR",In Stock,https://www.nanotek.lk/product/msi-pro-a620am-b-evo
Motherboards,MSI B550M PRO VDH WIFI,"50,500 LKR",In Stock,https://www.nanotek.lk/product/msi-b550m-pro-vdh-wifi
Motherboards,MSI PRO B760M-P DDR4,"47,000 LKR",In Stock,https://www.nanotek.lk/product/msi-pro-b760m-p-ddr4
Motherboards,MSI MPG X870E CARBON WIFI,"214,000 LKR",In Stock,https://www.nanotek.lk/product/msi-mpg-x870e-carbon-wifi
Motherboards,MSI PRO B840M-P WIFI6E,"69,000 LKR",In Stock,https://www.nanotek.lk/product/msi-pro-b840m-p-wifi6e
Motherboards,MSI Pro B760M-A WIFI DDR5,"59,500 LKR",In stock,https://www.nanotek.lk/product/msi-pro-b760m-a-wifi-ddr5
Motherboards,MSI B840 GAMING PLUS WIFI,"79,500 LKR",In Stock,https://www.nanotek.lk/product/msi-b840-gaming-plus-wifi
Motherboards,MSI PRO A620M-E,"34,000 LKR",Out of Stock,https://www.nanotek.lk/product/msi-pro-a620m-e
Motherboards,MSI H810M GAMING WIFI6E D5,"59,000 LKR",Out of Stock,https://www.nanotek.lk/product/msi-h810m-gaming-wifi6e-d5
Motherboards,MSI PRO B760M-P,"47,500 LKR",In Stock,https://www.nanotek.lk/product/msi-pro-b760m-p-1
Motherboards,MSI B840M GAMING PLUS WIFI6E,"61,500 LKR",Out of Stock,https://www.nanotek.lk/product/msi-b840m-gaming-plus-wifi6e
Motherboards,MSI X870 GAMING PLUS WIFI,"126,500 LKR",Out of Stock,https://www.nanotek.lk/product/msi-x870-gaming-plus-wifi
Motherboards,MSI PRO B760M-E DDR5,"38,500 LKR",In stock,https://www.nanotek.lk/product/msi-pro-b760m-e-ddr5
Motherboards,MSI MAG Z890 TOMAHAWK WIFI,"159,000 LKR",In Stock,https://www.nanotek.lk/product/msi-mag-z890-tomahawk-wifi
Motherboards,MSI PRO H610M-E DDR4,"32,000 LKR",In Stock,https://www.nanotek.lk/product/msi-pro-h610m-e-ddr4
Motherboards,MSI B860 GAMING PLUS WIFI,"95,000 LKR",Out of Stock,https://www.nanotek.lk/product/msi-b860-gaming-plus-wifi
Motherboards,MSI MAG Z790 TOMAHAWK WIFI,"125,000 LKR",Out of Stock,https://www.nanotek.lk/product/msi-mag-z790-tomahawk-wifi
Motherboards,MSI B850 GAMING PLUS WIFI,"93,000 LKR",Out of Stock,https://www.nanotek.lk/product/msi-b850-gaming-plus-wifi
Motherboards,MSI PRO B650M-P,"48,000 LKR",In Stock,https://www.nanotek.lk/product/msi-pro-b650m-p
Motherboards,MSI PRO H810M-B D5,"48,500 LKR",Out of Stock,https://www.nanotek.lk/product/msi-pro-h810m-b-d5
Motherboards,MSI PRO B760M-E DDR4,"40,000 LKR",In Stock,https://www.nanotek.lk/product/msi-pro-b760m-e-ddr4
Motherboards,MSI PRO H610M-E DDR5,"31,500 LKR",In Stock,https://www.nanotek.lk/product/msi-pro-h610m-e-ddr5
Motherboards,MSI B760 GAMING PLUS WIFI DDR5,"68,500 LKR",In Stock,https://www.nanotek.lk/product/msi-b760-gaming-plus-wifi-ddr5
Motherboards,MSI MAG X870E GAMING MAX WIFI,"126,000 LKR",In Stock,https://www.nanotek.lk/product/msi-mag-x870e-gaming-max-wifi
Motherboards,MSI Z790 GAMING PLUS WIFI DDR5,"99,500 LKR",In Stock,https://www.nanotek.lk/product/msi-z790-gaming-plus-wifi-ddr5
Motherboards,MSI B650M GAMING PLUS WIFI,"69,000 LKR",In Stock,https://www.nanotek.lk/product/msi-b650m-gaming-plus-wifi
Motherboards,MSI B850M GAMING PLUS WIFI6E,"78,500 LKR",In Stock,https://www.nanotek.lk/product/msi-b850m-gaming-plus-wifi6e
Motherboards,MSI MAG X870E TOMAHAWK MAX WIFI,"164,000 LKR",Out of Stock,https://www.nanotek.lk/product/msi-mag-x870e-tomahawk-max-wifi
Motherboards,MSI B760M GAMING PLUS WIFI,"67,000 LKR",In Stock,https://www.nanotek.lk/product/msi-b760m-gaming-plus-wifi
Motherboards,MSI B650M PROJECT ZERO WIFI D5,"83,000 LKR",Out of Stock,https://www.nanotek.lk/product/msi-b650m-project-zero-wifi-d5
Motherboards,MSI MAG X670E TOMAHAWK WIFI,"126,500 LKR",Out of Stock,https://www.nanotek.lk/product/msi-mag-x670e-tomahawk-wifi
Motherboards,MSI MAG X870 TOMAHAWK WIFI,"144,500 LKR",Out of Stock,https://www.nanotek.lk/product/msi-mag-x870-tomahawk-wifi
Motherboards,MSI B760M PROJECT ZERO DDR5,"83,000 LKR",Out of Stock,https://www.nanotek.lk/product/msi-b760m-project-zero-ddr5
Motherboards,MSI Z890 GAMING PLUS WIFI,"127,000 LKR",Out of Stock,https://www.nanotek.lk/product/msi-z890-gaming-plus-wifi
Motherboards,MSI B450 GAMING PLUS MAX,"40,000 LKR",Out of Stock,https://www.nanotek.lk/product/msi-b450-gaming-plus-max
Motherboards,MSI A520M-A PRO,"26,500 LKR",In Stock,https://www.nanotek.lk/product/msi-a520m-a-pro
Motherboards,MSI B650 GAMING PLUS WIFI,"66,500 LKR",Out of Stock,https://www.nanotek.lk/product/msi-b650-gaming-plus-wifi
Motherboards,MSI X870E GAMING PLUS WIFI,"124,000 LKR",In Stock,https://www.nanotek.lk/product/msi-x870e-gaming-plus-wifi-1
Memory Ram,CRUCIAL 8GB DDR4 3200MHZ - LAPTOP RAM,"28,500 LKR",In Stock,https://www.nanotek.lk/product/crucial-8gb-ddr4-3200mhz-laptop-ram
Memory Ram,CORSAIR  VENGEANCE RGB RS 32GB (2X16GB) DDR5 6000MHZ KIT,"180,000 LKR",In Stock,https://www.nanotek.lk/product/corsair-vengeance-rgb-rs-32gb-2x16gb-ddr5-6000mhz-kit
Memory Ram,TRANSCEND 8GB DDR5 4800MHZ - DESKTOP RAM,"42,500 LKR",Out of Stock,https://www.nanotek.lk/product/transcend-8gb-ddr5-4800mhz-desktop-ram
Memory Ram,ADDLINK SPIDER S5 16GB 6000MZ DDR5,"89,000 LKR",In Stock,https://www.nanotek.lk/product/addlink-spider-s5-16gb-6000mz-ddr5
Memory Ram,CORSAIR VENGEANCE 64GB (2x32GB) DDR5 5600MHz Kit,"299,000 LKR",In Stock,https://www.nanotek.lk/product/corsair-vengeance-64gb-2x32gb-ddr5-5600mhz-kit
Memory Ram,CORSAIR VENGEANCE DDR5 16GB 6000MHZ - Intel,"92,500 LKR",In Stock,https://www.nanotek.lk/product/corsair-vengeance-ddr5-16gb-6000mhz-intel
Memory Ram,TRANSCEND 8GB DDR4 3200MHZ - LAPTOP RAM,"28,500 LKR",In Stock,https://www.nanotek.lk/product/transcend-8gb-ddr4-3200mhz-laptop-ram
Memory Ram,Corsair Vengeance LPX 16GB 3200Mhz DDR4,"53,000 LKR",In stock,https://www.nanotek.lk/product/corsair-vengeance-lpx-16gb-3200mhz-ddr4
Memory Ram,KINGSTON FURY BEAST 32GB DDR5 6000MHZ - DESKTOP RAM,"167,000 LKR",Out of Stock,https://www.nanotek.lk/product/kingston-fury-beast-32gb-ddr5-6000mhz-desktop-ram
Memory Ram,TEAM T-CREATE EXPERT 64GB 6000MHZ DDR5 KIT,"379,000 LKR",In stock,https://www.nanotek.lk/product/team-t-create-expert-64gb-6000mhz-ddr5-kit
Memory Ram,ADATA DDR5 16GB 5600MHZ - LAPTOP RAM,"79,500 LKR",In Stock,https://www.nanotek.lk/product/adata-ddr5-16gb-5600mhz-laptop-ram
Memory Ram,TEAM T-CREATE EXPERT 48GB (24X2) 6000MHZ,"250,000 LKR",In Stock,https://www.nanotek.lk/product/team-t-create-expert-48gb-24x2-6000mhz
Memory Ram,TEAM ELITE 16GB DDR5 5600MHZ - DESKTOP RAM,"77,500 LKR",In stock,https://www.nanotek.lk/product/team-elite-16gb-ddr5-5600mhz-desktop-ram
Memory Ram,TEAM ELITE 16GB DDR4 3200MHZ - LAPTOP RAM,"49,500 LKR",In stock,https://www.nanotek.lk/product/team-elite-16gb-ddr4-3200mhz-laptop-ram
Memory Ram,TEAM ELITE 16GB DDR5 5600MHZ - LAPTOP RAM,"77,500 LKR",In stock,https://www.nanotek.lk/product/team-elite-16gb-ddr5-5600mhz-laptop-ram
Memory Ram,CORSAIR DOMINATOR TITANIUM RGB 32GB (2X16GB) DDR5 6000MHZ,"189,000 LKR",Out of Stock,https://www.nanotek.lk/product/corsair-dominator-titanium-rgb-32gb-2x16gb-ddr5-6000mhz
Memory Ram,TRANSCEND 32GB DDR5  5600MHZ - LAPTOP RAM,"139,500 LKR",Out of Stock,https://www.nanotek.lk/product/transcend-32gb-ddr5-5600mhz-laptop-ram
Memory Ram,TRANSCEND 16GB DDR5  4800MHZ - LAPTOP RAM,"82,000 LKR",Out of Stock,https://www.nanotek.lk/product/transcend-16gb-ddr5-4800mhz-laptop-ram
Memory Ram,TEAM TCREATE CLASSIC 32GB DDR5 5600MHZ - LAPTOP RAM,"139,500 LKR",Out of Stock,https://www.nanotek.lk/product/team-tcreate-classic-32gb-ddr5-5600mhz-laptop-ram
Memory Ram,CRUCIAL 16GB DDR5 5600MHZ - LAPTOP RAM,"82,000 LKR",Out of Stock,https://www.nanotek.lk/product/crucial-16gb-ddr5-5600mhz-laptop-ram
Memory Ram,CORSAIR VENGEANCE 64GB (2x32GB) DDR5 6000MHz Kit,"299,000 LKR",Out of stock,https://www.nanotek.lk/product/corsair-vengeance-64gb-2x32gb-ddr5-6000mhz-kit
Memory Ram,KINGSTON FURY BEAST RGB 32GB DDR5 6000MHZ - DESKTOP RAM,"172,000 LKR",In stock,https://www.nanotek.lk/product/kingston-fury-beast-rgb-32gb-ddr5-6000mhz-desktop-ram
Memory Ram,TRANSCEND 32GB DDR4 3200MHZ - DESKTOP RAM,"85,000 LKR",In stock,https://www.nanotek.lk/product/transcend-32gb-ddr4-3200mhz-desktop-ram
Memory Ram,CORSAIR VENGEANCE RGB 64GB (2X32GB) DDR5 6000MHZ - AMD,"349,000 LKR",In stock,https://www.nanotek.lk/product/corsair-vengeance-rgb-64gb-2x32gb-ddr5-6000mhz-amd
Memory Ram,KINGSTON 32GB DDR5 5600MHZ - DESKTOP RAM,"149,500 LKR",In stock,https://www.nanotek.lk/product/kingston-32gb-ddr5-5600mhz-desktop-ram
Memory Ram,CORSAIR DOMINATOR TITANIUM RGB 64GB 6400MHZ DDR5 - Intel,"375,000 LKR",Out of Stock,https://www.nanotek.lk/product/corsair-dominator-titanium-rgb-64gb-6400mhz-ddr5-intel
Memory Ram,TEAM TFORCE DELTA RGB 64GB 6000MHZ DDR5 - INTEL KIT,"310,000 LKR",In Stock,https://www.nanotek.lk/product/team-tforce-delta-rgb-64gb-6000mhz-ddr5-intel-kit
Memory Ram,Adata XPG Gammix 8GB 3200Mhz D35 DDR4,"29,500 LKR",In stock,https://www.nanotek.lk/product/adata-xpg-gammix-8gb-3200mhz-d35-ddr4
Memory Ram,ADATA 16GB 3200MHZ DDR4 DESKTOP RAM,"42,500 LKR",Out of Stock,https://www.nanotek.lk/product/adata-16gb-3200mhz-ddr4-desktop-ram-1
Memory Ram,TEAM TFORCE DELTA RGB 32GB 6000MHZ DDR5 - INTEL KIT,"179,500 LKR",In stock,https://www.nanotek.lk/product/team-tforce-delta-rgb-32gb-6000mhz-ddr5-intel-kit
Memory Ram,TEAM TFORCE DELTAα RGB 64GB 6000MHZ DDR5 - AMD KIT,"310,000 LKR",In Stock,https://www.nanotek.lk/product/team-tforce-deltaa-rgb-64gb-6000mhz-ddr5-amd-kit
Memory Ram,TEAM T-CREATE EXPERT 96GB 6000MHZ DDR5 KIT,"499,000 LKR",In stock,https://www.nanotek.lk/product/team-t-create-expert-96gb-6000mhz-ddr5-kit
Memory Ram,TEAM TFORCE DELTA RGB 32GB 5600MHZ DDR5 - INTEL KIT,"169,500 LKR",In stock,https://www.nanotek.lk/product/team-tforce-delta-rgb-32gb-5600mhz-ddr5-intel-kit
Memory Ram,TEAM TFORCE DELTAα RGB 32GB 5600MHZ DDR5 - AMD KIT,"129,500 LKR",Out of Stock,https://www.nanotek.lk/product/team-tforce-deltaa-rgb-32gb-5600mhz-ddr5-amd-kit
Memory Ram,TEAM T-Force XTREEM ARGB 32GB 8000MHz DDR5 KIT,"199,000 LKR",Out of Stock,https://www.nanotek.lk/product/team-t-force-xtreem-argb-32gb-8000mhz-ddr5-kit
Memory Ram,CORSAIR VENGEANCE DDR5 32GB 5600MHz DDR5 - Intel,"174,000 LKR",In stock,https://www.nanotek.lk/product/corsair-vengeance-ddr5-32gb-5600mhz-ddr5-intel
Memory Ram,CORSAIR VENGEANCE DDR5 16GB 5600MHz - Intel,"89,500 LKR",In stock,https://www.nanotek.lk/product/corsair-vengeance-ddr5-16gb-5600mhz-intel
Memory Ram,TEAM TFORCE VULCAN 16GB 5600MHZ DDR5 - INTEL,"89,000 LKR",In stock,https://www.nanotek.lk/product/team-tforce-vulcan-16gb-5600mhz-ddr5-intel
Memory Ram,Team TFORCE VULCAN Z 8GB 3200MHZ DDR4,"29,500 LKR",In Stock,https://www.nanotek.lk/product/team-tforce-vulcan-z-8gb-3200mhz-ddr4
Memory Ram,CORSAIR VENGEANCE RGB 16GB 5600MHZ DDR5 - Intel,"94,000 LKR",In stock,https://www.nanotek.lk/product/corsair-vengeance-rgb-16gb-5600mhz-ddr5-intel
Memory Ram,Corsair Vengeance LPX 8GB 3200Mhz DDR4,"31,500 LKR",In Stock,https://www.nanotek.lk/product/corsair-vengeance-lpx-8gb-3200mhz-ddr4
Memory Ram,CORSAIR  VENGEANCE RGB 32GB (2X16GB) DDR5 6000MHZ KIT,"185,000 LKR",Out of Stock,https://www.nanotek.lk/product/corsair-vengeance-rgb-32gb-2x16gb-ddr5-6000mhz-kit
Memory Ram,TEAM TFORCE VULCANα 32GB 5600MHZ DDR5 - AMD,"149,500 LKR",Out of Stock,https://www.nanotek.lk/product/team-tforce-vulcana-32gb-5600mhz-ddr5-amd
Memory Ram,G.SKILL Ripjaws V 16GB 3200Mhz DDR4,"29,500 LKR",Out of Stock,https://www.nanotek.lk/product/gskill-ripjaws-v-16gb-3200mhz-ddr4
Memory Ram,TEAM T-Force XTREEM ARGB 32GB 7600MHz DDR5 KIT,"149,500 LKR",Out of Stock,https://www.nanotek.lk/product/team-t-force-xtreem-argb-32gb-7600mhz-ddr5-kit
Power Supply Ups Surge Protectors,ASUS ROG THOR 1600W TITANIUM III FULL MODULAR,"285,000 LKR",In Stock,https://www.nanotek.lk/product/asus-rog-thor-1600w-titanium-iii-full-modular
Power Supply Ups Surge Protectors,ASUS ROG THOR PLATINUM III 1200W,"169,000 LKR",In Stock,https://www.nanotek.lk/product/asus-rog-thor-platinum-iii-1200w
Power Supply Ups Surge Protectors,"ASUS TUF GAMING 1200W GOLD, ATX 3.0 FULLY MODULAR","89,500 LKR",Out of Stock,https://www.nanotek.lk/product/asus-tuf-gaming-1200w-gold-atx-30-fully-modular-1
Power Supply Ups Surge Protectors,ASUS ROG STRIX 850W PLATINUM,"78,500 LKR",In stock,https://www.nanotek.lk/product/asus-rog-strix-850w-platinum
Power Supply Ups Surge Protectors,ASUS PRIME 750W BRONZE,"22,500 LKR",In Stock,https://www.nanotek.lk/product/asus-prime-750w-bronze
Power Supply Ups Surge Protectors,ASUS PRIME 650W BRONZE,"20,000 LKR",In Stock,https://www.nanotek.lk/product/asus-prime-650w-bronze
Power Supply Ups Surge Protectors,ASUS ROG LOKI SFX-L 850W PLATINUM ATX 3.0 QUIET COMPACT FORM FACTOR POWER SUPPLY,"73,000 LKR",In Stock,https://www.nanotek.lk/product/asus-rog-loki-sfx-l-850w-platinum-atx-30-quiet-compact-form-factor-power-supply
Power Supply Ups Surge Protectors,Asus ROG STRIX 1000W Gold Aura Edition,"99,000 LKR",Out of Stock,https://www.nanotek.lk/product/asus-rog-strix-1000w-gold-aura-edition
Power Supply Ups Surge Protectors,ASUS TUF 850W 80+ GOLD,"53,500 LKR",Out of Stock,https://www.nanotek.lk/product/asus-tuf-850w-80-gold
Power Supply Ups Surge Protectors,MSI MAG A650BN 80+ BRONZE,"24,500 LKR",In stock,https://www.nanotek.lk/product/msi-mag-a650bn-80-bronze
Power Supply Ups Surge Protectors,PROLINK UPS PRO1201SFCU,"22,500 LKR",In Stock,https://www.nanotek.lk/product/prolink-ups-pro1201sfcu
Power Supply Ups Surge Protectors,PROLINK PRO902ES PROFESSIONAL II+ SERIES 2KVA ONLINE UPS,"112,500 LKR",In Stock,https://www.nanotek.lk/product/prolink-pro902es-professional-ii-series-2kva-online-ups-1
Power Supply Ups Surge Protectors,MSI MAG A850GL PCIE5 80+ Gold Fully Modular,"44,000 LKR",Out of Stock,https://www.nanotek.lk/product/msi-mag-a850gl-pcie5-80-gold-fully-modular
Power Supply Ups Surge Protectors,PROLINK PRO903ES PROFESSIONAL II SERIES 3KVA ONLINE UPS,"142,000 LKR",In stock,https://www.nanotek.lk/product/prolink-pro903es-professional-ii-series-3kva-online-ups
Power Supply Ups Surge Protectors,ANTEC SF850X 850W ATX3.1 80+ GOLD,"45,000 LKR",In Stock,https://www.nanotek.lk/product/antec-sf850x-850w-atx31-80-gold
Power Supply Ups Surge Protectors,PROLINK UPS PRO2000SFCU,"42,000 LKR",In Stock,https://www.nanotek.lk/product/prolink-ups-pro2000sfcu
Power Supply Ups Surge Protectors,MSI MAG A550BN 80+ BRONZE,"20,000 LKR",In Stock,https://www.nanotek.lk/product/msi-mag-a550bn-80-bronze
Power Supply Ups Surge Protectors,ANTEC ATOM G650 650W 80+ GOLD Semi Modular ATX 2.0,"22,500 LKR",In Stock,https://www.nanotek.lk/product/antec-atom-g650-650w-80-gold-semi-modular-atx-20
Power Supply Ups Surge Protectors,Corsair RMe RM750E CYBERNETICS 750W 80+ GOLD,"46,500 LKR",In Stock,https://www.nanotek.lk/product/corsair-rme-rm750e-cybernetics-750w-80-gold
Power Supply Ups Surge Protectors,Corsair RMx RM850X CYBERNETICS 850W ATX v3.1,"55,000 LKR",In Stock,https://www.nanotek.lk/product/corsair-rmx-rm850x-cybernetics-850w-atx-v31
Power Supply Ups Surge Protectors,CORSAIR CX SERIES CX550 – 550 WATT 80 PLUS BRONZE ATX POWER SUPPLY,"18,500 LKR",Out of Stock,https://www.nanotek.lk/product/corsair-cx-series-cx550-550-watt-80-plus-bronze-atx-power-supply
Power Supply Ups Surge Protectors,ANTEC ATOM V450 450W,"10,000 LKR",In stock,https://www.nanotek.lk/product/antec-atom-v450-450w
Power Supply Ups Surge Protectors,PROLINK UPS PRO701SFC,"10,500 LKR",In Stock,https://www.nanotek.lk/product/prolink-ups-pro701sfc
Power Supply Ups Surge Protectors,MSI MAG A1000GL PCIE5 80+ Gold Fully Modular,"62,500 LKR",In stock,https://www.nanotek.lk/product/msi-mag-a1000gl-pcie5-80-gold-fully-modular
Power Supply Ups Surge Protectors,CORSAIR CX Series CX650 – 650 Watt 80 PLUS Bronze ATX Power Supply,"21,500 LKR",In Stock,https://www.nanotek.lk/product/corsair-cx-series-cx650-650-watt-80-plus-bronze-atx-power-supply
Power Supply Ups Surge Protectors,PROLINK PRO910ES PROFESSIONAL II SERIES 10KVA ONLINE UPS,"572,000 LKR",Pre Order,https://www.nanotek.lk/product/prolink-pro910es-professional-ii-series-10kva-online-ups
Power Supply Ups Surge Protectors,PROLINK PRO906ES PROFESSIONAL II SERIES 6KVA ONLINE UPS,"455,000 LKR",Pre Order,https://www.nanotek.lk/product/prolink-pro906es-professional-ii-series-6kva-online-ups
Power Supply Ups Surge Protectors,Antec ATOM B650 650W 80+ Bronze,"18,500 LKR",In Stock,https://www.nanotek.lk/product/antec-atom-b650-650w-80-bronze-1
Power Supply Ups Surge Protectors,Antec ATOM B550 550W 80+ Bronze,"16,500 LKR",In Stock,https://www.nanotek.lk/product/antec-atom-b550-550w-80-bronze-1
Power Supply Ups Surge Protectors,Seasonic Vertex GX-850 850W 80 Plus Gold Modular,"60,000 LKR",Out of Stock,https://www.nanotek.lk/product/seasonic-vertex-gx-850-850w-80-plus-gold-modular
Power Supply Ups Surge Protectors,SEASONIC S12III SERIES 650W 80+ BRONZE,"24,500 LKR",Out of Stock,https://www.nanotek.lk/product/seasonic-s12iii-series-650w-80-bronze
Power Supply Ups Surge Protectors,ANTEC GSK750 750W ATX3.1  FULLY MODULAR 80+ GOLD,"35,000 LKR",In Stock,https://www.nanotek.lk/product/antec-gsk750-750w-atx31-fully-modular-80-gold
Power Supply Ups Surge Protectors,ANTEC GSK850 850W ATX3.1  FULLY MODULAR 80+ GOLD,"39,000 LKR",Out of stock,https://www.nanotek.lk/product/antec-gsk850-850w-atx31-fully-modular-80-gold
Power Supply Ups Surge Protectors,ANTEC ATOM G750 750W 80+ GOLD Semi Modular ATX 2.0,"24,500 LKR",In stock,https://www.nanotek.lk/product/antec-atom-g750-750w-80-gold-semi-modular-atx-20
Power Supply Ups Surge Protectors,GAMDIAS HELIOS M1-550B 550W BRNZE,"15,500 LKR",Out of Stock,https://www.nanotek.lk/product/gamdias-helios-m1-550b-550w-brnze
Power Supply Ups Surge Protectors,Corsair RM1200x Shift 80+ GOLD Fully Modular ATX 3.0 & PCIe 5.0,"80,000 LKR",Out of Stock,https://www.nanotek.lk/product/corsair-rm1200x-shift-80-gold-fully-modular-atx-30-pcie-50
Power Supply Ups Surge Protectors,NZXT C750 Gold Core 750 Watt 80+ Gold Fully Modular,"37,000 LKR",Out of Stock,https://www.nanotek.lk/product/nzxt-c750-gold-core-750-watt-80-gold-fully-modular
Power Supply Ups Surge Protectors,CORSAIR RM1000X FULLY MODULAR 80+ GOLD,"65,500 LKR",Out of Stock,https://www.nanotek.lk/product/corsair-rm1000x-fully-modular-80-gold
Power Supply Ups Surge Protectors,ANTEC NEOECO GOLD MODULAR NE850G M ATX 3.0 850W,"41,500 LKR48,000 LKR",Out of Stock,https://www.nanotek.lk/product/antec-neoeco-gold-modular-ne850g-m-atx-30-850w
Power Supply Ups Surge Protectors,ANTEC NEOECO GOLD MODULAR NE650G M 650W,"24,500 LKR",Out of Stock,https://www.nanotek.lk/product/antec-neoeco-gold-modular-ne650g-m-650w
Power Supply Ups Surge Protectors,THERMALTAKE TOUGHPOWER GF2 ARGB 850W 80+ GOLD FULL MODULAR,"45,000 LKR",Out of Stock,https://www.nanotek.lk/product/thermaltake-toughpower-gf2-argb-850w-80-gold-full-modular
Power Supply Ups Surge Protectors,PROLINK UPS PRO3300SFCU,"70,000 LKR",In Stock,https://www.nanotek.lk/product/prolink-ups-pro3300sfcu
Power Supply Ups Surge Protectors,ANTEC CUPRUM STRIKE CSK 450W 80+ BRONZE,"12,500 LKR",Out of Stock,https://www.nanotek.lk/product/antec-cuprum-strike-csk-450w-80-bronze
Power Supply Ups Surge Protectors,CORSAIR CX Series CX750 750W 80+ Bronze ATX Power Supply,"23,000 LKR",Out of Stock,https://www.nanotek.lk/product/corsair-cx-series-cx750-750w-80-bronze-atx-power-supply
Power Supply Ups Surge Protectors,MSI MAG A750GL PCIE5 750 WATT 80+ Gold Fully Modular,"37,500 LKR",In Stock,https://www.nanotek.lk/product/msi-mag-a750gl-pcie5-750-watt-80-gold-fully-modular
Power Supply Ups Surge Protectors,ANTEC HCG 1200W PRO PCIe 5.1 ATX3.1 80+ PLATINUM Full Modular,"84,500 LKR",In Stock,https://www.nanotek.lk/product/antec-hcg-1200w-pro-pcie-51-atx31-80-platinum-full-modular
Power Supply Ups Surge Protectors,ANTEC HCG 1000W PRO PCIe 5  ATX3.1 80+ PLATINUM  Full Modular,"74,500 LKR",In Stock,https://www.nanotek.lk/product/antec-hcg-1000w-pro-pcie-5-atx31-80-platinum-full-modular
Power Supply Ups Surge Protectors,ASUS ROG-THOR 1000W Platinum II  80+ Platinum Full Modular,"129,000 LKR",Out of Stock,https://www.nanotek.lk/product/asus-rog-thor-1000w-platinum-ii-80-platinum-full-modular
Power Supply Ups Surge Protectors,ASUS ROG STRIX 1000W 80+ PLATINUM POWER SUPPLY,"92,000 LKR",In Stock,https://www.nanotek.lk/product/asus-rog-strix-1000w-80-platinum-power-supply-1
Power Supply Ups Surge Protectors,ANTEC NE1000G M ATX3.0 1000W 80+ GOLD,"54,500 LKR",Out of Stock,https://www.nanotek.lk/product/antec-ne1000g-m-atx30-1000w-80-gold
Cooling Lighting,ASUS AR120 ARGB PWM SINGLE PACK,"3,000 LKR",In Stock,https://www.nanotek.lk/product/asus-ar120-argb-pwm-single-pack
Cooling Lighting,CORSAIR NAUTILUS 360 RS LCD LIQUID CPU COOLER,"48,000 LKR",In stock,https://www.nanotek.lk/product/corsair-nautilus-360-rs-lcd-liquid-cpu-cooler
Cooling Lighting,ASUS ROG RYUO IV SLC 360 ARGB AMOLED LIQUID COOLER,"149,500 LKR",Out of Stock,https://www.nanotek.lk/product/asus-rog-ryuo-iv-slc-360-argb-amoled-liquid-cooler
Cooling Lighting,ASUS PRIME LC 360 ARGB,"39,500 LKR",In Stock,https://www.nanotek.lk/product/asus-prime-lc-360-argb
Cooling Lighting,ASUS TUF Gaming LC III 360 ARGB LCD,"68,500 LKR",Out of Stock,https://www.nanotek.lk/product/asus-tuf-gaming-lc-iii-360-argb-lcd
Cooling Lighting,ASUS ROG STRIX LC III 360 ARGB LCD,"105,000 LKR",In stock,https://www.nanotek.lk/product/asus-rog-strix-lc-iii-360-argb-lcd
Cooling Lighting,ASUS ROG RG-07 PERFORMANCE THERMAL PASTE,"5,000 LKR",Out of Stock,https://www.nanotek.lk/product/asus-rog-rg-07-performance-thermal-paste
Cooling Lighting,ASUS ROG RYUJIN III 360,"139,000 LKR",In Stock,https://www.nanotek.lk/product/asus-rog-ryujin-iii-360
Cooling Lighting,ASUS ROG STRIX LC III 360 ARGB,"99,000 LKR",Out of Stock,https://www.nanotek.lk/product/asus-rog-strix-lc-iii-360-argb
Cooling Lighting,ASUS ProArt LC 420 all-in-one CPU liquid cooler,"110,000 LKR",Out of Stock,https://www.nanotek.lk/product/asus-proart-lc-420-all-in-one-cpu-liquid-cooler
Cooling Lighting,ASUS ROG RYUJIN III 360 ARGB EXTREME,"159,500 LKR",Out of Stock,https://www.nanotek.lk/product/asus-rog-ryujin-iii-360-argb-extreme
Cooling Lighting,ASUS PRIME LC 360 ARGB LCD,"53,000 LKR",In Stock,https://www.nanotek.lk/product/asus-prime-lc-360-argb-lcd
Cooling Lighting,ASUS PROART LC 360,"94,500 LKR",Out of Stock,https://www.nanotek.lk/product/asus-proart-lc-360
Cooling Lighting,Gamdias Boreas E1-210 Lite CPU Air Cooler,"5,000 LKR",In Stock,https://www.nanotek.lk/product/gamdias-boreas-e1-210-lite-cpu-air-cooler
Cooling Lighting,MSI MAG CORELIQUID ARGB A13 240mm CPU Liquid Cooler,"28,000 LKR",In Stock,https://www.nanotek.lk/product/msi-mag-coreliquid-argb-a13-240mm-cpu-liquid-cooler
Cooling Lighting,DEEPCOOL FL12R ARGB 120MM 3 IN 1 FAN PACK,"38,000 LKR",In stock,https://www.nanotek.lk/product/deepcool-fl12r-argb-120mm-3-in-1-fan-pack
Cooling Lighting,DEEPCOOL FL12 SE ARGB 120MM 3 IN 1 FAN PACK,"24,000 LKR",In Stock,https://www.nanotek.lk/product/deepcool-fl12-se-argb-120mm-3-in-1-fan-pack
Cooling Lighting,Corsair XTM60 High Performance Thermal Paste,"6,500 LKR",In Stock,https://www.nanotek.lk/product/corsair-xtm60-high-performance-thermal-paste
Cooling Lighting,Corsair XTM70 Extreme Performance Thermal Paste,"10,000 LKR",In Stock,https://www.nanotek.lk/product/corsair-xtm70-extreme-performance-thermal-paste
Cooling Lighting,ANTEC SKELETON 360 ARGB BLACK,"29,500 LKR",Out of Stock,https://www.nanotek.lk/product/antec-skeleton-360-argb-black
Cooling Lighting,ANTEC VISION 120 ARGB FAN X3  PACK,"11,000 LKR",In Stock,https://www.nanotek.lk/product/antec-vision-120-argb-fan-x3-pack
Cooling Lighting,ANTEC VISION 120R ARGB FAN X3 (REVERSE FAN),"11,000 LKR",In Stock,https://www.nanotek.lk/product/antec-vision-120r-argb-fan-x3-reverse-fan-1
Cooling Lighting,Antec Prizm 120 ARGB 5 + Controller,"17,500 LKR",In Stock,https://www.nanotek.lk/product/antec-prizm-120-argb-5-controller
Cooling Lighting,ANTEC A35 FRGB  AIR CPU COOLER,"5,500 LKR",Out of Stock,https://www.nanotek.lk/product/antec-a35-frgb-air-cpu-cooler
Cooling Lighting,ANTEC A450 FRGB AIR CPU COOLER,"8,500 LKR",Out of Stock,https://www.nanotek.lk/product/antec-a450-frgb-air-cpu-cooler
Cooling Lighting,ADATA XPG PRIME RGB VGA  EXTENSION CABLE (DUAL 8 PIN),"8,000 LKR",In Stock,https://www.nanotek.lk/product/adata-xpg-prime-rgb-vga-extension-cable-dual-8-pin
Cooling Lighting,Thermal Grizzly Duronaut Thermal Paste 2G,"6,000 LKR",In stock,https://www.nanotek.lk/product/thermal-grizzly-duronaut-thermal-paste-2g
Cooling Lighting,Thermal Grizzly Putty Pro Thermal Paste 30G,"17,500 LKR",In stock,https://www.nanotek.lk/product/thermal-grizzly-putty-pro-thermal-paste-30g
Cooling Lighting,Thermal Grizzly Minus Pad 8 - 3MM - 120 x 20 MM,"12,500 LKR",In stock,https://www.nanotek.lk/product/thermal-grizzly-minus-pad-8-3mm-120-x-20-mm
Cooling Lighting,MSI MPG CORELIQUID P22 360 ARGB,"59,000 LKR",In Stock,https://www.nanotek.lk/product/msi-mpg-coreliquid-p22-360-argb
Cooling Lighting,ANTEC N12 120MM BLACK FANS - 3 FAN KIT,"4,500 LKR",Out of Stock,https://www.nanotek.lk/product/antec-n12-120mm-black-fans-3-fan-kit
Cooling Lighting,NZXT Kraken Core 360 RGB LIQUID COOLER,"45,000 LKR",In stock,https://www.nanotek.lk/product/nzxt-kraken-core-360-rgb-liquid-cooler
Cooling Lighting,Cooler Master MF120 HALO ARGB 3PACK,"14,500 LKR",Out of Stock,https://www.nanotek.lk/product/cooler-master-mf120-halo-argb-3pack
Cooling Lighting,Thermal Grizzly  M.2 SSD Cooler with Thermal Pad,"5,500 LKR",In stock,https://www.nanotek.lk/product/thermal-grizzly-m2-ssd-cooler-with-thermal-pad
Cooling Lighting,NZXT F140 RGB DUO 140mm Hub-Mounted Twin Pack RGB Fan with RGB Controller WHITE/Black,"32,500 LKR",Out of Stock,https://www.nanotek.lk/product/nzxt-f140-rgb-duo-140mm-hub-mounted-twin-pack-rgb-fan-with-rgb-controller-whiteblack
Cooling Lighting,Gamdias Boreas M2-51D ARGB CPU Air Cooler  (Black & White),"12,000 LKR",In Stock,https://www.nanotek.lk/product/gamdias-boreas-m2-51d-argb-cpu-air-cooler-black-white
Cooling Lighting,MSI MAG CORELIQUID A13 360 CPU Liquid Cooler,"34,000 LKR",In Stock,https://www.nanotek.lk/product/msi-mag-coreliquid-a13-360-cpu-liquid-cooler
Cooling Lighting,ANTEC P12 PWM-3 Pack 120MM CASING FAN BLACK,"7,500 LKR",Out of Stock,https://www.nanotek.lk/product/antec-p12-pwm-3-pack-120mm-casing-fan-black
Cooling Lighting,MSI MAG CORELIQUID C240,"22,500 LKR",Out of Stock,https://www.nanotek.lk/product/msi-mag-coreliquid-c240
Cooling Lighting,Noctua NH-D12L Low Height Dual Tower High Performance Air Cooler,"32,500 LKR",In Stock,https://www.nanotek.lk/product/noctua-nh-d12l-low-height-dual-tower-high-performance-air-cooler
Cooling Lighting,CORSAIR NAUTILUS 360 RS ARGB COOLER,"39,500 LKR",Out of Stock,https://www.nanotek.lk/product/corsair-nautilus-360-rs-argb-cooler
Cooling Lighting,CORSAIR RS120 ARGB TRIPLE KIT White / Black,"13,000 LKR",Out of Stock,https://www.nanotek.lk/product/corsair-rs120-argb-triple-kit-white-black
Cooling Lighting,Thermal Grizzly Kryonaut Extreme Thermal Paste 2G,"7,500 LKR",In Stock,https://www.nanotek.lk/product/thermal-grizzly-kryonaut-extreme-thermal-paste-2g
Cooling Lighting,MSI MPG CORELIQUID ARGB D360 360MM CPU LIQUID COOLER,"112,500 LKR",Out of Stock,https://www.nanotek.lk/product/msi-mpg-coreliquid-argb-d360-360mm-cpu-liquid-cooler-1
Cooling Lighting,MSI MAG CORELIQUID ARGB E360 CPU Liquid Cooler,"50,000 LKR",Out of Stock,https://www.nanotek.lk/product/msi-mag-coreliquid-argb-e360-cpu-liquid-cooler
Cooling Lighting,CORSAIR RS120 ARGB SINGLE FAN White/ Black,"6,000 LKR",Out of Stock,https://www.nanotek.lk/product/corsair-rs120-argb-single-fan-white-black
Cooling Lighting,GAMDIAS BOREAS M1-620 ARGB CPU AIR COOLER,"14,000 LKR",In Stock,https://www.nanotek.lk/product/gamdias-boreas-m1-620-argb-cpu-air-cooler
Cooling Lighting,ANTEC VORTEX LUM 240 ARGB,"26,500 LKR",Out of Stock,https://www.nanotek.lk/product/antec-vortex-lum-240-argb
Cooling Lighting,GAMDIAS BOREAS P2-62D CPU AIR COOLER BLACK,"21,500 LKR",Out of Stock,https://www.nanotek.lk/product/gamdias-boreas-p2-62d-cpu-air-cooler-black
Cooling Lighting,ANTEC P14 ARGB 140MM 3 Pack,"10,000 LKR",Out of Stock,https://www.nanotek.lk/product/antec-p14-argb-140mm-3-pack
Cooling Lighting,NZXT Kraken Elite 360 Black Liquid Cooler with LCD Display,"56,500 LKR100,000 LKR",Out of Stock,https://www.nanotek.lk/product/nzxt-kraken-elite-360-black-liquid-cooler-with-lcd-display
Cooling Lighting,COOLERMASTER CF120 ARGB SINGLE,"3,000 LKR",Out of Stock,https://www.nanotek.lk/product/coolermaster-cf120-argb-single
Cooling Lighting,Thermal Grizzly Kryonaut Thermal Paste 1G,"3,500 LKR",In stock,https://www.nanotek.lk/product/thermal-grizzly-kryonaut-thermal-paste-1g
Cooling Lighting,ANTEC VORTEX 360 ARGB LGA 1700 & AM5 Supported,"36,500 LKR",Out of Stock,https://www.nanotek.lk/product/antec-vortex-360-argb-lga-1700-am5-supported
Cooling Lighting,CORSAIR ICUE CORE XT RGB/FAN CONTROLLER,"23,000 LKR",Out of Stock,https://www.nanotek.lk/product/corsair-icue-core-xt-rgbfan-controller
Cooling Lighting,ADATA XPG PRIME RGB MOTHERBOARD EXTENSION CABLE,"8,000 LKR",In Stock,https://www.nanotek.lk/product/adata-xpg-prime-rgb-motherboard-extension-cable
Cooling Lighting,ACEGEEK PANDORA 120MM FAN Black / White,"2,000 LKR",Out of Stock,https://www.nanotek.lk/product/acegeek-pandora-120mm-fan-black-white
Cooling Lighting,NZXT F120 RGB Core 120mm Hub-Mounted Triple Pack RGB Fan With RGB Controller WHITE/BLACK,"28,000 LKR",Out of Stock,https://www.nanotek.lk/product/nzxt-f120-rgb-core-120mm-hub-mounted-triple-pack-rgb-fan-with-rgb-controller-whiteblack
Cooling Lighting,Lian Li UNI Fan SL120 V2 Fan Pack,"43,000 LKR",Out of Stock,https://www.nanotek.lk/product/lian-li-uni-fan-sl120-v2-fan-pack
Cooling Lighting,NZXT F120 RGB Core 120mm Hub-Mounted Single Pack RGB Fan WHITE/ Black,"10,000 LKR",Out of Stock,https://www.nanotek.lk/product/nzxt-f120-rgb-core-120mm-hub-mounted-single-pack-rgb-fan-white-black
Cooling Lighting,NZXT Kraken Core 240 RGB LIQUID COOLER,"37,000 LKR",Out of Stock,https://www.nanotek.lk/product/nzxt-kraken-core-240-rgb-liquid-cooler
Cooling Lighting,NZXT T120 RGB CPU AIR COOLER WHITE/BLACK,"14,500 LKR19,000 LKR",Out of Stock,https://www.nanotek.lk/product/nzxt-t120-rgb-cpu-air-cooler-whiteblack
Cooling Lighting,NZXT Kraken 360 Black Liquid Cooler with LCD Display,"36,500 LKR60,000 LKR",Out of Stock,https://www.nanotek.lk/product/nzxt-kraken-360-black-liquid-cooler-with-lcd-display
Cooling Lighting,NZXT Kraken Elite 360 RGB White Liquid Cooler with LCD Display & RGB Fans,"56,500 LKR105,000 LKR",Out of Stock,https://www.nanotek.lk/product/nzxt-kraken-elite-360-rgb-white-liquid-cooler-with-lcd-display-rgb-fans
Cooling Lighting,Noctua NT-H1 10G Thermal Compound,"8,500 LKR",Out of Stock,https://www.nanotek.lk/product/noctua-nt-h1-10g-thermal-compound
Cooling Lighting,GAMDIAS BOREAS E2-410 AIR COOLER,"11,000 LKR",Out of Stock,https://www.nanotek.lk/product/gamdias-boreas-e2-410-air-cooler
Cooling Lighting,CORSAIR iCUE LINK TITAN 360 RX LCD COOLER,"77,500 LKR",In Stock,https://www.nanotek.lk/product/corsair-icue-link-titan-360-rx-lcd-cooler
Cooling Lighting,Noctua NF-A14 140MM Quiet Performing Casing fan,"9,500 LKR",Out of Stock,https://www.nanotek.lk/product/noctua-nf-a14-140mm-quiet-performing-casing-fan
Cooling Lighting,NZXT F120 RGB DUO Triple Pack 120MM Fans with Controller White,"27,000 LKR",Out of Stock,https://www.nanotek.lk/product/nzxt-f120-rgb-duo-triple-pack-120mm-fans-with-controller-white
Cooling Lighting,GAMDIAS AEOLUS P2-1203U ARGB 3 FAN KIT WITH CONTROLLER,"25,000 LKR",Out of Stock,https://www.nanotek.lk/product/gamdias-aeolus-p2-1203u-argb-3-fan-kit-with-controller
Cooling Lighting,CORSAIR H55 RGB 120mm Liquid CPU Cooler,"24,000 LKR",Out of Stock,https://www.nanotek.lk/product/corsair-h55-rgb-120mm-liquid-cpu-cooler
Cooling Lighting,Corsair iCUE H100i ELITE CAPELLIX XT Liquid CPU Cooler,"67,000 LKR",Out of Stock,https://www.nanotek.lk/product/corsair-icue-h100i-elite-capellix-xt-liquid-cpu-cooler
Cooling Lighting,Corsair TM30 Performance Thermal Paste,"4,500 LKR",Out of Stock,https://www.nanotek.lk/product/corsair-tm30-performance-thermal-paste
Cooling Lighting,RAIDMAX AM1204 DIGITAL CPU AIR COOLER,"10,500 LKR",Out of stock,https://www.nanotek.lk/product/raidmax-am1204-digital-cpu-air-cooler
Cooling Lighting,Cooler Master Hyper 620S ARGB,"19,000 LKR",Out of Stock,https://www.nanotek.lk/product/cooler-master-hyper-620s-argb
Cooling Lighting,CORSAIR NAUTILUS 240 RS ARGB COOLER,"30,000 LKR",Out of Stock,https://www.nanotek.lk/product/corsair-nautilus-240-rs-argb-cooler
Cooling Lighting,ANTEC SYMPHONY 240 ARGB LGA 1700 & AM5 Supported,"20,500 LKR",out of stock,https://www.nanotek.lk/product/antec-symphony-240-argb-lga-1700-am5-supported
Cooling Lighting,ANTEC SYMPHONY 360 ARGB  BLACK AND WHITE LGA 1700 & AM5 Supported,"26,000 LKR",Out of Stock,https://www.nanotek.lk/product/antec-symphony-360-argb-black-and-white-lga-1700-am5-supported
Cooling Lighting,Noctua NH-U9S Chromax.Black Quiet Air Cooler,"24,000 LKR",Out of Stock,https://www.nanotek.lk/product/noctua-nh-u9s-chromaxblack-quiet-air-cooler
Cooling Lighting,Noctua NF-A14 140MM IndustrialPPC  IP67 Water and Dustproof Fan,"12,500 LKR",Out of Stock,https://www.nanotek.lk/product/noctua-nf-a14-140mm-industrialppc-ip67-water-and-dustproof-fan
Cooling Lighting,Noctua NH-U12A Chromax.Black Edition Premium Quiet Air Cooler,"39,000 LKR",Out of Stock,https://www.nanotek.lk/product/noctua-nh-u12a-chromaxblack-edition-premium-quiet-air-cooler
Cooling Lighting,NOCTUA NH-D15 DUAL TOWER PREMIUM AIR COOLER,"45,000 LKR",Out of Stock,https://www.nanotek.lk/product/noctua-nh-d15-dual-tower-premium-air-cooler
Cooling Lighting,Noctua NH-D9L Dual Tower Premium Air Cooler,"19,500 LKR",Out of Stock,https://www.nanotek.lk/product/noctua-nh-d9l-dual-tower-premium-air-cooler
Cooling Lighting,Noctua NH-U12S Redux Slim and Performance Air Cooler,"19,000 LKR",Out of Stock,https://www.nanotek.lk/product/noctua-nh-u12s-redux-slim-and-performance-air-cooler
Cooling Lighting,Noctua NH-U12A Premium Quiet Air Cooler,"35,000 LKR",Out of Stock,https://www.nanotek.lk/product/noctua-nh-u12a-premium-quiet-air-cooler
Cooling Lighting,GAMDIAS BOREAS P1 720 BLACK,"24,500 LKR",Out of Stock,https://www.nanotek.lk/product/gamdias-boreas-p1-720-black
Cooling Lighting,Lian Li Galahad II TRINITY 360mm Liquid CPU Cooler,"61,000 LKR",Out of Stock,https://www.nanotek.lk/product/lian-li-galahad-ii-trinity-360mm-liquid-cpu-cooler
Cooling Lighting,LIAN LI UNI FAN SL INFINITY 3 FANS PACK,"49,500 LKR",Out of Stock,https://www.nanotek.lk/product/lian-li-uni-fan-sl-infinity-3-fans-pack
Cooling Lighting,Lian Li Galahad II TRINITY SL-INF 360mm Liquid CPU Cooler,"77,000 LKR",Out of Stock,https://www.nanotek.lk/product/lian-li-galahad-ii-trinity-sl-inf-360mm-liquid-cpu-cooler
Cooling Lighting,Lian Li Galahad II LCD 360mm Liquid CPU Cooler - WHITE\BLACK,"96,000 LKR",Out of Stock,https://www.nanotek.lk/product/lian-li-galahad-ii-lcd-360mm-liquid-cpu-cooler-whiteblack
Cooling Lighting,Lian Li Galahad II TRINITY 240mm Liquid CPU Cooler,"41,500 LKR",Out of Stock,https://www.nanotek.lk/product/lian-li-galahad-ii-trinity-240mm-liquid-cpu-cooler
Cooling Lighting,ANTEC VORTEX LUM 360 ARGB,"37,500 LKR",Out of Stock,https://www.nanotek.lk/product/antec-vortex-lum-360-argb
Cooling Lighting,Corsair ICUE H150i ELITE LCD XT Display Liquid CPU Cooler,"120,000 LKR",Out of Stock,https://www.nanotek.lk/product/corsair-icue-h150i-elite-lcd-xt-display-liquid-cpu-cooler
Cooling Lighting,ANTEC C40 BLUE LED AIR CPU COOLER,"8,500 LKR",Out of Stock,https://www.nanotek.lk/product/antec-c40-blue-led-air-cpu-cooler
Storage Nas,KINGSTON NV3 NVMe PCIe Gen 4.0 4TB,"199,000 LKR",Out of Stock,https://www.nanotek.lk/product/kingston-nv3-nvme-pcie-gen-40-4tb
Storage Nas,ASUSTOR DRIVESTOR 2 PRO (AS3302T) NAS,"129,500 LKR",In Stock,https://www.nanotek.lk/product/asustor-drivestor-2-pro-as3302t-nas
Storage Nas,"LEXAR NQ100 2TB 2.5"" SATA SSD","74,500 LKR",In Stock,https://www.nanotek.lk/product/lexar-nq100-2tb-25-sata-ssd
Storage Nas,LEXAR NM610 PRO 1TB M.2 GEN3X4 NVME SSD,"55,000 LKR",In stock,https://www.nanotek.lk/product/lexar-nm610-pro-1tb-m2-gen3x4-nvme-ssd
Storage Nas,ADDLINK S90 LITE SSD NVME PCIE GEN4X4 M.2 512GB,"35,500 LKR",Out of Stock,https://www.nanotek.lk/product/addlink-s90-lite-ssd-nvme-pcie-gen4x4-m2-512gb
Storage Nas,PNY CS900 SATA III SSD 2.5 INCH 1TB,"42,500 LKR",In Stock,https://www.nanotek.lk/product/pny-cs900-sata-iii-ssd-25-inch-1tb
Storage Nas,Crucial E100 480GB PCIe Gen4 NVMe M.2 SSD,"32,500 LKR",In stock,https://www.nanotek.lk/product/crucial-e100-480gb-pcie-gen4-nvme-m2-ssd
Storage Nas,Transcend 110S 256GB NVME,"25,000 LKR",Out of Stock,https://www.nanotek.lk/product/transcend-110s-256gb-nvme
Storage Nas,KINGSTON A400 960GB - SATA SSD,"49,500 LKR",In Stock,https://www.nanotek.lk/product/kingston-a400-960gb-sata-ssd
Storage Nas,"Western Digital Blue 1TB 3.5"" SATA Desktop HDD","25,500 LKR",Out of Stock,https://www.nanotek.lk/product/western-digital-blue-1tb-35-sata-desktop-hdd
Storage Nas,Toshiba DT01ACA100 1TB 7200 RPM Hard Drive,"29,000 LKR",In Stock,https://www.nanotek.lk/product/toshiba-dt01aca100-1tb-7200-rpm-hard-drive
Storage Nas,SAMSUNG 990 EVO PLUS Gen 5 2TB,"102,500 LKR",Out of Stock,https://www.nanotek.lk/product/samsung-990-evo-plus-gen-5-2tb
Storage Nas,SAMSUNG 990 PRO PCIe 4.0 NVMe SSD 1TB,"80,000 LKR",In Stock,https://www.nanotek.lk/product/samsung-990-pro-pcie-40-nvme-ssd-1tb
Storage Nas,Seagate Barracuda 1TB,"29,000 LKR",Out of Stock,https://www.nanotek.lk/product/seagate-barracuda-1tb
Storage Nas,Addlink S20  SATA SSD 3D NAND 2.5 inch 256GB,"24,000 LKR",In Stock,https://www.nanotek.lk/product/addlink-s20-sata-ssd-3d-nand-25-inch-256gb
Storage Nas,Corsair MP700 ELITE PCIe Gen5 x4 NVMe 2TB,"139,000 LKR",In Stock,https://www.nanotek.lk/product/corsair-mp700-elite-pcie-gen5-x4-nvme-2tb
Storage Nas,WD Black SN7100 1TB GEN4 NVMe SSD,"72,000 LKR",In Stock,https://www.nanotek.lk/product/wd-black-sn7100-1tb-gen4-nvme-ssd
Storage Nas,LEXAR NQ780 1TB M.2 GEN4 NVME,"57,500 LKR",Out of Stock,https://www.nanotek.lk/product/lexar-nq780-1tb-m2-gen4-nvme
Storage Nas,Addlink S20  SATA SSD 3D NAND 2.5 inch 512GB,"29,500 LKR",In stock,https://www.nanotek.lk/product/addlink-s20-sata-ssd-3d-nand-25-inch-512gb
Storage Nas,CRUCIAL E100 1TB GEN4 NVME,"52,000 LKR",Out of Stock,https://www.nanotek.lk/product/crucial-e100-1tb-gen4-nvme
Storage Nas,ASUSTOR NIMBUSTOR 2 4GB D4 AS5402T,"162,000 LKR",Out of Stock,https://www.nanotek.lk/product/asustor-nimbustor-2-4gb-d4-as5402t
Storage Nas,SAMSUNG 990 EVO Gen 5 NVMe M.2 SSD 2TB,"73,000 LKR",Out of Stock,https://www.nanotek.lk/product/samsung-990-evo-gen-5-nvme-m2-ssd-2tb
Storage Nas,Seagate Barracuda 4TB,"56,000 LKR",In stock,https://www.nanotek.lk/product/seagate-barracuda-4tb
Storage Nas,Seagate IronWolf 5400RPM 256MB 6TB,"112,000 LKR",In Stock,https://www.nanotek.lk/product/seagate-ironwolf-5400rpm-256mb-6tb
Storage Nas,Seagate IronWolf 7200RPM 256MB 8TB,"155,000 LKR",In Stock,https://www.nanotek.lk/product/seagate-ironwolf-7200rpm-256mb-8tb
Storage Nas,Seagate Barracuda 2TB,"42,500 LKR",In Stock,https://www.nanotek.lk/product/seagate-barracuda-2tb
Storage Nas,"Western Digital Blue 4TB 3.5"" SATA Desktop HDD","49,000 LKR",Out of Stock,https://www.nanotek.lk/product/western-digital-blue-4tb-35-sata-desktop-hdd
Storage Nas,"Western Digital Blue 2TB 3.5"" SATA Desktop HDD","32,000 LKR",Out of Stock,https://www.nanotek.lk/product/western-digital-blue-2tb-35-sata-desktop-hdd
Storage Nas,Addlink S20  SATA SSD 3D NAND 2.5 inch 1TB,"49,500 LKR",In Stock,https://www.nanotek.lk/product/addlink-s20-sata-ssd-3d-nand-25-inch-1tb
Storage Nas,ADDLINK S70 LITE SSD NVME PCIE GEN3X4 M.2 256GB,"24,500 LKR",In Stock,https://www.nanotek.lk/product/addlink-s70-lite-ssd-nvme-pcie-gen3x4-m2-256gb
Storage Nas,ASUSTOR FLASHSTOR 6 (FS6706T) - 6x M.2 NVMe slots,"264,000 LKR",In Stock,https://www.nanotek.lk/product/asustor-flashstor-6-fs6706t-6x-m2-nvme-slots
Storage Nas,ASUSTOR DRIVESTOR 4 (AS1104T) NAS,"165,000 LKR",Out of Stock,https://www.nanotek.lk/product/asustor-drivestor-4-as1104t-nas
Storage Nas,Adata LEGEND 860 PCIe Gen4 x4 500GB,"34,500 LKR",Out of Stock,https://www.nanotek.lk/product/adata-legend-860-pcie-gen4-x4-500gb
Storage Nas,TEAM T-FORCE Z44A5 512GB GEN4 NVME,"35,500 LKR",In Stock,https://www.nanotek.lk/product/team-t-force-z44a5-512gb-gen4-nvme
Storage Nas,Samsung 9100 PRO NVME PCIe 5.0 1TB,"74,500 LKR",Out of Stock,https://www.nanotek.lk/product/samsung-9100-pro-nvme-pcie-50-1tb
Storage Nas,KINGSTON NV3 NVMe PCIe Gen 4.0 1TB,"57,000 LKR",Out of Stock,https://www.nanotek.lk/product/kingston-nv3-nvme-pcie-gen-40-1tb
Storage Nas,MSI Spatium M560 GEN5 NVME 1TB,"59,500 LKR",Out of Stock,https://www.nanotek.lk/product/msi-spatium-m560-gen5-nvme-1tb
Storage Nas,SAMSUNG 990 PRO PCIe 4.0 NVMe SSD 2TB,"157,500 LKR",Out of Stock,https://www.nanotek.lk/product/samsung-990-pro-pcie-40-nvme-ssd-2tb
Storage Nas,Corsair MP700 PRO PCIe Gen5 x4 NVMe 1TB,"99,000 LKR",In Stock,https://www.nanotek.lk/product/corsair-mp700-pro-pcie-gen5-x4-nvme-1tb
Storage Nas,Lexar NM620 M.2 Gen3x4 NVMe 512GB,"32,500 LKR",In Stock,https://www.nanotek.lk/product/lexar-nm620-m2-gen3x4-nvme-512gb
Storage Nas,Seagate IronWolf 5400RPM 256MB 2TB,"47,500 LKR",In stock,https://www.nanotek.lk/product/seagate-ironwolf-5400rpm-256mb-2tb
Storage Nas,ASUSTOR DRIVESTOR 2 (AS1102T) NAS,"115,000 LKR",Out of Stock,https://www.nanotek.lk/product/asustor-drivestor-2-as1102t-nas
Storage Nas,CRUCIAL E100 2TB GEN4 NVME,"89,000 LKR",Out of Stock,https://www.nanotek.lk/product/crucial-e100-2tb-gen4-nvme
Storage Nas,ASUSTOR LOCKERSTOR 2 (AS6602T) 2 BAY WITH 2 M.2 SLOTS,"189,000 LKR",Out of Stock,https://www.nanotek.lk/product/asustor-lockerstor-2-as6602t-2-bay-with-2-m2-slots
Storage Nas,Crucial P310 1TB PCIe Gen4 NVMe,"65,000 LKR",In Stock,https://www.nanotek.lk/product/crucial-p310-1tb-pcie-gen4-nvme
Storage Nas,TEAM TFORCE VULCAN Z QLC 1TB SATA SSD,"58,000 LKR",In Stock,https://www.nanotek.lk/product/team-tforce-vulcan-z-qlc-1tb-sata-ssd
Storage Nas,TEAM TFORCE A440 LITE M.2 GEN4 512GB,"21,000 LKR",Out of Stock,https://www.nanotek.lk/product/team-tforce-a440-lite-m2-gen4-512gb
Storage Nas,Addlink S20  SATA SSD 3D NAND 2.5 inch 120GB,"8,500 LKR",Out of Stock,https://www.nanotek.lk/product/addlink-s20-sata-ssd-3d-nand-25-inch-120gb
Storage Nas,LEXAR NQ700 Gen.4 M.2 SSD 1TB,"26,000 LKR",Out of Stock,https://www.nanotek.lk/product/lexar-nq700-gen4-m2-ssd-1tb
Storage Nas,TEAM TFORCE VULCAN Z SATA SSD 512GB,"34,500 LKR",In Stock,https://www.nanotek.lk/product/team-tforce-vulcan-z-sata-ssd-512gb
Storage Nas,Team T-Force CARDEA Z540 GEN5 1TB,"49,500 LKR",Out of Stock,https://www.nanotek.lk/product/team-t-force-cardea-z540-gen5-1tb
Storage Nas,SAMSUNG 870 QVO 1TB,"28,000 LKR",Out of Stock,https://www.nanotek.lk/product/samsung-870-qvo-1tb
Storage Nas,MP600 PRO NH 2TB M.2 NVME PCIE SSD,"112,500 LKR",Out of Stock,https://www.nanotek.lk/product/mp600-pro-nh-2tb-m2-nvme-pcie-ssd
Storage Nas,Addlink S20  SATA SSD 3D NAND 2.5 inch 2TB,"39,500 LKR",Out of Stock,https://www.nanotek.lk/product/addlink-s20-sata-ssd-3d-nand-25-inch-2tb
Storage Nas,SAMSUNG 870 EVO 500GB,"26,500 LKR",Out of Stock,https://www.nanotek.lk/product/samsung-870-evo-500gb
Storage Nas,TEAM MP44L 500GB M.2 NVME GEN4 SSD,"35,500 LKR",Out of Stock,https://www.nanotek.lk/product/team-mp44l-500gb-m2-nvme-gen4-ssd
Storage Nas,LEXAR NM620 M.2 GEN3X4 NVME 2TB,"82,500 LKR",In Stock,https://www.nanotek.lk/product/lexar-nm620-m2-gen3x4-nvme-2tb
Storage Nas,Seagate IronWolf 7200RPM 256MB 10TB,"159,500 LKR",Out of Stock,https://www.nanotek.lk/product/seagate-ironwolf-7200rpm-256mb-10tb
Storage Nas,Crucial P310 4TB PCIe Gen4 NVMe,"199,000 LKR",In Stock,https://www.nanotek.lk/product/crucial-p310-4tb-pcie-gen4-nvme
Storage Nas,Seagate IronWolf 5400RPM 256MB 4TB,"89,000 LKR",In Stock,https://www.nanotek.lk/product/seagate-ironwolf-5400rpm-256mb-4tb
Storage Nas,LEXAR NS100 128GB SATA SSD,"15,500 LKR",In stock,https://www.nanotek.lk/product/lexar-ns100-128gb-sata-ssd
Storage Nas,SAMSUNG 990 PRO PCIe 4.0 NVMe SSD 4TB,"139,500 LKR",out of stock,https://www.nanotek.lk/product/samsung-990-pro-pcie-40-nvme-ssd-4tb
Storage Nas,Samsung 9100 PRO NVME PCIe 5.0 4TB,"186,500 LKR",Out of Stock,https://www.nanotek.lk/product/samsung-9100-pro-nvme-pcie-50-4tb
Storage Nas,SAMSUNG 870 EVO 1TB,"52,500 LKR",Out of Stock,https://www.nanotek.lk/product/samsung-870-evo-1tb
Storage Nas,SAMSUNG 990 EVO PLUS Gen 5 4TB,"159,000 LKR",Out of Stock,https://www.nanotek.lk/product/samsung-990-evo-plus-gen-5-4tb
Storage Nas,ADDLINK S70 LITE SSD NVME PCIE GEN3X4 M.2 1TB,"52,000 LKR",In Stock,https://www.nanotek.lk/product/addlink-s70-lite-ssd-nvme-pcie-gen3x4-m2-1tb
Storage Nas,ADDLINK S85 NVME GEN4 512GB,"21,000 LKR",Out of Stock,https://www.nanotek.lk/product/addlink-s85-nvme-gen4-512gb
Storage Nas,ADDLINK S70 LITE SSD NVME PCIE GEN3X4 M.2 512GB,"32,500 LKR",In stock,https://www.nanotek.lk/product/addlink-s70-lite-ssd-nvme-pcie-gen3x4-m2-512gb
Storage Nas,WD Red Pro NAS Hard Drive - 8TB 7200RPM 256MB,"159,500 LKR",In Stock,https://www.nanotek.lk/product/wd-red-pro-nas-hard-drive-8tb-7200rpm-256mb
Storage Nas,Samsung 9100 PRO NVME PCIe 5.0 2TB,"112,500 LKR",Out of Stock,https://www.nanotek.lk/product/samsung-9100-pro-nvme-pcie-50-2tb
Storage Nas,ADDLINK S70 LITE SSD NVME PCIE GEN3X4 M.2 2TB,"43,500 LKR",Out of Stock,https://www.nanotek.lk/product/addlink-s70-lite-ssd-nvme-pcie-gen3x4-m2-2tb
Storage Nas,Lexar NM620 M.2 Gen3x4 NVMe 256GB,"25,000 LKR",Out of Stock,https://www.nanotek.lk/product/lexar-nm620-m2-gen3x4-nvme-256gb
Storage Nas,SEAGATE EXOS X12 - 12TB,"120,000 LKR",Out of Stock,https://www.nanotek.lk/product/seagate-exos-x12-12tb
Storage Nas,SAMSUNG 990 EVO PLUS Gen 5 1TB,"82,000 LKR",Out of Stock,https://www.nanotek.lk/product/samsung-990-evo-plus-gen-5-1tb
Casings,ASUS CRONOX GR801 ARGB,"185,000 LKR",In Stock,https://www.nanotek.lk/product/asus-cronox-gr801-argb
Casings,ASUS ROG HYPERION GR701 FULL-TOWER GAMING CASE,"149,500 LKR165,000 LKR",In Stock,https://www.nanotek.lk/product/asus-rog-hyperion-gr701-full-tower-gaming-case
Casings,ASUS ROG Strix Helios GX601 RGB BLACK/WHITE,"109,000 LKR",In Stock,https://www.nanotek.lk/product/asus-rog-strix-helios-gx601-rgb-blackwhite
Casings,ASUS ROG Strix Helios II GX601S,"139,000 LKR",In Stock,https://www.nanotek.lk/product/asus-rog-strix-helios-ii-gx601s
Casings,ASUS TUF GAMING GT501,"39,000 LKR",In Stock,https://www.nanotek.lk/product/asus-tuf-gaming-gt501
Casings,ASUS ProArt PA401 Wood Edition Tempered Glass Panel,"41,000 LKR",Out of Stock,https://www.nanotek.lk/product/asus-proart-pa401-wood-edition-tempered-glass-panel
Casings,ASUS PROART PA602 CASE,"92,500 LKR",In Stock,https://www.nanotek.lk/product/asus-proart-pa602-case
Casings,ASUS ROG Z11 MINI-ITX/DTX,"52,500 LKR",Out of Stock,https://www.nanotek.lk/product/asus-rog-z11-mini-itxdtx
Casings,ASUS Prime AP201 Mesh MicroATX Case,"32,500 LKR",Out of Stock,https://www.nanotek.lk/product/asus-prime-ap201-mesh-microatx-case
Casings,ASUS A31 Case BTF Supported - With 3 ARGB FANS,"24,500 LKR",Out of Stock,https://www.nanotek.lk/product/asus-a31-case-btf-supported-with-3-argb-fans
Casings,Cooler Master MASTERBOX TD500 MESH V2 ARGB,"29,500 LKR",In Stock,https://www.nanotek.lk/product/cooler-master-masterbox-td500-mesh-v2-argb
Casings,Cooler Master MASTERBOX MB600L V2,"17,500 LKR",In Stock,https://www.nanotek.lk/product/cooler-master-masterbox-mb600l-v2
Casings,MSI MAG PANO 110R PZ,"29,500 LKR",Out of Stock,https://www.nanotek.lk/product/msi-mag-pano-110r-pz
Casings,MSI MPG VIXTA 300R PZ ARGB Mid-Tower Case,"42,000 LKR",In Stock,https://www.nanotek.lk/product/msi-mpg-vixta-300r-pz-argb-mid-tower-case
Casings,NZXT H3 Flow Edition (2025)  - Black / White,"21,500 LKR",In stock,https://www.nanotek.lk/product/nzxt-h3-flow-edition-2025-black-white
Casings,ANTEC C5 ARGB,"30,000 LKR",Out of stock,https://www.nanotek.lk/product/antec-c5-argb
Casings,ANTEC FLUX REAR,"24,500 LKR",Out of Stock,https://www.nanotek.lk/product/antec-flux-rear
Casings,LIAN LI LANCOOL 207DX DIGITAL,"35,000 LKR",Out of Stock,https://www.nanotek.lk/product/lian-li-lancool-207dx-digital
Casings,CORSAIR 3500X ARGB Black / White,"34,500 LKR",Out of Stock,https://www.nanotek.lk/product/corsair-3500x-argb-black-white
Casings,Antec Performance 1 FT ARGB Full Tower Case,"36,500 LKR39,500 LKR",Out of Stock,https://www.nanotek.lk/product/antec-performance-1-ft-argb-full-tower-case
Casings,JONSBO C6 MAX,"24,500 LKR",Out of Stock,https://www.nanotek.lk/product/jonsbo-c6-max
Casings,ANTEC VX320 ARGB,"13,000 LKR",In Stock,https://www.nanotek.lk/product/antec-vx320-argb
Casings,NZXT H9 FLOW WHITE,"28,500 LKR50,000 LKR",Out of Stock,https://www.nanotek.lk/product/nzxt-h9-flow-white
Casings,ANTEC AX1000 ARGB LITE,"19,500 LKR",Out of Stock,https://www.nanotek.lk/product/antec-ax1000-argb-lite
Casings,Lian Li LANCOOL II MESH C Performance-X,"33,500 LKR",Out of Stock,https://www.nanotek.lk/product/lian-li-lancool-ii-mesh-c-performance-x
Casings,GAMDIAS MARS E5M CASING WITH GP250 PSU,"9,500 LKR",In Stock,https://www.nanotek.lk/product/gamdias-mars-e5m-casing-with-gp250-psu
Casings,Golden Field Q20B 3.0 CASING,"4,000 LKR",Out of Stock,https://www.nanotek.lk/product/golden-field-q20b-30-casing
Casings,Corsair iCUE 5000T RGB,"92,000 LKR",Out of Stock,https://www.nanotek.lk/product/corsair-icue-5000t-rgb
Casings,MSI FORGE 321R AIRFLOW ARGB,"25,500 LKR",In Stock,https://www.nanotek.lk/product/msi-forge-321r-airflow-argb
Casings,GAMDIAS AURA GC12 ARGB,"18,000 LKR",In Stock,https://www.nanotek.lk/product/gamdias-aura-gc12-argb
Casings,LIAN LI LANCOOL 217X BLACK,"37,500 LKR",Out of Stock,https://www.nanotek.lk/product/lian-li-lancool-217x-black
Casings,ANTEC C8 CURVE WOOD,"38,500 LKR",Out of Stock,https://www.nanotek.lk/product/antec-c8-curve-wood
Casings,ANTEC C8 ALUMINIUM WHITE,"34,500 LKR",Out of Stock,https://www.nanotek.lk/product/antec-c8-aluminium-white
Casings,NZXT H7 FLOW BLACK & WHITE,"26,500 LKR59,000 LKR",Out of Stock,https://www.nanotek.lk/product/nzxt-h7-flow-black-white
Casings,NZXT H5 ELITE BLACK/WHITE,"32,500 LKR43,500 LKR",Out of Stock,https://www.nanotek.lk/product/nzxt-h5-elite-blackwhite
Casings,NZXT H7 ELITE WHITE,"25,500 LKR56,000 LKR",Out of Stock,https://www.nanotek.lk/product/nzxt-h7-elite-white
Casings,ASUS PRIME A21 PLUS BLACK - PC CASE,"26,500 LKR",Out of Stock,https://www.nanotek.lk/product/asus-prime-a21-plus-black-pc-case
Casings,ASUS Prime AP201 TG MicroATX Case,"33,500 LKR",Out of Stock,https://www.nanotek.lk/product/asus-prime-ap201-tg-microatx-case
Casings,NZXT H5 FLOW (2024),"30,000 LKR",In Stock,https://www.nanotek.lk/product/nzxt-h5-flow-2024
Casings,NZXT H6 Flow RGB Dual-Chamber Mid-Tower Airflow Case with RGB Fans WHITE/BLACK,"27,500 LKR38,000 LKR",Out of Stock,https://www.nanotek.lk/product/nzxt-h6-flow-rgb-dual-chamber-mid-tower-airflow-case-with-rgb-fans-whiteblack
Casings,NZXT H9 ELITE WHITE,"34,500 LKR76,000 LKR",Out of Stock,https://www.nanotek.lk/product/nzxt-h9-elite-white
Casings,NZXT H6 Flow White/Black Compact Dual-Chamber Mid-Tower Airflow,"31,500 LKR",Out of Stock,https://www.nanotek.lk/product/nzxt-h6-flow-whiteblack-compact-dual-chamber-mid-tower-airflow
Casings,LIAN LI O11 VISION CHROME,"43,500 LKR",Out of Stock,https://www.nanotek.lk/product/lian-li-o11-vision-chrome
Casings,LIAN LI O11D EVO RGB Automobili Lamborghini Edition,"109,000 LKR",Out of Stock,https://www.nanotek.lk/product/lian-li-o11d-evo-rgb-automobili-lamborghini-edition
Casings,LIAN LI O11 Dynamic EVO RGB Black,"59,000 LKR",Out of Stock,https://www.nanotek.lk/product/lian-li-o11-dynamic-evo-rgb-black
Casings,Corsair FRAME 4000D RS ARGB Premium Case With Display,"123,000 LKR",In Stock,https://www.nanotek.lk/product/corsair-frame-4000d-rs-argb-premium-case-with-display
Casings,Cooler Master MASTERBOX MB320L ARGB,"23,500 LKR",In Stock,https://www.nanotek.lk/product/cooler-master-masterbox-mb320l-argb
Casings,Gamdias Aura GC10M ARGB,"14,000 LKR",Out of Stock,https://www.nanotek.lk/product/gamdias-aura-gc10m-argb
Casings,GAMDIAS AURA GC5 ELITE ARGB,"14,000 LKR",Out of Stock,https://www.nanotek.lk/product/gamdias-aura-gc5-elite-argb
Casings,Raidmax Infinita i802 Air RGB,"15,000 LKR",Out of Stock,https://www.nanotek.lk/product/raidmax-infinita-i802-air-rgb
Casings,GAMDIAS TALOS E3 CASING,"15,000 LKR",Out of Stock,https://www.nanotek.lk/product/gamdias-talos-e3-casing
Casings,Antec FLUX PRO,"41,000 LKR",Out of Stock,https://www.nanotek.lk/product/antec-flux-pro
Casings,Viper 3205 Casing,"4,000 LKR",Out of Stock,https://www.nanotek.lk/product/viper-3205-casing
Casings,ANTEC CX300 ARGB,"19,500 LKR",Out of Stock,https://www.nanotek.lk/product/antec-cx300-argb
Casings,GAMDIAS AURA GC1 ELITE RGB,"14,000 LKR",Out of Stock,https://www.nanotek.lk/product/gamdias-aura-gc1-elite-rgb
Casings,ANTEC VX310 ARGB,"9,500 LKR",Out of Stock,https://www.nanotek.lk/product/antec-vx310-argb
Casings,ANTEC C3 ARGB,"24,500 LKR",Out of Stock,https://www.nanotek.lk/product/antec-c3-argb
Casings,ANTEC VCX300 ARGB,"12,000 LKR",In Stock,https://www.nanotek.lk/product/antec-vcx300-argb
Casings,ANTEC C8 ARGB BLACK/WHITE CASING,"36,500 LKR",Out of Stock,https://www.nanotek.lk/product/antec-c8-argb-blackwhite-casing
Casings,LIAN LI LANCOOL III RGB WHITE/ BLACK,"52,500 LKR",Out of Stock,https://www.nanotek.lk/product/lian-li-lancool-iii-rgb-white-black
Casings,GFIELD 1725B USB 3.0,"4,000 LKR",Out of Stock,https://www.nanotek.lk/product/gfield-1725b-usb-30
Casings,ANTEC P120 CRYSTAL WHITE,"24,500 LKR34,000 LKR",Out of Stock,https://www.nanotek.lk/product/antec-p120-crystal-white
Casings,GAMDIAS AURA GC2 ARGB GAMING CASE,"14,500 LKR",Out of Stock,https://www.nanotek.lk/product/gamdias-aura-gc2-argb-gaming-case
Casings,LIAN LI LANCOOL 205,"26,500 LKR",Out of Stock,https://www.nanotek.lk/product/lian-li-lancool-205
Casings,ANTEC STRIKER MINI ITX,"49,500 LKR",In Stock,https://www.nanotek.lk/product/antec-striker-mini-itx
Casings,LIAN LI LANCOOL 207RX RGB,"24,500 LKR",out of stock,https://www.nanotek.lk/product/lian-li-lancool-207rx-rgb
Casings,LIAN LI PC-O11 DYNAMIC WHITE/BLACK,"44,500 LKR",Out of Stock,https://www.nanotek.lk/product/lian-li-pc-o11-dynamic-whiteblack
Casings,LIAN LI O11 DYNAMIC EVO XL BLACK/WHITE,"86,000 LKR",Out of Stock,https://www.nanotek.lk/product/lian-li-o11-dynamic-evo-xl-blackwhite
Casings,MSI MAG PANO M100R PZ ARGB CASING,"36,500 LKR",In Stock,https://www.nanotek.lk/product/msi-mag-pano-m100r-pz-argb-casing
Casings,MSI PRO Forge M051R ARGB,"14,000 LKR",In Stock,https://www.nanotek.lk/product/msi-pro-forge-m051r-argb
Casings,LIAN LI LANCOOL 216RX RGB,"28,500 LKR",Out of Stock,https://www.nanotek.lk/product/lian-li-lancool-216rx-rgb
Casings,MSI MAG FORGE 320R AIRFLOW ARGB CASING,"23,000 LKR",Out of Stock,https://www.nanotek.lk/product/msi-mag-forge-320r-airflow-argb-casing
Casings,MSI MPG VELOX 100R ARGB CASING,"34,000 LKR",Out of Stock,https://www.nanotek.lk/product/msi-mpg-velox-100r-argb-casing
Casings,MSI MAG PANO 100R PZ WHITE,"43,500 LKR",Out of Stock,https://www.nanotek.lk/product/msi-mag-pano-100r-pz-white
Casings,CORSAIR 3000D AIRFLOW RGB,"37,500 LKR",In Stock,https://www.nanotek.lk/product/corsair-3000d-airflow-rgb
Speakers Headsets Ear Buds,FANTECH GROOVE BAR PRO BS163 BLUETOOTH SPEAKER,"9,500 LKR",In Stock,https://www.nanotek.lk/product/fantech-groove-bar-pro-bs163-bluetooth-speaker
Speakers Headsets Ear Buds,FANTECH GS303 GROOVE BAR GAMING SPEAKER,"4,500 LKR",In Stock,https://www.nanotek.lk/product/fantech-gs303-groove-bar-gaming-speaker
Speakers Headsets Ear Buds,FANTECH GS205 HELLSCREAM SPEAKERS,"3,500 LKR",In Stock,https://www.nanotek.lk/product/fantech-gs205-hellscream-speakers
Speakers Headsets Ear Buds,FANTECH WHG07 ORBITA QUAD MODE WIRELESS HEADSET,"15,500 LKR",In Stock,https://www.nanotek.lk/product/fantech-whg07-orbita-quad-mode-wireless-headset
Speakers Headsets Ear Buds,FANTECH HG32 LOOP 7.1 NEO RGB GAMING HEADSET,"6,000 LKR",In Stock,https://www.nanotek.lk/product/fantech-hg32-loop-71-neo-rgb-gaming-headset
Speakers Headsets Ear Buds,FANTECH BEAT PRO GS306 BT/USB RGB DESKTOP SPEAKER,"5,500 LKR",In Stock,https://www.nanotek.lk/product/fantech-beat-pro-gs306-btusb-rgb-desktop-speaker
Speakers Headsets Ear Buds,FANTECH CUBO GS207 DESKTOP SPEAKER,"2,500 LKR",In Stock,https://www.nanotek.lk/product/fantech-cubo-gs207-desktop-speaker
Speakers Headsets Ear Buds,FANTECH TRINITY MH88 GAMING HEADSET,"5,000 LKR",In Stock,https://www.nanotek.lk/product/fantech-trinity-mh88-gaming-headset
Speakers Headsets Ear Buds,ANKER SOUNDCORE RAVE 3S | AI KARAOKE PARTY SPEAKER,"85,000 LKR",In Stock - Display Unit,https://www.nanotek.lk/product/anker-soundcore-rave-3s-ai-karaoke-party-speaker
Speakers Headsets Ear Buds,ASUS ROG DELTA S CORE GAMING HEADSET,"29,500 LKR",Out of Stock,https://www.nanotek.lk/product/asus-rog-delta-s-core-gaming-headset
Speakers Headsets Ear Buds,ASUS TUF Gaming H3 - 3.5mm Wired Headset,"15,500 LKR",Out of Stock,https://www.nanotek.lk/product/asus-tuf-gaming-h3-35mm-wired-headset
Speakers Headsets Ear Buds,ASUS TUF Gaming H1 Wired Headset Virtual 7.1,"13,500 LKR",Out of Stock,https://www.nanotek.lk/product/asus-tuf-gaming-h1-wired-headset-virtual-71
Speakers Headsets Ear Buds,ASUS TUF GAMING H1 GEN II USB 7.1,"16,500 LKR",In Stock,https://www.nanotek.lk/product/asus-tuf-gaming-h1-gen-ii-usb-71
Speakers Headsets Ear Buds,ASUS ROG Delta II Wireless Gaming Headset,"75,000 LKR",Out of Stock,https://www.nanotek.lk/product/asus-rog-delta-ii-wireless-gaming-headset
Speakers Headsets Ear Buds,ASUS ROG Pelta Wireless Gaming Headset,"49,000 LKR",Out of Stock,https://www.nanotek.lk/product/asus-rog-pelta-wireless-gaming-headset
Speakers Headsets Ear Buds,FANTECH BS156 NERABAR STEREO PORTABLE SPEAKER,"8,500 LKR",In stock,https://www.nanotek.lk/product/fantech-bs156-nerabar-stereo-portable-speaker
Speakers Headsets Ear Buds,Logitech G PRO X 2 Wireless Gaming Headset,"78,500 LKR",In Stock,https://www.nanotek.lk/product/logitech-g-pro-x-2-wireless-gaming-headset
Speakers Headsets Ear Buds,BOSE QUIETCOMFORT NOISE CANCELLING EARBUDS,"54,500 LKR",In Stock,https://www.nanotek.lk/product/bose-quietcomfort-noise-cancelling-earbuds
Speakers Headsets Ear Buds,STEELSERIES ARCTIS NOVA 5P WIRELESS GAMING HEADSET,"58,500 LKR",Out of Stock,https://www.nanotek.lk/product/steelseries-arctis-nova-5p-wireless-gaming-headset
Speakers Headsets Ear Buds,SONY WH-1000XM6 WIRELESS NOISE CANCELLING HEADPHONE,"105,000 LKR",Out of Stock,https://www.nanotek.lk/product/sony-wh-1000xm6-wireless-noise-cancelling-headphone
Speakers Headsets Ear Buds,ANKER SOUNDCORE SPACE 2 OVER EAR HEADPHONES,"47,500 LKR",Out of Stock,https://www.nanotek.lk/product/anker-soundcore-space-2-over-ear-headphones
Speakers Headsets Ear Buds,XIAOMI MI SOUND PARTY 50W BLUETOOTH SPEAKER,"37,000 LKR",In Stock,https://www.nanotek.lk/product/xiaomi-mi-sound-party-50w-bluetooth-speaker
Speakers Headsets Ear Buds,JBL QUANTUM 950 WIRELESS,"135,000 LKR",In Stock,https://www.nanotek.lk/product/jbl-quantum-950-wireless
Speakers Headsets Ear Buds,JBL QUANTUM 650 WIRELESS,"65,000 LKR",In Stock,https://www.nanotek.lk/product/jbl-quantum-650-wireless
Speakers Headsets Ear Buds,JBL QUANTUM 250 AUX 3.5 WIRED,"29,500 LKR",Out of Stock,https://www.nanotek.lk/product/jbl-quantum-250-aux-35-wired
Speakers Headsets Ear Buds,ANKER SOUNDCORE BOOM 2 PLUS SPEAKER,"64,500 LKR",In Stock,https://www.nanotek.lk/product/anker-soundcore-boom-2-plus-speaker
Speakers Headsets Ear Buds,RAZER BLACKSHARK V2 PRO (2023) WIRELESS GAMING HEADSET,"78,000 LKR",In Stock,https://www.nanotek.lk/product/razer-blackshark-v2-pro-2023-wireless-gaming-headset
Speakers Headsets Ear Buds,ANKER Liberty 5 Pro Noise Cancelling Earbuds,"59,500 LKR",In Stock,https://www.nanotek.lk/product/anker-liberty-5-pro-noise-cancelling-earbuds
Speakers Headsets Ear Buds,CORSAIR HS55 SURROUND WITH DOLBY 7.1,"27,500 LKR",In Stock,https://www.nanotek.lk/product/corsair-hs55-surround-with-dolby-71
Speakers Headsets Ear Buds,Razer Barracuda Multi-Platform Wireless Gaming and Mobile Headset,"51,000 LKR",In Stock,https://www.nanotek.lk/product/razer-barracuda-multi-platform-wireless-gaming-and-mobile-headset
Speakers Headsets Ear Buds,RAZER KRAKEN V4 X 7.1 WIRED GAMING HEADSET,"35,000 LKR",In Stock,https://www.nanotek.lk/product/razer-kraken-v4-x-71-wired-gaming-headset
Speakers Headsets Ear Buds,ANKER soundcore V20i Wireless Earbuds,"9,000 LKR",In Stock,https://www.nanotek.lk/product/anker-soundcore-v20i-wireless-earbuds
Speakers Headsets Ear Buds,RAZER BLACKSHARK V3 PRO WIRELESS ANC ESPORTS HEADSET,"95,000 LKR",Out of Stock,https://www.nanotek.lk/product/razer-blackshark-v3-pro-wireless-anc-esports-headset-1
Speakers Headsets Ear Buds,ONIKUMA GT836 QUAD MODE WIRELESS GAMING HEADSET,"9,000 LKR",Out of Stock,https://www.nanotek.lk/product/onikuma-gt836-quad-mode-wireless-gaming-headset
Speakers Headsets Ear Buds,ONIKUMA GT805 QUAD MODE WIRELESS GAMING HEADSET,"7,000 LKR",Out of Stock,https://www.nanotek.lk/product/onikuma-gt805-quad-mode-wireless-gaming-headset
Speakers Headsets Ear Buds,UGREEN EARPHONE STORAGE BAG BLACK - LP128 - 40816,"1,000 LKR",In Stock,https://www.nanotek.lk/product/ugreen-earphone-storage-bag-black-lp128-40816
Speakers Headsets Ear Buds,ONIKUMA GT886 TRI MODE WIRELESS GAMING HEADSET,"9,500 LKR",Out of Stock,https://www.nanotek.lk/product/onikuma-gt886-tri-mode-wireless-gaming-headset
Speakers Headsets Ear Buds,ONIKUMA X89 RGB WIRED GAMING HEADSET,"6,500 LKR",In Stock,https://www.nanotek.lk/product/onikuma-x89-rgb-wired-gaming-headset
Speakers Headsets Ear Buds,ONIKUMA X33 RGB USB-C WIRED GAMING HEADSET,"6,000 LKR",In Stock,https://www.nanotek.lk/product/onikuma-x33-rgb-usb-c-wired-gaming-headset
Speakers Headsets Ear Buds,Razer BlackShark V3 Wireless Gaming Headset,"55,000 LKR",Out of Stock,https://www.nanotek.lk/product/razer-blackshark-v3-wireless-gaming-headset
Speakers Headsets Ear Buds,Razer BlackShark V3 X Wireless Gaming Headset,"37,000 LKR",Out of Stock,https://www.nanotek.lk/product/razer-blackshark-v3-x-wireless-gaming-headset
Speakers Headsets Ear Buds,TRONSMART T8 MINI PORTABLE SPEAKER,"8,000 LKR",Out of Stock,https://www.nanotek.lk/product/tronsmart-t8-mini-portable-speaker
Speakers Headsets Ear Buds,HONOR CHOICE VZ Sport Mate Headphones Pro Wireless - White,"19,500 LKR",In Stock,https://www.nanotek.lk/product/honor-choice-vz-sport-mate-headphones-pro-wireless-white
Speakers Headsets Ear Buds,ANKER SOUNDCORE LIFE Q20I HYBRID ANC WIRELESS HEADHONE,"14,000 LKR",Out of Stock,https://www.nanotek.lk/product/anker-soundcore-life-q20i-hybrid-anc-wireless-headhone
Speakers Headsets Ear Buds,ONIKUMA X92 RGB WIRED GAMING HEADSET,"6,500 LKR",Out of Stock,https://www.nanotek.lk/product/onikuma-x92-rgb-wired-gaming-headset
Speakers Headsets Ear Buds,FANTECH HG26 ALTO RGB 7.1 SURROUND GAMING HEADSET,"10,500 LKR",In Stock,https://www.nanotek.lk/product/fantech-hg26-alto-rgb-71-surround-gaming-headset
Speakers Headsets Ear Buds,ONIKUMA X25 RGB Gaming Headset,"6,700 LKR",In Stock,https://www.nanotek.lk/product/onikuma-x25-rgb-gaming-headset
Speakers Headsets Ear Buds,FANTECH SONATA MH90 MULTI PLATFORM GAMING HEADSET,"14,000 LKR",Out of Stock,https://www.nanotek.lk/product/fantech-sonata-mh90-multi-platform-gaming-headset
Speakers Headsets Ear Buds,ANKER SOUNDCORE BOOM 2 SPEAKER,"38,500 LKR",In Stock,https://www.nanotek.lk/product/anker-soundcore-boom-2-speaker
Speakers Headsets Ear Buds,LOGITECH G733 LIGHTSPEED WIRELESS RGB GAMING HEADSET,"45,500 LKR",In Stock,https://www.nanotek.lk/product/logitech-g733-lightspeed-wireless-rgb-gaming-headset
Speakers Headsets Ear Buds,Anker Soundcore R60i NC True Wireless Earbuds,"9,500 LKR",In stock,https://www.nanotek.lk/product/anker-soundcore-r60i-nc-true-wireless-earbuds
Speakers Headsets Ear Buds,FANTECH CRUZE HG31 7.1 HEADSET,"8,500 LKR",In stock,https://www.nanotek.lk/product/fantech-cruze-hg31-71-headset
Speakers Headsets Ear Buds,TRONSMART TRIP 2 PORTABLE OUTDOOR SPEAKER,"7,500 LKR",In stock,https://www.nanotek.lk/product/tronsmart-trip-2-portable-outdoor-speaker
Speakers Headsets Ear Buds,"Logitech Z906 5.1 THX, DOLBY DIGITAL AND DTS DIGITAL CERTIFIED SOUND","125,000 LKR",In Stock,https://www.nanotek.lk/product/logitech-z906-51-thx-dolby-digital-and-dts-digital-certified-sound
Speakers Headsets Ear Buds,FANTECH HARMONY WHG02 WIRELESS & BLUETOOTH HEADSET,"16,500 LKR",In Stock,https://www.nanotek.lk/product/fantech-harmony-whg02-wireless-bluetooth-headset
Speakers Headsets Ear Buds,Corsair HS35 SURROUND v2 Multiplatform Gaming Headset,"20,000 LKR",In Stock,https://www.nanotek.lk/product/corsair-hs35-surround-v2-multiplatform-gaming-headset
Speakers Headsets Ear Buds,ONIKUMA GT887 WIRELESS GAMING HEADSET,"9,500 LKR",Out of Stock,https://www.nanotek.lk/product/onikuma-gt887-wireless-gaming-headset
Speakers Headsets Ear Buds,CORSAIR VOID WIRELESS v2 Gaming Headset,"51,500 LKR",In Stock,https://www.nanotek.lk/product/corsair-void-wireless-v2-gaming-headset
Speakers Headsets Ear Buds,ONIKUMA K9 RGB WIRED GAMING HEADSET,"8,000 LKR",Out of Stock,https://www.nanotek.lk/product/onikuma-k9-rgb-wired-gaming-headset
Speakers Headsets Ear Buds,RAZER BLACKSHARK V2 X USB GAMING HEADSET,"18,500 LKR",Out of Stock,https://www.nanotek.lk/product/razer-blackshark-v2-x-usb-gaming-headset
Speakers Headsets Ear Buds,Logitech H540 USB PC Headset with Noise-Cancelling Mic,"19,500 LKR",In Stock,https://www.nanotek.lk/product/logitech-h540-usb-pc-headset-with-noise-cancelling-mic
Speakers Headsets Ear Buds,ONIKUMA X15 PRO TYPE-C WIRED RGB  GAMING HEADSET - Beige,"8,000 LKR",In Stock,https://www.nanotek.lk/product/onikuma-x15-pro-type-c-wired-rgb-gaming-headset-beige
Speakers Headsets Ear Buds,ONIKUMA B3 RGB WIRELESS HEADPHONE,"8,700 LKR",In Stock,https://www.nanotek.lk/product/onikuma-b3-rgb-wireless-headphone
Speakers Headsets Ear Buds,FANTECH WHG06 CARBON PRO SUPER MAXFIT WIRELESS HEADSET,"10,500 LKR",Out of Stock,https://www.nanotek.lk/product/fantech-whg06-carbon-pro-super-maxfit-wireless-headset
Speakers Headsets Ear Buds,FANTECH BS154 NERABOX BLUETOOTH PORTABLE SPEAKER,"4,000 LKR",In Stock,https://www.nanotek.lk/product/fantech-bs154-nerabox-bluetooth-portable-speaker-1
Speakers Headsets Ear Buds,FANTECH BS153 NERABOX Bluetooth PORTABLE SPEAKER,"3,000 LKR",In Stock,https://www.nanotek.lk/product/fantech-bs153-nerabox-bluetooth-portable-speaker
Speakers Headsets Ear Buds,Logitech Zone Wired Headset with Noise Canceling Mic,"47,000 LKR",In stock,https://www.nanotek.lk/product/logitech-zone-wired-headset-with-noise-canceling-mic
Speakers Headsets Ear Buds,RAZER LEVIATHAN RGB V2 X BLUETOOTH 5.0 GAMING SOUNDBAR,"42,000 LKR",Out of Stock,https://www.nanotek.lk/product/razer-leviathan-rgb-v2-x-bluetooth-50-gaming-soundbar-1
Speakers Headsets Ear Buds,Logitech Zone 300 Wireless Bluetooth Headset with Noise-Canceling,"22,500 LKR",In stock,https://www.nanotek.lk/product/logitech-zone-300-wireless-bluetooth-headset-with-noise-canceling
Speakers Headsets Ear Buds,RAZER BARRACUDA X CHROMA WIRELESS MULTI-PLATFORM GAMING HEADSET,"54,000 LKR",In Stock,https://www.nanotek.lk/product/razer-barracuda-x-chroma-wireless-multi-platform-gaming-headset
Speakers Headsets Ear Buds,RAZER BARRACUDA X MULTI-PLATFORM WIRELESS GAMING & MOBILE HEADSET,"37,500 LKR",Out of Stock,https://www.nanotek.lk/product/razer-barracuda-x-multi-platform-wireless-gaming-mobile-headset
Speakers Headsets Ear Buds,RAZER HAMMERHEAD PRO HYPERSPEED WIRELESS BUDS,"69,000 LKR",Pre-Order,https://www.nanotek.lk/product/razer-hammerhead-pro-hyperspeed-wireless-buds
Speakers Headsets Ear Buds,RAZER KRAKEN V3 X GAMING HEADSET,"22,000 LKR",In Stock,https://www.nanotek.lk/product/razer-kraken-v3-x-gaming-headset
Speakers Headsets Ear Buds,RAZER LEVIATHAN RGB V2 GAMING 5.2 BLUETOOTH SOUNDBAR WITH SUBWOOFER,"110,000 LKR",In Stock,https://www.nanotek.lk/product/razer-leviathan-rgb-v2-gaming-52-bluetooth-soundbar-with-subwoofer
Speakers Headsets Ear Buds,RAZER NOMMO V2 X BLUETOOTH 5.0 GAMING SPEAKERS,"61,000 LKR",Out of Stock,https://www.nanotek.lk/product/razer-nommo-v2-x-bluetooth-50-gaming-speakers
Speakers Headsets Ear Buds,Logitech H340 USB PC Headset with Noise-Cancelling Mic,"10,000 LKR",In Stock,https://www.nanotek.lk/product/logitech-h340-usb-pc-headset-with-noise-cancelling-mic
Speakers Headsets Ear Buds,ONIKUMA X7 PRO WIRED RGB GAMING HEADSET,"7,000 LKR",In Stock,https://www.nanotek.lk/product/onikuma-x7-pro-wired-rgb-gaming-headset
Speakers Headsets Ear Buds,LOGITECH G PRO X SE WIRED GAMING HEADSET,"35,000 LKR",Out of Stock,https://www.nanotek.lk/product/logitech-g-pro-x-se-wired-gaming-headset
Speakers Headsets Ear Buds,FANTECH TONE II HQ56 WIRED GAMING HEADSET,"2,500 LKR",In Stock,https://www.nanotek.lk/product/fantech-tone-ii-hq56-wired-gaming-headset
Speakers Headsets Ear Buds,EDIFIER MR3 POWERED STUDIO MONITOR SPEAKERS,"49,000 LKR",In Stock,https://www.nanotek.lk/product/edifier-mr3-powered-studio-monitor-speakers
Speakers Headsets Ear Buds,ONIKUMA B60 Gaming Headset,"6,500 LKR",In Stock,https://www.nanotek.lk/product/onikuma-b60-gaming-headset
Speakers Headsets Ear Buds,SteelSeries Arctis NOVA 1 Gaming Headset,"30,000 LKR",Out of Stock,https://www.nanotek.lk/product/steelseries-arctis-nova-1-gaming-headset
Speakers Headsets Ear Buds,FANTECH CHIEF II HG20 HEADSET,"5,500 LKR",In stock,https://www.nanotek.lk/product/fantech-chief-ii-hg20-headset
Speakers Headsets Ear Buds,FANTECH HG23 OCTANE 7.1 SURROUND GAMING HEADSET,"7,500 LKR",In Stock,https://www.nanotek.lk/product/fantech-hg23-octane-71-surround-gaming-headset-1
Speakers Headsets Ear Buds,FANTECH HG30 CARBON 7.1 GAMING HEADSET,"8,500 LKR",In Stock,https://www.nanotek.lk/product/fantech-hg30-carbon-71-gaming-headset
Speakers Headsets Ear Buds,FANTECH WHG05 STELLAR WIRELESS HEADSET BLACK,"10,000 LKR",In Stock,https://www.nanotek.lk/product/fantech-whg05-stellar-wireless-headset-black-1
Speakers Headsets Ear Buds,FANTECH MH89 VALOR II MULTI-PLATFORM GAMING HEADSET,"5,000 LKR",In Stock,https://www.nanotek.lk/product/fantech-mh89-valor-ii-multi-platform-gaming-headset-1
Speakers Headsets Ear Buds,Anker Soundcore Liberty 5 ANC Earbuds,"19,500 LKR",In Stock,https://www.nanotek.lk/product/anker-soundcore-liberty-5-anc-earbuds
Speakers Headsets Ear Buds,Anker Soundcore H30i Wireless On-Ear Headphones,"9,500 LKR",Out of Stock,https://www.nanotek.lk/product/anker-soundcore-h30i-wireless-on-ear-headphones
Speakers Headsets Ear Buds,Anker Soundcore Space One Over Ear Headphones,"20,000 LKR",Out of Stock,https://www.nanotek.lk/product/anker-soundcore-space-one-over-ear-headphones
Speakers Headsets Ear Buds,Corsair VIRTUOSO RGB WIRELESS XT High-Fidelity Gaming Headset,"112,500 LKR",In Stock,https://www.nanotek.lk/product/corsair-virtuoso-rgb-wireless-xt-high-fidelity-gaming-headset
Speakers Headsets Ear Buds,Anker Soundcore Space Q45 ANC Headphones,"28,000 LKR",Out of Stock,https://www.nanotek.lk/product/anker-soundcore-space-q45-anc-headphones
Speakers Headsets Ear Buds,Anker Soundcore Q11i Wireless Headphones,"11,000 LKR",In Stock,https://www.nanotek.lk/product/anker-soundcore-q11i-wireless-headphones
Speakers Headsets Ear Buds,Anker Soundcore R50i True Wireless Earbuds ( Black / Blue ),"5,000 LKR5,700 LKR",In Stock,https://www.nanotek.lk/product/anker-soundcore-r50i-true-wireless-earbuds-black-blue
Speakers Headsets Ear Buds,Anker Soundcore R50i NC True Wireless Bluetooth Earbuds,"7,000 LKR",In Stock,https://www.nanotek.lk/product/anker-soundcore-r50i-nc-true-wireless-bluetooth-earbuds
Speakers Headsets Ear Buds,Anker Liberty 4 NC All-New True-Wireless Earbuds,"17,000 LKR",In Stock,https://www.nanotek.lk/product/anker-liberty-4-nc-all-new-true-wireless-earbuds
Speakers Headsets Ear Buds,Anker Liberty 4 Pro | Noise Cancelling True-Wireless Earbuds,"29,500 LKR",In Stock,https://www.nanotek.lk/product/anker-liberty-4-pro-noise-cancelling-true-wireless-earbuds
Speakers Headsets Ear Buds,Razer Kraken Kitty RGB USB Gaming Headset,"38,500 LKR",In Stock,https://www.nanotek.lk/product/razer-kraken-kitty-rgb-usb-gaming-headset
Speakers Headsets Ear Buds,CORSAIR HS65 SURROUND Wired Gaming Headset With USB Adapter Carbon/White,"30,000 LKR",In Stock,https://www.nanotek.lk/product/corsair-hs65-surround-wired-gaming-headset-with-usb-adapter-carbonwhite
Speakers Headsets Ear Buds,CORSAIR HS55 STEREO WIRED HEADSET CARBON/WHITE,"17,500 LKR",In Stock,https://www.nanotek.lk/product/corsair-hs55-stereo-wired-headset-carbonwhite
Speakers Headsets Ear Buds,FANTECH WHG04 TAMAGO II W/L Headset,"7,000 LKR",In Stock,https://www.nanotek.lk/product/fantech-whg04-tamago-ii-wl-headset
Speakers Headsets Ear Buds,RAZER BLACKSHARK V2 HYPERSPEED WIRELESS HEADSET,"49,500 LKR",Out of Stock,https://www.nanotek.lk/product/razer-blackshark-v2-hyperspeed-wireless-headset
Speakers Headsets Ear Buds,FANTECH GROOVE BAR PRO BS162 BLUETOOTH SPEAKER,"6,000 LKR",In Stock,https://www.nanotek.lk/product/fantech-groove-bar-pro-bs162-bluetooth-speaker
Speakers Headsets Ear Buds,EDIFIER MR5 TRI-AMPED POWERED STUDIO MONITOR SPEAKERS,"112,500 LKR",Out of Stock,https://www.nanotek.lk/product/edifier-mr5-tri-amped-powered-studio-monitor-speakers
Speakers Headsets Ear Buds,ONIKUMA B2 Headset Headworn Bluetooth 2.4g Wireless Headphone,"8,700 LKR",Out of Stock,https://www.nanotek.lk/product/onikuma-b2-headset-headworn-bluetooth-24g-wireless-headphone
Speakers Headsets Ear Buds,FANTECH HQ53 FLASH Light-Weight Gaming Headset,"4,000 LKR",In Stock,https://www.nanotek.lk/product/fantech-hq53-flash-light-weight-gaming-headset
Speakers Headsets Ear Buds,ONIKUMA B5 RGB Cat Ear Bluetooth Wireless Gaming,"10,000 LKR",In Stock,https://www.nanotek.lk/product/onikuma-b5-rgb-cat-ear-bluetooth-wireless-gaming
Speakers Headsets Ear Buds,FANTECH GS202 SONAR SPEAKERS,"3,500 LKR",In Stock,https://www.nanotek.lk/product/fantech-gs202-sonar-speakers-1
Speakers Headsets Ear Buds,EDIFIER R1280DBS ACTIVE 2.0 BLUETOOTH BOOKSHELF SPEAKER SET,"62,500 LKR",In Stock,https://www.nanotek.lk/product/edifier-r1280dbs-active-20-bluetooth-bookshelf-speaker-set
Speakers Headsets Ear Buds,Logitech G PRO X Wired Gaming Headset,"49,500 LKR",In Stock,https://www.nanotek.lk/product/logitech-g-pro-x-wired-gaming-headset
Speakers Headsets Ear Buds,LOGITECH H390 USB NOISE CANCELLING HEADSET,"12,000 LKR",In Stock,https://www.nanotek.lk/product/logitech-h390-usb-noise-cancelling-headset
Speakers Headsets Ear Buds,LOGITECH G535 LIGHTSPEED WIRELESS GAMING HEADSET,"41,500 LKR",In Stock,https://www.nanotek.lk/product/logitech-g535-lightspeed-wireless-gaming-headset
Speakers Headsets Ear Buds,LOGITECH Z625 2.1 THX CERTIFIED SPEAKER,"55,000 LKR",In Stock,https://www.nanotek.lk/product/logitech-z625-21-thx-certified-speaker
Speakers Headsets Ear Buds,Noise Pop Buds Truly Wireless Earbuds,"6,000 LKR",In stock,https://www.nanotek.lk/product/noise-pop-buds-truly-wireless-earbuds
Speakers Headsets Ear Buds,FANTECH ORBIT HG25 7.1 VIRTUAL SURROUND SOUND GAMING HEADSET,"5,000 LKR",In Stock,https://www.nanotek.lk/product/fantech-orbit-hg25-71-virtual-surround-sound-gaming-headset
Speakers Headsets Ear Buds,Fantech Go Vibe WH05 Wireless Headphone,"5,000 LKR",In Stock,https://www.nanotek.lk/product/fantech-go-vibe-wh05-wireless-headphone
Speakers Headsets Ear Buds,Patriot Viper V330 Stereo Gaming Headset,"9,500 LKR",In Stock,https://www.nanotek.lk/product/patriot-viper-v330-stereo-gaming-headset
Speakers Headsets Ear Buds,FANTECH HQ54 MARS II GAMING HEADSET,"3,500 LKR",In Stock,https://www.nanotek.lk/product/fantech-hq54-mars-ii-gaming-headset
Speakers Headsets Ear Buds,EDIFIER R20BT BLUETOOTH PC SPEAKER,"19,500 LKR",Out of Stock,https://www.nanotek.lk/product/edifier-r20bt-bluetooth-pc-speaker
Speakers Headsets Ear Buds,Sennheiser HD 450BT Wireless Active Noise Cancelling Headphone,"53,500 LKR",In Stock,https://www.nanotek.lk/product/sennheiser-hd-450bt-wireless-active-noise-cancelling-headphone
Speakers Headsets Ear Buds,Sennheiser ACCENTUM Wireless Headphones,"59,500 LKR",In Stock,https://www.nanotek.lk/product/sennheiser-accentum-wireless-headphones
Speakers Headsets Ear Buds,FANTECH AURORA HG29 7.1 SURROUND SOUND GAMING HEADSET,"5,500 LKR",In Stock,https://www.nanotek.lk/product/fantech-aurora-hg29-71-surround-sound-gaming-headset
Speakers Headsets Ear Buds,FANTECH PORTAL HG28 7.1 RGB GAMING HEADSET,"6,000 LKR",In Stock,https://www.nanotek.lk/product/fantech-portal-hg28-71-rgb-gaming-headset
Speakers Headsets Ear Buds,Logitech G435 LIGHTSPEED Wireless Bluetooth Gaming Headset,"23,000 LKR",In Stock,https://www.nanotek.lk/product/logitech-g435-lightspeed-wireless-bluetooth-gaming-headset
Speakers Headsets Ear Buds,FANTECH STUDIO WHG03 TRI MODE WIRELESS HEADPHONE,"12,000 LKR",In Stock,https://www.nanotek.lk/product/fantech-studio-whg03-tri-mode-wireless-headphone-1
Speakers Headsets Ear Buds,Corsair HS35 V2 Multiplatform Gaming Headset,"14,000 LKR",In Stock,https://www.nanotek.lk/product/corsair-hs35-v2-multiplatform-gaming-headset
Speakers Headsets Ear Buds,UGREEN HEADSET STAND - 80701,"4,500 LKR",Out of Stock,https://www.nanotek.lk/product/ugreen-headset-stand-80701
Speakers Headsets Ear Buds,FANTECH GROOVE BAR PRO BS151 BLUETOOTH SPEAKER,"9,500 LKR",In Stock,https://www.nanotek.lk/product/fantech-groove-bar-pro-bs151-bluetooth-speaker
Speakers Headsets Ear Buds,EDIFIER R1855DB ACTIVE 2.0 BLUETOOTH BOOKSHELF SPEAKER SET,"82,500 LKR",Out of Stock,https://www.nanotek.lk/product/edifier-r1855db-active-20-bluetooth-bookshelf-speaker-set
Speakers Headsets Ear Buds,FANTECH HG11 CAPTAIN 7.1 SURROUND SOUND,"8,500 LKR",In Stock,https://www.nanotek.lk/product/fantech-hg11-captain-71-surround-sound
Speakers Headsets Ear Buds,Fantech ALTO MH91 Gaming Headset,"7,000 LKR",In Stock,https://www.nanotek.lk/product/fantech-alto-mh91-gaming-headset
Speakers Headsets Ear Buds,FANTECH WH03 GO MOVE Bluetooth 5.0 Wireless Headphone Dual Connection,"7,500 LKR",Out of Stock,https://www.nanotek.lk/product/fantech-wh03-go-move-bluetooth-50-wireless-headphone-dual-connection
Speakers Headsets Ear Buds,ONIKUMA ST-2 Headset stand,"6,000 LKR",In stock,https://www.nanotek.lk/product/onikuma-st-2-headset-stand
Speakers Headsets Ear Buds,ONIKUMA T18 TWS Earbuds,"6,500 LKR",In stock,https://www.nanotek.lk/product/onikuma-t18-tws-earbuds
Speakers Headsets Ear Buds,ONIKUMA X15 Pro Headset,"6,000 LKR",In stock,https://www.nanotek.lk/product/onikuma-x15-pro-headset
Speakers Headsets Ear Buds,ONIKUMA T5 In Ear Wireless Earbuds,"6,500 LKR",In stock,https://www.nanotek.lk/product/onikuma-t5-in-ear-wireless-earbuds
Speakers Headsets Ear Buds,ONIKUMA L7 Wireless Mini Bluetooth Speaker,"7,800 LKR",In stock,https://www.nanotek.lk/product/onikuma-l7-wireless-mini-bluetooth-speaker
Speakers Headsets Ear Buds,Anker Space One Pro Over-Ear Headphones,"37,500 LKR",Out of stock,https://www.nanotek.lk/product/anker-space-one-pro-over-ear-headphones
Speakers Headsets Ear Buds,SteelSeries Arctis NOVA 3 Gaming Headset,"36,500 LKR",In Stock,https://www.nanotek.lk/product/steelseries-arctis-nova-3-gaming-headset
Speakers Headsets Ear Buds,FANTECH CARBON MH92 GAMING HEADSET,"6,500 LKR",In Stock,https://www.nanotek.lk/product/fantech-carbon-mh92-gaming-headset
Speakers Headsets Ear Buds,FANTECH HQ55 PORTAL 3.5MM HEADSET,"4,500 LKR",In Stock,https://www.nanotek.lk/product/fantech-hq55-portal-35mm-headset
Speakers Headsets Ear Buds,Logitech G335 Wired Gaming Headset,"20,000 LKR",In Stock,https://www.nanotek.lk/product/logitech-g335-wired-gaming-headset
Speakers Headsets Ear Buds,FANTECH WH07A GO BLUETOOTH HEADPHONE,"7,000 LKR",In Stock,https://www.nanotek.lk/product/fantech-wh07a-go-bluetooth-headphone
Speakers Headsets Ear Buds,CORSAIR HS80 MAX RGB WIRELESS HEADSET,"69,000 LKR",In Stock,https://www.nanotek.lk/product/corsair-hs80-max-rgb-wireless-headset
Speakers Headsets Ear Buds,CORSAIR HS80 RGB WIRELESS PREMIUM GAMING HEADSET WITH SPATIAL AUDIO,"56,500 LKR",Out of Stock,https://www.nanotek.lk/product/corsair-hs80-rgb-wireless-premium-gaming-headset-with-spatial-audio-1
Speakers Headsets Ear Buds,ANKER SOUNDCORE SLEEP A20 BUDS,"25,500 LKR",Out of Stock,https://www.nanotek.lk/product/anker-soundcore-sleep-a20-buds
Speakers Headsets Ear Buds,ANKER SOUNDCORE BOOM 3I PORTABLE SPEAKER,"22,500 LKR",In Stock,https://www.nanotek.lk/product/anker-soundcore-boom-3i-portable-speaker
Speakers Headsets Ear Buds,SOUNDPEATS Air3 Compact Wireless Earbuds - Pink,"9,000 LKR",Out of Stock,https://www.nanotek.lk/product/soundpeats-air3-compact-wireless-earbuds-pink
Speakers Headsets Ear Buds,SOUNPEATS LIFE ANC WIRELESS EARBUDS,"9,000 LKR",Out of Stock,https://www.nanotek.lk/product/sounpeats-life-anc-wireless-earbuds
Speakers Headsets Ear Buds,Razer Kraken X Essential Wired Gaming Headset,"19,000 LKR",Out of Stock,https://www.nanotek.lk/product/razer-kraken-x-essential-wired-gaming-headset
Speakers Headsets Ear Buds,SOUNDPEATS Space ANC Headphones with Long Battery Life,"12,000 LKR",Out of Stock,https://www.nanotek.lk/product/soundpeats-space-anc-headphones-with-long-battery-life
Speakers Headsets Ear Buds,Soundpeats Clear-Dot True Wireless Earbuds,"6,000 LKR",Out of Stock,https://www.nanotek.lk/product/soundpeats-clear-dot-true-wireless-earbuds
Speakers Headsets Ear Buds,EDIFIER MR4 POWERED STUDIO MONITOR SPEAKERS,"57,500 LKR",In Stock,https://www.nanotek.lk/product/edifier-mr4-powered-studio-monitor-speakers
Speakers Headsets Ear Buds,Noise Aura Buds Truly Wireless Earbuds,"3,500 LKR7,000 LKR",Out of Stock,https://www.nanotek.lk/product/noise-aura-buds-truly-wireless-earbuds
Speakers Headsets Ear Buds,Anker Soundcore Motion+ Bluetooth Speaker,"25,000 LKR",Out of Stock,https://www.nanotek.lk/product/anker-soundcore-motion-bluetooth-speaker
Speakers Headsets Ear Buds,Logitech H370 USB Headset with Noise-Canceling,"9,500 LKR",Out of Stock,https://www.nanotek.lk/product/logitech-h370-usb-headset-with-noise-canceling
Speakers Headsets Ear Buds,Soundpeats Space Pro Noise Canceling Headphones,"15,000 LKR",Out of Stock,https://www.nanotek.lk/product/soundpeats-space-pro-noise-canceling-headphones
Speakers Headsets Ear Buds,Soundpeats T3 Pro ANC Wireless Earbuds,"4,500 LKR",In Stock,https://www.nanotek.lk/product/soundpeats-t3-pro-anc-wireless-earbuds
Speakers Headsets Ear Buds,ONIKUMA T27 WIRELESS GAMING EARBUDS,"8,500 LKR",Out of Stock,https://www.nanotek.lk/product/onikuma-t27-wireless-gaming-earbuds-1
Speakers Headsets Ear Buds,CORSAIR HS80 RGB Wired with DOLBY 7.1 - Carbon,"40,000 LKR",Out of Stock,https://www.nanotek.lk/product/corsair-hs80-rgb-wired-with-dolby-71-carbon
Speakers Headsets Ear Buds,FANTECH TOWER II AC304 HEADSET STAND,"2,500 LKR",Out of Stock,https://www.nanotek.lk/product/fantech-tower-ii-ac304-headset-stand
Speakers Headsets Ear Buds,Corsair VOID v2 MAX WIRELESS Gaming Headset,"62,000 LKR",In Stock,https://www.nanotek.lk/product/corsair-void-v2-max-wireless-gaming-headset
Speakers Headsets Ear Buds,RAZER KRAKEN V3 PRO WIRELESS GAMING HEADSET,"64,000 LKR",Out of Stock,https://www.nanotek.lk/product/razer-kraken-v3-pro-wireless-gaming-headset
Speakers Headsets Ear Buds,Soundpeats RunFree Lite Open-Ear Air Conduction Sport NeckBand,"5,500 LKR",Out of Stock,https://www.nanotek.lk/product/soundpeats-runfree-lite-open-ear-air-conduction-sport-neckband
Speakers Headsets Ear Buds,ANKER SOUNDCORE P41i ANC EARBUDS,"12,500 LKR",In Stock,https://www.nanotek.lk/product/anker-soundcore-p41i-anc-earbuds
Speakers Headsets Ear Buds,Sennheiser Consumer Audio HD 600 - Audiophile Hi-Res Open Back Dynamic Headphone,"132,500 LKR",Out of Stock,https://www.nanotek.lk/product/sennheiser-consumer-audio-hd-600-audiophile-hi-res-open-back-dynamic-headphone
Speakers Headsets Ear Buds,HYPERX CLOUD III S WIRELESS GAMING HEADSET,"62,500 LKR",In Stock,https://www.nanotek.lk/product/hyperx-cloud-iii-s-wireless-gaming-headset
Speakers Headsets Ear Buds,LOGITECH H111 Stereo Headset,"4,000 LKR",In Stock,https://www.nanotek.lk/product/logitech-h111-stereo-headset
Speakers Headsets Ear Buds,MSI MAESTRO 300 Gaming Headset,"16,500 LKR",In Stock,https://www.nanotek.lk/product/msi-maestro-300-gaming-headset
Speakers Headsets Ear Buds,LOGITECH G431 7.1 SURROUND SOUND GAMING HEADSET,"21,500 LKR",In Stock,https://www.nanotek.lk/product/logitech-g431-71-surround-sound-gaming-headset
Speakers Headsets Ear Buds,HyperX Cloud III Gaming Headset,"38,500 LKR",Out of Stock,https://www.nanotek.lk/product/hyperx-cloud-iii-gaming-headset
Speakers Headsets Ear Buds,LOGITECH Z313 2.1 Speaker System,"15,000 LKR",In Stock,https://www.nanotek.lk/product/logitech-z313-21-speaker-system
Speakers Headsets Ear Buds,FANTECH GO TUNE WH06 WIRELESS HEADPHONE,"5,500 LKR",In Stock,https://www.nanotek.lk/product/fantech-go-tune-wh06-wireless-headphone-1
Speakers Headsets Ear Buds,STEELSERIES Arctis NOVA 7 Wireless Gen 2 GAMING HEADSET,"75,500 LKR",In Stock,https://www.nanotek.lk/product/steelseries-arctis-nova-7-wireless-gen-2-gaming-headset
Speakers Headsets Ear Buds,SteelSeries Arctis NOVA PRO Wireless Gaming Headset,"132,000 LKR",In Stock,https://www.nanotek.lk/product/steelseries-arctis-nova-pro-wireless-gaming-headset
Speakers Headsets Ear Buds,EDIFIER S351DB 2.1 ACTIVE BLUETOOTH MULTIMEDIA SPEAKER SYSTEM,"129,500 LKR",Out of Stock,https://www.nanotek.lk/product/edifier-s351db-21-active-bluetooth-multimedia-speaker-system
Speakers Headsets Ear Buds,Anker Soundcore Select 4 Go Shower Speaker,"7,500 LKR",In Stock,https://www.nanotek.lk/product/anker-soundcore-select-4-go-shower-speaker
Speakers Headsets Ear Buds,ONIKUMA K20 RGB WIRED GAMING HEADSET,"6,500 LKR",In Stock,https://www.nanotek.lk/product/onikuma-k20-rgb-wired-gaming-headset
Speakers Headsets Ear Buds,SteelSeries Arctis NOVA 5 Gaming Headset,"67,500 LKR",In Stock,https://www.nanotek.lk/product/steelseries-arctis-nova-5-gaming-headset
Speakers Headsets Ear Buds,RAZER KAIRA HYPERSPEED PLAYSTATION 5 WIRELESS HEADSET,"39,000 LKR",Out of Stock,https://www.nanotek.lk/product/razer-kaira-hyperspeed-playstation-5-wireless-headset
Speakers Headsets Ear Buds,RAZER BLACKSHARK V2 X GAMING HEADSET,"18,500 LKR",In stock,https://www.nanotek.lk/product/razer-blackshark-v2-x-gaming-headset-1
Keyboardmouse Gamepad Controller,FANTECH WG9RD KANATA WIRELESS GAMING MOUSE,"3,500 LKR",In Stock,https://www.nanotek.lk/product/fantech-wg9rd-kanata-wireless-gaming-mouse
Keyboardmouse Gamepad Controller,FANTECH RAIGOR III WG12R WIRELESS GAMING MOUSE,"3,500 LKR",In Stock,https://www.nanotek.lk/product/fantech-raigor-iii-wg12r-wireless-gaming-mouse
Keyboardmouse Gamepad Controller,FANTECH WGP15 V2 EOS PRO II MULTI-PLATFORM GAMING CONTROLLER,"14,500 LKR",In Stock,https://www.nanotek.lk/product/fantech-wgp15-v2-eos-pro-ii-multi-platform-gaming-controller
Keyboardmouse Gamepad Controller,FANTECH WHG02P HARMONY PRO RGB WIRELESS HEADSET,"17,500 LKR",In Stock,https://www.nanotek.lk/product/fantech-whg02p-harmony-pro-rgb-wireless-headset
Keyboardmouse Gamepad Controller,FANTECH R1 V2 RACING WHEEL,"55,000 LKR",In Stock,https://www.nanotek.lk/product/fantech-r1-v2-racing-wheel
Keyboardmouse Gamepad Controller,UGREEN M371 Multi-mode Bluetooth & Wireless Mouse – M371-75545B,"6,500 LKR",In Stock,https://www.nanotek.lk/product/ugreen-m371-multi-mode-bluetooth-wireless-mouse-m371-75545b
Keyboardmouse Gamepad Controller,MOZA R3 Racing Wheel and Pedals,"155,000 LKR",In Stock,https://www.nanotek.lk/product/moza-r3-racing-wheel-and-pedals
Keyboardmouse Gamepad Controller,MEETION MK009 WIRED HOT-SWAP MECHANICAL KEYBOARD,"8,500 LKR",In Stock,https://www.nanotek.lk/product/meetion-mk009-wired-hot-swap-mechanical-keyboard
Keyboardmouse Gamepad Controller,FANTECH WG7V2RD CRYPTO II TRI-MODE GAMING MOUSE,"6,500 LKR",Out of Stock,https://www.nanotek.lk/product/fantech-wg7v2rd-crypto-ii-tri-mode-gaming-mouse
Keyboardmouse Gamepad Controller,FANTECH WK900 GO WIRELESS COMBO,"5,000 LKR",In stock,https://www.nanotek.lk/product/fantech-wk900-go-wireless-combo
Keyboardmouse Gamepad Controller,FANTECH WK901 GO ULTRA THIN WIRELESS COMBO,"5,500 LKR",In stock,https://www.nanotek.lk/product/fantech-wk901-go-ultra-thin-wireless-combo
Keyboardmouse Gamepad Controller,FANTECH SHIKARI S K515S WIRED GAMING KEYBOARD,"3,500 LKR",In stock,https://www.nanotek.lk/product/fantech-shikari-s-k515s-wired-gaming-keyboard
Keyboardmouse Gamepad Controller,ASUS ROG P718 Harpe Ace Extreme Wireless,"89,000 LKR",In stock,https://www.nanotek.lk/product/asus-rog-p718-harpe-ace-extreme-wireless
Keyboardmouse Gamepad Controller,ASUS TUF Gaming M4 Wireless Lightweight Gaming Mouse,"16,500 LKR",In Stock,https://www.nanotek.lk/product/asus-tuf-gaming-m4-wireless-lightweight-gaming-mouse
Keyboardmouse Gamepad Controller,Asus TUF Gaming K1 RGB Gaming Keyboard,"15,500 LKR",In Stock,https://www.nanotek.lk/product/asus-tuf-gaming-k1-rgb-gaming-keyboard
Keyboardmouse Gamepad Controller,Asus TUF Gaming K3 RGB GEN II mechanical Gaming Keyboard,"26,500 LKR",In Stock,https://www.nanotek.lk/product/asus-tuf-gaming-k3-rgb-gen-ii-mechanical-gaming-keyboard
Keyboardmouse Gamepad Controller,ASUS ROG Gladius II Core Gaming Mouse,"14,000 LKR",Out of Stock,https://www.nanotek.lk/product/asus-rog-gladius-ii-core-gaming-mouse
Keyboardmouse Gamepad Controller,ASUS TUF Gaming M3 Gen II,"8,500 LKR",In Stock,https://www.nanotek.lk/product/asus-tuf-gaming-m3-gen-ii
Keyboardmouse Gamepad Controller,ASUS TUF Gaming M4 Air Lightweight Gaming Mouse,"13,500 LKR",In Stock,https://www.nanotek.lk/product/asus-tuf-gaming-m4-air-lightweight-gaming-mouse
Keyboardmouse Gamepad Controller,ASUS STRIX FALCHION NX WIRELESS,"52,000 LKR",Out of Stock,https://www.nanotek.lk/product/asus-strix-falchion-nx-wireless
Keyboardmouse Gamepad Controller,ASUS ROG ROG Strix Scope II 96 Wireless,"52,000 LKR",Out of Stock,https://www.nanotek.lk/product/asus-rog-rog-strix-scope-ii-96-wireless
Keyboardmouse Gamepad Controller,Asus ROG Chakram X Origin Wireless,"49,500 LKR",In Stock,https://www.nanotek.lk/product/asus-rog-chakram-x-origin-wireless
Keyboardmouse Gamepad Controller,ASUS ROG Claymore II Wireless Modular Mechanical Gaming Keyboard,"87,000 LKR",Out of Stock,https://www.nanotek.lk/product/asus-rog-claymore-ii-wireless-modular-mechanical-gaming-keyboard
Keyboardmouse Gamepad Controller,ASUS ROG Azoth Wireless Gaming Mechanical Keyboard,"82,000 LKR",Out of Stock,https://www.nanotek.lk/product/asus-rog-azoth-wireless-gaming-mechanical-keyboard
Keyboardmouse Gamepad Controller,Asus ROG Scabbard II EXTENDED,"14,500 LKR",Out of Stock,https://www.nanotek.lk/product/asus-rog-scabbard-ii-extended
Keyboardmouse Gamepad Controller,FANTECH MK917 ATOM PRO79 WIRELESS MECHANICAL GAMING KEYBOARD,"14,000 LKR",Out of Stock,https://www.nanotek.lk/product/fantech-mk917-atom-pro79-wireless-mechanical-gaming-keyboard
Keyboardmouse Gamepad Controller,CORSAIR GALLEON 100 SD STREAM DECK INTEGRATED MECHANICAL KEYBOARD,"139,500 LKR",In Stock,https://www.nanotek.lk/product/corsair-galleon-100-sd-stream-deck-integrated-mechanical-keyboard
Keyboardmouse Gamepad Controller,MSI AGILITY GD30 GAMING MOUSEPAD,"6,500 LKR",Out of Stock,https://www.nanotek.lk/product/msi-agility-gd30-gaming-mousepad
Keyboardmouse Gamepad Controller,KEYCHRON M6-A5 4K WIRELESS MOUSE,"25,600 LKR",Out of Stock,https://www.nanotek.lk/product/keychron-m6-a5-4k-wireless-mouse
Keyboardmouse Gamepad Controller,KEYCHRON Q1 MAX QMK/VIA WIRELESS CUSTOM MECHANICAL KEYBOARD,"69,500 LKR",In Stock,https://www.nanotek.lk/product/keychron-q1-max-qmkvia-wireless-custom-mechanical-keyboard
Keyboardmouse Gamepad Controller,KEYCHRON K2 MAX QMK WIRELESS MECHANICAL KEYBOARD,"41,500 LKR",In Stock,https://www.nanotek.lk/product/keychron-k2-max-qmk-wireless-mechanical-keyboard
Keyboardmouse Gamepad Controller,KEYCHRON K3 MAX QMK WIRELESS MECHANICAL KEYBOARD,"41,500 LKR",Out of Stock,https://www.nanotek.lk/product/keychron-k3-max-qmk-wireless-mechanical-keyboard
Keyboardmouse Gamepad Controller,KEYCHRON K4 MAX QMK WIRELESS MECHANICAL KEYBOARD,"39,000 LKR",Out of Stock,https://www.nanotek.lk/product/keychron-k4-max-qmk-wireless-mechanical-keyboard
Keyboardmouse Gamepad Controller,KOORUI BKM01 WIRELESS KEYBOARD AND MOUSE COMBO - WHITE,"4,900 LKR",In Stock,https://www.nanotek.lk/product/koorui-bkm01-wireless-keyboard-and-mouse-combo-white
Keyboardmouse Gamepad Controller,FANTECH WGP15 V2S EOS PRO II S MULTI-PLATFORM GAMING CONTROLLER,"16,500 LKR",In Stock,https://www.nanotek.lk/product/fantech-wgp15-v2s-eos-pro-ii-s-multi-platform-gaming-controller
Keyboardmouse Gamepad Controller,FANTECH NOVA II D WGP16D WIRELESS GAMING CONTROLLER,"18,500 LKR",In Stock,https://www.nanotek.lk/product/fantech-nova-ii-d-wgp16d-wireless-gaming-controller
Keyboardmouse Gamepad Controller,FANTECH ZENITH PRO WGP18 WIRELESS RGB CONTROLLER,"14,500 LKR",In Stock,https://www.nanotek.lk/product/fantech-zenith-pro-wgp18-wireless-rgb-controller
Keyboardmouse Gamepad Controller,FANTECH GO W608 WIRELESS MOUSE,"2,000 LKR",Out of Stock,https://www.nanotek.lk/product/fantech-go-w608-wireless-mouse
Keyboardmouse Gamepad Controller,FANTECH CRUISER II WG11V2RD WIRELESS GAMING MOUSE,"6,500 LKR",In Stock,https://www.nanotek.lk/product/fantech-cruiser-ii-wg11v2rd-wireless-gaming-mouse
Keyboardmouse Gamepad Controller,FANTECH YARI E WG14E ERGONOMIC WIRELESS MOUSE,"9,500 LKR",In Stock,https://www.nanotek.lk/product/fantech-yari-e-wg14e-ergonomic-wireless-mouse
Keyboardmouse Gamepad Controller,FANTECH ATOM X66 MK614 MECHANICAL GAMING KEYBOARD,"9,500 LKR",Out of Stock,https://www.nanotek.lk/product/fantech-atom-x66-mk614-mechanical-gaming-keyboard
Keyboardmouse Gamepad Controller,Lenovo 350 Fifa world cup Fan edition,"7,500 LKR",In Stock,https://www.nanotek.lk/product/lenovo-350-fifa-world-cup-fan-edition
Keyboardmouse Gamepad Controller,ONIKUMA CW905 RGB WIRED GAMING MOUSE,"3,500 LKR",Out of Stock,https://www.nanotek.lk/product/onikuma-cw905-rgb-wired-gaming-mouse
Keyboardmouse Gamepad Controller,ONIKUMA MT902 TRI-MODE RGB MEMBRANE KEYBOARD,"11,000 LKR",Out of Stock,https://www.nanotek.lk/product/onikuma-mt902-tri-mode-rgb-membrane-keyboard
Keyboardmouse Gamepad Controller,ONIKUMA MT707 TRI-MODE RGB KEYBOARD,"13,500 LKR",Out of Stock,https://www.nanotek.lk/product/onikuma-mt707-tri-mode-rgb-keyboard-1
Keyboardmouse Gamepad Controller,ONIKUMA G52 WIRED RGB KEYBOARD,"13,500 LKR",Out of Stock,https://www.nanotek.lk/product/onikuma-g52-wired-rgb-keyboard
Keyboardmouse Gamepad Controller,LOGITECH G502 LIGHTSPEED WIRELESS GAMING MOUSE,"39,500 LKR",In Stock,https://www.nanotek.lk/product/logitech-g502-lightspeed-wireless-gaming-mouse
Keyboardmouse Gamepad Controller,LOGITECH G413 SE GAMING MECHANICAL KEYBOARD,"23,500 LKR",In Stock,https://www.nanotek.lk/product/logitech-g413-se-gaming-mechanical-keyboard
Keyboardmouse Gamepad Controller,FANTECH ACGP01 SMART GAMING GRIP,"2,000 LKR",In stock,https://www.nanotek.lk/product/fantech-acgp01-smart-gaming-grip
Keyboardmouse Gamepad Controller,UGREEN Classic Series Mouse Pad – LP575 – 90677,"2,500 LKR",Out of Stock,https://www.nanotek.lk/product/ugreen-classic-series-mouse-pad-lp575-90677
Keyboardmouse Gamepad Controller,Razer Pro Click V2 Ergonomic Wireless Mouse,"36,000 LKR",In stock,https://www.nanotek.lk/product/razer-pro-click-v2-ergonomic-wireless-mouse
Keyboardmouse Gamepad Controller,Razer Basilisk Mobile Wireless Gaming Mouse,"33,000 LKR",In stock,https://www.nanotek.lk/product/razer-basilisk-mobile-wireless-gaming-mouse
Keyboardmouse Gamepad Controller,Razer Viper V3 Pro Ultralight Wireless Esports Mouse,"59,000 LKR",Out of Stock,https://www.nanotek.lk/product/razer-viper-v3-pro-ultralight-wireless-esports-mouse
Keyboardmouse Gamepad Controller,Razer Cobra Pro Ambidextrous Wireless Gaming Mouse,"46,000 LKR",In stock,https://www.nanotek.lk/product/razer-cobra-pro-ambidextrous-wireless-gaming-mouse
Keyboardmouse Gamepad Controller,Razer Cobra HyperSpeed Wireless Gaming Mouse,"36,000 LKR",In stock,https://www.nanotek.lk/product/razer-cobra-hyperspeed-wireless-gaming-mouse
Keyboardmouse Gamepad Controller,Razer Blackwidow V4  Mechanical Gaming Keyboard,"70,000 LKR",In Stock,https://www.nanotek.lk/product/razer-blackwidow-v4-mechanical-gaming-keyboard
Keyboardmouse Gamepad Controller,Razer Blackwidow V4  X Mechanical Gaming Keyboard,"46,000 LKR",Out of Stock,https://www.nanotek.lk/product/razer-blackwidow-v4-x-mechanical-gaming-keyboard
Keyboardmouse Gamepad Controller,PXN VD4 BUNDLE RACING SIMULATOR,"95,500 LKR",In Stock,https://www.nanotek.lk/product/pxn-vd4-bundle-racing-simulator
Keyboardmouse Gamepad Controller,FANTECH PHANTOM II VX6 GAMING MOUSE,"3,500 LKR",In Stock,https://www.nanotek.lk/product/fantech-phantom-ii-vx6-gaming-mouse
Keyboardmouse Gamepad Controller,GAMDIAS ARES E3 2-IN-1 COMBO,"7,500 LKR",In Stock,https://www.nanotek.lk/product/gamdias-ares-e3-2-in-1-combo
Keyboardmouse Gamepad Controller,GAMDIAS POSEIDON E2 3 IN 1 GAMING COMBO,"9,500 LKR",In Stock,https://www.nanotek.lk/product/gamdias-poseidon-e2-3-in-1-gaming-combo-1
Keyboardmouse Gamepad Controller,FANTECH ATOM96 MK890V2 MECHANICAL GAMING KEYBOARD,"9,000 LKR",In Stock,https://www.nanotek.lk/product/fantech-atom96-mk890v2-mechanical-gaming-keyboard
Keyboardmouse Gamepad Controller,FANTECH R2 RACING WHEEL,"24,000 LKR",In Stock,https://www.nanotek.lk/product/fantech-r2-racing-wheel
Keyboardmouse Gamepad Controller,PXN V99 FORCE FEEDBACK RACING WHEEL,"66,500 LKR",In Stock,https://www.nanotek.lk/product/pxn-v99-force-feedback-racing-wheel
Keyboardmouse Gamepad Controller,PXN SF-U GEAR SHIFTER,"26,500 LKR",In Stock,https://www.nanotek.lk/product/pxn-sf-u-gear-shifter
Keyboardmouse Gamepad Controller,UGREEN ERGONOMIC WIRELESS MOUSE 2.4G SILENCE - 90545,"4,000 LKR",Out of Stock,https://www.nanotek.lk/product/ugreen-ergonomic-wireless-mouse-24g-silence-90545
Keyboardmouse Gamepad Controller,UGREEN ERGONOMIC KEYBOARD WRIST REST PAD - 25248,"2,500 LKR",In stock,https://www.nanotek.lk/product/ugreen-ergonomic-keyboard-wrist-rest-pad-25248
Keyboardmouse Gamepad Controller,Fantech THOR II X16 V2 MACRO RGB GAMING MOUSE,"3,500 LKR",Out of Stock,https://www.nanotek.lk/product/fantech-thor-ii-x16-v2-macro-rgb-gaming-mouse
Keyboardmouse Gamepad Controller,"FANTECH P51 WIRED KEYBOARD, MOUSE, HEADSET, STAND & MOUSE PAD COMBO","12,000 LKR",In Stock,https://www.nanotek.lk/product/fantech-p51-wired-keyboard-mouse-headset-stand-mouse-pad-combo-1
Keyboardmouse Gamepad Controller,FANTECH VIGIL MP256 BLACK GAMING MOUSE PAD,500 LKR,In Stock,https://www.nanotek.lk/product/fantech-vigil-mp256-black-gaming-mouse-pad-1
Keyboardmouse Gamepad Controller,FANTECH EOS GP15 LITE WIRED GAMING CONTROLLER,"8,500 LKR",Out of Stock,https://www.nanotek.lk/product/fantech-eos-gp15-lite-wired-gaming-controller-1
Keyboardmouse Gamepad Controller,FANTECH WGP13S - 2.4G SHOOTER III MULTI-PLATFIRN WIRELESS GAMEPAD,"8,000 LKR",In Stock,https://www.nanotek.lk/product/fantech-wgp13s-24g-shooter-iii-multi-platfirn-wireless-gamepad
Keyboardmouse Gamepad Controller,Fantech W192 GO WIRELESS MOUSE,"2,000 LKR",Out of Stock,https://www.nanotek.lk/product/fantech-w192-go-wireless-mouse
Keyboardmouse Gamepad Controller,Logitech G502 X LIGHTSPEED Wireless Gaming Mouse,"43,500 LKR",In Stock,https://www.nanotek.lk/product/logitech-g502-x-lightspeed-wireless-gaming-mouse
Keyboardmouse Gamepad Controller,FANTECH REVOLVER II WGP12 WIRELESS GAMEPAD,"8,000 LKR",In Stock,https://www.nanotek.lk/product/fantech-revolver-ii-wgp12-wireless-gamepad-1
Keyboardmouse Gamepad Controller,Logitech G703 HERO Wireless Gaming Mouse,"24,000 LKR",Out of Stock,https://www.nanotek.lk/product/logitech-g703-hero-wireless-gaming-mouse
Keyboardmouse Gamepad Controller,FANTECH WG11 CRUISER Wireless Gaming Mouse,"2,500 LKR",Out of Stock,https://www.nanotek.lk/product/fantech-wg11-cruiser-wireless-gaming-mouse
Keyboardmouse Gamepad Controller,FANTECH MP296 VIGIL GAMING MOUSE PAD,"1,000 LKR",In Stock,https://www.nanotek.lk/product/fantech-mp296-vigil-gaming-mouse-pad-1
Keyboardmouse Gamepad Controller,FANTECH T533 Professional Office Mouse,"1,500 LKR",Out of Stock,https://www.nanotek.lk/product/fantech-t533-professional-office-mouse
Keyboardmouse Gamepad Controller,Logitech MX Keys Mini Wireless Illuminated Keyboard,"49,500 LKR",In Stock,https://www.nanotek.lk/product/logitech-mx-keys-mini-wireless-illuminated-keyboard
Keyboardmouse Gamepad Controller,Logitech MK200 Media Wired Keyboard and Mouse Combo,"5,500 LKR",In stock,https://www.nanotek.lk/product/logitech-mk200-media-wired-keyboard-and-mouse-combo
Keyboardmouse Gamepad Controller,Logitech M705 Marathon Wireless Mouse with 3Y Battery Life,"16,500 LKR",Out of Stock,https://www.nanotek.lk/product/logitech-m705-marathon-wireless-mouse-with-3y-battery-life
Keyboardmouse Gamepad Controller,Logitech Signature M650 Wireless Mouse,"11,500 LKR",In stock,https://www.nanotek.lk/product/logitech-signature-m650-wireless-mouse
Keyboardmouse Gamepad Controller,ONIKUMA TZ3006 RGB 3 in 1 COMBO,"6,000 LKR",Out of stock,https://www.nanotek.lk/product/onikuma-tz3006-rgb-3-in-1-combo
Keyboardmouse Gamepad Controller,ONIKUMA C1 Wireless Gamepad,"5,500 LKR",Out of Stock,https://www.nanotek.lk/product/onikuma-c1-wireless-gamepad
Keyboardmouse Gamepad Controller,LENOVO LEGION GAMING M300S RGB GAMING MOUSE,"10,000 LKR",In Stock,https://www.nanotek.lk/product/lenovo-legion-gaming-m300s-rgb-gaming-mouse
Keyboardmouse Gamepad Controller,FANTECH XD7E ARIA WIRELESS MOUSE,"8,500 LKR",Out of Stock,https://www.nanotek.lk/product/fantech-xd7e-aria-wireless-mouse
Keyboardmouse Gamepad Controller,ONIKUMA CW925 RGB Backlit Wired Mouse,"5,500 LKR",In Stock,https://www.nanotek.lk/product/onikuma-cw925-rgb-backlit-wired-mouse
Keyboardmouse Gamepad Controller,LOGITECH G PRO X GAMING KEYBOARD,"44,000 LKR",In Stock,https://www.nanotek.lk/product/logitech-g-pro-x-gaming-keyboard
Keyboardmouse Gamepad Controller,Logitech Pebble Mouse 2 M350s Slim compact Bluetooth mouse,"8,000 LKR",In Stock,https://www.nanotek.lk/product/logitech-pebble-mouse-2-m350s-slim-compact-bluetooth-mouse
Keyboardmouse Gamepad Controller,LOGITECH G213 PRODIGY RGB GAMING KEYBOARD,"15,500 LKR",In Stock,https://www.nanotek.lk/product/logitech-g213-prodigy-rgb-gaming-keyboard
Keyboardmouse Gamepad Controller,ONIKUMA G55 RGB Mechanical Gaming Keyboard,"7,500 LKR",Out of Stock,https://www.nanotek.lk/product/onikuma-g55-rgb-mechanical-gaming-keyboard
Keyboardmouse Gamepad Controller,KEYCHRON K4 HE WIRELESS MAGNETIC SWITCH CUSTOM KEYBOARD,"46,500 LKR",Out of Stock,https://www.nanotek.lk/product/keychron-k4-he-wireless-magnetic-switch-custom-keyboard-1
Keyboardmouse Gamepad Controller,FANTECH VIGIL MP456 GAMING MOUSE PAD,"2,000 LKR",In Stock,https://www.nanotek.lk/product/fantech-vigil-mp456-gaming-mouse-pad
Keyboardmouse Gamepad Controller,ONIKUMA CW902 Gaming Mouse,"3,000 LKR",In Stock,https://www.nanotek.lk/product/onikuma-cw902-gaming-mouse
Keyboardmouse Gamepad Controller,FANTECH KANATA S WG9S WIRELESS MOUSE,"7,500 LKR",In Stock,https://www.nanotek.lk/product/fantech-kanata-s-wg9s-wireless-mouse
Keyboardmouse Gamepad Controller,FANTECH MP70 BASIC MOUSEPAD,"1,500 LKR",Out of Stock,https://www.nanotek.lk/product/fantech-mp70-basic-mousepad
Keyboardmouse Gamepad Controller,FANTECH REVOLVER GP12 GAMING CONTROLLER,"5,500 LKR",Out of Stock,https://www.nanotek.lk/product/fantech-revolver-gp12-gaming-controller-1
Keyboardmouse Gamepad Controller,Logitech M720 Trialthon Wireless Mouse,"19,500 LKR",In stock,https://www.nanotek.lk/product/logitech-m720-trialthon-wireless-mouse
Keyboardmouse Gamepad Controller,ONIKUMA CW917 Wireless Gaming Mouse,"6,500 LKR",Out of Stock,https://www.nanotek.lk/product/onikuma-cw917-wireless-gaming-mouse
Keyboardmouse Gamepad Controller,Logitech MK850 Multi-Device Wireless Keyboard & Mouse,"26,500 LKR",In Stock,https://www.nanotek.lk/product/logitech-mk850-multi-device-wireless-keyboard-mouse
Keyboardmouse Gamepad Controller,FANTECH MPR351S FIREFLY Soft Cloth RGB Mouse Pad,"4,000 LKR",In Stock,https://www.nanotek.lk/product/fantech-mpr351s-firefly-soft-cloth-rgb-mouse-pad
Keyboardmouse Gamepad Controller,EMARK Smart AI  MOUSE - EM01,"14,500 LKR",In Stock,https://www.nanotek.lk/product/emark-smart-ai-mouse-em01
Keyboardmouse Gamepad Controller,FANTECH WG9 KANATA WIRELESS MOUSE,"3,500 LKR",In Stock,https://www.nanotek.lk/product/fantech-wg9-kanata-wireless-mouse
Keyboardmouse Gamepad Controller,"FANTECH P31 HERO GAMING WIRED KEYBOARD, MOUSE & PAD COMBO","5,500 LKR",In stock,https://www.nanotek.lk/product/fantech-p31-hero-gaming-wired-keyboard-mouse-pad-combo-1
Keyboardmouse Gamepad Controller,ONIKUMA TZ5008 RGB 5 in 1 COMBO,"11,000 LKR",In stock,https://www.nanotek.lk/product/onikuma-tz5008-rgb-5-in-1-combo
Keyboardmouse Gamepad Controller,Keychron K2 HE Wireless Magnetic Switch Custom Keyboard,"42,000 LKR",Out of Stock,https://www.nanotek.lk/product/keychron-k2-he-wireless-magnetic-switch-custom-keyboard-1
Keyboardmouse Gamepad Controller,Keychron K2 QMK Wireless Mechanical KEYBOARD VERSION 3,"37,000 LKR",In stock,https://www.nanotek.lk/product/keychron-k2-qmk-wireless-mechanical-keyboard-version-3
Keyboardmouse Gamepad Controller,MOZA R5 Bundle,"210,000 LKR",In Stock,https://www.nanotek.lk/product/moza-r5-bundle
Keyboardmouse Gamepad Controller,ONIKUMA MP006 RGB MOUSEPAD,"4,500 LKR",Out of Stock,https://www.nanotek.lk/product/onikuma-mp006-rgb-mousepad
Keyboardmouse Gamepad Controller,Logitech M190 Wireless Mouse,"4,500 LKR",In stock,https://www.nanotek.lk/product/logitech-m190-wireless-mouse
Keyboardmouse Gamepad Controller,G915 X LIGHTSPEED Wireless Low Profile Gaming Keyboard,"66,500 LKR",Out of Stock,https://www.nanotek.lk/product/g915-x-lightspeed-wireless-low-profile-gaming-keyboard
Keyboardmouse Gamepad Controller,PXN A10 GAMING RACING WHEEL FOLDABLE STAND,"25,000 LKR",Out of Stock,https://www.nanotek.lk/product/pxn-a10-gaming-racing-wheel-foldable-stand
Keyboardmouse Gamepad Controller,PXN N7 RACING WHEEL WIRELESS RECEIVER,"9,000 LKR",In Stock,https://www.nanotek.lk/product/pxn-n7-racing-wheel-wireless-receiver
Keyboardmouse Gamepad Controller,CORSAIR VANGUARD 96 MECH LCD GAMING KEYBOARD,"63,000 LKR",Out of Stock,https://www.nanotek.lk/product/corsair-vanguard-96-mech-lcd-gaming-keyboard
Keyboardmouse Gamepad Controller,LOGITECH MK220 WIRELESS COMBO,"6,500 LKR",In Stock,https://www.nanotek.lk/product/logitech-mk220-wireless-combo
Keyboardmouse Gamepad Controller,FANTECH EOS MINI WGP17 Pocket Sized Mini Gamepad,"4,000 LKR",In stock,https://www.nanotek.lk/product/fantech-eos-mini-wgp17-pocket-sized-mini-gamepad
Keyboardmouse Gamepad Controller,Logitech PRO X2 SUPERSTRIKE Wireless Gaming Mouse,"59,500 LKR",In Stock,https://www.nanotek.lk/product/logitech-pro-x2-superstrike-wireless-gaming-mouse
Keyboardmouse Gamepad Controller,PXN V9 GEN 2 RACING WHEEL,"45,000 LKR",In Stock,https://www.nanotek.lk/product/pxn-v9-gen-2-racing-wheel
Keyboardmouse Gamepad Controller,Keychron K12 Pro QMK/VIA Wireless Mechanical KEYBOARD,"28,500 LKR",Out of Stock,https://www.nanotek.lk/product/keychron-k12-pro-qmkvia-wireless-mechanical-keyboard
Keyboardmouse Gamepad Controller,RAZER BLACKWIDOW V3 TENKEYLESS MECHANICAL KEYBOARD,"32,000 LKR",In Stock,https://www.nanotek.lk/product/razer-blackwidow-v3-tenkeyless-mechanical-keyboard
Keyboardmouse Gamepad Controller,RAZER HUNTSMAN MINI OPTICAL MECHANICAL KEYBOARD,"37,500 LKR",In stock,https://www.nanotek.lk/product/razer-huntsman-mini-optical-mechanical-keyboard
Keyboardmouse Gamepad Controller,RAZER HUNTSMAN V3 PRO OPTICAL ESPORTS MECHANICAL KEYBOARD,"91,000 LKR",Out of Stock,https://www.nanotek.lk/product/razer-huntsman-v3-pro-optical-esports-mechanical-keyboard
Keyboardmouse Gamepad Controller,RAZER ORNATA V3 LOW PROFILE KEYBOARD,"27,500 LKR",In stock,https://www.nanotek.lk/product/razer-ornata-v3-low-profile-keyboard
Keyboardmouse Gamepad Controller,RAZER ORNATA V3 TENKEYLESS LOW PROFILE KEYBOARD,"26,000 LKR",In stock,https://www.nanotek.lk/product/razer-ornata-v3-tenkeyless-low-profile-keyboard
Keyboardmouse Gamepad Controller,RAZER ORNATA V3 X LOW PROFILE KEYBOARD,"15,000 LKR",In Stock,https://www.nanotek.lk/product/razer-ornata-v3-x-low-profile-keyboard
Keyboardmouse Gamepad Controller,RAZER TARTARUS V2 CHROMA GAMING KEYPAD,"34,000 LKR",In stock,https://www.nanotek.lk/product/razer-tartarus-v2-chroma-gaming-keypad
Keyboardmouse Gamepad Controller,RAZER BASILISK V3 RGB GAMING MOUSE,"23,000 LKR",In Stock,https://www.nanotek.lk/product/razer-basilisk-v3-rgb-gaming-mouse
Keyboardmouse Gamepad Controller,STEELSERIES APEX 3 GAMING KEYBOARD,"32,500 LKR",In Stock,https://www.nanotek.lk/product/steelseries-apex-3-gaming-keyboard
Keyboardmouse Gamepad Controller,STEELSERIES APEX  3 TKL GAMING KEYBOARD,"25,500 LKR",In Stock,https://www.nanotek.lk/product/steelseries-apex-3-tkl-gaming-keyboard
Keyboardmouse Gamepad Controller,STEELSERIES APEX 7 TKL MECHANICAL KEYBOARD,"59,000 LKR",In Stock,https://www.nanotek.lk/product/steelseries-apex-7-tkl-mechanical-keyboard
Keyboardmouse Gamepad Controller,STEELSERIES APEX PRO TKL GEN3 GAMING KEYBOARD,"92,000 LKR",In Stock,https://www.nanotek.lk/product/steelseries-apex-pro-tkl-gen3-gaming-keyboard
Keyboardmouse Gamepad Controller,STEELSERIES APEX PRO GEN 3 GAMING KEYBOARD,"108,000 LKR",In Stock,https://www.nanotek.lk/product/steelseries-apex-pro-gen-3-gaming-keyboard
Keyboardmouse Gamepad Controller,PXN V3 PRO MULTI-PLATFORM RACING WHEEL,"23,000 LKR",In Stock,https://www.nanotek.lk/product/pxn-v3-pro-multi-platform-racing-wheel
Keyboardmouse Gamepad Controller,PXN P5 WIRELESS MULTI-PLATFORM CONTROLLER,"10,000 LKR",In Stock,https://www.nanotek.lk/product/pxn-p5-wireless-multi-platform-controller
Keyboardmouse Gamepad Controller,PXN P5 8K ULTRA LOW LATENCY WIRELESS CONTROLLER,"12,000 LKR",In Stock,https://www.nanotek.lk/product/pxn-p5-8k-ultra-low-latency-wireless-controller
Keyboardmouse Gamepad Controller,PXN 2113 PRO FLIGHT SIMULATOR JOYSTICK,"19,500 LKR",Out of Stock,https://www.nanotek.lk/product/pxn-2113-pro-flight-simulator-joystick
Keyboardmouse Gamepad Controller,RAZER KISHI V2 USB-C GAMING CONTROLLER FOR MOBILE,"44,500 LKR",Out of Stock,https://www.nanotek.lk/product/razer-kishi-v2-usb-c-gaming-controller-for-mobile
Keyboardmouse Gamepad Controller,RAZER BASILISK V3 X HYPERSPEED WIRELESS GAMING MOUSE,"29,500 LKR",In Stock,https://www.nanotek.lk/product/razer-basilisk-v3-x-hyperspeed-wireless-gaming-mouse
Keyboardmouse Gamepad Controller,RAZER COBRA GAMING MOUSE,"17,500 LKR",In Stock,https://www.nanotek.lk/product/razer-cobra-gaming-mouse
Keyboardmouse Gamepad Controller,RAZER DEATHADDER ESSENTIAL GAMING MOUSE,"9,000 LKR",In Stock,https://www.nanotek.lk/product/razer-deathadder-essential-gaming-mouse
Keyboardmouse Gamepad Controller,RAZER DEATHADDER V2 X HYPERSPEED WIRELESS MOUSE,"17,500 LKR",Out of Stock,https://www.nanotek.lk/product/razer-deathadder-v2-x-hyperspeed-wireless-mouse
Keyboardmouse Gamepad Controller,RAZER DEATHADDER V3 HYPERSPEED WIRELESS MOUSE,"42,500 LKR",In Stock,https://www.nanotek.lk/product/razer-deathadder-v3-hyperspeed-wireless-mouse
Keyboardmouse Gamepad Controller,RAZER DEATHADDER V3 PRO ULTRA RESPONSIVE WIRELESS MOUSE,"55,000 LKR",In Stock,https://www.nanotek.lk/product/razer-deathadder-v3-pro-ultra-responsive-wireless-mouse
Keyboardmouse Gamepad Controller,RAZER DEATHADDER V3 GAMING MOUSE,"30,000 LKR",In Stock,https://www.nanotek.lk/product/razer-deathadder-v3-gaming-mouse
Keyboardmouse Gamepad Controller,RAZER NAGA V2 PRO WIRELESS MOBA GAMING MOUSE,"69,000 LKR",In Stock,https://www.nanotek.lk/product/razer-naga-v2-pro-wireless-moba-gaming-mouse
Keyboardmouse Gamepad Controller,RAZER VIPER V3 HYPERSPEED RAPID WIRELESS ESPORT MOUSE,"30,000 LKR",In stock,https://www.nanotek.lk/product/razer-viper-v3-hyperspeed-rapid-wireless-esport-mouse
Keyboardmouse Gamepad Controller,RAZER GIGANTUS V2 ULTRA-SMOOTH GAMING MOUSEPAD,"6,500 LKR",In Stock,https://www.nanotek.lk/product/razer-gigantus-v2-ultra-smooth-gaming-mousepad
Keyboardmouse Gamepad Controller,Logitech K250 Bluetooth Compact Keyboard,"6,000 LKR",In Stock,https://www.nanotek.lk/product/logitech-k250-bluetooth-compact-keyboard
Keyboardmouse Gamepad Controller,Logitech MK250 Bluetooth COMBO,"8,500 LKR",In Stock,https://www.nanotek.lk/product/logitech-mk250-bluetooth-combo
Keyboardmouse Gamepad Controller,LOGITECH B175 WIRELESS MOUSE BLACK,"3,500 LKR",In Stock,https://www.nanotek.lk/product/logitech-b175-wireless-mouse-black
Keyboardmouse Gamepad Controller,PXN V10 Pro Direct Drive Racing Wheel,"72,000 LKR",In Stock,https://www.nanotek.lk/product/pxn-v10-pro-direct-drive-racing-wheel
Keyboardmouse Gamepad Controller,LOGITECH M235 WIRELESS MOUSE,"5,500 LKR",In Stock,https://www.nanotek.lk/product/logitech-m235-wireless-mouse-1
Keyboardmouse Gamepad Controller,Logitech M90 USB Optical Wired Mouse,"2,000 LKR",Out of Stock,https://www.nanotek.lk/product/logitech-m90-usb-optical-wired-mouse
Keyboardmouse Gamepad Controller,LOGITECH G309 DUAL WIRELESS GAMING MOUSE,"27,000 LKR",In Stock,https://www.nanotek.lk/product/logitech-g309-dual-wireless-gaming-mouse
Keyboardmouse Gamepad Controller,LOGITECH G413 CARBON GAMING MECHANICAL KEYBOARD,"26,500 LKR",In Stock,https://www.nanotek.lk/product/logitech-g413-carbon-gaming-mechanical-keyboard
Keyboardmouse Gamepad Controller,LOGITECH G515 LIGHTSPEED TKL WIRELESS GAMING KEYBOARD,"43,500 LKR",In Stock,https://www.nanotek.lk/product/logitech-g515-lightspeed-tkl-wireless-gaming-keyboard
Keyboardmouse Gamepad Controller,LOGITECH G515 RGB TKL WIRED GAMING KEYBOARD,"40,500 LKR",In Stock,https://www.nanotek.lk/product/logitech-g515-rgb-tkl-wired-gaming-keyboard
Keyboardmouse Gamepad Controller,FANTECH NOVA II WGP16 WIRELESS GAMING CONTROLLER,"11,000 LKR",In Stock,https://www.nanotek.lk/product/fantech-nova-ii-wgp16-wireless-gaming-controller-1
Keyboardmouse Gamepad Controller,FANTECH MAXFIT AIR99 MK916 MECH GREY,"18,500 LKR",Out of Stock,https://www.nanotek.lk/product/fantech-maxfit-air99-mk916-mech-grey
Keyboardmouse Gamepad Controller,FANTECH GO W195 COMFY VERTICAL ERGONOMIC WIRELESS MOUSE,"5,000 LKR",Out of Stock,https://www.nanotek.lk/product/fantech-go-w195-comfy-vertical-ergonomic-wireless-mouse
Keyboardmouse Gamepad Controller,FANTECH ATOM X63 MK611 MECHANICAL GAMING KEYBOARD - AME EDITION,"8,500 LKR",In Stock,https://www.nanotek.lk/product/fantech-atom-x63-mk611-mechanical-gaming-keyboard-ame-edition
Keyboardmouse Gamepad Controller,FANTECH REVOLVER III WGP12S WIRELESS MULTI-PLATFORM GAMING CONTROLLER,"8,000 LKR",In Stock,https://www.nanotek.lk/product/fantech-revolver-iii-wgp12s-wireless-multi-platform-gaming-controller
Keyboardmouse Gamepad Controller,FANTECH WGC5S BLAKE S WIRELESS GAMING MOUSE,"7,000 LKR",In Stock,https://www.nanotek.lk/product/fantech-wgc5s-blake-s-wireless-gaming-mouse
Keyboardmouse Gamepad Controller,FANTECH CRYPTO II WG7V2 WIRELESS GAMING MOUSE,"5,500 LKR",Out of Stock,https://www.nanotek.lk/product/fantech-crypto-ii-wg7v2-wireless-gaming-mouse
Keyboardmouse Gamepad Controller,FANTECH MAXFIT8 MK921 QMK WIRELESS MECHANICAL GAMING KEYBOARD,"17,500 LKR",In Stock,https://www.nanotek.lk/product/fantech-maxfit8-mk921-qmk-wireless-mechanical-gaming-keyboard-1
Keyboardmouse Gamepad Controller,FANTECH MK922 ATOM HE68 PRO Wireless Magnetic Gaming Keyboard,"13,500 LKR",Out of Stock,https://www.nanotek.lk/product/fantech-mk922-atom-he68-pro-wireless-magnetic-gaming-keyboard
Keyboardmouse Gamepad Controller,FANTECH ATOM X83 AME MK612 WIRED RGB HOT SWAPPABLE KEYBOARD,"9,500 LKR",In Stock,https://www.nanotek.lk/product/fantech-atom-x83-ame-mk612-wired-rgb-hot-swappable-keyboard
Keyboardmouse Gamepad Controller,FANTECH ATOM63 MK874 V2 HOT SWAPPABLE MECHANICAL KEYBOARD - MIZU Edition,"6,500 LKR",Out of Stock,https://www.nanotek.lk/product/fantech-atom63-mk874-v2-hot-swappable-mechanical-keyboard-mizu-edition-1
Keyboardmouse Gamepad Controller,FANTECH ATOM87S MK877S MECHANICAL GAMING KEYBOARD - MORI EDITION,"7,500 LKR",In Stock,https://www.nanotek.lk/product/fantech-atom87s-mk877s-mechanical-gaming-keyboard-mori-edition
Keyboardmouse Gamepad Controller,ONIKUMA G80 RGB WIRELESS GAMING KEYBOARD,"8,500 LKR",Out of Stock,https://www.nanotek.lk/product/onikuma-g80-rgb-wireless-gaming-keyboard
Keyboardmouse Gamepad Controller,ONIKUMA G32 RGB WIRED GAMING KEYBOARD,"5,500 LKR",In Stock,https://www.nanotek.lk/product/onikuma-g32-rgb-wired-gaming-keyboard
Keyboardmouse Gamepad Controller,Logitech MX Master 4,"39,500 LKR",In Stock,https://www.nanotek.lk/product/logitech-mx-master-4
Keyboardmouse Gamepad Controller,Razer Orochi V2 Wireless Gaming Mouse,"19,000 LKR",In Stock,https://www.nanotek.lk/product/razer-orochi-v2-wireless-gaming-mouse
Keyboardmouse Gamepad Controller,ONIKUMA G67 WIRED RAPID TRIGGER RGB KEYBOARD,"12,000 LKR",Out of Stock,https://www.nanotek.lk/product/onikuma-g67-wired-rapid-trigger-rgb-keyboard
Keyboardmouse Gamepad Controller,Logitech G PRO 2 Lightspeed Wireless Gaming Mouse,"38,000 LKR",In Stock,https://www.nanotek.lk/product/logitech-g-pro-2-lightspeed-wireless-gaming-mouse
Keyboardmouse Gamepad Controller,SteelSeries QcK Gaming Mouse Pad,"6,000 LKR",Out of Stock,https://www.nanotek.lk/product/steelseries-qck-gaming-mouse-pad
Keyboardmouse Gamepad Controller,Steelseries Aerox 9 Wireless Gaming Mouse,"54,000 LKR",In Stock,https://www.nanotek.lk/product/steelseries-aerox-9-wireless-gaming-mouse
Keyboardmouse Gamepad Controller,SteelSeries Aerox 3 Gaming Mouse,"25,000 LKR",In stock,https://www.nanotek.lk/product/steelseries-aerox-3-gaming-mouse
Keyboardmouse Gamepad Controller,Fantech MK919 ATOM PRO66 Black,"12,500 LKR",Out of Stock,https://www.nanotek.lk/product/fantech-mk919-atom-pro66-black
Keyboardmouse Gamepad Controller,Fantech MK893S ATOM107S MIZU Edition Navy Blue Mechanical Gaming Keyboard,"9,500 LKR",Out of Stock,https://www.nanotek.lk/product/fantech-mk893s-atom107s-mizu-edition-navy-blue-mechanical-gaming-keyboard
Keyboardmouse Gamepad Controller,FANTECH ATOM HE68 MK811 WIRED MAGNETIC GAMING KEYBOARD,"10,000 LKR",In Stock,https://www.nanotek.lk/product/fantech-atom-he68-mk811-wired-magnetic-gaming-keyboard-1
Keyboardmouse Gamepad Controller,FANTECH GO MOCH 101 WK899 BLUETOOTH WIRELESS COMBO,"6,500 LKR",In Stock,https://www.nanotek.lk/product/fantech-go-moch-101-wk899-bluetooth-wireless-combo-1
Keyboardmouse Gamepad Controller,FANTECH WGC3 CRYPTO Wireless Mouse,"6,000 LKR",Out of Stock,https://www.nanotek.lk/product/fantech-wgc3-crypto-wireless-mouse
Keyboardmouse Gamepad Controller,Logitech  G512 CARBON RGB MECHANICAL GAMING KEYBOARD,"34,500 LKR",In stock,https://www.nanotek.lk/product/logitech-g512-carbon-rgb-mechanical-gaming-keyboard
Keyboardmouse Gamepad Controller,LOGITECH WIRELESS COMBO MK345,"12,500 LKR",Out of Stock,https://www.nanotek.lk/product/logitech-wireless-combo-mk345
Keyboardmouse Gamepad Controller,Logitech DESK MAT - Studio Series,"8,500 LKR",In stock,https://www.nanotek.lk/product/logitech-desk-mat-studio-series
Keyboardmouse Gamepad Controller,MSI VIGOR  GK30 GAMING Keyboard,"12,500 LKR",In Stock,https://www.nanotek.lk/product/msi-vigor-gk30-gaming-keyboard
Keyboardmouse Gamepad Controller,MSI VERSA 300 WIRELESS GAMING MOUSE,"10,500 LKR",In Stock,https://www.nanotek.lk/product/msi-versa-300-wireless-gaming-mouse
Keyboardmouse Gamepad Controller,MSI FORGE GM300 RGB USB GAMING MOUSE,"5,000 LKR",In Stock,https://www.nanotek.lk/product/msi-forge-gm300-rgb-usb-gaming-mouse
Keyboardmouse Gamepad Controller,MSI FORGE GK110 GAMING COMBO,"10,000 LKR",In Stock,https://www.nanotek.lk/product/msi-forge-gk110-gaming-combo
Keyboardmouse Gamepad Controller,Logitech K400 Plus Wireless Touch Keyboard,"13,500 LKR",In Stock,https://www.nanotek.lk/product/logitech-k400-plus-wireless-touch-keyboard
Keyboardmouse Gamepad Controller,LOGITECH M221 SILENT WIRELESS MOUSE,"5,000 LKR",In Stock,https://www.nanotek.lk/product/logitech-m221-silent-wireless-mouse
Keyboardmouse Gamepad Controller,Logitech PEBBLE KEYS 2 K380S Multi-Device Bluetooth Keyboard,"12,500 LKR",In Stock,https://www.nanotek.lk/product/logitech-pebble-keys-2-k380s-multi-device-bluetooth-keyboard
Keyboardmouse Gamepad Controller,Logitech MK215 Wireless Keyboard and Mouse Combo,"6,500 LKR",In Stock,https://www.nanotek.lk/product/logitech-mk215-wireless-keyboard-and-mouse-combo
Keyboardmouse Gamepad Controller,Logitech MK295 Silent Wireless Keyboard Mouse Combo,"11,500 LKR",In Stock,https://www.nanotek.lk/product/logitech-mk295-silent-wireless-keyboard-mouse-combo
Keyboardmouse Gamepad Controller,Logitech M196 Bluetooth Mouse,"4,500 LKR",In Stock,https://www.nanotek.lk/product/logitech-m196-bluetooth-mouse
Keyboardmouse Gamepad Controller,MSI Vigor GK20 RGB Gaming Keyboard,"9,500 LKR",In Stock,https://www.nanotek.lk/product/msi-vigor-gk20-rgb-gaming-keyboard
Keyboardmouse Gamepad Controller,FANTECH MAXFIT6 MK920 MECHANICAL WIRELESS KEYBOARD,"17,500 LKR",In Stock,https://www.nanotek.lk/product/fantech-maxfit6-mk920-mechanical-wireless-keyboard-1
Keyboardmouse Gamepad Controller,FANTECH K211 GO OFFICE KEYBOARD - MULTI LANGUAGE,"2,000 LKR",In Stock,https://www.nanotek.lk/product/fantech-k211-go-office-keyboard-multi-language-1
Keyboardmouse Gamepad Controller,FANTECH ATOM104S MK878S MECHANICAL GAMING KEYBOARD - MORI EDITION,"7,500 LKR",In Stock,https://www.nanotek.lk/product/fantech-atom104s-mk878s-mechanical-gaming-keyboard-mori-edition
Keyboardmouse Gamepad Controller,FANTECH SUPER MAXFIT AIR83 MK915 75% LOW PROFILE WIRELESS MECHANICAL KEYBOARD,"15,500 LKR",In Stock,https://www.nanotek.lk/product/fantech-super-maxfit-air83-mk915-75-low-profile-wireless-mechanical-keyboard
Keyboardmouse Gamepad Controller,FANTECH W193D GO Dual Mode Wireless Mouse,"3,500 LKR",In stock,https://www.nanotek.lk/product/fantech-w193d-go-dual-mode-wireless-mouse
Keyboardmouse Gamepad Controller,FANTECH WG13E TANTO E TRI-MODE MOUSE,"8,500 LKR",In Stock,https://www.nanotek.lk/product/fantech-wg13e-tanto-e-tri-mode-mouse-1
Keyboardmouse Gamepad Controller,FANTECH WG13S TANTO S TRI-MODE MOUSE,"14,000 LKR",In Stock,https://www.nanotek.lk/product/fantech-wg13s-tanto-s-tri-mode-mouse
Keyboardmouse Gamepad Controller,FANTECH CRYPTO II VX7 V2 Gaming Mouse,"3,500 LKR",In Stock,https://www.nanotek.lk/product/fantech-crypto-ii-vx7-v2-gaming-mouse
Keyboardmouse Gamepad Controller,LOGITECH G435 + G304 HEADSET & MOUSE COMBO,"32,500 LKR",In Stock,https://www.nanotek.lk/product/logitech-g435-g304-headset-mouse-combo
Keyboardmouse Gamepad Controller,Ugreen 2.4G & Bluetooth Wireless Silent Mouse - 90531,"4,500 LKR",Out of Stock,https://www.nanotek.lk/product/ugreen-24g-bluetooth-wireless-silent-mouse-90531
Keyboardmouse Gamepad Controller,UGREEN Ergonomic Wireless 2.4G Mouse - 45012,"3,000 LKR",Out of Stock,https://www.nanotek.lk/product/ugreen-ergonomic-wireless-24g-mouse-45012
Keyboardmouse Gamepad Controller,UGREEN RECHARGEABLE DUAL MODE SILENT WIRELESS MOUSE - 90538,"6,500 LKR",Out of Stock,https://www.nanotek.lk/product/ugreen-rechargeable-dual-mode-silent-wireless-mouse-90538
Keyboardmouse Gamepad Controller,UGREEN Wired Optical Mouse - 90789,"1,500 LKR",Out of Stock,https://www.nanotek.lk/product/ugreen-wired-optical-mouse-90789
Keyboardmouse Gamepad Controller,UGREEN Ergonomic Wireless Mouse (2.4G Wireless & Bluetooth) - 90855,"4,500 LKR",Out of Stock,https://www.nanotek.lk/product/ugreen-ergonomic-wireless-mouse-24g-wireless-bluetooth-90855
Keyboardmouse Gamepad Controller,UGREEN Mouse Pad - CY016,800 LKR,In Stock,https://www.nanotek.lk/product/ugreen-mouse-pad-cy016
Keyboardmouse Gamepad Controller,CORSAIR K65 RGB MINI 60% Mechanical Gaming Keyboard — CHERRY MX SPEED,"44,500 LKR",In Stock,https://www.nanotek.lk/product/corsair-k65-rgb-mini-60-mechanical-gaming-keyboard-cherry-mx-speed
Keyboardmouse Gamepad Controller,CORSAIR K55 CORE RGB Gaming Keyboard,"15,000 LKR",In Stock,https://www.nanotek.lk/product/corsair-k55-core-rgb-gaming-keyboard
Keyboardmouse Gamepad Controller,FANTECH FIGHTER III K614L GAMING KEYBOARD,"5,000 LKR",Out of Stock,https://www.nanotek.lk/product/fantech-fighter-iii-k614l-gaming-keyboard
Keyboardmouse Gamepad Controller,Fantech MAXPOWER MK853 V2 MECHANICAL KEYBOARD,"10,000 LKR",Out of Stock,https://www.nanotek.lk/product/fantech-maxpower-mk853-v2-mechanical-keyboard
Keyboardmouse Gamepad Controller,FANTECH MAXPOWER II MK894 MECHANICAL GAMING KEYBOARD,"11,500 LKR",In Stock,https://www.nanotek.lk/product/fantech-maxpower-ii-mk894-mechanical-gaming-keyboard
Keyboardmouse Gamepad Controller,FANTECH K511 HUNTER PRO GAMING KEYBOARD,"4,000 LKR",In Stock,https://www.nanotek.lk/product/fantech-k511-hunter-pro-gaming-keyboard-1
Keyboardmouse Gamepad Controller,FANTECH ATOM63 MK912 MECHANICAL WIRED/WIRELESS KEYBOARD,"11,000 LKR",Out of Stock,https://www.nanotek.lk/product/fantech-atom63-mk912-mechanical-wiredwireless-keyboard
Keyboardmouse Gamepad Controller,Corsair K100 RGB Mechanical Gaming Keyboard CHERRY MX SPEED,"87,500 LKR",Out of Stock,https://www.nanotek.lk/product/corsair-k100-rgb-mechanical-gaming-keyboard-cherry-mx-speed
Keyboardmouse Gamepad Controller,FANTECH ATOM61 MK211 MECHANICAL GAMING KEYBOARD,"7,500 LKR",In Stock,https://www.nanotek.lk/product/fantech-atom61-mk211-mechanical-gaming-keyboard
Keyboardmouse Gamepad Controller,Logitech K840 Aluminum Mechanical Keyboard,"23,500 LKR",Out of Stock,https://www.nanotek.lk/product/logitech-k840-aluminum-mechanical-keyboard
Keyboardmouse Gamepad Controller,Logitech K120 Keyboard,"3,000 LKR",In Stock,https://www.nanotek.lk/product/logitech-k120-keyboard
Keyboardmouse Gamepad Controller,PROLINK GK-5001M MACA KEYS MINI WIRELESS MULTI-DEVICE KEYBOARD,"10,500 LKR",Out of Stock,https://www.nanotek.lk/product/prolink-gk-5001m-maca-keys-mini-wireless-multi-device-keyboard
Keyboardmouse Gamepad Controller,Fantech PRISMA+ MBR01 Mouse Bungee,"5,000 LKR",Out of Stock,https://www.nanotek.lk/product/fantech-prisma-mbr01-mouse-bungee
Keyboardmouse Gamepad Controller,LOGITECH PEBBLE 2 Slim multi-device Bluetooth Combo,"20,500 LKR",In Stock,https://www.nanotek.lk/product/logitech-pebble-2-slim-multi-device-bluetooth-combo
Keyboardmouse Gamepad Controller,LOGITECH WIRELESS KEYBOARD AND MOUSE COMBO MK270R,"9,000 LKR",In Stock,https://www.nanotek.lk/product/logitech-wireless-keyboard-and-mouse-combo-mk270r
Keyboardmouse Gamepad Controller,LOGITECH MK120 WIRED KEYBOARD AND MOUSE COMBO,"5,000 LKR",In Stock,https://www.nanotek.lk/product/logitech-mk120-wired-keyboard-and-mouse-combo
Keyboardmouse Gamepad Controller,LOGITECH WIRELESS COMBO MK235,"8,000 LKR",In Stock,https://www.nanotek.lk/product/logitech-wireless-combo-mk235
Keyboardmouse Gamepad Controller,MSI FORGE GK320 Mechanical GAMING COMBO,"16,500 LKR",In Stock,https://www.nanotek.lk/product/msi-forge-gk320-mechanical-gaming-combo
Keyboardmouse Gamepad Controller,Logitech MK540 Advanced Wireless Keyboard Mouse Combo,"16,500 LKR",In Stock,https://www.nanotek.lk/product/logitech-mk540-advanced-wireless-keyboard-mouse-combo
Keyboardmouse Gamepad Controller,FANTECH GO KM-103 KEYBOARD MOUSE COMBO,"3,500 LKR",In Stock,https://www.nanotek.lk/product/fantech-go-km-103-keyboard-mouse-combo
Keyboardmouse Gamepad Controller,Fantech GP15 EOS Vega Multiplatform Gamepad controller,"9,500 LKR",Out of Stock,https://www.nanotek.lk/product/fantech-gp15-eos-vega-multiplatform-gamepad-controller
Keyboardmouse Gamepad Controller,FANTECH NOVA PRO WGP14 V2 WIRELESS MULTI-PLATFORM GAMEPAD,"12,000 LKR",In Stock,https://www.nanotek.lk/product/fantech-nova-pro-wgp14-v2-wireless-multi-platform-gamepad
Keyboardmouse Gamepad Controller,FANTECH SHOOTER II GP13 GAMING CONTROLLER,"5,500 LKR",In Stock,https://www.nanotek.lk/product/fantech-shooter-ii-gp13-gaming-controller-1
Keyboardmouse Gamepad Controller,Logitech F310 Gamepad,"8,500 LKR",In Stock,https://www.nanotek.lk/product/logitech-f310-gamepad
Keyboardmouse Gamepad Controller,FANTECH SHOOTER III WGP13X WIRELESS GAMING CONTROLLER,"12,500 LKR",In Stock,https://www.nanotek.lk/product/fantech-shooter-iii-wgp13x-wireless-gaming-controller-1
Keyboardmouse Gamepad Controller,Logitech F710 Wireless Gamepad,"14,500 LKR",In Stock,https://www.nanotek.lk/product/logitech-f710-wireless-gamepad
Keyboardmouse Gamepad Controller,Logitech Wireless Combo  MK275,"9,000 LKR",In stock,https://www.nanotek.lk/product/logitech-wireless-combo-mk275
Keyboardmouse Gamepad Controller,FANTECH WG10 RAIGOR II WIRELESS GAMING MOUSE,"2,500 LKR",In Stock,https://www.nanotek.lk/product/fantech-wg10-raigor-ii-wireless-gaming-mouse
Keyboardmouse Gamepad Controller,FANTECH VIGIL MP292 GAMING MOUSE PAD,"1,000 LKR",In Stock,https://www.nanotek.lk/product/fantech-vigil-mp292-gaming-mouse-pad
Keyboardmouse Gamepad Controller,Fantech Go W606 Wireless Mouse,"2,000 LKR",In Stock,https://www.nanotek.lk/product/fantech-go-w606-wireless-mouse
Keyboardmouse Gamepad Controller,Logitech G440 HARD GAMING MOUSEPAD,"8,500 LKR",Out of Stock,https://www.nanotek.lk/product/logitech-g440-hard-gaming-mousepad
Keyboardmouse Gamepad Controller,FANTECH GO W605 ERGONOMIC GRIP WIRELESS MOUSE,"2,000 LKR",In Stock,https://www.nanotek.lk/product/fantech-go-w605-ergonomic-grip-wireless-mouse-1
Keyboardmouse Gamepad Controller,FANTECH MP64 BASIC XL MOUSE PAD,"1,000 LKR",In Stock,https://www.nanotek.lk/product/fantech-mp64-basic-xl-mouse-pad-1
Keyboardmouse Gamepad Controller,Logitech M171 Wireless Mouse,"5,000 LKR",In Stock,https://www.nanotek.lk/product/logitech-m171-wireless-mouse
Keyboardmouse Gamepad Controller,Fantech SVEN MP35 Gaming Mousepad,"1,300 LKR",In Stock,https://www.nanotek.lk/product/fantech-sven-mp35-gaming-mousepad
Keyboardmouse Gamepad Controller,FANTECH VIGIL MP806 GAMING MOUSE PAD,"3,000 LKR",In Stock,https://www.nanotek.lk/product/fantech-vigil-mp806-gaming-mouse-pad-1
Keyboardmouse Gamepad Controller,Fantech W609 Wireless Smooth Stable Tracking Wireless Mouse,"2,000 LKR",Out of Stock,https://www.nanotek.lk/product/fantech-w609-wireless-smooth-stable-tracking-wireless-mouse
Keyboardmouse Gamepad Controller,MSI AGILITY GD70 DRAGON TIAMAT MOUSEPAD,"10,000 LKR",Out of Stock,https://www.nanotek.lk/product/msi-agility-gd70-dragon-tiamat-mousepad
Keyboardmouse Gamepad Controller,FANTECH VIGIL MP356 GAMING MOUSE PAD,"1,500 LKR",In Stock,https://www.nanotek.lk/product/fantech-vigil-mp356-gaming-mouse-pad
Keyboardmouse Gamepad Controller,Galax Slider 03 RGB Gaming Mouse,"4,500 LKR",Out of Stock,https://www.nanotek.lk/product/galax-slider-03-rgb-gaming-mouse
Keyboardmouse Gamepad Controller,PROLINK GMK-5007M WIRELESS K/M COMBO,"8,500 LKR",In stock,https://www.nanotek.lk/product/prolink-gmk-5007m-wireless-km-combo
Keyboardmouse Gamepad Controller,LOGITECH MX KEYS S COMBO WIRELESS KEYBOARD and MX Master 3S Mouse,"72,000 LKR",In Stock,https://www.nanotek.lk/product/logitech-mx-keys-s-combo-wireless-keyboard-and-mx-master-3s-mouse
Keyboardmouse Gamepad Controller,Fantech WK893 WIRELESS Combo,"5,000 LKR",Out of Stock,https://www.nanotek.lk/product/fantech-wk893-wireless-combo
Keyboardmouse Gamepad Controller,Logitech MX ANYWHERE 3S WIRELESS COMPACT MOUSE,"24,500 LKR",In stock,https://www.nanotek.lk/product/logitech-mx-anywhere-3s-wireless-compact-mouse
Keyboardmouse Gamepad Controller,Logitech DRIVING FORCE SHIFTER,"21,500 LKR29,500 LKR",In Stock,https://www.nanotek.lk/product/logitech-driving-force-shifter
Keyboardmouse Gamepad Controller,Logitech G402 Hyperion Fury FPS Gaming Mouse,"10,500 LKR",In Stock,https://www.nanotek.lk/product/logitech-g402-hyperion-fury-fps-gaming-mouse
Keyboardmouse Gamepad Controller,UGREEN WIRELESS KEYBOARD MOUSE COMBO - 35740,"7,500 LKR",In Stock,https://www.nanotek.lk/product/ugreen-wireless-keyboard-mouse-combo-35740
Keyboardmouse Gamepad Controller,Logitech Wireless Combo MK240,"8,000 LKR",In Stock,https://www.nanotek.lk/product/logitech-wireless-combo-mk240
Keyboardmouse Gamepad Controller,Logitech G502 HERO HIGH PERFORMANCE GAMING MOUSE,"16,500 LKR",In Stock,https://www.nanotek.lk/product/logitech-g502-hero-high-performance-gaming-mouse
Keyboardmouse Gamepad Controller,Logitech G PRO X SUPERLIGHT Wireless Gaming Mouse,"42,000 LKR",Out of Stock,https://www.nanotek.lk/product/logitech-g-pro-x-superlight-wireless-gaming-mouse
Keyboardmouse Gamepad Controller,Logitech G102 LIGHTSYNC RGB Gaming Mouse,"6,500 LKR",Out of Stock,https://www.nanotek.lk/product/logitech-g102-lightsync-rgb-gaming-mouse
Keyboardmouse Gamepad Controller,LOGITECH G29 DRIVING FORCE,"102,000 LKR135,000 LKR",In Stock,https://www.nanotek.lk/product/logitech-g29-driving-force
Keyboardmouse Gamepad Controller,CORSAIR MM300 PRO Premium Spill-Proof Cloth Gaming Mouse Pad,"8,000 LKR",Out of Stock,https://www.nanotek.lk/product/corsair-mm300-pro-premium-spill-proof-cloth-gaming-mouse-pad
Keyboardmouse Gamepad Controller,Logitech B100,"1,500 LKR",In Stock,https://www.nanotek.lk/product/logitech-b100
Keyboardmouse Gamepad Controller,MSI CLUTCH GM20 ELITE RGB WIRED GAMING MOUSE,"11,500 LKR",Out of Stock,https://www.nanotek.lk/product/msi-clutch-gm20-elite-rgb-wired-gaming-mouse
Keyboardmouse Gamepad Controller,Corsair SABRE RGB PRO CHAMPION SERIES Ultra-Light FPS Gaming Mouse,"24,500 LKR",Out of Stock,https://www.nanotek.lk/product/corsair-sabre-rgb-pro-champion-series-ultra-light-fps-gaming-mouse
Keyboardmouse Gamepad Controller,Logitech MX Master 3S,"36,500 LKR",In stock,https://www.nanotek.lk/product/logitech-mx-master-3s
Keyboardmouse Gamepad Controller,MSI CLUTCH GM11 RGB WIRED GAMING MOUSE,"9,000 LKR",Out of Stock,https://www.nanotek.lk/product/msi-clutch-gm11-rgb-wired-gaming-mouse
Keyboardmouse Gamepad Controller,Logitech M240 Silent Bluetooth Mouse Graphite/White,"6,000 LKR",In Stock,https://www.nanotek.lk/product/logitech-m240-silent-bluetooth-mouse-graphitewhite
Keyboardmouse Gamepad Controller,Logitech G304 Lightspeed Wireless Gaming Mouse,"14,000 LKR",In Stock,https://www.nanotek.lk/product/logitech-g304-lightspeed-wireless-gaming-mouse
Keyboardmouse Gamepad Controller,FANTECH THOR X9 MACRO RGB GAMING MOUSE,"3,500 LKR",In Stock,https://www.nanotek.lk/product/fantech-thor-x9-macro-rgb-gaming-mouse-1
Keyboardmouse Gamepad Controller,Gamdias Hermes M7 Hybrid RGB Mechanical Gaming Keyboard,"16,500 LKR",Out of Stock,https://www.nanotek.lk/product/gamdias-hermes-m7-hybrid-rgb-mechanical-gaming-keyboard
Keyboardmouse Gamepad Controller,Logitech M185 Compact Wireless Mouse,"4,500 LKR",In stock,https://www.nanotek.lk/product/logitech-m185-compact-wireless-mouse
Keyboardmouse Gamepad Controller,Fantech ATOM MK886 V2 MECHANICAL KEYBOARD,"7,500 LKR",Out of Stock,https://www.nanotek.lk/product/fantech-atom-mk886-v2-mechanical-keyboard
Keyboardmouse Gamepad Controller,Logitech MX Vertical Ergonomic Wireless Mouse,"40,000 LKR",Out of Stock,https://www.nanotek.lk/product/logitech-mx-vertical-ergonomic-wireless-mouse
Keyboardmouse Gamepad Controller,ONIKUMA MT706 TRI-MODE RGB MECHANICAL KEYBOARD,"11,500 LKR",Out of Stock,https://www.nanotek.lk/product/onikuma-mt706-tri-mode-rgb-mechanical-keyboard
Keyboardmouse Gamepad Controller,FANTECH ATOM PRO83 MK913 WIRELESS MECHANICAL GAMING KEYBOARD,"13,500 LKR",Out of Stock,https://www.nanotek.lk/product/fantech-atom-pro83-mk913-wireless-mechanical-gaming-keyboard
Keyboardmouse Gamepad Controller,Fantech Kanata VX9 GAMING MOUSE,"3,000 LKR",In Stock,https://www.nanotek.lk/product/fantech-kanata-vx9-gaming-mouse
Keyboardmouse Gamepad Controller,FANTECH ATOM PRO96 MK914 MECHANICAL WIRELESS GAMING KEYBOARD,"17,500 LKR",In Stock,https://www.nanotek.lk/product/fantech-atom-pro96-mk914-mechanical-wireless-gaming-keyboard-1
Keyboardmouse Gamepad Controller,Logitech Lift Vertical Ergonomic Mouse,"21,000 LKR",In Stock,https://www.nanotek.lk/product/logitech-lift-vertical-ergonomic-mouse
Keyboardmouse Gamepad Controller,Lenovo Legion M300 RGB Gaming Mouse,"10,000 LKR",Out of Stock,https://www.nanotek.lk/product/lenovo-legion-m300-rgb-gaming-mouse
Keyboardmouse Gamepad Controller,FANTECH GO W191 Silent Click Wireless Mouse,"2,500 LKR",Out of Stock,https://www.nanotek.lk/product/fantech-go-w191-silent-click-wireless-mouse
Keyboardmouse Gamepad Controller,Logitech K580 Slim Multi-Device Wireless Keyboard,"16,500 LKR",Out of Stock,https://www.nanotek.lk/product/logitech-k580-slim-multi-device-wireless-keyboard
Keyboardmouse Gamepad Controller,FANTECH WK895 POP KEYS WIRELESS KEYBOARD MOUSE COMBO,"5,500 LKR",In Stock,https://www.nanotek.lk/product/fantech-wk895-pop-keys-wireless-keyboard-mouse-combo
Keyboardmouse Gamepad Controller,Logitech G PRO X SUPERLIGHT 2 Wireless Gaming Mouse,"50,000 LKR",In Stock,https://www.nanotek.lk/product/logitech-g-pro-x-superlight-2-wireless-gaming-mouse
Keyboardmouse Gamepad Controller,Logitech G502 X PLUS Lightspeed Wireless Mouse,"49,000 LKR",Out of Stock,https://www.nanotek.lk/product/logitech-g502-x-plus-lightspeed-wireless-mouse
Keyboardmouse Gamepad Controller,HP PAVILION GAMING MOUSE 300,"5,000 LKR",In Stock,https://www.nanotek.lk/product/hp-pavilion-gaming-mouse-300
Keyboardmouse Gamepad Controller,MSI FORGE GK110 GAMING KEYBOARD,"7,000 LKR",In stock,https://www.nanotek.lk/product/msi-forge-gk110-gaming-keyboard
Keyboardmouse Gamepad Controller,Fantech W190 Dual Mode Bluetooth / Receiver Silent Wireless Mouse,"3,500 LKR",Out of Stock,https://www.nanotek.lk/product/fantech-w190-dual-mode-bluetooth-receiver-silent-wireless-mouse
Keyboardmouse Gamepad Controller,Logitech G903 LIGHTSPEED Wireless Gaming Mouse,"32,500 LKR",Out of Stock,https://www.nanotek.lk/product/logitech-g903-lightspeed-wireless-gaming-mouse
Keyboardmouse Gamepad Controller,Fantech MK875 V2 Atom 81 Hot Swappable Mechanical Keyboard - Sky Blue,"10,000 LKR",Out of Stock,https://www.nanotek.lk/product/fantech-mk875-v2-atom-81-hot-swappable-mechanical-keyboard-sky-blue
Keyboardmouse Gamepad Controller,FANTECH KANATA VX9S GAMING MOUSE,"3,500 LKR",In Stock,https://www.nanotek.lk/product/fantech-kanata-vx9s-gaming-mouse
Keyboardmouse Gamepad Controller,FANTECH VENOM II WGC2 WIRELESS GAMING MOUSE,"5,000 LKR",Out of Stock,https://www.nanotek.lk/product/fantech-venom-ii-wgc2-wireless-gaming-mouse-1
Keyboardmouse Gamepad Controller,LOGITECH MX KEYS S ADVANCED WIRELESS ILLUMINATED KEYBOARD,"59,500 LKR",Out of Stock,https://www.nanotek.lk/product/logitech-mx-keys-s-advanced-wireless-illuminated-keyboard-1
Keyboardmouse Gamepad Controller,Fantech MK875 V2 Atom 81 Hot Swappable Mechanical Keyboard - Navy Blue,"10,000 LKR",Out of Stock,https://www.nanotek.lk/product/fantech-mk875-v2-atom-81-hot-swappable-mechanical-keyboard-navy-blue
Keyboardmouse Gamepad Controller,Gamdias Hermes E7 RGB Mechanical Gaming Keyboard,"13,000 LKR",Out of Stock,https://www.nanotek.lk/product/gamdias-hermes-e7-rgb-mechanical-gaming-keyboard
Keyboardmouse Gamepad Controller,FANTECH RAPTOR X UX2 X RGB GAMING MOUSE,"7,500 LKR",Out of Stock,https://www.nanotek.lk/product/fantech-raptor-x-ux2-x-rgb-gaming-mouse
Keyboardmouse Gamepad Controller,FANTECH GO W603 WIRELESS MOUSE,"1,500 LKR",In Stock,https://www.nanotek.lk/product/fantech-go-w603-wireless-mouse
Keyboardmouse Gamepad Controller,Logitech M331 SILENT Wireless Mouse,"6,000 LKR",In Stock,https://www.nanotek.lk/product/logitech-m331-silent-wireless-mouse
Keyboardmouse Gamepad Controller,FANTECH MK876V2 ATOM87 RGB MECHANICAL GAMING KEYBOARD,"8,500 LKR",Out of Stock,https://www.nanotek.lk/product/fantech-mk876v2-atom87-rgb-mechanical-gaming-keyboard
Keyboardmouse Gamepad Controller,FANTECH ATOM63 MK874 V2 HOT SWAPPABLE MECHANICAL KEYBOARD -Mori Edition,"8,500 LKR",Out of Stock,https://www.nanotek.lk/product/fantech-atom63-mk874-v2-hot-swappable-mechanical-keyboard-mori-edition
Keyboardmouse Gamepad Controller,Logitech MX Mechanical Mini Wireless Keyboard for Mac,"39,500 LKR",Out of Stock,https://www.nanotek.lk/product/logitech-mx-mechanical-mini-wireless-keyboard-for-mac
Keyboardmouse Gamepad Controller,FANTECH RAIGOR III WG12 WIRELESS GAMING MOUSE,"2,500 LKR",In Stock,https://www.nanotek.lk/product/fantech-raigor-iii-wg12-wireless-gaming-mouse
Keyboardmouse Gamepad Controller,UGREEN M751 MULTI MODE ERGONOMIC WIRELESS MOUSE  - 45792,"8,000 LKR",In stock,https://www.nanotek.lk/product/ugreen-m751-multi-mode-ergonomic-wireless-mouse-45792
Keyboardmouse Gamepad Controller,FANTECH HELIOS GO XD5 Wireless Mouse,"10,000 LKR",Out of Stock,https://www.nanotek.lk/product/fantech-helios-go-xd5-wireless-mouse
Keyboardmouse Gamepad Controller,FANTECH KM-100 KEYBOARD MOUSE COMBO,"2,500 LKR",Out of Stock,https://www.nanotek.lk/product/fantech-km-100-keyboard-mouse-combo
Keyboardmouse Gamepad Controller,FANTECH K210 MULTIMEDIA KEYBOARD,"2,500 LKR",Out of Stock,https://www.nanotek.lk/product/fantech-k210-multimedia-keyboard
Keyboardmouse Gamepad Controller,FANTECH ATOM PRO97 MK918 WIRELESS MECHANICAL GAMING KEYBOARD,"15,000 LKR",Out of Stock,https://www.nanotek.lk/product/fantech-atom-pro97-mk918-wireless-mechanical-gaming-keyboard
Keyboardmouse Gamepad Controller,Fantech RHASTA II G13 GAMING MOUSE,"2,000 LKR",In Stock,https://www.nanotek.lk/product/fantech-rhasta-ii-g13-gaming-mouse
Keyboardmouse Gamepad Controller,UGREEN Multi-Mode Bluetooth + Wireless Vertical Mouse – MU008 – 25444,"7,500 LKR",In Stock,https://www.nanotek.lk/product/ugreen-multi-mode-bluetooth-wireless-vertical-mouse-mu008-25444
Keyboardmouse Gamepad Controller,PROLINK GM-5002 DUAL MODE W/S MOUSE,"3,500 LKR",In Stock,https://www.nanotek.lk/product/prolink-gm-5002-dual-mode-ws-mouse
Keyboardmouse Gamepad Controller,ONIKUMA MP002 Mouse pad,"1,500 LKR",In Stock,https://www.nanotek.lk/product/onikuma-mp002-mouse-pad
Keyboardmouse Gamepad Controller,UGREEN ERGONOMIC MOUSEPAD WITH WRIST REST - 25245,"2,000 LKR",In stock,https://www.nanotek.lk/product/ugreen-ergonomic-mousepad-with-wrist-rest-25245
Keyboardmouse Gamepad Controller,FANTECH ATO MP905 DESKMAT VIBE EDITION,"4,000 LKR",Out of Stock,https://www.nanotek.lk/product/fantech-ato-mp905-deskmat-vibe-edition
Keyboardmouse Gamepad Controller,FANTECH FIREFLY MPR800S MOUSEPAD,"5,000 LKR",Out of Stock,https://www.nanotek.lk/product/fantech-firefly-mpr800s-mousepad
Keyboardmouse Gamepad Controller,FANTECH HELIOS UX3 RGB,"8,500 LKR",Out of Stock,https://www.nanotek.lk/product/fantech-helios-ux3-rgb
Keyboardmouse Gamepad Controller,Fantech MAXPOWER MK855 MECHANICAL KEYBOARD,"12,500 LKR",Out of Stock,https://www.nanotek.lk/product/fantech-maxpower-mk855-mechanical-keyboard
Keyboardmouse Gamepad Controller,LOGITECH G923 TrueForce RACING WHEEL & PEDALS,"145,000 LKR",Out of Stock,https://www.nanotek.lk/product/logitech-g923-trueforce-racing-wheel-pedals
Keyboardmouse Gamepad Controller,Logitech G403 HERO RGB Gaming Mouse,"17,500 LKR",In Stock,https://www.nanotek.lk/product/logitech-g403-hero-rgb-gaming-mouse
Projectors,Wanbo DaVinci 1 Pro 1080p Smart Android Projector,"90,000 LKR",Out of Stock,https://www.nanotek.lk/product/wanbo-davinci-1-pro-1080p-smart-android-projector
Projectors,WANBO PROJECTOR BAG FOR X5/X5 PRO,"5,000 LKR",Out of Stock,https://www.nanotek.lk/product/wanbo-projector-bag-for-x5x5-pro
Projectors,Wanbo Outdoor Folding Screen Curtain (100-Inch),"20,000 LKR",Out of Stock,https://www.nanotek.lk/product/wanbo-outdoor-folding-screen-curtain-100-inch
Projectors,Wanbo T2 Ultra Gimbal projector with Android TV 11,"65,000 LKR",Out of Stock,https://www.nanotek.lk/product/wanbo-t2-ultra-gimbal-projector-with-android-tv-11
Projectors,Wanbo X5 Pro Android Smart Projector,"75,000 LKR",Out of Stock,https://www.nanotek.lk/product/wanbo-x5-pro-android-smart-projector
Projectors,Wanbo Projector Floor Stand Pro,"15,000 LKR",Out of Stock,https://www.nanotek.lk/product/wanbo-projector-floor-stand-pro
Projectors,Wanbo HD Anti-Light Portable Curtain Pro,"7,500 LKR",Out of Stock,https://www.nanotek.lk/product/wanbo-hd-anti-light-portable-curtain-pro
Projectors,Wanbo X5 FHD AUTO FOCUS SMART ANDROID PROJECTOR,"65,000 LKR70,000 LKR",Out of Stock,https://www.nanotek.lk/product/wanbo-x5-fhd-auto-focus-smart-android-projector
Projectors,WANBO T2 Max FHD Portable MINI Projector,"40,000 LKR54,000 LKR",Out of Stock,https://www.nanotek.lk/product/wanbo-t2-max-fhd-portable-mini-projector
Projectors,Wanbo Mini Pro LCD HD Projector with Android 9.0,"30,000 LKR",Out of Stock,https://www.nanotek.lk/product/wanbo-mini-pro-lcd-hd-projector-with-android-90
Projectors,Wanbo T4 Auto Focus Full HD Smart Projector,"45,000 LKR60,000 LKR",Out of Stock,https://www.nanotek.lk/product/wanbo-t4-auto-focus-full-hd-smart-projector
Projectors,Wanbo Projector Floor Stand,"7,000 LKR9,000 LKR",Out of Stock,https://www.nanotek.lk/product/wanbo-projector-floor-stand
Projectors,Wanbo EVA Capsule Galaxy Light | Backlight for Ambient Lighting for Room,"16,000 LKR20,000 LKR",Out of Stock,https://www.nanotek.lk/product/wanbo-eva-capsule-galaxy-light-backlight-for-ambient-lighting-for-room
Projectors,Wanbo X2 Max Fully Automatic Android 1080P Smart Projector,"44,000 LKR",Out of Stock,https://www.nanotek.lk/product/wanbo-x2-max-fully-automatic-android-1080p-smart-projector
Projectors,WANBO T6 Max Auto Focus SMART FHD Projector - Intl. Version,"60,000 LKR80,000 LKR",Out of Stock,https://www.nanotek.lk/product/wanbo-t6-max-auto-focus-smart-fhd-projector-intl-version
Printers,CANON PIXMA G2730 3-In-1 MULTIFUNCTION MEGATANK PRINTER,"50,500 LKR",In Stock,https://www.nanotek.lk/product/canon-pixma-g2730-3-in-1-multifunction-megatank-printer
Printers,BROTHER DCP-T430W INK TANK ( PRINT | COPY | SCAN | WIRELESS ),"62,000 LKR",In Stock,https://www.nanotek.lk/product/brother-dcp-t430w-ink-tank-print-copy-scan-wireless
Printers,CANON PIXMA G3730 3-IN-1 MULTIFUNCTION MEGATANK PRINTER,"60,000 LKR",Out of Stock,https://www.nanotek.lk/product/canon-pixma-g3730-3-in-1-multifunction-megatank-printer
Printers,Canon PIXMA G2010 Ink Tank ( Print | Copy | Scan),"48,000 LKR",Out of Stock,https://www.nanotek.lk/product/canon-pixma-g2010-ink-tank-print-copy-scan
Printers,Canon G3010 Ink Tank Printer- Print | Scan | Copy | Wireless,"62,000 LKR",In Stock,https://www.nanotek.lk/product/canon-g3010-ink-tank-printer-print-scan-copy-wireless
Printers,HP Smart Tank 520 ( Print | Copy | Scan),"46,000 LKR",In Stock,https://www.nanotek.lk/product/hp-smart-tank-520-print-copy-scan
Printers,HP Smart Tank 580 ( Print | Copy | Scan | Wireless),"56,500 LKR58,500 LKR",In Stock,https://www.nanotek.lk/product/hp-smart-tank-580-print-copy-scan-wireless
Printers,CANON PIXMA MG2570S 3 IN 1 INKJET PRINTER,"16,000 LKR",Out of Stock,https://www.nanotek.lk/product/canon-pixma-mg2570s-3-in-1-inkjet-printer
Printers,HP DeskJet Ink Advantage 2336 ( Print | Copy | Scan),"25,500 LKR",Out of Stock,https://www.nanotek.lk/product/hp-deskjet-ink-advantage-2336-print-copy-scan
Gaming Chairs Tables,Asus SL301 ROG Chariot X,"225,000 LKR",In Stock - Colombo 3,https://www.nanotek.lk/product/asus-sl301-rog-chariot-x
Gaming Chairs Tables,Asus SL301C ROG Chariot X Core,"165,000 LKR",In Stock - Colombo 3,https://www.nanotek.lk/product/asus-sl301c-rog-chariot-x-core
Gaming Chairs Tables,Asus ROG SL201C Aethon Fabric Edition Gaming Chair,"139,000 LKR",In Stock - Colombo 3,https://www.nanotek.lk/product/asus-rog-sl201c-aethon-fabric-edition-gaming-chair
Gaming Chairs Tables,ASUS ROG SL400C Destrier Core Gaming Chair,"249,000 LKR",Out of Stock,https://www.nanotek.lk/product/asus-rog-sl400c-destrier-core-gaming-chair
Gaming Chairs Tables,MEETION CHR32 BREATHABLE E-SPORTS GAMING CHAIR,"65,000 LKR",Out of Stock,https://www.nanotek.lk/product/meetion-chr32-breathable-e-sports-gaming-chair
Gaming Chairs Tables,MEETION CHR25 2D ARMREST MASSAGE E-SPORTS GAMING CHAIR,"58,500 LKR",In Stock,https://www.nanotek.lk/product/meetion-chr25-2d-armrest-massage-e-sports-gaming-chair
Gaming Chairs Tables,MEETION CHR22 GAMING CHAIR WITH FOOTREST,"55,500 LKR",In Stock,https://www.nanotek.lk/product/meetion-chr22-gaming-chair-with-footrest
Gaming Chairs Tables,MEETION CHR14 PROFESSIONAL GAMING CHAIR,"48,500 LKR",In Stock,https://www.nanotek.lk/product/meetion-chr14-professional-gaming-chair
Gaming Chairs Tables,MEETION CHR04 PROFESSIONAL GAMING CHAIR,"38,000 LKR",In Stock,https://www.nanotek.lk/product/meetion-chr04-professional-gaming-chair
Gaming Chairs Tables,KOORUI DY01 DOUBLE LAYER DESKTOP LIFTING TABLE,"14,500 LKR",In Stock,https://www.nanotek.lk/product/koorui-dy01-double-layer-desktop-lifting-table
Gaming Chairs Tables,KOORUI JY01 SINGLE MOTOR HEIGHT ADJUSTABLE DESK,"59,000 LKR",Out of Stock,https://www.nanotek.lk/product/koorui-jy01-single-motor-height-adjustable-desk
Gaming Chairs Tables,KOORUI AD01 DUAL MOTOR HEIGHT ADJUSTABLE DESK,"75,000 LKR",In Stock,https://www.nanotek.lk/product/koorui-ad01-dual-motor-height-adjustable-desk
Gaming Chairs Tables,MEETION CHR15  180 ° Adjustable Backrest E-Sport Gaming Chair,"49,500 LKR",In Stock,https://www.nanotek.lk/product/meetion-chr15-180-adjustable-backrest-e-sport-gaming-chair
Gaming Chairs Tables,FANTECH LEDARE GC192 GAMING CHAIR,"59,500 LKR",Out of Stock,https://www.nanotek.lk/product/fantech-ledare-gc192-gaming-chair
Gaming Chairs Tables,MEETION CHR31 BREATHABLE GAMING CHAIR WITH FOOTREST,"64,500 LKR",In Stock,https://www.nanotek.lk/product/meetion-chr31-breathable-gaming-chair-with-footrest
Gaming Chairs Tables,FANTECH ALPHA GC-283 GAMING CHAIR,"72,000 LKR",Out of Stock,https://www.nanotek.lk/product/fantech-alpha-gc-283-gaming-chair
Gaming Chairs Tables,CORSAIR TC100 RELAXED GAMING CHAIR - FABRIC BLACK & GREY,"60,500 LKR",Out of Stock,https://www.nanotek.lk/product/corsair-tc100-relaxed-gaming-chair-fabric-black-grey
Gaming Chairs Tables,Corsair TC100 Relaxed Leatherette Gaming Chair,"60,500 LKR",Out of Stock,https://www.nanotek.lk/product/corsair-tc100-relaxed-leatherette-gaming-chair
Gaming Chairs Tables,GAMDIAS ZELUS M3 WEAVE L GB GAMING CHAIR,"45,500 LKR",Out of Stock,https://www.nanotek.lk/product/gamdias-zelus-m3-weave-l-gb-gaming-chair
Gaming Chairs Tables,GAMDIAS ZELUS M4 WEAVE L GB GAMING CHAIR,"48,500 LKR",Out of Stock,https://www.nanotek.lk/product/gamdias-zelus-m4-weave-l-gb-gaming-chair
Gaming Chairs Tables,MEETION CHR16 Racing Gaming E-Sport Chair,"52,000 LKR",In Stock,https://www.nanotek.lk/product/meetion-chr16-racing-gaming-e-sport-chair
Gaming Chairs Tables,MSI MAG CH120 X GAMING CHAIR,"60,500 LKR",Out of Stock,https://www.nanotek.lk/product/msi-mag-ch120-x-gaming-chair
Gaming Chairs Tables,MSI MAG CH120 BLACK & RED GAMING CHAIR,"60,500 LKR",Out of Stock,https://www.nanotek.lk/product/msi-mag-ch120-black-red-gaming-chair
Cables Hubs,FANTECH NERALINK HA2041 USB 2.0 HUB 4-PORT,"1,500 LKR",In Stock,https://www.nanotek.lk/product/fantech-neralink-ha2041-usb-20-hub-4-port
Cables Hubs,UGREEN T6 20W 6-OUTLET POWER STRIP WITH TYPE-C PORT +3 USB PORTS (1C3A) UK - T620-55318,"10,000 LKR",In Stock,https://www.nanotek.lk/product/ugreen-t6-20w-6-outlet-power-strip-with-type-c-port-3-usb-ports-1c3a-uk-t620-55318
Cables Hubs,UGREEN 8 – in -1 Revodok Type-C Three Screen Multifunctional Hub – CM639 – 35625,"16,000 LKR",In Stock,https://www.nanotek.lk/product/ugreen-8-in-1-revodok-type-c-three-screen-multifunctional-hub-cm639-35625-1
Cables Hubs,UGREEN 7 – in -1 Type-C Multifunction Hub – CM195 – 15214,"7,500 LKR",In Stock,https://www.nanotek.lk/product/ugreen-7-in-1-type-c-multifunction-hub-cm195-15214
Cables Hubs,UGREEN 4 – Port Type-C Multifunction Hub – CM475 – 60600,"6,000 LKR",In Stock,https://www.nanotek.lk/product/ugreen-4-port-type-c-multifunction-hub-cm475-60600
Cables Hubs,UGREEN 4-Port 10Gbps Type-c  Hub – CM806 – 35583,"5,000 LKR",In Stock,https://www.nanotek.lk/product/ugreen-4-port-10gbps-type-c-hub-cm806-35583
Cables Hubs,UGREEN 4 –PORT 5Gbps USB 3.0 Hub – CM219 – 35574,"4,000 LKR",In Stock,https://www.nanotek.lk/product/ugreen-4-port-5gbps-usb-30-hub-cm219-35574
Cables Hubs,UGREEN UNO SERIES 6-IN-1 TYPE-C HUB CM888 - 35998,"8,000 LKR",In Stock,https://www.nanotek.lk/product/ugreen-uno-series-6-in-1-type-c-hub-cm888-35998
Cables Hubs,UGREEN 4k 60Hz Display Port Male to Male Cable,"4,500 LKR",In Stock,https://www.nanotek.lk/product/ugreen-4k-60hz-display-port-male-to-male-cable
Cables Hubs,ANKER 322 C TO C CABLE,"1,500 LKR",In Stock,https://www.nanotek.lk/product/anker-322-c-to-c-cable
Cables Hubs,Gamdias Mercury P1 1500 15-IN-1 USB Expansion Type C Hub,"14,500 LKR",Out of Stock,https://www.nanotek.lk/product/gamdias-mercury-p1-1500-15-in-1-usb-expansion-type-c-hub
Cables Hubs,UGREEN 4K HDMI Male to Male Cable – HD104 – 10109,"3,500 LKR",Out of Stock,https://www.nanotek.lk/product/ugreen-4k-hdmi-male-to-male-cable-hd104-10109
Cables Hubs,UGREEN 10 N  1 REVODOK TYPE-C MULTIFUNCTION HUB – CM639 – 15534,"16,000 LKR",Out of stock,https://www.nanotek.lk/product/ugreen-10-n-1-revodok-type-c-multifunction-hub-cm639-15534
Cables Hubs,NZXT INTERNAL USB EXPANSION 5-PORT,"6,000 LKR",In stock,https://www.nanotek.lk/product/nzxt-internal-usb-expansion-5-port
Cables Hubs,ACASIS M.2 NVME SSD ENCLOSURE - 10 IN 1 DOCKING STATION - CM073,"24,500 LKR",In Stock,https://www.nanotek.lk/product/acasis-m2-nvme-ssd-enclosure-10-in-1-docking-station-cm073
Cables Hubs,UGREEN 13 IN  1 TYPE-C MULTIFUNCTION HUB – CM681 – 15978,"22,500 LKR",Out of Stock,https://www.nanotek.lk/product/ugreen-13-in-1-type-c-multifunction-hub-cm681-15978-1
Cables Hubs,Ugreen Cat8 Pure Copper Ethernet Round Braided OD 3mm TO 5mm Cables - NW153,"3,000 LKR",In Stock,https://www.nanotek.lk/product/ugreen-cat8-pure-copper-ethernet-round-braided-od-3mm-to-5mm-cables-nw153-1
Cables Hubs,UGREEN TYPE-C 3.1 MALE TO USB A 3.0 FEMALE OTG ADAPTER - 50283,"1,500 LKR",Out of Stock,https://www.nanotek.lk/product/ugreen-type-c-31-male-to-usb-a-30-female-otg-adapter-50283
Cables Hubs,UGREEN USB 3.0 AM TO BM PRINTER  CABLE- US210,"2,500 LKR",In stock,https://www.nanotek.lk/product/ugreen-usb-30-am-to-bm-printer-cable-us210
Cables Hubs,UGREEN 0.5 Meter HDD SATA Cable – US217 – 30796,"1,500 LKR",In stock,https://www.nanotek.lk/product/ugreen-05-meter-hdd-sata-cable-us217-30796
Cables Hubs,UGREEN HDMI 4K MALE TO FEMALE DOWN-ANGLED ADAPTER- 20109,"1,500 LKR",In stock,https://www.nanotek.lk/product/ugreen-hdmi-4k-male-to-female-down-angled-adapter-20109
Cables Hubs,UGREEN 240W TYPE-C TO TYPE-C 3.2 GEN2 BRAIDED CABLE- 80150,"7,000 LKR",In stock,https://www.nanotek.lk/product/ugreen-240w-type-c-to-type-c-32-gen2-braided-cable-80150
Cables Hubs,UGREEN 240W TYPE-C TO TYPE-C 4.0 GEN3 BRAIDED CABLE - 65175,"8,500 LKR",In stock,https://www.nanotek.lk/product/ugreen-240w-type-c-to-type-c-40-gen3-braided-cable-65175
Cables Hubs,Thermal Grizzly  Caliper 150MM,"4,500 LKR",In stock,https://www.nanotek.lk/product/thermal-grizzly-caliper-150mm
Cables Hubs,UGREEN 2 Meter 4K Type-C to HDMI with PD Port Cable – CM675 – 55330,"6,500 LKR",Out of Stock,https://www.nanotek.lk/product/ugreen-2-meter-4k-type-c-to-hdmi-with-pd-port-cable-cm675-55330
Cables Hubs,UGREEN 5 – in-1 Type-C Multifunction Adapter – CM478 – 15495,"6,500 LKR",Out of Stock,https://www.nanotek.lk/product/ugreen-5-in-1-type-c-multifunction-adapter-cm478-15495
Cables Hubs,UGREEN 2 Meter 4K 60Hz HDMI to DP Cable- HD169 – 55329,"5,500 LKR",In Stock,https://www.nanotek.lk/product/ugreen-2-meter-4k-60hz-hdmi-to-dp-cable-hd169-55329
Cables Hubs,UGREEN  Toslink Optical Audio Cable (Black) – AV122 – 70892,"2,000 LKR",In Stock,https://www.nanotek.lk/product/ugreen-toslink-optical-audio-cable-black-av122-70892
Cables Hubs,NM-SD2 Phillips PH2 screwdriver,"6,000 LKR",In Stock,https://www.nanotek.lk/product/nm-sd2-phillips-ph2-screwdriver
Cables Hubs,UGREEN HDMI 2.1 8K CABLE HD171,"4,000 LKR",In Stock,https://www.nanotek.lk/product/ugreen-hdmi-21-8k-cable-hd171
Cables Hubs,UGREEN 120Gbps Type-C Thunderbolt™ 5 Cable – L703 – 45996,"12,500 LKR",In stock,https://www.nanotek.lk/product/ugreen-120gbps-type-c-thunderbolt-5-cable-l703-45996
Cables Hubs,UGREEN CM512 6-IN-1 USB-C HUB HDMI 4K & 100W PD CHARGING - 15598,"9,500 LKR",Out of Stock,https://www.nanotek.lk/product/ugreen-cm512-6-in-1-usb-c-hub-hdmi-4k-100w-pd-charging-15598
Cables Hubs,UGREEN CM219 4-Port USB 3.0 Hub -  25851,"3,500 LKR",Out of Stock,https://www.nanotek.lk/product/ugreen-cm219-4-port-usb-30-hub-25851
Cables Hubs,UGREEN MM137 DisplayPort to HDMI Female Converter 1080P - 40362,"2,500 LKR",In Stock,https://www.nanotek.lk/product/ugreen-mm137-displayport-to-hdmi-female-converter-1080p-40362
Cables Hubs,UGREEN 10M HDMI 8K FIBER OPTIC CABLE MALE TO MALE ALUMINUM SHELL 55504,"12,500 LKR",In Stock,https://www.nanotek.lk/product/ugreen-10m-hdmi-8k-fiber-optic-cable-male-to-male-aluminum-shell-55504
Cables Hubs,UGREEN 4K HDMI BRAIDED CABLE -  HD119,"2,500 LKR",In stock,https://www.nanotek.lk/product/ugreen-4k-hdmi-braided-cable-hd119
Cables Hubs,UGREEN DP 16K MALE TO MALE ALUMINUM ALLOY SHELL DP131,"3,500 LKR",In Stock,https://www.nanotek.lk/product/ugreen-dp-16k-male-to-male-aluminum-alloy-shell-dp131
Cables Hubs,UGREEN DP102 MALE TO MALE DISPLAY PORT CABLE 1.5M - 10245,"1,500 LKR",In Stock,https://www.nanotek.lk/product/ugreen-dp102-male-to-male-display-port-cable-15m-10245
Cables Hubs,UGREEN 1.4 DISPLAYPORT ZINC ALLOY SHELL BRAIDED CABLE 2M - 60843,"5,500 LKR",In Stock,https://www.nanotek.lk/product/ugreen-14-displayport-zinc-alloy-shell-braided-cable-2m-60843
Cables Hubs,UGREEN 6 – in – 2 Thunderbolt Dual Port Type-C Multifunction Adapter (Macbook Air/Pro) – CM380 – 80856,"7,500 LKR",In Stock,https://www.nanotek.lk/product/ugreen-6-in-2-thunderbolt-dual-port-type-c-multifunction-adapter-macbook-airpro-cm380-80856
Cables Hubs,UGREEN 5 – in – 1 Type C HUB – CM418 – 10919,"9,000 LKR",In Stock,https://www.nanotek.lk/product/ugreen-5-in-1-type-c-hub-cm418-10919
Cables Hubs,UGREEN DP TO HDMI 4K CABLE - DP119,"4,500 LKR",In Stock,https://www.nanotek.lk/product/ugreen-dp-to-hdmi-4k-cable-dp119
Cables Hubs,UGREEN Premium 5-in-1 USB C Hub 60718,"8,500 LKR",Out of Stock,https://www.nanotek.lk/product/ugreen-premium-5-in-1-usb-c-hub-60718
Cables Hubs,DELL ADAPTER USB-C TO HDMI/DP WITH POWER PASS-THROUGH,"7,500 LKR",Out of Stock,https://www.nanotek.lk/product/dell-adapter-usb-c-to-hdmidp-with-power-pass-through
Cables Hubs,UGREEN CM372 38 IN 1 CLACK ALUMINUM ALLOY SCREWDRIVER SET - 80459,"4,500 LKR",In Stock,https://www.nanotek.lk/product/ugreen-cm372-38-in-1-clack-aluminum-alloy-screwdriver-set-80459
Cables Hubs,UGREEN HDMI 4K FLAT CABLE 1.5M 2.0 VERSION - 50819,"2,000 LKR",Out of Stock,https://www.nanotek.lk/product/ugreen-hdmi-4k-flat-cable-15m-20-version-50819
Cables Hubs,UGREEN VESA CERTIFIED 8K 1.4 DISPLAYPORT CABLE 1M BRAIDED CABLE - 80390,"3,000 LKR",Out of Stock,https://www.nanotek.lk/product/ugreen-vesa-certified-8k-14-displayport-cable-1m-braided-cable-80390
Cables Hubs,UGREEN 4K HDMI Male to Male Nylon Braided Cable – 40102,"3,500 LKR",Out of Stock,https://www.nanotek.lk/product/ugreen-4k-hdmi-male-to-male-nylon-braided-cable-40102
Cables Hubs,UGREEN HDMI 2.0 MALE TO MALE CABLE 2M 40410,"2,000 LKR",Out of Stock,https://www.nanotek.lk/product/ugreen-hdmi-20-male-to-male-cable-2m-40410
Cables Hubs,UGREEN PREMIUM HDMI TO VGA CONVERTER 40253,"2,500 LKR",Out of Stock,https://www.nanotek.lk/product/ugreen-premium-hdmi-to-vga-converter-40253
Cables Hubs,UGREEN 10-IN-1 USB-C HUB - 45380,"12,500 LKR",Out of Stock,https://www.nanotek.lk/product/ugreen-10-in-1-usb-c-hub-45380
Cables Hubs,UGREEN DP to HDMI CONVERTER - 70694,"4,500 LKR",In Stock,https://www.nanotek.lk/product/ugreen-dp-to-hdmi-converter-70694
Cables Hubs,UGREEN DP TO HDMI 4K BRAIDED CABLE 1.5M - 35841,"2,500 LKR",Out of stock,https://www.nanotek.lk/product/ugreen-dp-to-hdmi-4k-braided-cable-15m-35841
External Storage,Verbatim SnapBack Ultra Slim SSD,"36,000 LKR",In Stock,https://www.nanotek.lk/product/verbatim-snapback-ultra-slim-ssd
External Storage,CORSAIR EX300U 1TB USB TYPE-C EXTERNAL SSD,"65,000 LKR",In Stock,https://www.nanotek.lk/product/corsair-ex300u-1tb-usb-type-c-external-ssd
External Storage,ASUS SDRW-08D2S-U LITE portable 8X DVD Writer,"10,000 LKR",In Stock,https://www.nanotek.lk/product/asus-sdrw-08d2s-u-lite-portable-8x-dvd-writer
External Storage,WD MY BOOK 18TB,"199,000 LKR",Out of Stock,https://www.nanotek.lk/product/wd-my-book-18tb
External Storage,LEXAR JUMPDRIVE S80 USB 3.2 FLASH DRIVE - 32GB,"3,500 LKR",In Stock,https://www.nanotek.lk/product/lexar-jumpdrive-s80-usb-32-flash-drive-32gb
External Storage,ACASIS 10GBPS BUILT IN FAN M.2 NVME SSD ENCLOSURE - EC-6608AIR,"9,500 LKR",In Stock,https://www.nanotek.lk/product/acasis-10gbps-built-in-fan-m2-nvme-ssd-enclosure-ec-6608air
External Storage,"ACASIS 2.5"" SATA HARD DRIVE ENCLOSURE - EC-5250B","4,500 LKR",In Stock,https://www.nanotek.lk/product/acasis-25-sata-hard-drive-enclosure-ec-5250b
External Storage,"ACASIS 2.5/3.5"" SATA HARD DRIVE ENCLOSURE - EC-5351C","8,500 LKR",Out of Stock,https://www.nanotek.lk/product/acasis-2535-sata-hard-drive-enclosure-ec-5351c
External Storage,ACASIS 20GBPS M.2 NVME SATA DUPLICATOR 2 BAY DOCK - EC-6604PRO,"32,500 LKR",In Stock,https://www.nanotek.lk/product/acasis-20gbps-m2-nvme-sata-duplicator-2-bay-dock-ec-6604pro
External Storage,ACASIS 40GBPS EGPU DOCK - G4PRO,"89,000 LKR",In Stock,https://www.nanotek.lk/product/acasis-40gbps-egpu-dock-g4pro
External Storage,ACASIS M.2 SSD ENCLOSURE - 6 IN 1 MAGSAFE DOCKING STATION - EC1401,"18,500 LKR",In Stock,https://www.nanotek.lk/product/acasis-m2-ssd-enclosure-6-in-1-magsafe-docking-station-ec1401
External Storage,LEXAR SL500 PORTABLE SSD WITH MAGNETIC SET,"57,500 LKR",In Stock,https://www.nanotek.lk/product/lexar-sl500-portable-ssd-with-magnetic-set
External Storage,WD MY BOOK 12TB,"145,000 LKR",Out of stock,https://www.nanotek.lk/product/wd-my-book-12tb
External Storage,UGREEN USB 3.0 - SATA DUAL-BAY HDD DOCKING STATION - 50857,"10,000 LKR",In Stock,https://www.nanotek.lk/product/ugreen-usb-30-sata-dual-bay-hdd-docking-station-50857
External Storage,"UGREEN USB 3.0 - 3.5"" HDD BOX EU - 50422","8,000 LKR",Out of Stock,https://www.nanotek.lk/product/ugreen-usb-30-35-hdd-box-eu-50422
External Storage,Western Digital Mybook 8TB USB 3.0,"88,000 LKR",Out of Stock,https://www.nanotek.lk/product/western-digital-mybook-8tb-usb-30
External Storage,UGREEN Magnetic M.2 NVMe SSD Enclosure – D619 – 55151,"11,500 LKR",In Stock,https://www.nanotek.lk/product/ugreen-magnetic-m2-nvme-ssd-enclosure-d619-55151
External Storage,Corsair EX300U 2TB USB Type-C External SSD,"115,000 LKR",In stock,https://www.nanotek.lk/product/corsair-ex300u-2tb-usb-type-c-external-ssd
External Storage,Samsung Portable SSD T9 USB 3.2,"48,500 LKR",Out of Stock,https://www.nanotek.lk/product/samsung-portable-ssd-t9-usb-32
External Storage,KINGSTON XS1000 GEN2 PORTABLE SSD,"55,000 LKR",In Stock,https://www.nanotek.lk/product/kingston-xs1000-gen2-portable-ssd
External Storage,UGREEN CM400 M.2 NVME & SATA USB-C/ USB-A ENCLOSURE - 90264,"8,500 LKR",Out of Stock,https://www.nanotek.lk/product/ugreen-cm400-m2-nvme-sata-usb-c-usb-a-enclosure-90264
External Storage,UGREEN 2.5 Inch SATA HDD / SSD Hard Drive Enclosure – US221 – 50743,"4,500 LKR",In Stock,https://www.nanotek.lk/product/ugreen-25-inch-sata-hdd-ssd-hard-drive-enclosure-us221-50743
External Storage,UGREEN M.2 NVME & SATA  USB-C RGB ENCLOSURE - 25665,"12,500 LKR",In stock,https://www.nanotek.lk/product/ugreen-m2-nvme-sata-usb-c-rgb-enclosure-25665
External Storage,UGREEN M.2 NVMe SSD Enclosure 10Gbps - 35267,"6,500 LKR",In Stock,https://www.nanotek.lk/product/ugreen-m2-nvme-ssd-enclosure-10gbps-35267
External Storage,SanDisk Ultra Dual Drive Luxe USB Type-C Flash Drive,"6,500 LKR",Out of Stock,https://www.nanotek.lk/product/sandisk-ultra-dual-drive-luxe-usb-type-c-flash-drive
External Storage,SANDISK RED CRUZER BLADE USB FLASH DRIVE,"3,000 LKR",Out of Stock,https://www.nanotek.lk/product/sandisk-red-cruzer-blade-usb-flash-drive
External Storage,SANDISK EXTREME PORTABLE SSD,"99,000 LKR",Out of Stock,https://www.nanotek.lk/product/sandisk-extreme-portable-ssd
External Storage,"ADDLINK P30 1TB MAGNETIC PORTABLE EXTERNAL SSD 4,000MB/S USB TYPE C 4.0 (MAGSAFE SUPPORT)","79,000 LKR",In Stock,https://www.nanotek.lk/product/addlink-p30-1tb-magnetic-portable-external-ssd-4000mbs-usb-type-c-40-magsafe-support-1
External Storage,UGREEN Type-C to Nvme M.2 Enclosure – CM400 – 10902,"6,500 LKR",Out of Stock,https://www.nanotek.lk/product/ugreen-type-c-to-nvme-m2-enclosure-cm400-10902
External Storage,UGREEN EXTERNAL HDD CASE SMALL - 40707,"2,500 LKR",In Stock,https://www.nanotek.lk/product/ugreen-external-hdd-case-small-40707
External Storage,SAMSUNG T7 Shield Portable SSD,"92,000 LKR",Out of Stock,https://www.nanotek.lk/product/samsung-t7-shield-portable-ssd
External Storage,Addlink P21 Portable SSD 2000Mb/s,"30,500 LKR",Out of Stock,https://www.nanotek.lk/product/addlink-p21-portable-ssd-2000mbs
External Storage,Corsair EX100U Portable USB Type-C SSD,"138,000 LKR",Out of Stock,https://www.nanotek.lk/product/corsair-ex100u-portable-usb-type-c-ssd
External Storage,TEAM TFORCE M200 PORTABLE SSD 2000 Mb/s,"37,000 LKR",In Stock,https://www.nanotek.lk/product/team-tforce-m200-portable-ssd-2000-mbs
External Storage,WD MY PASSPORT External Hard Disk,"39,500 LKR",In Stock,https://www.nanotek.lk/product/wd-my-passport-external-hard-disk
External Storage,Transcend StoreJet 25H3 USB 3.1 Gen 1,"41,500 LKR",In Stock,https://www.nanotek.lk/product/transcend-storejet-25h3-usb-31-gen-1
External Storage,TEAM X1 MAX 128GB/256GB Type C 1000MB/s,"8,500 LKR",Out of Stock,https://www.nanotek.lk/product/team-x1-max-128gb256gb-type-c-1000mbs
External Storage,SanDisk Ultra Dual Drive Go Type-C,"6,000 LKR",In Stock,https://www.nanotek.lk/product/sandisk-ultra-dual-drive-go-type-c
External Storage,TEAM X1 USB 3.2 Gen1 DUAL DRIVE,"4,500 LKR",Out of Stock,https://www.nanotek.lk/product/team-x1-usb-32-gen1-dual-drive
External Storage,Adata UR340 Pendrive,"3,000 LKR",In Stock,https://www.nanotek.lk/product/adata-ur340-pendrive
Streaming Action Camera,Logitech Brio 500 Full HD HDR Webcam,"52,000 LKR",In Stock,https://www.nanotek.lk/product/logitech-brio-500-full-hd-hdr-webcam
Streaming Action Camera,ASUS ROG CARNYX C501 USB GAMING MICROPHONE,"59,000 LKR",In Stock,https://www.nanotek.lk/product/asus-rog-carnyx-c501-usb-gaming-microphone
Streaming Action Camera,ASUS Webcam C3 1080p Webcam,"21,500 LKR",In Stock,https://www.nanotek.lk/product/asus-webcam-c3-1080p-webcam
Streaming Action Camera,Razer Kiyo V2 X 1440p 60 FPS Streaming Webcam,"42,000 LKR",In stock,https://www.nanotek.lk/product/razer-kiyo-v2-x-1440p-60-fps-streaming-webcam
Streaming Action Camera,Logitech  Brio 4K Ultra HD Webcam,"65,000 LKR",In Stock,https://www.nanotek.lk/product/logitech-brio-4k-ultra-hd-webcam
Streaming Action Camera,FANTECH MCX04 LEVIOSA AURA RGB USB MICROPHONE,"9,500 LKR",In Stock,https://www.nanotek.lk/product/fantech-mcx04-leviosa-aura-rgb-usb-microphone
Streaming Action Camera,FANTECH WMCX01 LEVIOSA WAVE RGB WIRELESS MICROPHONE,"12,000 LKR",In Stock,https://www.nanotek.lk/product/fantech-wmcx01-leviosa-wave-rgb-wireless-microphone
Streaming Action Camera,FANTECH FINECOUSTIC RESONO WFM1 DUAL MODE CONDENSER WIRELESS MICROPHONE,"15,000 LKR",In Stock,https://www.nanotek.lk/product/fantech-finecoustic-resono-wfm1-dual-mode-condenser-wireless-microphone-1
Streaming Action Camera,Razer Seiren V3 Chroma USB Microphone,"54,000 LKR",In Stock,https://www.nanotek.lk/product/razer-seiren-v3-chroma-usb-microphone
Streaming Action Camera,FANTECH FINECOUSTIC SONARA UFM1 USB CONDENSER MICROPHONE,"16,500 LKR",Out of Stock,https://www.nanotek.lk/product/fantech-finecoustic-sonara-ufm1-usb-condenser-microphone-1
Streaming Action Camera,UGREEN 4-LEG BLUETOOTH SELFIE STICK WITH TRIPOD STAND - 45301,"7,000 LKR",In Stock,https://www.nanotek.lk/product/ugreen-4-leg-bluetooth-selfie-stick-with-tripod-stand-45301
Streaming Action Camera,FANTECH SS141 SELFIE STICK,"4,500 LKR",In Stock,https://www.nanotek.lk/product/fantech-ss141-selfie-stick
Streaming Action Camera,FANTECH SS100 SELFIE STICK,"2,500 LKR",In Stock,https://www.nanotek.lk/product/fantech-ss100-selfie-stick
Streaming Action Camera,FANTECH MCX03 LEVIOSA MAX RGB MICROPHONE,"9,500 LKR",Out of Stock,https://www.nanotek.lk/product/fantech-mcx03-leviosa-max-rgb-microphone
Streaming Action Camera,RAZER SEIREN V3 MINI USB CONDENSER MICROPHONE,"21,000 LKR",In Stock,https://www.nanotek.lk/product/razer-seiren-v3-mini-usb-condenser-microphone
Streaming Action Camera,RAZER KIYO X FHD STREAMING WEBCAM,"21,500 LKR",In Stock,https://www.nanotek.lk/product/razer-kiyo-x-fhd-streaming-webcam
Streaming Action Camera,RAZER SEIREN V2 PRO PROFESSIONAL DYNAMIC MICROPHONE,"60,000 LKR",In Stock,https://www.nanotek.lk/product/razer-seiren-v2-pro-professional-dynamic-microphone
Streaming Action Camera,DJI OSMO MOBILE SE,"24,000 LKR",Out of Stock,https://www.nanotek.lk/product/dji-osmo-mobile-se
Streaming Action Camera,DJI OSMO MOBILE 7P,"39,500 LKR",Out of Stock,https://www.nanotek.lk/product/dji-osmo-mobile-7p
Streaming Action Camera,DJI OSMO MOBILE 7 SERIES,"27,500 LKR",Out of Stock,https://www.nanotek.lk/product/dji-osmo-mobile-7-series
Streaming Action Camera,LOGITECH C930e 1080p Webcam with Wide Angle Lens,"43,500 LKR44,000 LKR",In Stock,https://www.nanotek.lk/product/logitech-c930e-1080p-webcam-with-wide-angle-lens
Streaming Action Camera,UGREEN PROFESSIONAL TRIPOD FOR PHONE & CAMERA - 15187,"12,000 LKR",Out of Stock,https://www.nanotek.lk/product/ugreen-professional-tripod-for-phone-camera-15187
Streaming Action Camera,LOGITECH BRIO 300 USB-C FULL HD WEBCAM,"23,500 LKR",In stock,https://www.nanotek.lk/product/logitech-brio-300-usb-c-full-hd-webcam
Streaming Action Camera,Logitech Brio 100 1080P WEBCAM,"11,000 LKR",In Stock,https://www.nanotek.lk/product/logitech-brio-100-1080p-webcam
Streaming Action Camera,Elgato Wave Neo USB Condenser Microphone,"34,000 LKR",In Stock,https://www.nanotek.lk/product/elgato-wave-neo-usb-condenser-microphone
Streaming Action Camera,Elgato Wave 3 USB Condenser Microphone,"60,000 LKR",In Stock,https://www.nanotek.lk/product/elgato-wave-3-usb-condenser-microphone
Streaming Action Camera,Elgato Facecam Pro Premium 4K Webcam,"99,500 LKR",Out of Stock,https://www.nanotek.lk/product/elgato-facecam-pro-premium-4k-webcam
Streaming Action Camera,Elgato CHAT LINK Cable,"2,000 LKR",In Stock,https://www.nanotek.lk/product/elgato-chat-link-cable
Streaming Action Camera,LOGITECH C270 HD WEBCAM,"8,500 LKR",Out of Stock,https://www.nanotek.lk/product/logitech-c270-hd-webcam
Streaming Action Camera,Elgato HD60 S+ Game Capture,"54,000 LKR",Out of Stock,https://www.nanotek.lk/product/elgato-hd60-s-game-capture
Streaming Action Camera,Elgato Game Capture HD60 S High Definition Game Recorder,"48,500 LKR",In Stock,https://www.nanotek.lk/product/elgato-game-capture-hd60-s-high-definition-game-recorder
Streaming Action Camera,GoPro HERO11 Black,"90,000 LKR149,000 LKR",Out of Stock,https://www.nanotek.lk/product/gopro-hero11-black
Streaming Action Camera,UGREEN LP680 Selfie Stick Tripod with Bluetooth Remote  - 15609,"6,000 LKR",In Stock,https://www.nanotek.lk/product/ugreen-lp680-selfie-stick-tripod-with-bluetooth-remote-15609
Streaming Action Camera,ELGATO FACECAM NEO,"31,000 LKR",Out of Stock,https://www.nanotek.lk/product/elgato-facecam-neo
Streaming Action Camera,ELGATO STREAM DECK,"54,000 LKR",Out of Stock,https://www.nanotek.lk/product/elgato-stream-deck
Streaming Action Camera,Elgato Stream Deck Neo,"32,000 LKR",In Stock,https://www.nanotek.lk/product/elgato-stream-deck-neo
Streaming Action Camera,ELGATO FACECAM MK.2 – PREMIUM FULL HD WEBCAM,"49,000 LKR",Out of Stock,https://www.nanotek.lk/product/elgato-facecam-mk2-premium-full-hd-webcam
Streaming Action Camera,Elgato Stream Deck+ Black Edition,"63,000 LKR",Out of Stock,https://www.nanotek.lk/product/elgato-stream-deck-black-edition
Streaming Action Camera,FANTECH LEVIOSA MCX01 CONDENSER MICROPHONE,"12,000 LKR",In Stock,https://www.nanotek.lk/product/fantech-leviosa-mcx01-condenser-microphone-1
Expansion Cards Networking,ASUS ROG Rapture GT-AX6000 Dual-Band WiFi 6 (802.11ax) Gaming Router,"155,000 LKR",Out of Stock,https://www.nanotek.lk/product/asus-rog-rapture-gt-ax6000-dual-band-wifi-6-80211ax-gaming-router
Expansion Cards Networking,ASUS RT-N12+ B1 3 IN 1 ROUTER/AP/RANGE EXTENDER,"9,400 LKR",Pre Order,https://www.nanotek.lk/product/asus-rt-n12-b1-3-in-1-routeraprange-extender
Expansion Cards Networking,ASUS USB-AC53 NANO AC1200 WI-FI USB ADAPTER,"9,500 LKR",Pre Order,https://www.nanotek.lk/product/asus-usb-ac53-nano-ac1200-wi-fi-usb-adapter
Expansion Cards Networking,ASUS PCE-AX3000 Dual Band PCI-E WiFi 6 Adapter,"32,650 LKR",Pre Order,https://www.nanotek.lk/product/asus-pce-ax3000-dual-band-pci-e-wifi-6-adapter
Expansion Cards Networking,TUF Gaming AX4200 Dual Band WiFi 6 Gaming Router,"80,000 LKR",Pre Order,https://www.nanotek.lk/product/tuf-gaming-ax4200-dual-band-wifi-6-gaming-router
Expansion Cards Networking,ASUS RT-AX82U AX5400 Dual Band WiFi 6 Gaming Router,"92,250 LKR",Out of Stock,https://www.nanotek.lk/product/asus-rt-ax82u-ax5400-dual-band-wifi-6-gaming-router
Expansion Cards Networking,ASUS USB-AC56 - Dual-band Wireless-AC1300 USB 3.0 Wi-Fi Adapter,"10,500 LKR",Out of Stock,https://www.nanotek.lk/product/asus-usb-ac56-dual-band-wireless-ac1300-usb-30-wi-fi-adapter
Expansion Cards Networking,UGREEN Bluetooth Adapter  6.0 – CM748 – 75073,"3,000 LKR",In Stock,https://www.nanotek.lk/product/ugreen-bluetooth-adapter-60-cm748-75073
Expansion Cards Networking,UGREEN GIGABIT PCIE NETWORK ADAPTER  - 30771,"4,000 LKR",In Stock,https://www.nanotek.lk/product/ugreen-gigabit-pcie-network-adapter-30771
Expansion Cards Networking,TP Link PCI EXPRESS WIFI Card TL-WN881ND,"8,000 LKR",In stock,https://www.nanotek.lk/product/tp-link-pci-express-wifi-card-tl-wn881nd
Expansion Cards Networking,TP-LINK TL-WN823N 300Mbps Mini Wireless N USB Adapter,"4,000 LKR",In Stock,https://www.nanotek.lk/product/tp-link-tl-wn823n-300mbps-mini-wireless-n-usb-adapter
Expansion Cards Networking,PROLINK DH-5106U AX900 WIFI 6 USB ADAPTER,"6,500 LKR",In Stock,https://www.nanotek.lk/product/prolink-dh-5106u-ax900-wifi-6-usb-adapter
Expansion Cards Networking,Prolink DL-7202 PROLINK 4G LTE MOBILE WI-FI,"13,500 LKR",In Stock,https://www.nanotek.lk/product/prolink-dl-7202-prolink-4g-lte-mobile-wi-fi
Expansion Cards Networking,UGREEN AX900 USB High-Gain Dual Band Wi-Fi 6 Adapter - 35265,"5,000 LKR",In Stock,https://www.nanotek.lk/product/ugreen-ax900-usb-high-gain-dual-band-wi-fi-6-adapter-35265
Expansion Cards Networking,PROLiNK DH-5102U AC650 Wireless USB Adapter,"4,500 LKR",Out of Stock,https://www.nanotek.lk/product/prolink-dh-5102u-ac650-wireless-usb-adapter
Expansion Cards Networking,UGREEN AX900 WIFI6 USB DUAL BAND WI-FI ADAPTER - 35264,"4,000 LKR",In Stock,https://www.nanotek.lk/product/ugreen-ax900-wifi6-usb-dual-band-wi-fi-adapter-35264
Expansion Cards Networking,UGREEN AC650 2.4GHz 5GHz Dual Band Wireless Adapter 6dBi Antenna - 90339,"5,000 LKR",Out of Stock,https://www.nanotek.lk/product/ugreen-ac650-24ghz-5ghz-dual-band-wireless-adapter-6dbi-antenna-90339
Expansion Cards Networking,UGREEN AX1800 DUAL BAND WIFI 6 Wireless Adapter - 90340,"8,000 LKR",Out of Stock,https://www.nanotek.lk/product/ugreen-ax1800-dual-band-wifi-6-wireless-adapter-90340
Os Software,Microsoft Windows 11 Professional Genuine,"69,000 LKR",In Stock,https://www.nanotek.lk/product/microsoft-windows-11-professional-genuine
Os Software,KASPERSKY STANDARD ANTI-VIRUS GUARD 1 DEVICE 1YEAR,"1,700 LKR",In Stock,https://www.nanotek.lk/product/kaspersky-standard-anti-virus-guard-1-device-1year
Os Software,Emsisoft Anti-Malware Virus Guard - 1 User / 1 Year,"1,700 LKR",In Stock,https://www.nanotek.lk/product/emsisoft-anti-malware-virus-guard-1-user-1-year
