Source_Store,Category,Title,Price,Stock,URL
Red Tech,GPU,MSI RTX 5060 Gaming OC 8GB GDDR7 Graphics Card,"LKR165,000.00",In Stock,https://redtech.lk/product/msi-rtx-5060-gaming-oc-8gb-gddr7-graphics-card/
Red Tech,GPU,MSI RTX 5050 Gaming OC 8GB GDDR7 Graphic Card,"LKR136,000.00",In Stock,https://redtech.lk/product/msi-rtx-5050-gaming-oc-8gb-gddr7-graphic-card/
Red Tech,GPU,ZOTAC RTX 5050 TWIN EDGE 8GB GDDR6 Graphic Card,"LKR127,500.00",In Stock,https://redtech.lk/product/zotac-rtx-5050-8g-twin-edge-gddr6-graphic-card/
Red Tech,GPU,MSI GeForce RTX 3050 VENTUS 2X XS 8GB OC Graphics Card,"LKR103,000.00",In Stock,https://redtech.lk/product/coming-soon-msi-geforce-rtx-3050-ventus-2x-xs-8gb-oc-graphics-card/
Red Tech,GPU,ZOTAC Gaming RTX 3050 ECO 8GB Graphics Card,"LKR99,000.00",In Stock,https://redtech.lk/product/zotac-gaming-rtx-3050-eco-8gb-graphics-card/
Red Tech,GPU,ASUS DUAL GeForce RTX 3050 V2 8GB GDDR6  Graphics Card,"LKR99,000.00",In Stock,https://redtech.lk/product/asus-dual-rtx-3050-v2-8gb-gddr6-oc-graphics-card/
Red Tech,GPU,ASUS DUAL GeForce RTX 3050 6GB GDDR6 Graphics Card,"LKR84,500.00",In Stock,https://redtech.lk/product/asus-dual-geforce-rtx-3050-6gb-gddr6-graphics-card/
Red Tech,GPU,[USED] BRANDED GTX 970 4GB Graphics Card,"LKR29,900.00",In Stock,https://redtech.lk/product/used-branded-gtx-970-4gb-graphics-card/
Red Tech,GPU,[USED] BRANDED GTX 660 2GB Graphics Card,"LKR13,900.00",In Stock,https://redtech.lk/product/used-branded-gtx-660-2gb-graphics-card/
Red Tech,GPU,JEYI Graphic Card GPU Brace Support,"LKR2,500.00",In Stock,https://redtech.lk/product/jeyi-graphic-card-gpu-brace-support/
Red Tech,GPU,ZOTAC RTX 5090 32G AMP EXTREME INFINITY GDDR6X Graphic Card,"LKR975,000.00",In Stock,https://redtech.lk/product/zotac-rtx-5090-32g-amp-extreme-infinity-gddr6x-graphic-card/
Red Tech,GPU,MSI Geforce RTX 5080 Gaming Trio OC 16GB GDDR7X Graphic Card,"LKR636,000.00",In Stock,https://redtech.lk/product/msi-geforce-rtx-5080-gaming-trio-oc-16gb-gddr7x-graphic-card/
Red Tech,GPU,ASUS PROART GeForce RTX 4080 16GB GDDR6X Graphics Card,"LKR585,000.00",In Stock,https://redtech.lk/product/asus-proart-rtx-4080-16gb-gddr6x-graphics-card/
Red Tech,GPU,ZOTAC GAMING GeForce RTX 4080 SUPER AMP 16GB GDDR6X Graphics Card,"LKR459,000.00",In Stock,https://redtech.lk/product/order-now-zotac-gaming-geforce-rtx-4080-super-amp-16gb-gddr6x-graphics-card/
Red Tech,GPU,MSI GeForce RTX 5070 Ti VENTUS 3X OC 16GB GDDR7X Graphic Card,"LKR434,500.00",In Stock,https://redtech.lk/product/msi-geforce-rtx-5070-ti-16g-ventus-3x-oc-graphic-card/
Red Tech,GPU,MSI GeForce RTX 4070 Super 12GB Gaming X Slim GDDR6X Graphic Card,"LKR350,500.00",In Stock,https://redtech.lk/product/order-now-msi-rtx-4070-super-12gb-gaming-x-slim-gddr6x-graphic-card/
Red Tech,GPU,MSI GeForce RTX 4070 Ti VENTUS 3X E1 12GB OC GDDR6X Graphic Card,"LKR344,500.00",In Stock,https://redtech.lk/product/order-now-msi-rtx-4070-ti-ventus-3x-12gb-gddr6x-graphic-card/
Red Tech,GPU,ASUS PROART GeForce RTX 4070 12GB GDDR6X Graphics Card,"LKR314,000.00",In Stock,https://redtech.lk/product/order-now-asus-proart-rtx-4070-12gb-gddr6x-graphics-card/
Red Tech,GPU,MSI GeForce RTX 4070 Gaming X Slim 12GB Graphics Card,"LKR308,000.00",In Stock,https://redtech.lk/product/msi-rtx-4070-gaming-x-slim-12gb-graphics-card/
Red Tech,GPU,MSI GeForce RTX 4070 Super 12GB Gaming X Slim White GDDR6X Graphic Card,"LKR286,500.00",In Stock,https://redtech.lk/product/order-now-msi-rtx-4070-super-12gb-gaming-x-slim-white-gddr6x-graphic-card/
Red Tech,GPU,MSI GeForce RTX 5070 12G GAMING TRIO OC GDDR7X Graphic Card,"LKR277,500.00",In Stock,https://redtech.lk/product/msi-geforce-rtx-5070-12g-gaming-trio-oc-graphic-card/
Red Tech,GPU,MSI GeForce RTX 4070 Super 12GB Ventus 2X OC GDDR6X Graphic Card,"LKR276,000.00",In Stock,https://redtech.lk/product/order-now-msi-rtx-4070-super-12gb-ventus-2x-oc-gddr6x-graphic-card/
Red Tech,GPU,MSI GeForce RTX 5070 VENTUS 2X OC 12GB GDDR7X Graphic Card,"LKR259,000.00",In Stock,https://redtech.lk/product/msi-geforce-rtx-5070-12g-ventus-2x-oc-gddr7x-graphic-card/
Red Tech,GPU,MSI GeForce RTX 5070 SHADOW 2X OC 12GB GDDR7X Graphic Card,"LKR247,500.00",In Stock,https://redtech.lk/product/msi-geforce-rtx-5070-12g-shadow-2x-oc-gddr7x-graphic-card/
Red Tech,GPU,MSI RTX 5060 TI Shadow 2X Plus 16GB GDDR7 Graphics Card,"LKR193,000.00",In Stock,https://redtech.lk/product/msi-rtx-5060-ti-shadow-2x-plus-16gb-gddr7-graphics-card/
Red Tech,GPU,MSI GeForce RTX 5060 TI 8GB Gaming Trio OC GDDR7X Graphic Card,"LKR192,500.00",In Stock,https://redtech.lk/product/msi-geforce-rtx-5060-ti-8gb-gaming-trio-oc-gddr7x-graphic-card/
Red Tech,GPU,MSI RTX 5060 TI Ventus 2X OC Plus 8GB GDDR7 Graphics Card,"LKR171,000.00",In Stock,https://redtech.lk/product/msi-rtx-5060-ti-ventus-2x-oc-plus-8gb-gddr7-graphics-card/
Red Tech,GPU,MSI RTX 5060 TI Shadow 2X OC 8GB GDDR7 Graphics Card,"LKR165,000.00",In Stock,https://redtech.lk/product/msi-rtx-5060-ti-shadow-2x-oc-8gb-gddr7-graphics-card/
Red Tech,GPU,ASUS Dual GeForce RTX 4060 8GB GDDR6X Graphic Card,"LKR146,500.00",In Stock,https://redtech.lk/product/asus-dual-rtx-4060-d6-8gb-gddr6x-graphic-card/
Red Tech,GPU,MSI RTX 5060 Ventus 2X OC 8GB GDDR7 Graphics Card,"LKR138,000.00",In Stock,https://redtech.lk/product/msi-rtx-5060-ventus-2x-oc-8gb-gddr7-graphics-card/
Red Tech,GPU,MSI GeForce RTX 5060 VENTUS 2X OC 8 GB Graphics Card  – White,"LKR137,500.00",In Stock,https://redtech.lk/product/msi-geforce-rtx-5060-ventus-2x-oc-8-gb-graphics-card-white/
Red Tech,GPU,MSI RTX 5060 Shadow 2X OC 8GB GDDR7 Graphics Card,"LKR132,000.00",In Stock,https://redtech.lk/product/msi-rtx-5060-shadow-2x-oc-8gb-gddr7-graphics-card/
Red Tech,GPU,BRANDED GeForce GTX 1660 Ti 6GB (Used),"LKR55,800.00",In Stock,https://redtech.lk/product/order-now-branded-gtx-1660-ti-6gb-used/
Red Tech,GPU,BRANDED RX 580 8GB (Used),"LKR36,000.00",In Stock,https://redtech.lk/product/order-now-branded-rx-580-8gb-used/
Red Tech,GPU,BRANDED GeForce GTX 1060 3GB (Used),"LKR34,500.00",In Stock,https://redtech.lk/product/order-now-branded-gtx-1060-3gb-used/
Red Tech,GPU,MSI GeForce GT 1030 4GB GDDR4 OC Low Profile Graphics Card,"LKR32,500.00",In Stock,https://redtech.lk/product/msi-gt-1030-4gb-gddr4-oc-low-profile-graphics-card/
Red Tech,GPU,MSI GeForce GT 730 N730 2GB OC Edition,"LKR25,000.00",In Stock,https://redtech.lk/product/msi-geforce-gt-730-2gb-oc-edition/
Red Tech,GPU,MSI GeForce  GT 710 OC Edition – Low Profile Card,"LKR18,500.00",In Stock,https://redtech.lk/product/msi-gt-710-oc-edition-low-profile-card/
Red Tech,GPU,BRANDED GeForce GTX 760 2GB (Used),"LKR16,200.00",In Stock,https://redtech.lk/product/order-now-branded-gtx-760-2gb-used/
Red Tech,GPU,BRANDED GeForce GTX 660 2GB (Used),"LKR15,000.00",In Stock,https://redtech.lk/product/branded-gtx-660-2gb-used/
Red Tech,GPU,COOLMOON GT8 ARGB Graphic Card Holder,"LKR3,600.00",In Stock,https://redtech.lk/product/coolmoon-gt8-argb-graphic-card-holder/
Red Tech,GPU,ZOTAC GAMING GeForce RTX 3060 TWIN EDGE 12GB Graphics Card,LKR0.00,In Stock,https://redtech.lk/product/zotac-gaming-rtx-3060-twin-edge-12gb-graphics-card/
Red Tech,GPU,PNY Quadro GV100,"LKR3,255,000.00",Out of Stock,https://redtech.lk/product/pny-quadro-gv100/
Red Tech,GPU,PNY Quadro RTX 8000,"LKR1,980,000.00",Out of Stock,https://redtech.lk/product/pny-quadro-rtx-8000/
Red Tech,GPU,PNY Quadro RTX8000 OEM,"LKR1,927,000.00",Out of Stock,https://redtech.lk/product/pny-quadro-rtx8000-oem/
Red Tech,GPU,PNY NVIDIA RTX A6000,"LKR1,669,000.00",Out of Stock,https://redtech.lk/product/pny-nvidia-rtx-a6000/
Red Tech,GPU,PNY NVIDIA RTX A6000 OEM,"LKR1,621,000.00",Out of Stock,https://redtech.lk/product/pny-nvidia-rtx-a6000-oem/
Red Tech,GPU,PNY Quadro RTX 6000,"LKR1,445,000.00",Out of Stock,https://redtech.lk/product/pny-quadro-rtx-6000/
Red Tech,GPU,PNY Quadro RTX6000 OEM,"LKR1,395,000.00",Out of Stock,https://redtech.lk/product/pny-quadro-rtx6000-oem/
Red Tech,GPU,MSI GeForce RTX 5090 32GB SUPRIM LIQUID SOC GDDR7X Graphic Card,"LKR1,144,000.00",Out of Stock,https://redtech.lk/product/msi-geforce-rtx-5090-32gb-suprim-liquid-soc-gddr7x-graphic-card/
Red Tech,GPU,MSI Geforce RTX 5090 Suprim SOC 32GB Graphic Card,"LKR1,100,000.00",Out of Stock,https://redtech.lk/product/msi-geforce-rtx-5090-suprim-soc-32gb-graphic-card/
Red Tech,GPU,MSI Geforce RTX 5090 Gaming Trio OC 32GB Graphic Card,"LKR1,039,000.00",Out of Stock,https://redtech.lk/product/msi-geforce-rtx-5090-gaming-trio-oc-32gb-gddr7x-graphic-card/
Red Tech,GPU,ASUS ROG Strix GAMING GeForce RTX 4090 24GB GDDR6X Graphics Card,"LKR999,000.00",Out of Stock,https://redtech.lk/product/order-now-asus-rog-strix-gaming-rtx-4090-24gb-gddr6x-graphics-card/
Red Tech,GPU,ASUS ROG Strix GeForce RTX 4090 24GB White OC Edition GDDR6X Graphics Card,"LKR884,000.00",Out of Stock,https://redtech.lk/product/order-now-asus-rog-strix-rtx-4090-24gb-white-oc-edition-gddr6x-graphics-card/
Red Tech,GPU,ZOTAC GeForce RTX 4090 AMP Extreme AIRO 24GB GDDR6X Graphics Card,"LKR877,500.00",Out of Stock,https://redtech.lk/product/order-now-zotac-rtx-4090-amp-extreme-airo-24gb-gddr6x-graphics-card/
Red Tech,GPU,GIGABYTE GeForce RTX 4090 AORUS MASTER 24GB GDDR6X Graphics Card,"LKR875,000.00",Out of Stock,https://redtech.lk/product/order-now-gigabyte-rtx-4090-aorus-master-24gb-gddr6x-graphics-card/
Red Tech,GPU,ZOTAC GeForce RTX 4090 Trinity OC 24GB GDDR6X Graphics Card,"LKR847,000.00",Out of Stock,https://redtech.lk/product/order-now-zotac-rtx-4090-trinity-oc-24gb-gddr6x-graphics-card/
Red Tech,GPU,PNY NVIDIA RTX A5000,"LKR820,000.00",Out of Stock,https://redtech.lk/product/pny-nvidia-rtx-a5000/
Red Tech,GPU,MSI GeForce RTX 4090 Ventus 3X E 24GB OC GDDR6X Graphics Card,"LKR810,000.00",Out of Stock,https://redtech.lk/product/order-now-msi-rtx-4090-ventus-3x-e-24gb-oc-gddr6x-graphics-card/
Red Tech,GPU,MSI GeForce RTX 4090 Suprim X 24GB GDDR6X Graphics Card,"LKR808,000.00",Out of Stock,https://redtech.lk/product/order-now-msi-rtx-4090-suprim-x-24gb-gddr6x-graphics-card/
Red Tech,GPU,ZOTAC GeForce RTX 4090 Trinity 24GB GDDR6X Graphics Card,"LKR798,000.00",Out of Stock,https://redtech.lk/product/order-now-zotac-rtx-4090-trinity-24gb-gddr6x-graphics-card/
Red Tech,GPU,GIGABYTE GeForce RTX 4090 Gaming OC 24GB GDDR6X Graphics Card,"LKR785,000.00",Out of Stock,https://redtech.lk/product/order-now-gigabyte-rtx-4090-gaming-oc-24gb-gddr6x-graphics-card/
Red Tech,GPU,PNY NVIDIA RTX A5000 OEM,"LKR768,000.00",Out of Stock,https://redtech.lk/product/pny-nvidia-rtx-a5000-oem/
Red Tech,GPU,PNY Quadro RTX5000,"LKR755,000.00",Out of Stock,https://redtech.lk/product/pny-quadro-rtx5000/
Red Tech,GPU,PNY Quadro RTX5000 OEM,"LKR730,000.00",Out of Stock,https://redtech.lk/product/pny-quadro-rtx5000-oem/
Red Tech,GPU,MSI GeForce RTX 4090 Suprim Liquid X 24GB GDDR6X Graphics Card,"LKR721,000.00",Out of Stock,https://redtech.lk/product/order-now-msi-rtx-4090-suprim-liquid-x-24gb-gddr6x-graphics-card/
Red Tech,GPU,PNY NVIDIA RTX A4500,"LKR715,000.00",Out of Stock,https://redtech.lk/product/pny-nvidia-rtx-a4500/
Red Tech,GPU,MSI GeForce RTX 4090 Gaming X Trio 24GB GDDR6X Graphics Card,"LKR685,000.00",Out of Stock,https://redtech.lk/product/order-now-msi-rtx-4090-gaming-trio-24gb-gddr6x-graphics-card-copy/
Red Tech,GPU,PNY NVIDIA RTX A4500 OEM,"LKR665,000.00",Out of Stock,https://redtech.lk/product/pny-nvidia-rtx-a4500-oem/
Red Tech,GPU,ASUS ROG STRIX GeForce RTX 4080 16GB GDDR6X Graphics Card,"LKR658,000.00",Out of Stock,https://redtech.lk/product/order-now-asus-rog-strix-rtx-4080-16gb-gddr6x-graphics-card/
Red Tech,GPU,MSI GeForce RTX 4080 Gaming X Trio 16GB GDDR6X Graphics Card,"LKR590,000.00",Out of Stock,https://redtech.lk/product/order-now-msi-rtx-4080-gaming-x-trio-16gb-gddr6x-graphics-card/
Red Tech,GPU,ASUS PROART GeForce RTX 4080 OC Edition 16GB GDDR6X Graphics Card,"LKR577,600.00",Out of Stock,https://redtech.lk/product/asus-proart-rtx-4080-oc-edition-16gb-gddr6x-graphics-card/
Red Tech,GPU,ZOTAC GAMING GeForce RTX 4080 SUPER AMP Extreme AIRO 16GB GDDR6X Graphics Card,"LKR565,000.00",Out of Stock,https://redtech.lk/product/order-now-zotac-gaming-geforce-rtx-4080-super-amp-extreme-airo-16gb-gddr6x-graphics-card/
Red Tech,GPU,GIGABYTE GeForce RTX 4080 AERO OC 16GB GDDR6 Graphics Card,"LKR565,000.00",Out of Stock,https://redtech.lk/product/order-now-gigabyte-rtx-4080-16gb-aero-oc-edition/
Red Tech,GPU,MSI GeForce RTX 5080 VENTUS 3X OC 16GB GDDR7 Graphics Card,"LKR559,000.00",Out of Stock,https://redtech.lk/product/msi-geforce-rtx-5080-ventus-3x-oc-16gb-gddr7-graphics-card/
Red Tech,GPU,MSI Geforce RTX 5080 SUPRIM LIQUID SOC 16GB GDDR7X Graphics Card,"LKR556,500.00",Out of Stock,https://redtech.lk/product/msi-geforce-rtx-5080-suprim-liquid-soc-16gb-gddr7x-graphics-card/
Red Tech,GPU,GIGABYTE GeForce RTX 3090 TI GAMING OC 24GB GDDR6 Graphics Card,"LKR556,500.00",Out of Stock,https://redtech.lk/product/gigabyte-geforce-rtx-3090-ti-gaming-oc-24gb/
Red Tech,GPU,MSI Geforce RTX 5080 VANGUARD SOC 16GB GDDR7X Graphics Card,"LKR550,000.00",Out of Stock,https://redtech.lk/product/msi-geforce-rtx-5080-vanguard-soc-16gb-gddr7x-graphics-card/
Red Tech,GPU,ZOTAC GeForce RTX 4080 Trinity OC 16GB GDDR6X Graphics Card,"LKR550,000.00",Out of Stock,https://redtech.lk/product/order-now-zotac-rtx-4080-trinity-oc-16gb-gddr6x-graphics-card/
Red Tech,GPU,MSI GeForce RTX 4080 Super 16GB Ventus 3X OC GDDR6X Graphic Card,"LKR542,000.00",Out of Stock,https://redtech.lk/product/order-now-msi-rtx-4080-super-16gb-ventus-3x-oc-gddr6x-graphic-card/
Red Tech,GPU,ASUS TUF Gaming GeForce RTX 4080 SUPER OC Edition 16GB GDDR6X Graphics Card,"LKR539,000.00",Out of Stock,https://redtech.lk/product/asus-tuf-gaming-rtx-4080-super-oc-edition-16gb-gddr6x-graphics-card/
Red Tech,GPU,MSI GeForce RTX 4080 SUPRIM X 16GB GDDR6X Graphics Card,"LKR535,000.00",Out of Stock,https://redtech.lk/product/order-now-msi-rtx-4080-suprim-x-16gb-gddr6x-graphics-card/
Red Tech,GPU,GIGABYTE GeForce RTX 4080 Gaming OC 16GB GDDR6 Graphics Card,"LKR525,000.00",Out of Stock,https://redtech.lk/product/order-now-gigabyte-rtx-4080-16gb-gaming-oc-edition/
Red Tech,GPU,MSI GeForce  RTX 3090 Gaming X Trio 24GB GDDR6X,"LKR525,000.00",Out of Stock,https://redtech.lk/product/msi-rtx-3090-gaming-x-trio-24gb-gddr6x/
Red Tech,GPU,MSI RADEON RX 6900 XT GAMING TRIO 16GB GDDR6 GRAPHICS CARD,"LKR520,000.00",Out of Stock,https://redtech.lk/product/msi-radeon-rx-6900-xt-gaming-z-trio-16gb-gddr6-graphics-card/
Red Tech,GPU,MSI GeForce RTX 5080 16G VANGUARD SOC LAUNCH EDITION GDDR7X Graphic Card,"LKR519,500.00",Out of Stock,https://redtech.lk/product/msi-rtx-5080-16g-vanguard-soc-launch-edition-graphic-card/
Red Tech,GPU,MSI GeForce RTX 5080 16G INSPIRE 3X OC GDDR7X Graphic Card,"LKR488,000.00",Out of Stock,https://redtech.lk/product/msi-geforce-rtx-5080-16g-inspire-3x-oc-graphic-card/
Red Tech,GPU,MSI Geforce RTX 5080 SHADOW 3X OC 16GB GDDR7X Graphic Card,"LKR465,000.00",Out of Stock,https://redtech.lk/product/msi-geforce-rtx-5080-shadow-3x-oc-16gb-gddr7x-graphic-card/
Red Tech,GPU,ZOTAC Gaming GeForce RTX 5080 Solid OC 16GB GDDR7X Graphics Card,"LKR459,000.00",Out of Stock,https://redtech.lk/product/zotac-gaming-rtx-5080-solid-oc-16gb-gddr7x-graphics-card/
Red Tech,GPU,MSI GeForce RTX 4070 Ti Super 12GB Gaming X Slim GDDR6X Graphic Card,"LKR457,000.00",Out of Stock,https://redtech.lk/product/order-now-msi-rtx-4070-ti-super-12gb-gaming-x-slim-gddr6x-graphic-card/
Red Tech,GPU,MSI GeForce  RTX 3090 VENTUS 3X OC Edition,"LKR450,000.00",Out of Stock,https://redtech.lk/product/msi-rtx-3090-ventus-3x-oc-edition/
Red Tech,GPU,MSI GeForce RTX 5070 Ti 16G GAMING TRIO OC PLUS GDDR7X Graphic Card,"LKR445,000.00",Out of Stock,https://redtech.lk/product/msi-geforce-rtx-5070-ti-16g-gaming-trio-oc-plus-gddr7x-graphic-card/
Red Tech,GPU,MSI GeForce  RTX 3080 TI VENTUS 3X 12GB OC GDDR6X Graphic Card,"LKR425,000.00",Out of Stock,https://redtech.lk/product/msi-rtx-3080-ti-ventus-3x-12gb-oc-gddr6x-graphic-card/
Red Tech,GPU,ZOTAC GAMING GeForce RTX 4070 Ti SUPER AMP HOLO 16GB GDDR6X Graphics Card,"LKR422,000.00",Out of Stock,https://redtech.lk/product/order-now-zotac-gaming-geforce-rtx-4070-ti-super-amp-holo-16gb-gddr6x-graphics-card/
Red Tech,GPU,MSI GeForce RTX 4070 TI SUPRIM X 12GB Graphics Card,"LKR415,000.00",Out of Stock,https://redtech.lk/product/order-now-msi-geforce-rtx-4070-ti-suprim-x-12gb-graphics-card/
Red Tech,GPU,ASUS ROG Strix GeForce RTX 4070 Ti  12GB GDDR6X OC Graphic Card,"LKR410,000.00",Out of Stock,https://redtech.lk/product/order-now-asus-rog-strix-rtx-4070-ti-12gb-gddr6x-oc-graphic-card/
Red Tech,CPU,"– SYSTEMS ONLY – Intel Core i5 14400 Processor – 10 Core 16 Thread – 20M Cache, Up to 4.7 GHz (Without Fan/Box)","LKR64,500.00",In Stock,https://redtech.lk/product/systems-only-intel-core-i5-14400-processor-10-core-16-thread-20m-cache-up-to-4-7-ghz-without-fan-box/
Red Tech,CPU,– SYSTEMS ONLY – AMD Ryzen 5 5600GT Processor with cooler – 6 Core 12 Thread (Box),"LKR63,500.00",In Stock,https://redtech.lk/product/systems-only-amd-ryzen-5-5600gt-processor-with-cooler-6-core-12-thread-box/
Red Tech,CPU,"– SYSTEMS ONLY – AMD Ryzen 7 5800X Processor – 8 Core 16 Thread – 36M Cache, Up to 4.70GHz","LKR58,800.00",In Stock,https://redtech.lk/product/amd-ryzen-7-5800x-processor-8-core-16-thread-36m-cache-up-to-4-70ghz/
Red Tech,CPU,"– SYSTEMS ONLY – Intel Core i5 14400F Tray Processor – 10 Core 16 Thread – 20M Cache, Up to 4.7 GHz","LKR57,000.00",In Stock,https://redtech.lk/product/systems-only-intel-core-i5-14400f-tray-processor-10-core-16-thread-20m-cache-up-to-4-7-ghz/
Red Tech,CPU,"– SYSTEMS ONLY – Intel Core i5-12400 Processor – 6 Core 12 Thread – 18M Cache, up to 4.40 GHz","LKR49,900.00",In Stock,https://redtech.lk/product/intel-core-i5-12400-processor-6-core-12-thread-18m-cache-up-to-4-40-ghz/
Red Tech,CPU,"– SYSTEMS ONLY – AMD Ryzen 5 5500 Desktop Processor – 6 Core 12 Thread – 16M Cache, Up to 4.2GHz (Without Fan/Box)","LKR37,000.00",In Stock,https://redtech.lk/product/systems-only-amd-ryzen-5-5500-desktop-processor-6-core-12-thread-16m-cache-up-to-4-2ghz-without-fan-box/
Red Tech,CPU,"– System Only – AMD Ryzen 5 3400G Processor – 4 Cores, 8 Threads – Up To 4.2GHz – Without Box/Fan","LKR34,800.00",In Stock,https://redtech.lk/product/amd-ryzen-5-3400g-processor-4-cores-8-threads-up-to-4-2ghz-without-box-fan/
Red Tech,CPU,"– SYSTEMS ONLY – AMD A6 7480 Processor – 2 Core 2 Thread – 1M Cache, Up to 3.8GHz","LKR9,900.00",In Stock,https://redtech.lk/product/systems-only-amd-a6-7480-processor-2-core-2-thread-1m-cache-up-to-3-8ghz/
Red Tech,CPU,– SYSTEMS ONLY – AMD RYZEN 9 9950X (UP TO 5.7GHZ 16-CORES 32-THREADS) 80M CACHE,"LKR218,500.00",In Stock,https://redtech.lk/product/amd-ryzen-9-9950x-up-to-5-7ghz-16-cores-32-threads-80m-cache/
Red Tech,CPU,"– SYSTEMS ONLY – AMD Ryzen 7 9800X3D Processor – 8 Cores, 16 Thread – 104M cache, Up To 5.2GHz -WITHOUT BOX","LKR206,000.00",In Stock,https://redtech.lk/product/systems-only-amd-ryzen-7-9800x3d-processor-8-cores-16-thread-104m-cache-up-to-5-2ghz-without-box/
Red Tech,CPU,"– SYSTEMS ONLY – AMD Ryzen 9 7950X3D Gaming Processor – 16 Core 32 Thread – 145M Cache, Up to 5.7GHz –  WITHOUT BOX","LKR205,000.00",In Stock,https://redtech.lk/product/amd-ryzen-9-7950x3d-gaming-processor-16-core-32-thread-145m-cache-up-to-5-7ghz-without-box/
Red Tech,CPU,"– SYSTEMS ONLY – AMD Ryzen 9 7950X3D Gaming Processor – 16 Core 32 Thread – 145M Cache, Up to 5.7GHz","LKR203,000.00",In Stock,https://redtech.lk/product/order-now-amd-ryzen-9-7950x3d-gaming-processor-16-core-32-thread-145m-cache-up-to-5-7ghz/
Red Tech,CPU,"– SYSTEMS ONLY – Intel Core Ultra 9 – 24 Core 24 Thread – 285K 36M Cache, Up To 5.7 GHz Desktop Processor","LKR193,500.00",In Stock,https://redtech.lk/product/intel-core-ultra-9-24-core-24-thread-285k-36m-cache-up-to-5-7-ghz-desktop-processor/
Red Tech,CPU,"– SYSTEMS ONLY – Intel Core i9 14900K Processor – 24 Core 32 Thread – 70M Cache, Up to 6.00 GHz","LKR165,000.00",In Stock,https://redtech.lk/product/intel-core-i9-14900k-processor-24-core-32-thread-36m-cache-up-to-6-00-ghz/
Red Tech,CPU,– SYSTEMS ONLY – AMD RyzenTM 9 7950X (UP TO 5.7GHZ 16-CORES 32-THREADS) 80M CACHE (Without Fan/Box),"LKR162,500.00",In Stock,https://redtech.lk/product/systems-only-amd-ryzen-9-7950x-up-to-5-7ghz-16-cores-32-threads-80m-cache-without-fan-box/
Red Tech,CPU,– SYSTEMS ONLY – AMD Ryzen 9 9900X – 12 Core 24 Thread – 76MB Cache Up To 5.6GHz Desktop Processor,"LKR155,000.00",In Stock,https://redtech.lk/product/amd-ryzen-9-9900x-12-core-24-thread-76mb-cache-up-to-5-6ghz-desktop-processor/
Red Tech,CPU,"– SYSTEMS ONLY – Intel Core i7 13700K Processor – 16 Core 24 Thread – 30M Cache,2.50 GHz up to 4.30 GHz","LKR142,800.00",In Stock,https://redtech.lk/product/order-now-intel-core-i7-13700k-processor-16-core-24-thread-24m-cache2-50-ghz-up-to-4-30-ghz/
Red Tech,CPU,"– SYSTEMS ONLY – AMD Ryzen 7 9700X Processor – 8 Core 16 Thread – 32M Cache, Up to 5.5GHz","LKR129,000.00",In Stock,https://redtech.lk/product/order-now-amd-ryzen-7-9700x-processor-8-core-16-thread-32m-cache-up-to-5-5ghz/
Red Tech,CPU,– SYSTEMS ONLY – AMD RYZENTM 9 7900X (UP TO 5.6GHZ 12-CORES 24-THREADS) 76M CACHE,"LKR124,000.00",In Stock,https://redtech.lk/product/amd-ryzen-9-7900x-up-to-57ghz-16cores-32threads-80m-cache/
Red Tech,CPU,"– SYSTEMS ONLY – Intel Core i7 14700K Processor – 20 Core 28 Thread – 62M Cache, Up to 5.60 GHz","LKR120,000.00",In Stock,https://redtech.lk/product/intel-core-i7-14700k-processor-20-core-28-thread-33m-cache-up-to-5-60-ghz/
Red Tech,CPU,"– SYSTEMS ONLY – AMD Ryzen 9 5900X Processor – 12 Core 24 Thread 70M Cache, Up to 4.80GHz","LKR116,900.00",In Stock,https://redtech.lk/product/amd-ryzen-9-5900x-processor-12-core-24-thread-70m-cache-up-to-4-80ghz/
Red Tech,CPU,"– SYSTEMS ONLY – Intel Core i5 14600K Processor – 14 Core 20 Thread – 51M Cache, Up to 5.3 GHz","LKR115,500.00",In Stock,https://redtech.lk/product/intel-core-i5-14600k-processor-14-core-20-thread-24m-cache-up-to-5-3-ghz/
Red Tech,CPU,"– SYSTEMS ONLY – Intel Core i5 13600K Processor – 14 Core 20 Thread – 45M Cache,2.60 GHz up to 3.90 GHz","LKR115,000.00",In Stock,https://redtech.lk/product/order-now-intel-core-i5-13600k-processor-14-core-20-thread-20m-cache2-60-ghz-up-to-3-90-ghz/
Red Tech,CPU,"– SYSTEMS ONLY – AMD Ryzen 7 8700G Processor – 8 Core 16 Thread – 24M Cache, Up to 5.1GHz","LKR109,500.00",In Stock,https://redtech.lk/product/order-now-amd-ryzen-7-8700g-processor-8-core-16-thread-24m-cache-up-to-5-1ghz/
Red Tech,CPU,"– SYSTEMS ONLY – Intel Core i7 14700 Processor – 20 Core 28 Thread – 62M Cache, Up to 5.60 GHz","LKR108,500.00",In Stock,https://redtech.lk/product/order-now-intel-core-i7-14700-processor-20-core-28-thread-62m-cache-up-to-5-60-ghz/
Red Tech,CPU,"– SYSTEMS ONLY – Intel Core Ultra 5 – 14 Core 14 Thread – 245K 24M Cache, Up To 5.2 GHz Desktop Processor","LKR108,000.00",In Stock,https://redtech.lk/product/intel-core-ultra-5-14-core-14-thread-245k-24m-cache-up-to-5-2-ghz-desktop-processor/
Red Tech,CPU,"– SYSTEMS ONLY – Intel Core Ultra 7 – 265K – 20 Core 20 Thread – 36M Cache, Up To 5.5 GHz Desktop Processor","LKR108,000.00",In Stock,https://redtech.lk/product/intel-core-ultra-7-265k-20-core-20-thread-36m-cache-up-to-5-5-ghz-desktop-processor/
Red Tech,CPU,– SYSTEMS ONLY – AMD RYZENTM 7 7700X (UP TO 5.4GHZ 8-CORES 16-THREADS) 40M CACHE,"LKR106,990.00",In Stock,https://redtech.lk/product/systems-only-amd-ryzen-7-7700x-up-to-5-4ghz-8-cores-16-threads-40m-cache/
Red Tech,CPU,"– SYSTEMS ONLY – AMD Ryzen 7 7800X3D Gaming Processor – 8 Core 16 Thread – 104M Cache, Up to 5GHz (Without Fan/Box)","LKR106,500.00",In Stock,https://redtech.lk/product/systems-only-amd-ryzen-7-7800x3d-gaming-processor-8-core-16-thread-104m-cache-up-to-5ghz-without-fan-box/
Red Tech,CPU,"– SYSTEMS ONLY – Intel Core i7 14700 Processor – 20 Core 28 Thread – 62M Cache, Up to 5.60 GHz (Without Fan/Box)","LKR104,000.00",In Stock,https://redtech.lk/product/systems-only-intel-core-i7-14700-processor-20-core-28-thread-62m-cache-up-to-5-60-ghz-without-fan-box/
Red Tech,CPU,"– SYSTEMS ONLY – Intel Core i7 13700F Processor – 16 Core 24 Thread – 30M Cache, 2.10 GHz up to 4.10 GHz","LKR104,000.00",In Stock,https://redtech.lk/product/order-now-intel-core-i7-13700f-processor-16-core-24-thread-24m-cache-2-10-ghz-up-to-4-10-ghz/
Red Tech,CPU,"– SYSTEMS ONLY – AMD Ryzen 5 9600X Processor – 6 Core 12 Thread – 38M Cache, Up to 5.4GHz","LKR96,500.00",In Stock,https://redtech.lk/product/order-now-amd-ryzen-5-9600x-processor-6-core-12-thread-38m-cache-up-to-5-4ghz/
Red Tech,CPU,"– SYSTEMS ONLY – Intel Core i7 12700K Processor – 12 Core 20 Thread – 25M Cache, 2.70 GHz up to 5.00 GHz","LKR95,500.00",In Stock,https://redtech.lk/product/intel-core-i7-12700k-processor-12-core-20-thread-25m-cache-2-70-ghz-up-to-5-00-ghz/
Red Tech,CPU,"– SYSTEMS ONLY – Intel Core i7-11700 Processor – 8 Core 16 Thread – 16M Cache, up to 4.90GHz","LKR94,500.00",In Stock,https://redtech.lk/product/intel-core-i7-11700-processor-8-core-16-thread-16m-cache-up-to-4-90ghz/
Red Tech,CPU,"– SYSTEMS ONLY – Intel® CoreTM i7-12700 Processor 25M Cache, up to 4.90 GHz","LKR92,500.00",In Stock,https://redtech.lk/product/intel-core-i712700-processor/
Red Tech,CPU,"– SYSTEMS ONLY – Intel Core Ultra 5 235 Processor – 14 Core 14 Thread – 24M Cache, Up to 5.00 GHz","LKR88,500.00",In Stock,https://redtech.lk/product/systems-only-intel-core-ultra-5-14-core-14-thread-245k-24m-cache-up-to-5-2-ghz-desktop-processor-copy/
Red Tech,CPU,"– SYSTEMS ONLY – Intel Core i7-12700F Processor –  12 Core 20 Thread – 25MB Cache, up to 4.90GHz","LKR83,500.00",In Stock,https://redtech.lk/product/intel-core-i5-12700f-processor-12-core-20-thread-25mb-cache-up-to-4-90ghz/
Red Tech,CPU,"– SYSTEMS ONLY – Intel Core i7-10700 Processor – 16M Cache, up to 4.80 GHz","LKR79,000.00",In Stock,https://redtech.lk/product/intel-core-i7-10700-processor-16m-cache-up-to-4-80-ghz/
Red Tech,CPU,– SYSTEMS ONLY – AMD RYZENTM 5 7600X (UP TO 5.3GHZ 6-CORES 12-THREADS) 38M CACHE,"LKR68,500.00",In Stock,https://redtech.lk/product/systems-only-amd-ryzen-5-7600x-up-to-5-3ghz-6-cores-12-threads-32m-cache/
Red Tech,CPU,"– SYSTEMS ONLY – AMD Ryzen 5 8600G Processor – 6 Core 12 Thread – 22M Cache, Up to 5GHz","LKR68,000.00",In Stock,https://redtech.lk/product/amd-ryzen-5-8600g-processor-6-core-12-thread-22m-cache-up-to-5ghz/
Red Tech,CPU,"– SYSTEMS ONLY – Intel Core i5 13400F Processor – 10 Core 16 Thread – 20M Cache,1.80 GHz up to 3.30 GHz","LKR64,100.00",In Stock,https://redtech.lk/product/order-now-intel-core-i5-13400f-processor-10-core-16-thread-9-5m-cache1-80-ghz-up-to-3-30-ghz/
Red Tech,CPU,"– SYSTEMS ONLY – AMD Ryzen 7 5700G Processor – 8 Core 16 Thread – 20M Cache, Up to 4.60GHz","LKR57,750.00",In Stock,https://redtech.lk/product/amd-ryzen-7-5700g-processor-8-core-16-thread-20m-cache-up-to-4-60ghz/
Red Tech,CPU,– SYSTEMS ONLY – AMD RyzenTM 7 5700X Desktop Processor,"LKR56,700.00",In Stock,https://redtech.lk/product/amd-ryzen-7-5700x-desktop-processor/
Red Tech,CPU,"– SYSTEMS ONLY – AMD Ryzen 5 8500G Processor – 6 Core 12 Thread – 22M Cache, Up to 5GHz","LKR56,500.00",In Stock,https://redtech.lk/product/order-now-amd-ryzen-5-8500g-processor-6-core-12-thread-22m-cache-up-to-5ghz/
Red Tech,CPU,"– SYSTEMS ONLY – AMD Ryzen 5 7500F Processor – 6 Cores, 12 Thread – 32M cache, Up To 5 GHz With Wraith Stealth Cooler","LKR55,500.00",In Stock,https://redtech.lk/product/systems-only-amd-ryzen-5-7500f-processor-6-cores-12-thread-32m-cache-up-to-5-ghz-with-wraith-stealth-cooler/
Red Tech,CPU,"– SYSTEMS ONLY – AMD Ryzen 5 7500F Processor – 6 Cores, 12 Thread – 32M cache, Up To 5 GHz (Without Fan/Box)","LKR51,500.00",In Stock,https://redtech.lk/product/systems-only-amd-ryzen-5-7500f-processor-6-cores-12-thread-32m-cache-up-to-5-ghz-without-fan-box/
Red Tech,CPU,"– SYSTEMS ONLY – AMD Ryzen 5 8500G Processor – 6 Core 12 Thread – 22M Cache, Up to 5GHz (Without Fan/Box)","LKR51,000.00",In Stock,https://redtech.lk/product/systems-only-amd-ryzen-5-8500g-processor-6-core-12-thread-22m-cache-up-to-5ghz-without-fan-box/
Red Tech,CPU,"– SYSTEMS ONLY – Intel Core i5-12400 Processor – 6 Core 12 Thread – 18M Cache, up to 4.40 GHz (Without Fan/Box)","LKR50,500.00",In Stock,https://redtech.lk/product/systems-only-intel-core-i5-12400-processor-6-core-12-thread-18m-cache-up-to-4-40-ghz-without-fan-box/
Red Tech,CPU,"Intel Core i5-10400 Processor – 12M Cache, up to 4.30 GHz","LKR50,400.00",In Stock,https://redtech.lk/product/intel-core-i5-10400-processor-12m-cache-up-to-4-30-ghz/
Red Tech,CPU,"– SYSTEMS ONLY – Intel Core i5-11400 Processor – 6 Core 12 Thread – 12M Cache, up to 4.40 GHz","LKR42,000.00",In Stock,https://redtech.lk/product/intel-core-i5-11400-processor-6-core-12-thread-12m-cache-up-to-4-40-ghz/
Red Tech,CPU,"– SYSTEMS ONLY – Intel® CoreTM i3-14100 Processor – 4 Core 8 Thread – 12MB Cache, UP TO 4.70 GHz","LKR41,500.00",In Stock,https://redtech.lk/product/systems-only-intel-core-i3-14100-processor-4-core-8-thread-12mb-cache-up-to-4-70-ghz/
Red Tech,CPU,"– SYSTEMS ONLY – AMD Ryzen 5 5500 Desktop Processor – 6 Core 12 Thread – 16M Cache, Up to 4.2GHz","LKR40,500.00",In Stock,https://redtech.lk/product/amd-ryzen-5-5500-desktop-processor-6-core-12-thread-16m-cache-up-to-4-2ghz/
Red Tech,CPU,"– SYSTEMS ONLY – Intel Core i3 13100 Processor – 4 Core 8 Thread – 12M Cache,3.40 GHz up to 4.50 GHz","LKR39,500.00",In Stock,https://redtech.lk/product/order-now-intel-core-i3-13100-processor-4-core-8-thread-5m-cache3-40-ghz-up-to-4-50-ghz/
Red Tech,CPU,"– SYSTEMS ONLY – AMD RYZEN 5 4600G Processor – 6 Core 12 Thread – 11M Cache, 3.70 GHz up to 4.20 GHz","LKR39,000.00",In Stock,https://redtech.lk/product/order-now-amd-ryzen-5-4600g-processor-6-core-12-thread-11m-cache-3-70-ghz-up-to-4-20-ghz-3y/
Red Tech,CPU,"– SYSTEMS ONLY – Intel Core i5-12400F Processor – 6 Core 12 Thread – 18M Cache, up to 4.40 GHz","LKR38,900.00",In Stock,https://redtech.lk/product/intel-core-i5-12400f-processor-6-core-12-thread-18m-cache-up-to-4-40-ghz/
Red Tech,CPU,"– SYSTEMS ONLY – Intel® CoreTM i3-14100 Processor – 4 Core 8 Thread – 12MB Cache, UP TO 4.70 GHz (Without Fan/Box)","LKR38,500.00",In Stock,https://redtech.lk/product/systems-only-intel-core-i3-14100-processor-4-core-8-thread-12mb-cache-up-to-4-70-ghz-without-fan-box/
Red Tech,CPU,"– SYSTEMS ONLY – AMD Ryzen 5 5600G Processor – 6 Core 12 Thread – 19M Cache, Up to 4.40GHz (Without Fan/Box)","LKR37,500.00",In Stock,https://redtech.lk/product/systems-only-amd-ryzen-5-5600g-processor-6-core-12-thread-19m-cache-up-to-4-40ghz-without-fan-box/
Red Tech,CPU,"– SYSTEMS ONLY – Intel Core i5-11400F Processor – 6 Core 12 Thread – 12M Cache, up to 4.40 GHz","LKR36,750.00",In Stock,https://redtech.lk/product/intel-core-i5-11400f-processor-6-core-12-thread-12m-cache-up-to-4-40-ghz/
Red Tech,CPU,"– SYSTEMS ONLY – Intel Core i3 13100 Tray Processor – 4 Core 8 Thread – 12M Cache,3.40 GHz up to 4.50 GHz","LKR36,000.00",In Stock,https://redtech.lk/product/systems-only-intel-core-i3-13100-tray-processor-4-core-8-thread-12m-cache3-40-ghz-up-to-4-50-ghz/
Red Tech,CPU,"– SYSTEMS ONLY – AMD Ryzen 5 5600 Processor – 6 Core 12 Thread – 19M Cache, Up to 4.40GHz","LKR35,700.00",In Stock,https://redtech.lk/product/systems-only-amd-ryzen-5-5600-processor-6-core-12-thread-19m-cache-up-to-4-40ghz/
Red Tech,CPU,"– SYSTEMS ONLY – Intel Core i3 -12100 Processor –  4 Core 8 Thread – 12MB Cache, up to 4.30GHz","LKR35,000.00",In Stock,https://redtech.lk/product/intel-core-i5-12100-processor-4-core-8-thread-12mb-cache-up-to-4-30ghz/
Red Tech,CPU,"– SYSTEMS ONLY – Intel Core i3-10105 Processor – 6M Cache, up to 4.40 GHz","LKR32,100.00",In Stock,https://redtech.lk/product/intel-core-i3-10105-processor-6m-cache-up-to-4-40-ghz/
Red Tech,CPU,"– SYSTEMS ONLY – AMD Ryzen 5 5600 Processor – 6 Core 12 Thread – 19M Cache, Up to 4.40GHz (Without Fan/Box)","LKR32,000.00",In Stock,https://redtech.lk/product/systems-only-amd-ryzen-5-5600-processor-6-core-12-thread-19m-cache-up-to-4-40ghz-without-fan-box/
Red Tech,CPU,"– SYSTEMS ONLY – Intel Pentium Gold G6400 Processor – 4M Cache, up to 4.00 GHz","LKR26,800.00",In Stock,https://redtech.lk/product/intel-pentium-gold-g6400-processor-4m-cache-up-to-4-00-ghz/
Red Tech,CPU,"– SYSTEMS ONLY – Intel Pentium Gold G6405 Processor – 2 Cores 4 Threads, 4M Cache, up to 4.10 GHz","LKR26,500.00",In Stock,https://redtech.lk/product/intel-pentium-gold-g6405-processor-2-cores-4-threads-4m-cache-up-to-4-10-ghz/
Red Tech,CPU,"AMD Ryzen THREADRIPPER 3990X – 64 Core 128 Thread 292M Cache, Up to 4.30GHz Desktop Processor","LKR1,090,000.00",Out of Stock,https://redtech.lk/product/amd-ryzen-threadripper-3990x-64core-128-thread-292m-cache-up-to-4-30ghz-desktop-processor/
Red Tech,CPU,"Intel Core i9 13900KF Processor – 24 Core 32 Thread – 36M Cache, 3.00 GHz up to 5.80 GHz","LKR227,000.00",Out of Stock,https://redtech.lk/product/systems-only-intel-core-i9-13900kf-processor-24-core-32-thread-32m-cache-3-00-ghz-up-to-5-80-ghz/
Red Tech,CPU,"– SYSTEMS ONLY – Intel Core i9 14900KS Processor – 24 Core 32 Thread – 70M Cache, Up to 6.20 GHz","LKR225,000.00",Out of Stock,https://redtech.lk/product/intel-core-i9-14900ks-processor-24-core-32-thread-70m-cache-up-to-6-20-ghz/
Red Tech,CPU,"– SYSTEMS ONLY – Intel Core i9 13900K Processor – 24 Core 32 Thread – 36M Cache, 3.00 GHz up to 5.80 GHz","LKR205,000.00",Out of Stock,https://redtech.lk/product/order-now-intel-core-i9-13900k-processor-24-core-32-thread-32m-cache-3-00-ghz-up-to-5-80-ghz/
Red Tech,CPU,"– SYSTEMS ONLY – Intel Core i9-13900 Processor 36M Cache, up to 5.60 GHz","LKR202,900.00",Out of Stock,https://redtech.lk/product/intel-core-i9-13900-processor-36m-cache-up-to-5-60-ghz/
Red Tech,CPU,– SYSTEMS ONLY – AMD RyzenTM 9 7950X (UP TO 5.7GHZ 16-CORES 32-THREADS) 80M CACHE,"LKR186,500.00",Out of Stock,https://redtech.lk/product/amd-ryzen-9-7950x-up-to-57ghz-16cores-32threads-80m-cache/
Red Tech,CPU,"AMD Ryzen 9 5950X Processor – 16 Core 32 Thread 72 M Cache, Up to 4.90GHz Unlocked Desktop Processor","LKR185,000.00",Out of Stock,https://redtech.lk/product/amd-ryzen-9-5950x-processor-16-core-32-thread-72-m-cache-up-to-4-90ghz-unlocked-desktop-processor/
Red Tech,CPU,"Intel Core i9 12900K Processor – 16 Core 24 Thread – 30M Cache, 2.40 GHz up to 5.20 GHz","LKR184,000.00",Out of Stock,https://redtech.lk/product/intel-core-i9-12900k-processor-16-core-24-thread-30m-cache-2-40-ghz-up-to-5-20-ghz/
Red Tech,CPU,"Intel Core i7 13700KF Processor – 16 Core 24 Thread – 30M Cache, 2.50 GHz up to 4.30 GHz","LKR165,000.00",Out of Stock,https://redtech.lk/product/order-now-intel-core-i7-13700kf-processor-16-core-24-thread-24m-cache-2-50-ghz-up-to-4-30-ghz/
Red Tech,CPU,"– SYSTEMS ONLY – AMD Ryzen 7 7800X3D Gaming Processor – 8 Core 16 Thread – 104M Cache, Up to 5GHz","LKR161,500.00",Out of Stock,https://redtech.lk/product/amd-ryzen-7-7800x3d-gaming-processor-8-core-16-thread-104m-cache-up-to-5ghz/
Red Tech,CPU,"– SYSTEMS ONLY – AMD Ryzen 9 7900X3D Gaming Processor – 12 Core 24 Thread – 140M Cache, Up to 5.6GHz","LKR142,500.00",Out of Stock,https://redtech.lk/product/amd-ryzen-9-7900x3d-gaming-processor-12-core-24-thread-140m-cache-up-to-5-6ghz/
Red Tech,CPU,"Intel Core i9-11900K Processor – 16M Cache, up to 5.30 GHz","LKR137,000.00",Out of Stock,https://redtech.lk/product/intel-core-i9-11900k-processor-16m-cache-up-to-5-30-ghz/
Red Tech,CPU,"– SYSTEMS ONLY – Intel Core i7 13700 Processor – 16 Core 24 Thread – 55M Cache, 2.10 GHz up to 4.10 GHz","LKR131,500.00",Out of Stock,https://redtech.lk/product/order-now-intel-core-i7-13700-processor-16-core-24-thread-24m-cache-2-10-ghz-up-to-4-10-ghz/
Red Tech,CPU,"Intel Core i9-11900 Processor – 8 Core 16 Thread – 16M Cache, 2.5GHz up to 5.30GHz","LKR110,000.00",Out of Stock,https://redtech.lk/product/intel-core-i9-11900-processor-8-core-16-thread-16m-cache-2-5ghz-up-to-5-30ghz/
Red Tech,CPU,"– SYSTEMS ONLY – Intel Core i7 14700F Processor – 20 Core 28 Thread – 62M Cache, Up to 5.60 GHz","LKR102,500.00",Out of Stock,https://redtech.lk/product/order-now-intel-core-i7-14700f-processor-20-core-28-thread-62m-cache-up-to-5-60-ghz/
Red Tech,CPU,"– SYSTEMS ONLY – Intel® CoreTM i5-13500 Processor 24M Cache, up to 4.80 GHz","LKR100,000.00",Out of Stock,https://redtech.lk/product/intel-core-i5-13500-processor-24m-cache-up-to-4-80-ghz/
Red Tech,CPU,"Intel Core i7-11700K Processor – 8 Core 16 Thread – 16M Cache, up to 3.60 GHz","LKR99,750.00",Out of Stock,https://redtech.lk/product/intel-core-i7-11700k-processor-8-core-16-thread-16m-cache-up-to-3-60-ghz/
Red Tech,CPU,"Intel Core i5 12600K Processor – 10 Core 16 Thread – 20M Cache, 2.80 GHz up to 4.90 GHz","LKR90,000.00",Out of Stock,https://redtech.lk/product/intel-core-i5-12600k-processor-10-core-16-thread-20m-cache-2-80-ghz-up-to-4-90-ghz/
Red Tech,CPU,"– SYSTEMS ONLY – Intel® CoreTM i5-12500 Processor 18M Cache, up to 4.60 GHz","LKR88,000.00",Out of Stock,https://redtech.lk/product/intel-core-i5-12500-processor-18m-cache-up-to-4-60-ghz/
Red Tech,CPU,"– SYSTEMS ONLY – Intel® Core i7 – 11700F Processor 16M Cache, upto 4.90GHz","LKR81,950.00",Out of Stock,https://redtech.lk/product/intel-core-i7-11700f-processor-16m-cache-upto-4-90ghz/
Red Tech,CPU,"Intel Core i7-10700F Processor – 16M Cache, up to 4.80 GHz","LKR74,000.00",Out of Stock,https://redtech.lk/product/intel-core-i7-10700f-processor-16m-cache-up-to-4-80-ghz/
Red Tech,CPU,AMD Ryzen 7 3800X Desktop Processor + Wraith Prism Cooler,"LKR73,900.00",Out of Stock,https://redtech.lk/product/amd-ryzen-7-3800x-desktop-processor-wraith-prism-cooler/
Red Tech,CPU,– Systems Only! – AMD Ryzen 7 3700X Desktop Processor + Wraith Prism Cooler,"LKR73,500.00",Out of Stock,https://redtech.lk/product/amd-ryzen-7-3700x-desktop-processor-wraith-prism-cooler/
Red Tech,CPU,AMD Ryzen 5 3600X Desktop Processor + Wraith Spire Cooler,"LKR66,300.00",Out of Stock,https://redtech.lk/product/3rd-gen-amd-ryzen-5-3600x-desktop-processor-wraith-spire-cooler/
Red Tech,CPU,"Intel Core i5-10600K Processor – 12M Cache, up to 4.80 GHz","LKR65,500.00",Out of Stock,https://redtech.lk/product/intel-core-i5-10600k-processor-12m-cache-up-to-4-80-ghz/
Red Tech,CPU,"Intel Core i5-11600K Processor – 6 Core 12 Thread – 12M Cache, 3.9GHz up to 4.90GHz","LKR64,000.00",Out of Stock,https://redtech.lk/product/intel-core-i5-11600k-processor-6-core-12-thread-12m-cache-3-9ghz-up-to-4-90ghz/
Red Tech,CPU,"– SYSTEMS ONLY – Intel Core i5 13400 Processor – 10 Core 16 Thread – 20M Cache,1.80 GHz up to 3.30 GHz","LKR59,000.00",Out of Stock,https://redtech.lk/product/order-now-intel-core-i5-13400-processor-10-core-16-thread-9-5m-cache1-80-ghz-up-to-3-30-ghz/
Red Tech,CPU,"– SYSTEMS ONLY – Intel Core i5 14400F Processor – 10 Core 16 Thread – 20M Cache, Up to 4.7 GHz","LKR57,225.00",Out of Stock,https://redtech.lk/product/intel-core-i5-14400f-processor-10-core-16-thread-20m-cache-up-to-4-7-ghz/
Red Tech,CPU,"– SYSTEMS ONLY – Intel Core i5 14400 Processor – 10 Core 16 Thread – 20M Cache, Up to 4.7 GHz","LKR55,990.00",Out of Stock,https://redtech.lk/product/intel-core-i5-14400-processor-10-core-16-thread-20m-cache-up-to-4-7-ghz/
Red Tech,CPU,"– SYSTEMS ONLY – AMD Ryzen 7 5700G Processor – 8 Core 16 Thread – 20M Cache, Up to 4.60GHz Desktop Processor With Wraith Stealth Cooler – WITHOUT BOX","LKR54,500.00",Out of Stock,https://redtech.lk/product/systems-only-amd-ryzen-7-5700g-processor-8-core-16-thread-20m-cache-up-to-4-60ghz-desktop-processor-with-wraith-stealth-cooler-without-box/
Red Tech,CPU,"– SYSTEMS ONLY – AMD Ryzen 5 5600X Processor – 6 Core 12 Thread – 35M Cache, Up to 4.60GHz","LKR49,900.00",Out of Stock,https://redtech.lk/product/amd-ryzen-5-5600x-processor-6-core-12-thread-35m-cache-up-to-4-60ghz/
Red Tech,Motherboard,ASUS Prime B450M-K II AMD Motherboard,"LKR37,900.00",In Stock,https://redtech.lk/product/order-now-asus-prime-b450m-k-ii-amd-motherboard/
Red Tech,Motherboard,ASUS PRIME H610M-K D4 Intel Motherboard,"LKR33,950.00",In Stock,https://redtech.lk/product/order-now-asus-prime-h610m-k-d4-intel-motherboard/
Red Tech,Motherboard,ASUS ROG MAXIMUS Z890 HERO Gaming Wi-Fi DDR5 Motherboard,"LKR275,500.00",In Stock,https://redtech.lk/product/asus-rog-maximus-z890-hero-gaming-wi-fi-ddr5-motherboard/
Red Tech,Motherboard,MSI MPG X870E CARBON WIFI DDR5 Motherboard,"LKR216,000.00",In Stock,https://redtech.lk/product/msi-mpg-x870e-carbon-wifi-ddr5-motherboard/
Red Tech,Motherboard,ASUS ROG STRIX Z890-E Gaming WIFI DDR5 Motherboard,"LKR215,500.00",In Stock,https://redtech.lk/product/asus-rog-strix-z890-e-gaming-wifi-ddr5-motherboard/
Red Tech,Motherboard,ASUS ROG STRIX Z890-F Gaming WIFI DDR5 Motherboard,"LKR189,000.00",In Stock,https://redtech.lk/product/asus-rog-strix-z890-f-gaming-wifi-ddr5-motherboard/
Red Tech,Motherboard,ASUS PROART Z790-CREATOR WIFI DDR5 Intel Designer Motherboard,"LKR179,900.00",In Stock,https://redtech.lk/product/asus-proart-z790-creator-wifi-intel-designer-motherboard/
Red Tech,Motherboard,ASUS ROG STRIX X870-A GAMING WIFI Motherboard,"LKR177,850.00",In Stock,https://redtech.lk/product/asus-rog-strix-x870-a-gaming-wifi-motherboard/
Red Tech,Motherboard,MSI MAG X870E Tomahawk Max Wi-Fi DDR5 Motherboard,"LKR166,000.00",In Stock,https://redtech.lk/product/msi-mag-x870e-tomahawk-wi-fi-ddr5-motherboard/
Red Tech,Motherboard,MSI MAG Z890 Tomahawk Wi-Fi DDR5 Motherboard,"LKR152,000.00",In Stock,https://redtech.lk/product/msi-mag-z890-tomahawk-wi-fi-ddr5-motherboard/
Red Tech,Motherboard,ASUS ROG STRIX B650E-E Wi-Fi Gaming Motherboard,"LKR149,500.00",In Stock,https://redtech.lk/product/order-now-asus-rog-strix-b650e-e-wi-fi-gaming-motherboard/
Red Tech,Motherboard,ASUS TUF Gaming Z890-PRO Wi-Fi DDR5 Motherboard,"LKR149,000.00",In Stock,https://redtech.lk/product/asus-tuf-gaming-z890-pro-wi-fi-ddr5-motherboard/
Red Tech,Motherboard,ASUS TUF Gaming Z890-Plus Wi-Fi DDR5 Motherboard,"LKR139,000.00",In Stock,https://redtech.lk/product/asus-tuf-gaming-z890-plus-wi-fi-ddr5-motherboard/
Red Tech,Motherboard,MSI X870 GAMING PLUS DDR5 Wi-Fi Motherboard,"LKR131,000.00",In Stock,https://redtech.lk/product/msi-x870-gaming-plus-ddr5-wi-fi-motherboard/
Red Tech,Motherboard,MSI Z890 Gaming Plus Wi-Fi DDR5 Motherboard,"LKR128,500.00",In Stock,https://redtech.lk/product/msi-z890-gaming-plus-wi-fi-ddr5-motherboard/
Red Tech,Motherboard,GIGABYTE B650 AERO G Wi-Fi AMD Motherboard,"LKR123,000.00",In Stock,https://redtech.lk/product/order-now-gigabyte-b650-aero-g-wi-fi-amd-motherboard/
Red Tech,Motherboard,ASUS ROG STRIX B650-A Wi-Fi Gaming Motherboard,"LKR119,000.00",In Stock,https://redtech.lk/product/order-now-asus-rog-strix-b650-a-wi-fi-gaming-motherboard/
Red Tech,Motherboard,ASUS ROG STRIX B860-F GAMING Wi-Fi  DDR5 Intel Motherboard,"LKR118,500.00",In Stock,https://redtech.lk/product/asus-rog-strix-b860-f-gaming-wi-fi-ddr5-intel-motherboard/
Red Tech,Motherboard,ASUS Prime Z890-P Wi-Fi CSM DDR5 Motherboard,"LKR116,600.00",In Stock,https://redtech.lk/product/asus-prime-z890-p-wi-fi-csm-ddr5-motherboard/
Red Tech,Motherboard,NZXT N7 Z790 Wi-Fi Motherboard – White Cover,"LKR106,000.00",In Stock,https://redtech.lk/product/order-now-nzxt-n7-z790-wi-fi-motherboard-white-cover/
Red Tech,Motherboard,NZXT N7 Z790 Wi-Fi Motherboard –  Black Cover,"LKR106,000.00",In Stock,https://redtech.lk/product/order-now-nzxt-n7-z790-wi-fi-motherboard-black-cover/
Red Tech,Motherboard,ASUS ROG STRIX B860-A GAMING Wi-Fi  DDR5 Intel Motherboard,"LKR105,900.00",In Stock,https://redtech.lk/product/asus-rog-strix-b860-a-gaming-wi-fi-ddr5-intel-motherboard/
Red Tech,Motherboard,ASUS TUF Gaming B850-PLUS WiFi DDR5 Motherboard,"LKR103,000.00",In Stock,https://redtech.lk/product/asus-tuf-gaming-b850-plus-wifi-ddr5-motherboard/
Red Tech,Motherboard,NZXT N7 B650E Wi-Fi Motherboard –  Black Cover,"LKR100,000.00",In Stock,https://redtech.lk/product/order-now-nzxt-n7-b650e-wi-fi-motherboard-black-cover/
Red Tech,Motherboard,NZXT N7 B650E Wi-Fi Motherboard – White Cover,"LKR100,000.00",In Stock,https://redtech.lk/product/order-now-nzxt-n7-b650e-wi-fi-motherboard-white-cover/
Red Tech,Motherboard,ASUS ROG STRIX B660-F Gaming Wi-Fi Intel Motherboard,"LKR99,500.00",In Stock,https://redtech.lk/product/asus-rog-strix-b660-f-gaming-wi-fi-intel-motherboard/
Red Tech,Motherboard,GIGABYTE B760 AORUS ELITE DDR5 Wi-Fi Intel Motherboard,"LKR97,750.00",In Stock,https://redtech.lk/product/order-now-gigabyte-b760-aorus-elite-ddr5-wi-fi-intel-motherboard/
Red Tech,Motherboard,ASUS ROG STRIX B760-G GAMING WIFI Motherboard,"LKR96,900.00",In Stock,https://redtech.lk/product/asus-rog-strix-b760-g-gaming-wifi-motherboard/
Red Tech,Motherboard,ASUS ROG STRIX B760-F GAMING Wi-Fi  DDR5 Intel Motherboard,"LKR96,500.00",In Stock,https://redtech.lk/product/asus-rog-strix-b760-f-gaming-wi-fi-ddr5-intel-motherboard/
Red Tech,Motherboard,ASUS TUF Gaming B860M-Plus WIFI Motherboard,"LKR92,200.00",In Stock,https://redtech.lk/product/asus-tuf-gaming-b860m-plus-wifi-motherboard/
Red Tech,Motherboard,MSI B860 Gaming Plus Wi-Fi DDR5 Motherboard,"LKR87,500.00",In Stock,https://redtech.lk/product/msi-b860-gaming-plus-wi-fi-ddr5-motherboard/
Red Tech,Motherboard,MSI PRO B860M-A DDR5 Wi-Fi Motherboard,"LKR83,000.00",In Stock,https://redtech.lk/product/msi-pro-b860m-a-ddr5-wi-fi-motherboard/
Red Tech,Motherboard,MSI B760M PROJECT ZERO WIFI DDR5 Intel Motherboard,"LKR83,000.00",In Stock,https://redtech.lk/product/order-now-msi-b760m-project-zero-wifi-ddr5-intel-motherboard/
Red Tech,Motherboard,ASUS TUF Gaming B760M-Plus II Motherboard,"LKR79,900.00",In Stock,https://redtech.lk/product/asus-tuf-gaming-b760m-plus-ii-motherboard/
Red Tech,Motherboard,ASUS PRIME B840M-A WIFI CSM DDR5 Motherboard,"LKR77,900.00",In Stock,https://redtech.lk/product/asus-prime-b840m-a-wifi-csm-ddr5-motherboard/
Red Tech,Motherboard,MSI PRO B860-P DDR5 Motherboard,"LKR72,500.00",In Stock,https://redtech.lk/product/msi-pro-b860-p-ddr5-motherboard/
Red Tech,Motherboard,MSI B760 GAMING PLUS Wi-Fi DDR5 Motherboard,"LKR72,000.00",In Stock,https://redtech.lk/product/msi-b760-gaming-plus-wi-fi-ddr5-motherboard/
Red Tech,Motherboard,ASUS TUF GAMING Z690-Plus Wi-Fi D4 Intel Motherboard,"LKR72,000.00",In Stock,https://redtech.lk/product/asus-tuf-gaming-z690-plus-d4-intel-motherboard/
Red Tech,Motherboard,ASUS Prime B840M-A CSM Motherboard,"LKR69,950.00",In Stock,https://redtech.lk/product/asus-prime-b840m-a-csm-motherboard/
Red Tech,Motherboard,ASUS TUF GAMING B560M-PLUS Wi-Fi  Intel Motherboard,"LKR65,300.00",In Stock,https://redtech.lk/product/asus-tuf-gaming-b560m-plus-wi-fi-intel-motherboard/
Red Tech,Motherboard,MSI PRO B760M-A WIFI DDR5 Motherboard,"LKR60,000.00",In Stock,https://redtech.lk/product/order-now-msi-pro-b760m-a-wifi-ddr5-motherboard/
Red Tech,Motherboard,ASUS Prime B760M-K DDR5 Motherboard,"LKR54,500.00",In Stock,https://redtech.lk/product/asus-prime-b760m-k-ddr5-motherboard/
Red Tech,Motherboard,ASUS Prime B550M-A Wi-Fi AMD Motherboard,"LKR54,500.00",In Stock,https://redtech.lk/product/asus-prime-b550m-a-amd-wi-fi-motherboard/
Red Tech,Motherboard,ASUS PRIME B760M-A D5 Intel Motherboard,"LKR52,500.00",In Stock,https://redtech.lk/product/asus-prime-b760m-a-intel-motherboard/
Red Tech,Motherboard,ASUS Prime B550M-A AMD Motherboard,"LKR51,500.00",In Stock,https://redtech.lk/product/asus-prime-b550m-a-motherboard/
Red Tech,Motherboard,ASUS Prime B560M-A 10/11th Gen Intel Motherboard,"LKR51,000.00",In Stock,https://redtech.lk/product/asus-prime-b560m-a-motherboard/
Red Tech,Motherboard,MSI PRO B760M-P DDR5 Intel Motherboard,"LKR47,500.00",In Stock,https://redtech.lk/product/msi-pro-b760m-p-ddr5-intel-motherboard/
Red Tech,Motherboard,MSI PRO B760M-E DDR5 Motherboard,"LKR40,500.00",In Stock,https://redtech.lk/product/msi-pro-b760m-e-ddr5-motherboard/
Red Tech,Motherboard,MSI PRO B760M-E DDR4 Motherboard,"LKR39,000.00",In Stock,https://redtech.lk/product/order-now-msi-pro-b760m-e-ddr4-motherboard/
Red Tech,Motherboard,ASUS Prime H510M-K Intel Motherboard,"LKR35,900.00",In Stock,https://redtech.lk/product/order-now-asus-prime-h510m-k-intel-motherboard/
Red Tech,Motherboard,MSI PRO A620M-E DDR5 AMD Motherboard,"LKR35,500.00",In Stock,https://redtech.lk/product/msi-pro-a620m-e-amd-motherboard/
Red Tech,Motherboard,MSI PRO H610M-E DDR5 Intel Motherboard,"LKR32,500.00",In Stock,https://redtech.lk/product/msi-pro-h610m-e-ddr5-intel-motherboard/
Red Tech,Motherboard,ASUS Prime H310M-K Intel Motherboard,"LKR32,400.00",In Stock,https://redtech.lk/product/order-now-asus-prime-h310m-k-intel-motherboard/
Red Tech,Motherboard,MSI PRO H610M-E DDR4 Intel Motherboard,"LKR31,000.00",In Stock,https://redtech.lk/product/msi-pro-h610m-e-ddr4-intel-motherboard/
Red Tech,Motherboard,ASUS Prime H110M-K Intel Motherboard,"LKR29,400.00",In Stock,https://redtech.lk/product/order-now-asus-prime-h110m-k-intel-motherboard/
Red Tech,Motherboard,ASUS H81M-K D3 Intel Motherboard,"LKR29,150.00",In Stock,https://redtech.lk/product/order-now-asus-h81m-k-d3-intel-motherboard/
Red Tech,Motherboard,ASUS PRIME A520M-K AMD Motherboard,"LKR26,290.00",In Stock,https://redtech.lk/product/asus-prime-a520m-k-amd-motherboard/
Red Tech,Motherboard,ASUS ROG MAXIMUS Z790 HERO Extreme High-End Gaming Intel Motherboard,"LKR325,000.00",Out of Stock,https://redtech.lk/product/coming-soon-asus-rog-maximus-z790-hero-extreme-high-end-gaming-intel-motherboard/
Red Tech,Motherboard,ASUS ROG MAXIMUS Z690 Extreme High-End Gaming Intel Motherboard,"LKR306,000.00",Out of Stock,https://redtech.lk/product/asus-rog-maximus-z690-extreme-high-end-gaming-intel-motherboard/
Red Tech,Motherboard,ASUS Z690 MAXIMUS HERO – DDR5 Intel Motherboard,"LKR239,000.00",Out of Stock,https://redtech.lk/product/orders-only-asus-z690-maximus-hero-ddr5-intel-motherboard/
Red Tech,Motherboard,ASUS ProArt X670E-CREATOR WIFI Motherboard,"LKR229,500.00",Out of Stock,https://redtech.lk/product/asus-proart-x670e-creator-wifi-motherboard-copy-2/
Red Tech,Motherboard,GIGABYTE X670E AORUS MASTER Wi-Fi AMD Motherboard,"LKR215,000.00",Out of Stock,https://redtech.lk/product/order-now-gigabyte-x670e-aorus-master-wi-fi-amd-motherboard/
Red Tech,Motherboard,ASUS ROG STRIX X870-F GAMING WIFI Motherboard,"LKR209,500.00",Out of Stock,https://redtech.lk/product/asus-rog-strix-x870-f-gaming-wifi-motherboard/
Red Tech,Motherboard,ASUS ROG STRIX Z790-F GAMING WIFI II DD5 Intel Motherboard,"LKR179,000.00",Out of Stock,https://redtech.lk/product/asus-rog-strix-z790-f-gaming-wifi-ii-dd5-intel-motherboard/
Red Tech,Motherboard,MSI MPG Z790 CARBON DDR5 Wi-Fi Intel Motherboard,"LKR175,000.00",Out of Stock,https://redtech.lk/product/order-now-msi-mpg-z790-carbon-ddr5-wi-fi-intel-motherboard/
Red Tech,Motherboard,ASUS ROG STRIX Z790-A Gaming Wi-Fi D4 Intel Motherboard,"LKR162,300.00",Out of Stock,https://redtech.lk/product/asus-rog-strix-z790-a-gaming-wi-fi-d4-intel-motherboard/
Red Tech,Motherboard,GIGABYTE Z790 AERO G DDR5 Wi-Fi Intel Motherboard,"LKR160,000.00",Out of Stock,https://redtech.lk/product/order-now-gigabyte-z790-aero-g-ddr5-wi-fi-intel-motherboard/
Red Tech,Motherboard,GIGABYTE X670 AORUS ELITE AX AM5 Motherboard,"LKR159,000.00",Out of Stock,https://redtech.lk/product/gigabyte-x670-aorus-elite-ax-am5-motherboard/
Red Tech,Motherboard,GIGABYTE Z790 AORUS ELITE AX Intel Motherboard,"LKR148,500.00",Out of Stock,https://redtech.lk/product/order-now-gigabyte-z790-aorus-elite-ax-intel-motherboard/
Red Tech,Motherboard,MSI MAG X870 TOMAHAWK DDR5 Wi-Fi Motherboard,"LKR144,500.00",Out of Stock,https://redtech.lk/product/msi-mag-x870-tomahawk-ddr5-wi-fi-motherboard/
Red Tech,Motherboard,ASUS ROG MAXIMUS XII HERO GAMING (WI-FI) MOTHERBOARD,"LKR143,000.00",Out of Stock,https://redtech.lk/product/asus-rog-maximus-xii-hero-gaming-wi-fi-motherboard/
Red Tech,Motherboard,MSI MAG Z690 TOMAHAWK DDR5 Wi-Fi Intel Motherboard,"LKR140,000.00",Out of Stock,https://redtech.lk/product/msi-mag-z690-tomahawk-ddr5-wi-fi-intel-motherboard/
Red Tech,Motherboard,ASUS ROG STRIX Z790-H GAMING Wi-Fi  DDR5 Intel Motherboard,"LKR139,700.00",Out of Stock,https://redtech.lk/product/asus-rog-strix-z790-h-gaming-wi-fi-ddr5-intel-motherboard/
Red Tech,Motherboard,ASUS PRIME X670-P WIFI-CSM DDR5 Motherboard,"LKR139,500.00",Out of Stock,https://redtech.lk/product/asus-prime-x670-p-wifi-csm-ddr5-motherboard-copy/
Red Tech,Motherboard,ASUS Prime X670-P-CSM DDR5 Motherboard,"LKR135,000.00",Out of Stock,https://redtech.lk/product/asus-prime-x670-p-csm-ddr5-motherboard/
Red Tech,Motherboard,GIGABYTE AORUS Z690 PRO Intel Mothearboard,"LKR134,800.00",Out of Stock,https://redtech.lk/product/order-now-gigabyte-aorus-z690-pro-intel-mothearboard/
Red Tech,Motherboard,MSI MAG Z790 TOMAHAWK DDR5 Wi-Fi Intel Motherboard,"LKR133,000.00",Out of Stock,https://redtech.lk/product/order-now-msi-mag-z790-tomahawk-ddr5-wi-fi-intel-motherboard/
Red Tech,Motherboard,MSI PRO X870-P DDR5 Wi-Fi Motherboard,"LKR130,500.00",Out of Stock,https://redtech.lk/product/msi-pro-x870-p-ddr5-wi-fi-motherboard/
Red Tech,Motherboard,MSI MPG B650 CARBON WIFI DDR5 Gaming Motherboard,"LKR129,500.00",Out of Stock,https://redtech.lk/product/order-now-mpg-b650-gaming-carbon-wifi-ddr5-motherboard/
Red Tech,Motherboard,MSI Pro X670-P DDR5 Wi-Fi Motherboard,"LKR129,000.00",Out of Stock,https://redtech.lk/product/order-now-msi-pro-x670-p-ddr5-wi-fi-intel-motherboard/
Red Tech,Motherboard,GIGABYTE Z790 ULTRA DURABLE UD AX Intel Motherboard,"LKR129,000.00",Out of Stock,https://redtech.lk/product/order-now-gigabyte-z790-ultra-durable-ud-ax-intel-motherboard/
Red Tech,Motherboard,ASUS ROG STRIX Z690-F Gaming Wi-Fi Intel Motherboard,"LKR128,500.00",Out of Stock,https://redtech.lk/product/asus-rog-strix-z690-f-gaming-wi-fi-intel-motherboard/
Red Tech,Motherboard,MSI MAG X670E TOMAHAWK WIFI 6E DDR5 Motherboard,"LKR126,000.00",Out of Stock,https://redtech.lk/product/coming-soon-msi-mag-x670e-tomahawk-wifi-motherboard/
Red Tech,Motherboard,MSI Z790 PROJECT ZERO WIFI DDR5 Motherboard,"LKR119,000.00",Out of Stock,https://redtech.lk/product/order-now-msi-z790-project-zero-wifi-ddr5-motherboard/
Red Tech,Motherboard,MSI MAG Z690 TORPEDO DDR5 Intel Motherboard,"LKR118,000.00",Out of Stock,https://redtech.lk/product/msi-mag-z690-torpedo-ddr5-intel-motherboard/
Red Tech,Motherboard,ASUS TUF GAMING X570-PLUS Wi-Fi Motherboard,"LKR118,000.00",Out of Stock,https://redtech.lk/product/asus-tuf-gaming-x570-plus-wi-fi-motherboard/
Red Tech,Motherboard,GIGABYTE Z790 UD AX DDR5 Wi-Fi Intel Motherboard,"LKR115,000.00",Out of Stock,https://redtech.lk/product/order-now-gigabyte-z790-ud-ax-ddr5-wi-fi-intel-motherboard/
Red Tech,Motherboard,MSI PRO Z790-A WIFI Intel Motherboard,"LKR110,000.00",Out of Stock,https://redtech.lk/product/order-now-msi-pro-z790-a-wifi-intel-motherboard/
Red Tech,Motherboard,ASUS PROART B760-CREATOR D4 Intel Designer Motherboard,"LKR109,000.00",Out of Stock,https://redtech.lk/product/asus-proart-b760-creator-d4-intel-designer-motherboard/
Red Tech,Motherboard,ASUS TUF GAMING B650-Plus Wi-Fi Motherboard,"LKR107,000.00",Out of Stock,https://redtech.lk/product/asus-tuf-gaming-b650-plus-wi-fi-motherboard/
Red Tech,Motherboard,MSI Z790 GAMING PLUS WIFI DDR5 Motherboard,"LKR106,000.00",Out of Stock,https://redtech.lk/product/order-now-msi-z790-gaming-plus-wifi-ddr5-motherboard/
Red Tech,Motherboard,MSI MAG B650 TOMAHAWK Wi-Fi DDR5 Motherboard,"LKR106,000.00",Out of Stock,https://redtech.lk/product/order-now-msi-mag-b650-tomahawk-wi-fi-ddr5-motherboard/
Red Tech,Motherboard,ASUS ROG STRIX Z690-G Gaming Wi-Fi Intel Motherboard,"LKR104,500.00",Out of Stock,https://redtech.lk/product/asus-rog-strix-z690-g-gaming-wi-fi-intel-motherboard/
Red Tech,Motherboard,MSI Z790 GAMING PRO WIFI DDR5 Motherboard,"LKR104,000.00",Out of Stock,https://redtech.lk/product/coming-soon-msi-z790-gaming-pro-wifi-motherboard/
Red Tech,Motherboard,MSI MAG B660 TOMAHAWK DDR4 Wi-Fi Intel Motherboard,"LKR103,800.00",Out of Stock,https://redtech.lk/product/msi-mag-b660-tomahawk-ddr4-wi-fi-intel-motherboard/
Red Tech,Motherboard,MSI X670E GAMING PLUS WIFI DDR5 Motherboard,"LKR99,500.00",Out of Stock,https://redtech.lk/product/order-now-msi-x670e-gaming-plus-wifi-ddr5-motherboard/
Red Tech,RAM,16GB CORSAIR VENGEANCE C40 DDR5 – 5600MHz RAM Memory(16×1),"LKR91,500.00",In Stock,https://redtech.lk/product/16gb-corsair-vengeance-c40-lpx-ddr5-5600mhz-ram-memory16x1/
Red Tech,RAM,64GB Corsair VENGEANCE RGB DDR5 6000MHz RAM Memory Kit (32×2) AMD EXPO,"LKR297,000.00",In Stock,https://redtech.lk/product/64gb-corsair-vengeance-rgb-ddr5-6000mhz-ram-memory-kit-32x2-amd-expo/
Red Tech,RAM,32GB Corsair VENGEANCE RGB DDR5 6000MHz RAM Memory Kit (16×2),"LKR160,000.00",In Stock,https://redtech.lk/product/32gb-corsair-vengeance-rgb-ddr5-6000mhz-ram-memory-kit-16x2-amd-expo/
Red Tech,RAM,16GB CORSAIR VENGEANCE C40 DDR5 – 6000MHz AMD RAM Memory (16×1),"LKR94,500.00",In Stock,https://redtech.lk/product/16gb-corsair-vengeance-c40-ddr5-6000mhz-amd-ram-memory-16x1/
Red Tech,RAM,16GB CORSAIR VENGEANCE LPX DDR4 – 3600MHz Memory Module (16×1),"LKR61,500.00",In Stock,https://redtech.lk/product/order-now-16gb-corsair-vengeance-lpx-ddr4-3600mhz-memory-module-16x1/
Red Tech,RAM,16GB CORSAIR VENGEANCE LPX DDR4 – 3200MHz Memory Module (16×1),"LKR55,000.00",In Stock,https://redtech.lk/product/16-gb-corsair-vengeance-lpx-ddr4-3000mhz-memory-module/
Red Tech,RAM,8GB CORSAIR VENGEANCE DDR5 – 5200MHz AMD RAM Memory (16×1),"LKR42,000.00",In Stock,https://redtech.lk/product/8gb-corsair-vengeance-ddr5-5200mhz-amd-ram-memory-16x1/
Red Tech,RAM,48GB CORSAIR VENGEANCE RGB DDR5 8400MHZ CUDIMM MEMORY Kit (2X24),"LKR123,000.00",Out of Stock,https://redtech.lk/product/48gb-corsair-vengeance-rgb-ddr5-8400mhz-cudimm-memory-kit-2x24/
Red Tech,RAM,48GB CORSAIR VENGEANCE RGB DDR5 8200MHZ CUDIMM MEMORY Kit (2X24),"LKR107,500.00",Out of Stock,https://redtech.lk/product/48gb-corsair-vengeance-rgb-ddr5-8200mhz-cudimm-memory-kit-2x24/
Red Tech,RAM,64GB CORSAIR DOMINATOR TITANIUM RGB DDR5 6000MHz RAM Memory Kit (32×2),"LKR106,000.00",Out of Stock,https://redtech.lk/product/order-now-64gb-corsair-dominator-titanium-rgb-ddr5-6000mhz-ram-memory-kit-32x2/
Red Tech,RAM,64GB TEAMGROUP T-FORCE XTREEM ARGB DDR4 – 3600MHz Memory Kit (32×2),"LKR105,000.00",Out of Stock,https://redtech.lk/product/64gb-teamgroup-t-force-xtreem-argb-ddr4-3600mhz-memory-kit-32x2/
Red Tech,RAM,64GB Corsair VENGEANCE RGB DDR5 6200MHz RAM Memory Kit (32×2) Intel Xmp,"LKR98,500.00",Out of Stock,https://redtech.lk/product/64gb-corsair-vengeance-rgb-ddr5-6200mhz-ram-memory-kit-32x2-intel-xmp/
Red Tech,RAM,32GB Corsair VENGEANCE DDR5 5600MHz RAM Memory Kit (16×2),"LKR95,000.00",Out of Stock,https://redtech.lk/product/32gb-corsair-vengeance-32gb-ddr5-5600mhz-ram-memory-kit-16x2/
Red Tech,RAM,32GB CORSAIR DOMINATOR TITANIUM RGB DDR5 6400MHz C32 RAM Memory Kit (16×2),"LKR72,500.00",Out of Stock,https://redtech.lk/product/32gb-corsair-dominator-titanium-rgb-ddr5-6400mhz-c32-ram-memory-kit-16x2/
Red Tech,RAM,64GB T-FORCE DELTA A RGB DDR5 6000MHz Desktop RAM Memory Kit (32×2),"LKR72,000.00",Out of Stock,https://redtech.lk/product/32gb-t-force-delta-a-rgb-ddr5-6000mhz-desktop-ram-memory-kit-16x2/
Red Tech,RAM,32GB CORSAIR DOMINATOR TITANIUM RGB DDR5 6000MHz RAM Memory Kit (16×2),"LKR70,500.00",Out of Stock,https://redtech.lk/product/order-now-32gb-corsair-dominator-titanium-rgb-ddr5-6000mhz-ram-memory-kit-16x2/
Red Tech,RAM,32GB Corsair VENGEANCE 32GB DDR5 5200MHz RAM Memory Kit (16×2),"LKR63,000.00",Out of Stock,https://redtech.lk/product/32gb-corsair-vengeance-32gb-ddr5-5200mhz-ram-memory-kit-16x2/
Red Tech,RAM,32GB CORSAIR DOMINATOR PLATINUM RGB DDR5 5600MHz RAM Memory Kit (16×2) – White,"LKR62,000.00",Out of Stock,https://redtech.lk/product/32gb-corsair-dominator-platinum-rgb-ddr5-5600mhz-ram-memory-kit-16x2-white/
Red Tech,RAM,32GB CORSAIR DOMINATOR PLATINUM RGB DDR5 6200MHz RAM Memory Kit (16×2),"LKR59,500.00",Out of Stock,https://redtech.lk/product/order-now-32gb-corsair-dominator-platinum-rgb-ddr5-6200mhz-ram-memory-kit-16x2/
Red Tech,RAM,48GB TEAMGROUP T-CREATE EXPERT DDR5 6400MHz Desktop RAM Memory Kit (24×2),"LKR56,000.00",Out of Stock,https://redtech.lk/product/48gb-teamgroup-t-create-expert-ddr5-6400mhz-desktop-ram-memory-kit-24x2/
Red Tech,RAM,32GB Kingston DDR4 – 3200MHz LAPTOP RAM Memory (32×1),"LKR55,200.00",Out of Stock,https://redtech.lk/product/32gb-kingston-ddr4-3200mhz-laptop-ram-memory-32x1/
Red Tech,RAM,32GB CORSAIR DOMINATOR PLATINUM RGB DDR5 5600MHz RAM Memory Kit (16×2),"LKR51,000.00",Out of Stock,https://redtech.lk/product/order-now-32gb-corsair-dominator-platinum-rgb-ddr5-5600mhz-ram-memory-kit-16x2/
Red Tech,RAM,32GB Corsair VENGEANCE RGB DDR5 6200MHz RAM Memory Kit (16×2) Intel Xmp,"LKR47,500.00",Out of Stock,https://redtech.lk/product/32gb-corsair-vengeance-rgb-ddr5-6200mhz-ram-memory-kit-16x2-intel-xmp/
Red Tech,RAM,32GB Corsair VENGEANCE RGB DDR5 5200MHz RAM Memory Kit (16×2),"LKR46,000.00",Out of Stock,https://redtech.lk/product/32gb-corsair-vengeance-rgb-ddr5-5200mhz-ram-memory-kit-16x2/
Red Tech,RAM,32GB G.SKILL Trident Z5 RGB DDR5 – 5600MHz DESKTOP RAM Memory Kit (16×2),"LKR46,000.00",Out of Stock,https://redtech.lk/product/32gb-g-skill-trident-z5-rgb-ddr5-5600mhz-desktop-ram-memory-kit-16x2/
Red Tech,RAM,32GB TEAMGROUP T-FORCE DARK Z DDR4 – 3600MHz DESKTOP RAM Memory Kit (16×2),"LKR44,500.00",Out of Stock,https://redtech.lk/product/32gb-teamgroup-t-force-dark-z-ddr4-3600mhz-desktop-ram-memory-kit-16x2/
Red Tech,RAM,32GB ADDLINK SPIDER X4 (SX4) RGB DDR4 – 3200MHz RAM Memory Kit (16×2),"LKR43,500.00",Out of Stock,https://redtech.lk/product/32gb-addlink-spider-x4-sx4-rgb-ddr4-3200mhz-ram-memory-kit-16x2/
Red Tech,RAM,32GB CORSAIR DOMINATOR PLATINUM RGB DDR4 3600MHz RAM Memory Kit (16×2),"LKR43,000.00",Out of Stock,https://redtech.lk/product/order-now-32gb-corsair-dominator-platinum-rgb-ddr4-3600mhz-ram-memory-kit-16x2/
Red Tech,RAM,32GB Corsair VENGEANCE RGB DDR5 5600MHz RAM Memory Kit (16×2),"LKR43,000.00",Out of Stock,https://redtech.lk/product/order-now-32gb-corsair-vengeance-rgb-ddr5-5600mhz-ram-memory-kit-16x2/
Red Tech,RAM,32GB CORSAIR VENGEANCE DDR5 5600MHz LAPTOP RAM,"LKR42,500.00",Out of Stock,https://redtech.lk/product/order-now-32gb-corsair-vengeance-ddr5-5600mhz-laptop-ram/
Red Tech,RAM,32GB TEAMGROUP T-CREATE CLASSIC DDR5 5600MHz Desktop RAM Memory (32×1),"LKR39,000.00",Out of Stock,https://redtech.lk/product/32gb-teamgroup-t-create-classic-ddr5-5600mhz-desktop-ram-memory-32x1/
Red Tech,RAM,32GB DDR4 G.SKILL Trident-Z RGB – 3600MHz (16×2)  RAM Memory Kit,"LKR38,800.00",Out of Stock,https://redtech.lk/product/32gb-ddr4-g-skill-trident-z-rgb-3600mhz-16x2-ram-memory-kit/
Red Tech,RAM,16GB V-COLOR PRISM PRO RGB DDR4 – 3200MHz RAM Memory Kit (8×2),"LKR38,500.00",Out of Stock,https://redtech.lk/product/16gb-v-color-prism-pro-rgb-ddr4-3200mhz-ram-memory-kit-8x2/
Red Tech,RAM,32GB TEAMGROUP T-FORCE DELTA RGB DDR5 – 6000MHz RAM Memory (16×2),"LKR37,000.00",Out of Stock,https://redtech.lk/product/32gb-teamgroup-t-force-delta-rgb-ddr5-6000mhz-ram-memory-16x2/
Red Tech,RAM,32GB ADATA DDR5 – 4800MHz LAPTOP RAM Memory Module (32×1),"LKR36,500.00",Out of Stock,https://redtech.lk/product/32gb-adata-ddr5-4800mhz-laptop-ram-memory-module-32x1/
Red Tech,RAM,16GB G.SKILL Trident-Z ROYAL GOLD RGB DDR4 – 3600MHz (8×2) Memory Kit,"LKR34,900.00",Out of Stock,https://redtech.lk/product/16-gb-g-skill-trident-z-royal-rgb-ddr4-3600mhz-8x2-memory-kit/
Red Tech,RAM,32GB T-FORCE DELTA RGB DDR5 5600MHz Desktop RAM Memory Kit (16×2),"LKR34,500.00",Out of Stock,https://redtech.lk/product/32gb-t-force-delta-rgb-ddr5-5600mhz-desktop-ram-memory-kit-16x2/
Red Tech,RAM,16GB TEAMGROUP T-FORCE DARK Z DDR4 – 3600MHz RAM Memory Kit (8×2),"LKR34,000.00",Out of Stock,https://redtech.lk/product/16gb-teamgroup-t-force-dark-z-ddr4-3600mhz-ram-memory-kit-8x2/
Red Tech,RAM,16GB TEAMGROUP T-FORCE DELTA R TUF Gaming Alliance RGB DDR4 – 3200MHz Memory Kit (8×2),"LKR34,000.00",Out of Stock,https://redtech.lk/product/16gb-teamgroup-t-force-delta-r-tuf-gaming-alliance-rgb-ddr4-3200mhz-memory-kit-8x2/
Red Tech,RAM,32GB DDR4 G.SKILL Ripjaws V Series – 3200MHz (32×1) RAM,"LKR33,500.00",Out of Stock,https://redtech.lk/product/32gb-ddr4-g-skill-ripjaws-v-series-3200mhz-32x1-ram/
Red Tech,RAM,32GB CORSAIR VENGEANCE DDR5 4800MHz LAPTOP RAM,"LKR32,500.00",Out of Stock,https://redtech.lk/product/32gb-corsair-vengeance-ddr5-4800mhz-laptop-ram/
Red Tech,RAM,32GB CORSAIR VENGEANCE C40 DDR5 – 5600MHz MEMORY (32×1),"LKR30,500.00",Out of Stock,https://redtech.lk/product/order-now-32gb-corsair-vengeance-c40-ddr5-5600mhz-memory-32x1/
Red Tech,RAM,32GB ADATA PREMIER DDR4 – 3200MHz LAPTOP RAM Memory Module (32×1),"LKR30,500.00",Out of Stock,https://redtech.lk/product/32gb-adata-premier-ddr4-3200mhz-laptop-ram-memory-module-32x1/
Red Tech,RAM,32GB CORSAIR VENGEANCE C40 DDR5 5200MHZ MEMORY (32×1),"LKR30,500.00",Out of Stock,https://redtech.lk/product/order-now-32gb-corsair-vengeance-c40-ddr5-5200mhz-memory-32x1/
Red Tech,RAM,32GB TEAMGROUP T-Force VULCAN A BK DDR5 5600MHz Desktop RAM Memory (32×1),"LKR30,000.00",Out of Stock,https://redtech.lk/product/32gb-t-force-vulcan-a-bk-ddr5-5600mhz-desktop-ram-memory-32x1/
Red Tech,RAM,16GB CORSAIR DOMINATOR PLATINUM RGB DDR4 3600MHz RAM Memory Kit (8×2),"LKR30,000.00",Out of Stock,https://redtech.lk/product/order-now-16gb-corsair-dominator-platinum-rgb-ddr4-3600mhz-ram-memory-kit-8x2/
Red Tech,RAM,32GB T-Force VULCAN BK DDR5 5600MHz Desktop RAM Memory (32×1),"LKR29,000.00",Out of Stock,https://redtech.lk/product/32gb-t-force-vulcan-bk-ddr5-5600mhz-desktop-ram-memory-32x1/
Red Tech,RAM,16GB ADDLINK SPIDER X4 (SX4) RGB DDR4 – 3200MHz RAM Memory Kit (8×2),"LKR28,750.00",Out of Stock,https://redtech.lk/product/16gb-addlink-spider-x4-sx4-rgb-ddr4-3200mhz-ram-memory-kit-8x2/
Red Tech,RAM,16GB CORSAIR VENGEANCE RGB PRO DDR4 (8×2) – 3600MHz RAM Memory Module Kit,"LKR28,500.00",Out of Stock,https://redtech.lk/product/16-gb-ddr4-corsair-vengeance-rgb-pro-3600mhz-memory-kit-8x2/
Red Tech,RAM,16GB DDR4 G.SKILL Trident-Z Neo RGB – 3600MHz (8×2)  RAM Memory Kit,"LKR28,000.00",Out of Stock,https://redtech.lk/product/16gb-ddr4-g-skill-trident-z-neo-rgb-3600mhz-8x2-ram-memory-kit/
Red Tech,RAM,16GB DDR4 G.SKILL Trident-Z RGB – 3200MHz (8×2) RAM Memory Kit,"LKR26,880.00",Out of Stock,https://redtech.lk/product/16-gb-ddr4-g-skill-trident-z-rgb-3200mhz-8x2-ram-memory-kit-2/
Red Tech,RAM,32GB CORSAIR VENGEANCE DDR4 3200MHz LAPTOP RAM,"LKR26,000.00",Out of Stock,https://redtech.lk/product/32gb-corsair-vengeance-ddr4-3200mhz-laptop-ram/
Red Tech,RAM,16GB CORSAIR VENGEANCE RGB RS DDR4 – 3200MHz C16 DESKTOP RAM Memory Kit (8×2),"LKR25,500.00",Out of Stock,https://redtech.lk/product/16gb-corsair-vengeance-rgb-rs-ddr4-3200mhz-c16-desktop-ram-memory-kit-8x2/
Red Tech,RAM,16GB CORSAIR VENGEANCE RGB PRO SL DDR4 – 3200MHz C16 DESKTOP RAM Memory Kit (8×2),"LKR25,200.00",Out of Stock,https://redtech.lk/product/16gb-corsair-vengeance-rgb-pro-sl-ddr4-3200mhz-c16-desktop-ram-memory-kit-8x2/
Red Tech,RAM,16GB Corsair VENGEANCE RGB DDR5 6600MHz Desktop RAM Memory Kit (16×2),"LKR25,000.00",Out of Stock,https://redtech.lk/product/16gb-corsair-vengeance-rgb-ddr5-6600mhz-desktop-ram-memory-kit-16x2/
Red Tech,RAM,16GB APACER NOX RGB DDR4 – 3200MHz Desktop RAM Memory Kit (8×2),"LKR23,500.00",Out of Stock,https://redtech.lk/product/16gb-apacer-nox-rgb-ddr4-3200mhz-desktop-ram-memory-kit/
Red Tech,RAM,16GB ADATA DDR5 – 4800MHz LAPTOP RAM Memory Module (16×1),"LKR23,250.00",Out of Stock,https://redtech.lk/product/16gb-adata-ddr5-4800mhz-laptop-ram-memory-module-16x1/
Red Tech,RAM,16GB TEAMGROUP T-CREATE CLASSIC DDR5 5600MHz Desktop RAM Memory (16×1),"LKR22,000.00",Out of Stock,https://redtech.lk/product/16gb-teamgroup-t-create-classic-ddr5-5600mhz-desktop-ram-memory-16x1/
Red Tech,RAM,16GB DDR4 G.SKILL Ripjaws V Series – 3200MHz (16×1) RAM,"LKR21,900.00",Out of Stock,https://redtech.lk/product/16-gb-ddr4-g-skill-ripjaws-v-series-3200mhz-16x1-ram/
Red Tech,RAM,16GB PNY XLR8 Gaming RGB C16 DDR4 – 3200MHz RAM Memory Kit (8×2),"LKR21,900.00",Out of Stock,https://redtech.lk/product/16gb-pny-xlr8-gaming-rgb-c16-ddr4-3200mhz-ram-memory-kit-8x2/
Red Tech,RAM,16GB CORSAIR VENGEANCE DDR4 3200MHz LAPTOP RAM,"LKR20,500.00",Out of Stock,https://redtech.lk/product/16gb-corsair-vengeance-ddr4-3200mhz-laptop-ram/
Red Tech,RAM,16GB TwinMOS Supreme DDR4 – 3200MHz LAPTOP RAM Memory (8×1),"LKR20,220.00",Out of Stock,https://redtech.lk/product/16gb-twinmos-supreme-ddr4-3200mhz-laptop-ram-memory-8x1/
Red Tech,RAM,8GB CORSAIR VENGEANCE LPX DDR4 – 3200MHz RAM Memory Module (8×1),"LKR20,000.00",Out of Stock,https://redtech.lk/product/08-gb-ddr4-corsair-vengeance-lpx-3200mhz-memory-module/
Red Tech,RAM,8GB CORSAIR VENGEANCE RGB PRO DDR4 (8×1) – 3200MHz RAM Memory Module,"LKR19,800.00",Out of Stock,https://redtech.lk/product/8-gb-corsair-vengeance-rgb-pro-ddr4-8x1-3200mhz-memory-module/
Red Tech,RAM,16GB Corsair VENGEANCE RGB DDR5 5600MHz Desktop RAM Memory Kit (16×1),"LKR19,500.00",Out of Stock,https://redtech.lk/product/16gb-corsair-vengeance-rgb-ddr5-5600mhz-desktop-ram-memory-kit-16x1/
Red Tech,RAM,16GB ADATA SPECTRIX D60G DDR4 – 3200MHz C16 Memory Module (16×1),"LKR19,200.00",Out of Stock,https://redtech.lk/product/16gb-adata-spectrix-d60g-ddr4-3200mhz-memory-module-16x1/
Red Tech,RAM,16GB CORSAIR VENGEANCE DDR5 4800MHz LAPTOP RAM,"LKR19,000.00",Out of Stock,https://redtech.lk/product/16gb-corsair-vengeance-ddr5-4800mhz-laptop-ram/
Red Tech,RAM,16GB HIKVISION S1 Series CL19 DDR4 – 2666MHz LAPTOP RAM Memory Module,"LKR18,500.00",Out of Stock,https://redtech.lk/product/16gb-hikvision-s1-series-cl19-ddr4-2666mhz-laptop-ram-memory-module/
Red Tech,RAM,16GB Crucial CL22 DDR4 – 3200MHz LAPTOP RAM Memory (16×1),"LKR17,640.00",Out of Stock,https://redtech.lk/product/16gb-crucial-cl22-ddr4-3200mhz-laptop-ram-memory-16x1/
Red Tech,RAM,16GB CORSAIR VENGEANCE C40 LPX DDR5 – 5200MHz RAM Memory(16×1),"LKR17,500.00",Out of Stock,https://redtech.lk/product/16gb-corsair-vengeance-ddr5-5200mhz-ram-memory16x1/
Red Tech,RAM,16GB Team Elite DDR4 – 3200MHz Laptop RAM Memory Module (16×1),"LKR17,360.00",Out of Stock,https://redtech.lk/product/16gb-team-elite-ddr4-3200mhz-laptop-ram-memory-module-16x1/
Red Tech,RAM,16GB T-Force VULCAN BK DDR5 5600MHz Desktop RAM Memory (16×1),"LKR17,000.00",Out of Stock,https://redtech.lk/product/16gb-t-force-vulcan-bk-ddr5-5600mhz-desktop-ram-memory-16x1/
Red Tech,RAM,16GB T-Force VULCAN A BK DDR5 5600MHz Desktop RAM Memory (16×1),"LKR17,000.00",Out of Stock,https://redtech.lk/product/16gb-t-force-vulcan-a-bk-ddr5-5600mhz-desktop-ram-memory-16x1/
Red Tech,RAM,16GB CORSAIR VENGEANCE DDR5 5200MHz LAPTOP RAM,"LKR17,000.00",Out of Stock,https://redtech.lk/product/order-now-16gb-corsair-vengeance-ddr5-5200mhz-laptop-ram/
Red Tech,RAM,16GB KINGSTON FURY BEAST RGB DDR4 – 3200MHz C16 DESKTOP RAM Memory Module (16×1),"LKR17,000.00",Out of Stock,https://redtech.lk/product/16gb-kingston-fury-rgb-ddr4-3200mhz-c16-desktop-ram-memory-module-16x1/
Red Tech,RAM,16GB Kingston DDR5 5600MHz Laptop RAM Memory Module (16×1),"LKR16,900.00",Out of Stock,https://redtech.lk/product/16gb-kingston-ddr5-5600mhz-laptop-ram-memory-module-16x1/
Red Tech,RAM,8GB V-COLOR TD48 Series DDR4 – 2666MHz CL19 Non-RGB Laptop RAM Memory Module (8×1),"LKR16,500.00",Out of Stock,https://redtech.lk/product/8gb-v-color-td48-series-ddr4-2666mhz-cl19-non-rgb-laptop-ram-memory-module-8x1/
Red Tech,RAM,8GB PNY XLR8 Gaming RGB C16 DDR4 – 3200MHz RAM Memory Module (8×1),"LKR15,950.00",Out of Stock,https://redtech.lk/product/8gb-pny-xlr8-gaming-rgb-c16-ddr4-3200mhz-ram-memory-module/
Red Tech,RAM,16GB ADATA XPG GAMMIX RGB D35G – 3200MHz DDR4 DESKTOP RAM Memory Module (16×1),"LKR15,600.00",Out of Stock,https://redtech.lk/product/16gb-adata-xpg-gammix-rgb-d35g-3200mhz-ddr4-desktop-ram-memory-module-16x1/
Red Tech,RAM,8GB BIOSTAR DHD3 Series DDR4 – 3600MHz CL18 RGB Desktop RAM Memory Module (8×1),"LKR15,600.00",Out of Stock,https://redtech.lk/product/8gb-biostar-dhd3-series-ddr4-3600mhz-cl18-rgb-desktop-ram-memory-module-8x1/
Red Tech,RAM,16GB CORSAIR VENGEANCE RGB RS DDR4 – 3200MHz Memory Module (16×1),"LKR15,500.00",Out of Stock,https://redtech.lk/product/16gb-corsair-vengeance-rgb-rs-ddr4-3200mhz-memory-module-16x1/
Red Tech,RAM,8GB V-COLOR TD48 Series DDR4 – 3200MHz RAM Memory Module (8×1),"LKR15,500.00",Out of Stock,https://redtech.lk/product/8gb-v-color-td48-series-ddr4-3200mhz-ram-memory-kit-8x1/
Red Tech,RAM,16GB ACS PATRIOT DDR4 – 3200MHz Laptop RAM Memory Module (16×1),"LKR15,480.00",Out of Stock,https://redtech.lk/product/16gb-acs-patriot-ddr4-3200mhz-laptop-ram-memory-module-16x1/
Red Tech,RAM,8GB TEAM DELTA R DDR4 – 3200MHz DESKTOP RAM Memory Module (8×1),"LKR15,400.00",Out of Stock,https://redtech.lk/product/8gb-team-delta-r-ddr4-3200mhz-desktop-ram-memory-module-8x1/
Red Tech,RAM,16GB KINGSTON FURY Beast DDR4 – Desktop Ram Module,"LKR14,990.00",Out of Stock,https://redtech.lk/product/16gb-kingston-fury-beast-ddr4-desktop-ram-module/
Red Tech,RAM,16GB CORSAIR VENGEANCE DDR4 3200MHz LAPTOP RAM,"LKR14,500.00",Out of Stock,https://redtech.lk/product/16gb-corsair-vengeance-sodimm-ddr4-3200mhz-memory/
Red Tech,RAM,16GB CORSAIR VENGEANCE RGB RS DDR4 – 3600MHz C18 DESKTOP RAM Memory Module (16×1),"LKR14,500.00",Out of Stock,https://redtech.lk/product/16gb-corsair-vengeance-rgb-rs-ddr4-3600mhz-c18-desktop-ram-memory-module-16x1/
Red Tech,RAM,16GB Transcend DDR5 – 4800MHz Laptop RAM Memory Module (16×1),"LKR13,990.00",Out of Stock,https://redtech.lk/product/16gb-transcend-ddr5-4800mhz-laptop-ram-memory-module-16x1/
Red Tech,RAM,8GB TEAMGROUP Team Elite DDR3 – 1333MHz DESKTOP RAM Memory Module (8×1),"LKR13,200.00",Out of Stock,https://redtech.lk/product/8gb-teamgroup-team-elite-ddr3-1333mhz-desktop-ram-memory-module-4x1-copy/
Red Tech,RAM,16GB Team Classic DDR4 – 3200MHz Laptop RAM Memory Module (16×1) – [3Y],"LKR12,990.00",Out of Stock,https://redtech.lk/product/16gb-team-classic-ddr4-3200mhz-laptop-ram-memory-module-16x1-3y/
Red Tech,RAM,16GB XPG GAMMIX D35 – 3200MHz DDR4 DESKTOP RAM Memory Module (16×1),"LKR12,900.00",Out of Stock,https://redtech.lk/product/16gb-xpg-gammix-d35-3200mhz-ddr4-desktop-ram-memory-module-16x1/
Red Tech,RAM,16GB TEAMGROUP ELITE DDR4 – 3200MHz LAPTOP RAM Memory Module (16×1),"LKR12,900.00",Out of Stock,https://redtech.lk/product/16gb-teamgroup-elite-ddr4-3200mhz-laptop-ram-memory-module-16x1/
Red Tech,RAM,8GB CRUCIAL BALLIXSTIX DDR4 – 3200MHz Memory Module (8×1),"LKR12,900.00",Out of Stock,https://redtech.lk/product/8gb-crucial-ballistix-ddr4-3200mhz-memory-module-8x1/
Red Tech,RAM,8GB TEAMGROUP T-FORCE ZEUS DDR4 – 3200MHz Laptop RAM Memory (8×1),"LKR12,900.00",Out of Stock,https://redtech.lk/product/8gb-team-group-t-force-zeus-ddr4-3200mhz-laptop-ram-memory-8x1/
Red Tech,RAM,16GB Kingston DDR4 – 3200MHz LAPTOP RAM Memory (16×1),"LKR12,650.00",Out of Stock,https://redtech.lk/product/16gb-kingston-ddr4-3200mhz-laptop-ram-memory-16x1/
Red Tech,RAM,16GB ADATA VALUE DDR4 – 3200MHz DESKTOP RAM Memory Module (16×1),"LKR12,600.00",Out of Stock,https://redtech.lk/product/16gb-adata-value-ddr4-3200mhz-desktop-ram-memory-module-16x1/
Red Tech,Storage,1TB CRUCIAL E100 PCIe Gen4x4 M.2 NVMe SSD,"LKR51,500.00",In Stock,https://redtech.lk/product/1tb-crucial-e100-pcie-gen4x4-m-2-nvme-ssd/
Red Tech,Storage,480GB CRUCIAL E100 PCIe Gen4x4 M.2 NVMe SSD,"LKR33,000.00",In Stock,https://redtech.lk/product/480gb-crucial-e100-pcie-gen4x4-m-2-nvme-ssd/
Red Tech,Storage,[USED] 1TB 2.5′′ SATA Internal Laptop Hard Disk Drive,"LKR11,500.00",In Stock,https://redtech.lk/product/used-1tb-2-5%e2%80%b3-sata-internal-laptop-hard-disk-drive/
Red Tech,Storage,128GB Kingston DataTraveler SE9G3 High Performance USB 3.2 Metal Flash Pen Drive,"LKR9,360.00",In Stock,https://redtech.lk/product/128gb-kingston-datatraveler-se9g3-high-performance-usb-3-2-metal-flash-pen-drive/
Red Tech,Storage,64GB Kingston DataTraveler SE9G3 High Performance USB 3.2 Metal Flash Pen Drive,"LKR7,670.00",In Stock,https://redtech.lk/product/64gb-kingston-datatraveler-se9g3-high-performance-usb-3-2-metal-flash-pen-drive/
Red Tech,Storage,[USED] 120GB/128GB 2.5′′ SATA SSD,"LKR6,400.00",In Stock,https://redtech.lk/product/used-120gb-128gb-2-5%e2%80%b3-sata-ssd/
Red Tech,Storage,128GB Kingston DataTraveler Exodia Onyx USB Flash 3.2 Pen Drive,"LKR5,450.00",In Stock,https://redtech.lk/product/128gb-kingston-datatraveler-exodia-onyx-usb-3-2-pen-drive/
Red Tech,Storage,[USED] 500GB 2.5′′ SATA Internal Laptop Hard Disk Drive,"LKR4,650.00",In Stock,https://redtech.lk/product/used-500gb-2-5%e2%80%b3-sata-internal-laptop-hard-disk-drive/
Red Tech,Storage,[USED] 500GB 3.5′′ SATA Internal Desktop Hard Disk Drive,"LKR4,500.00",In Stock,https://redtech.lk/product/used-500gb-3-5%e2%80%b3-sata-internal-desktop-hard-disk-drive/
Red Tech,Storage,2TB TRANSCEND ESD270C Drive Portable SSD,"LKR101,500.00",In Stock,https://redtech.lk/product/2tb-transcend-esd270c-drive-portable-ssd/
Red Tech,Storage,1TB TRANSCEND ESD270C Drive Portable SSD,"LKR67,900.00",In Stock,https://redtech.lk/product/1tb-transcend-esd270c-drive-portable-ssd/
Red Tech,Storage,2TB WESTERN DIGITAL WD PURPLE 3.5′′ SATA 3.0 Internal Desktop Hard Disk Drive,"LKR52,900.00",In Stock,https://redtech.lk/product/2tb-western-digital-wd-purple-3-5-sata-3-0-internal-desktop-hard-disk-drive/
Red Tech,Storage,4TB Seagate IronWolf NAS Internal Hard Drive HDD,"LKR49,500.00",In Stock,https://redtech.lk/product/seagate-ironwolf-4tb-nas-internal-hard-drive-hdd/
Red Tech,Storage,4TB SEAGATE Barracuda 3.5′′ SATA 3.0 Internal Desktop Hard Disk Drive,"LKR37,500.00",In Stock,https://redtech.lk/product/4-tb-seagate-barracuda-sata-3-0/
Red Tech,Storage,2TB Seagate Ironwolf 3.5′′ SATA 3.0 Internal Desktop Hard Disk Drive / NAS,"LKR33,000.00",In Stock,https://redtech.lk/product/2tb-seagate-ironwolf-3-5-sata-3-0-internal-desktop-hard-disk-drive-nas/
Red Tech,Storage,2TB SEAGATE BARRACUDA – 3.5′′ SATA 3.0 7200RPM Internal Desktop Hard Disk Drive,"LKR26,500.00",In Stock,https://redtech.lk/product/2tb-seagate-barracuda-3-5-sata-3-0-7200-rpm-internal-desktop-hard-disk-drive/
Red Tech,Storage,1TB Seagate Barracuda 3.5′′ SATA 3.0 7200RPM  Internal Desktop Hard Disk Drive,"LKR19,500.00",In Stock,https://redtech.lk/product/1-tb-seagate-barracuda-sata-3-0-internal-hard-disk/
Red Tech,Storage,256GB TEAM X1 Max USB 3.2 High Performance Flash Pen Drive,"LKR13,500.00",In Stock,https://redtech.lk/product/256gb-team-x1-max-usb-3-2-high-performance-flash-pen-drive/
Red Tech,Storage,128GB TEAM X1 Max USB 3.2 High Performance Flash Pen Drive,"LKR8,500.00",In Stock,https://redtech.lk/product/128gb-team-x1-max-usb-3-2-high-performance-flash-pen-drive/
Red Tech,Storage,256GB Kingston DataTraveler Exodia ONYX USB 3.2 Pen Drive,"LKR7,475.00",In Stock,https://redtech.lk/product/256gb-kingston-datatraveler-exodia-onyx-usb-3-2-pen-drive/
Red Tech,Storage,256GB Kingston DataTraveler Exodia M USB 3.2 Pen Drive,"LKR7,475.00",In Stock,https://redtech.lk/product/256gb-kingston-datatraveler-exodia-m-usb-3-2-pen-drive/
Red Tech,Storage,128GB Kingston DataTraveler Exodia M USB 3.2 Pen Drive,"LKR3,550.00",In Stock,https://redtech.lk/product/128gb-datatraveler-exodia-m-usb-pen-drive/
Red Tech,Storage,64GB Oscoo CU-002 2 in 1 Flash Drive USB 3.1 Type-C Pen Drive,"LKR2,750.00",In Stock,https://redtech.lk/product/64gb-oscoo-cu-002-2-in-1-flash-drive-usb-3-1-type-c-pen-drive/
Red Tech,Storage,64GB Kingston DataTraveler Exodia Onyx USB Flash 3.2 Pen Drive,"LKR2,450.00",In Stock,https://redtech.lk/product/64gb-kingston-datatraveler-exodia-onyx-usb-flash-3-2-pen-drive/
Red Tech,Storage,COOLMOON CM-M2A ARGB M.2 Heatsink/SSD Cooler,"LKR1,900.00",Out of Stock,https://redtech.lk/product/coolmoon-cm-m2a-argb-m-2-heatsink-ssd-cooler/
Red Tech,Storage,4TB CORSAIR EX100U Type-C Portable Solid-State Drive,"LKR138,000.00",Out of Stock,https://redtech.lk/product/4tb-corsair-ex100u-type-c-portable-solid-state-drive/
Red Tech,Storage,Kingston NV2 PCIe 4.0 NVMe SSD – 4TB,"LKR115,800.00",Out of Stock,https://redtech.lk/product/kingston-nv2-pcie-4-0-nvme-ssd-4tb/
Red Tech,Storage,10TB Seagate IronWolf NAS Internal Hard Drive HDD,"LKR107,500.00",Out of Stock,https://redtech.lk/product/seagate-ironwolf-10tb-nas-internal-hard-drive-hdd/
Red Tech,Storage,2TB Corsair MP700 PRO Gen5 M.2 NVMe SSD,"LKR94,000.00",Out of Stock,https://redtech.lk/product/2tb-corsair-mp700-pro-gen5-m-2-nvme-ssd/
Red Tech,Storage,8TB Transcend Storejet 35T3 – USB 3.1 External Portable Hard Disk Drive,"LKR91,990.00",Out of Stock,https://redtech.lk/product/8tb-transcend-25h3-storejet-usb-3-1-external-portable-hard-disk-drive/
Red Tech,Storage,8TB WESTERN DIGITAL WD RED PLUS 3.5′′ SATA 3.0 Internal Desktop Hard Disk Drive,"LKR85,250.00",Out of Stock,https://redtech.lk/product/8tb-western-digital-wd-red-plus-3-5-sata-3-0-internal-desktop-hard-disk-drive/
Red Tech,Storage,2TB WD BLACK SN770 NVMe SSD,"LKR81,000.00",Out of Stock,https://redtech.lk/product/2tb-wd-black-sn770-nvme-ssd/
Red Tech,Storage,2TB AORUS Gen4 7000s M.2 NVMe SSD,"LKR79,000.00",Out of Stock,https://redtech.lk/product/2tb-aorus-gen4-7000s-m-2-nvme-ssd/
Red Tech,Storage,2TB GIGABYTE AORUS Gen4 M.2 NVMe SSD,"LKR79,000.00",Out of Stock,https://redtech.lk/product/2tb-gigabyte-aorus-gen4-m-2-nvme-ssd/
Red Tech,Storage,2TB T-FORCE Z540 PCIe5.0 M.2 NVMe SSD,"LKR77,500.00",Out of Stock,https://redtech.lk/product/2tb-t-force-z540-pcie5-0-m-2-nvme-ssd/
Red Tech,Storage,6TB WESTERN DIGITAL WD RED PLUS 3.5′′ SATA 3.0 Internal Desktop Hard Disk Drive,"LKR73,700.00",Out of Stock,https://redtech.lk/product/6tb-western-digital-wd-red-plus-3-5-sata-3-0-internal-desktop-hard-disk-drive/
Red Tech,Storage,8TB WESTERN DIGITAL WD PURPLE 3.5′′ SATA 3.0 Internal Desktop Hard Disk Drive,"LKR73,700.00",Out of Stock,https://redtech.lk/product/8tb-western-digital-wd-purple-3-5-sata-3-0-internal-desktop-hard-disk-drive/
Red Tech,Storage,1TB Kingston KC3000 PCIe 4.0 M.2 NVMe SSD,"LKR72,000.00",Out of Stock,https://redtech.lk/product/1tb-kingston-kc3000-pcie-4-0-nvme-m-2-ssd/
Red Tech,Storage,8TB Seagate Skyhawk – 3..5′′ SATA 3.0 Internal Desktop Hard Disk Drive,"LKR69,900.00",Out of Stock,https://redtech.lk/product/order-now-8tb-seagate-skyhawk-3-5-sata-3-0-internal-desktop-hard-disk-drive/
Red Tech,Storage,2TB Samsung 980 PRO M.2 NVMe SSD,"LKR66,000.00",Out of Stock,https://redtech.lk/product/2tb-samsung-980-pro-m-2-nvme-ssd/
Red Tech,Storage,2TB ADDLINK S70 PCIe Gen 3×4 M.2 NVMe SSD,"LKR64,500.00",Out of Stock,https://redtech.lk/product/order-now-2tb-addlink-s70-pcie-gen-3x4-m-2-nvme-ssd/
Red Tech,Storage,2TB MSI Spatium M560 PCIe 5.0 M.2 NVME SSD,"LKR62,000.00",Out of Stock,https://redtech.lk/product/2tb-msi-spatium-m560-pcie-5-0-m-2-nvme-ssd/
Red Tech,Storage,1TB Corsair MP700 PRO Gen 5 M.2 NVMe SSD,"LKR61,500.00",Out of Stock,https://redtech.lk/product/1tb-corsair-mp700-pro-m-2-nvme-ssd/
Red Tech,Storage,1TB MSI SPATIUM M480 7000 MB/s M.2 NVMe SSD,"LKR61,000.00",Out of Stock,https://redtech.lk/product/1tb-msi-spatium-m480-m-2-nvme-7000-mb-s/
Red Tech,Storage,2TB SAMSUNG 990 PRO PCIe 4.0 NVME SSD,"LKR59,950.00",Out of Stock,https://redtech.lk/product/order-now-2tb-samsung-990-pro-pcie-4-0-nvme-ssd/
Red Tech,Storage,6TB WESTERN DIGITAL WD PURPLE 3.5′′ SATA 3.0 Internal Desktop Hard Disk Drive,"LKR58,300.00",Out of Stock,https://redtech.lk/product/6tb-western-digital-wd-purple-3-5-sata-3-0-internal-desktop-hard-disk-drive/
Red Tech,Storage,2TB Corsair MP600 PRO XT M.2 NVMe SSD,"LKR58,000.00",Out of Stock,https://redtech.lk/product/2tb-corsair-mp600-pro-xt-m-2-nvme-ssd/
Red Tech,Storage,2TB CORSAIR EX100U Type-C Portable Solid-State Drive,"LKR56,000.00",Out of Stock,https://redtech.lk/product/order-now-2tb-corsair-ex100u-type-c-portable-solid-state-drive/
Red Tech,Storage,2TB SAMSUNG 990 EVO PCIe 4.0/5.0 NVME SSD,"LKR55,000.00",Out of Stock,https://redtech.lk/product/2tb-samsung-990-evo-pcie-4-0-5-0-nvme-ssd/
Red Tech,Storage,1TB Samsung 970 EVO Plus M.2 NVMe SSD,"LKR52,900.00",Out of Stock,https://redtech.lk/product/1tb-samsung-970-evo-plus-nvme-m-2-ssd/
Red Tech,Storage,1TB ADDLINK A92 ADDGAME PCIe Gen 4×4 M.2 NVMe SSD PS5 COMPATIBLE,"LKR49,900.00",Out of Stock,https://redtech.lk/product/1tb-addlink-a92-addgame-pcie-gen-4x4-m-2-nvme-ssd-ps5-compatible/
Red Tech,Storage,1TB Corsair MP600 GS PCIe 4.0 M.2 NVMe SSD,"LKR49,000.00",Out of Stock,https://redtech.lk/product/1tb-corsair-mp600-gs-pcie-4-0-m-2-nvme-ssd/
Red Tech,Storage,512GB Kingston KC3000 PCIe 4.0 M.2 NVMe SSD,"LKR47,700.00",Out of Stock,https://redtech.lk/product/512gb-kingston-kc3000-pcie-4-0-nvme-m-2-ssd/
Red Tech,Storage,2TB TRANSCEND SSD220Q  2.5′′ SATA SSD,"LKR46,500.00",Out of Stock,https://redtech.lk/product/order-now-2tb-transcend-ssd220q-2-5-sata-ssd/
Red Tech,Storage,2TB MSI Spatium M480 PRO PCIe 4.0 M.2 NVME SSD,"LKR45,500.00",Out of Stock,https://redtech.lk/product/2tb-msi-spatium-m480-pro-pcie-4-0-m-2-nvme-ssd/
Red Tech,Storage,4TB WESTERN DIGITAL WD RED PLUS 3.5′′ SATA 3.0 Internal Desktop Hard Disk Drive,"LKR45,100.00",Out of Stock,https://redtech.lk/product/4tb-western-digital-wd-red-plus-3-5-sata-3-0-internal-desktop-hard-disk-drive/
Red Tech,Storage,4TB Transcend 25H3 Storejet – USB 3.1 External Portable Hard Disk Drive,"LKR44,500.00",Out of Stock,https://redtech.lk/product/4-tb-transcend-25h3-storejet-usb-3-1-portable-hard-drive/
Red Tech,Storage,960GB ADATA – SD600Q USB 3.2 Portable SSD,"LKR42,600.00",Out of Stock,https://redtech.lk/product/960gb-adata-sd600q-usb-3-2-portable-ssd/
Red Tech,Storage,1TB T-FORCE Z540 PCIe5.0 M.2 NVMe SSD,"LKR42,500.00",Out of Stock,https://redtech.lk/product/1tb-t-force-z540-pcie5-0-m-2-nvme-ssd/
Red Tech,Storage,2TB T-FORCE A440 Lite PCIe4.0 M.2 NVMe SSD,"LKR42,500.00",Out of Stock,https://redtech.lk/product/2tb-t-force-a440-lite-pcie4-0-m-2-nvme-ssd/
Red Tech,Storage,1TB SAMSUNG 990 PRO PCIe 4.0 NVME SSD,"LKR42,000.00",Out of Stock,https://redtech.lk/product/order-now-1tb-samsung-990-pro-pcie-4-0-nvme-ssd/
Red Tech,Storage,4TB ADATA – HD710P FULL-ANGLE PROTECTION USB 3.2 Portable External Hard Disk Drive,"LKR41,500.00",Out of Stock,https://redtech.lk/product/4tb-adata-hd710p-full-angle-protection-usb-3-2-portable-external-hard-disk-drive/
Red Tech,Storage,1TB ADDLINK A95 ADDGAME PCIe Gen 4×4 M.2 NVMe SSD PS5 COMPATIBLE,"LKR39,950.00",Out of Stock,https://redtech.lk/product/1tb-addlink-a95-addgame-pcie-gen-4x4-m-2-nvme-ssd-ps5-compatible/
Red Tech,Storage,2TB Lexar NS100 2.5′′ SATA SSD,"LKR39,900.00",Out of Stock,https://redtech.lk/product/order-now-2tb-lexar-ns100-2-5-sata-ssd/
Red Tech,Storage,1TB SAMSUNG 980 PRO PCIe 4.0 NVME SSD,"LKR39,500.00",Out of Stock,https://redtech.lk/product/order-now-1tb-samsung-980-pro-pcie-4-0-nvme-ssd/
Red Tech,Storage,1TB INTEL SSD6 – M.2 PCIe 3×4 M.2 NVMe SSD,"LKR38,900.00",Out of Stock,https://redtech.lk/product/1tb-intel-ssd6-m-2-pcie-3x4-nvme-ssd/
Red Tech,Storage,1TB WD BLACK SN770 NVMe SSD,"LKR38,500.00",Out of Stock,https://redtech.lk/product/1tb-wd-black-sn770-nvme-ssd/
Red Tech,Storage,2TB Kingston NV2 PCIe 4.0 M.2 NVMe SSD,"LKR38,500.00",Out of Stock,https://redtech.lk/product/2tb-kingston-nv2-pcie-4-0-m-2-nvme-ssd/
Red Tech,Storage,1TB Samsung 980 Series 2280 M.2 NVMe SSD,"LKR38,000.00",Out of Stock,https://redtech.lk/product/1tb-samsung-980-series-2280-m-2-nvme-ssd/
Red Tech,Storage,2TB MSI SPATIUM M450 PCIe4.0 M.2 NVMe SSD,"LKR37,000.00",Out of Stock,https://redtech.lk/product/2tb-msi-spatium-m450-pcie4-0-m-2-nvme-ssd/
Red Tech,Storage,2TB Lexar NM620 PCIe Gen 3×4 M.2 NVME SSD,"LKR36,850.00",Out of Stock,https://redtech.lk/product/2tb-lexar-nm620-pcie-gen-3x4-m-2-nvme-ssd/
Red Tech,Storage,960GB PNY – Elite USB 3.1 Portable SSD External SSD,"LKR36,800.00",Out of Stock,https://redtech.lk/product/960gb-pny-elite-usb-3-1-portable-ssd-external-drive/
Red Tech,Storage,2TB T-FORCE Vulcan Z 2.5′′ SATA SSD,"LKR36,500.00",Out of Stock,https://redtech.lk/product/2tb-t-force-vulcan-z-2-5%e2%80%b3-sata-ssd/
Red Tech,Storage,1TB GIGABYTE AORUS Gen4 M.2 NVMe SSD,"LKR36,500.00",Out of Stock,https://redtech.lk/product/1tb-gigabyte-aorus-gen4-m-2-nvme-ssd/
Red Tech,Storage,4TB WESTERN DIGITAL WD BLUE 3.5′′ SATA 3.0 Internal Desktop Hard Disk Drive,"LKR36,500.00",Out of Stock,https://redtech.lk/product/4-tb-wd-blue-sata-3-0/
Red Tech,Storage,1TB MSI SPATIUM M460 PCIe4.0 M.2 NVMe + Heatsink,"LKR36,000.00",Out of Stock,https://redtech.lk/product/order-now-1tb-msi-spatium-m460-pcie4-0-m-2-nvme-heatsink/
Red Tech,Storage,2TB MSI SPATIUM M370 PCIe 4 M.2 NVMe SSD,"LKR36,000.00",Out of Stock,https://redtech.lk/product/order-now-2tb-msi-spatium-m371-m-2-nvme-ssd/
Red Tech,Storage,4TB Seagate Skyhawk – 3..5′′ SATA 3.0 Internal Desktop Hard Disk Drive,"LKR35,500.00",Out of Stock,https://redtech.lk/product/order-now-4tb-seagate-skyhawk-3-5-sata-3-0-internal-desktop-hard-disk-drive/
Red Tech,Storage,1TB MSI Spatium M560 PCIe 5.0 M.2 NVME SSD,"LKR35,000.00",Out of Stock,https://redtech.lk/product/1tb-msi-spatium-m560-pcie-5-0-m-2-nvme-ssd/
Red Tech,Storage,1TB ADDLINK S72 PCIe Gen 3×4 M.2 NVMe SSD,"LKR33,950.00",Out of Stock,https://redtech.lk/product/1tb-addlink-s72-pcie-gen-3x4-m-2-nvme-ssd/
Red Tech,Storage,2TB Seagate Barracuda – 2.5′′ SATA 3.0 Internal Laptop Hard Disk Drive,"LKR33,000.00",Out of Stock,https://redtech.lk/product/2-tb-seagate-barracuda-sata-3-0-laptop-hard-disk/
Red Tech,Storage,1TB ADATA FALCON M.2 NVMe SSD,"LKR32,700.00",Out of Stock,https://redtech.lk/product/1tb-adata-falcon-m-2-nvme-ssd/
Red Tech,Storage,1TB Corsair MP600 PRO XT M.2 NVMe SSD,"LKR32,500.00",Out of Stock,https://redtech.lk/product/1tb-corsair-mp600-pro-xt-m-2-nvme-ssd/
Red Tech,Storage,1TB T-FORCE M200 Drive Portable SSD,"LKR32,000.00",Out of Stock,https://redtech.lk/product/1tb-t-force-m200-drive-portable-ssd/
Red Tech,Storage,2TB WESTERN DIGITAL WD RED PLUS 3.5′′ SATA 3.0 Internal Desktop Hard Disk Drive,"LKR31,900.00",Out of Stock,https://redtech.lk/product/2tb-western-digital-wd-red-plus-3-5-sata-3-0-internal-desktop-hard-disk-drive/
Red Tech,Storage,1TB ADATA ULTIMATE SU800 M.2 SATA SSD,"LKR31,900.00",Out of Stock,https://redtech.lk/product/1tb-adata-ultimate-su800-2280-m-2-sata-ssd/
Red Tech,Storage,1TB CORSAIR EX100U Type-C Portable Solid-State Drive,"LKR31,500.00",Out of Stock,https://redtech.lk/product/1tb-corsair-ex100u-type-c-portable-solid-state-drive/
Red Tech,Storage,500GB SAMSUNG 980 PRO PCIe 4.0 NVME SSD,"LKR31,000.00",Out of Stock,https://redtech.lk/product/order-now-500gb-samsung-980-pro-pcie-4-0-nvme-ssd/
Red Tech,Storage,4TB WESTERN DIGITAL WD PURPLE 3.5′′ SATA 3.0 Internal Desktop Hard Disk Drive,"LKR30,500.00",Out of Stock,https://redtech.lk/product/4tb-western-digital-wd-purple-3-5-sata-3-0-internal-desktop-hard-disk-drive/
Red Tech,Storage,2TB Transcend – 25H3 Storejet USB 3.1 Portable Hard Drive,"LKR29,990.00",Out of Stock,https://redtech.lk/product/transcend-storejet-1-tb-25h3-usb-3-1-portable-hard-drive/
Red Tech,Storage,1TB ADATA XPG SX6000LNP LITE M.2 NVMe SSD,"LKR29,700.00",Out of Stock,https://redtech.lk/product/1tb-adata-xpg-sx6000lnp-lite-m-2-nvme-ssd/
Red Tech,Storage,1TB MSI Spatium M480 PRO PCIe 4.0 M.2 NVME SSD,"LKR28,500.00",Out of Stock,https://redtech.lk/product/1tb-msi-spatium-m480-pro-pcie-4-0-m-2-nvme-ssd/
Red Tech,Storage,500GB T-Force CARDER Z44L M.2 NVMe SSD,"LKR28,500.00",Out of Stock,https://redtech.lk/product/500gb-t-force-carder-z44l-nvme-m-2-ssd/
Red Tech,Storage,2TB ADATA – HD680 Durable USB 3.2 Portable External Hard Disk Drive,"LKR28,500.00",Out of Stock,https://redtech.lk/product/2tb-adata-hd680-durable-usb-3-2-portable-external-hard-drive/
Red Tech,Storage,1TB Transcend 115S PCIe 3×4 NVME SSD,"LKR27,940.00",Out of Stock,https://redtech.lk/product/1tb-transcend-115s-pcie-3x4-nvme-ssd/
Red Tech,Storage,480GB Corsair Force Series MP510 M.2 NVMe SSD,"LKR27,600.00",Out of Stock,https://redtech.lk/product/480mp510/
Red Tech,PSU,GAMDIAS HELIOS P1A-750G 750W 80+ Gold Certified Power Supply,"LKR25,500.00",In Stock,https://redtech.lk/product/gamdias-helios-p1a-750g-750w-80-gold-certified-power-supply/
Red Tech,PSU,ANTEC ATOM Series B650 650W 80+ Bronze Power Supply,"LKR17,500.00",In Stock,https://redtech.lk/product/antec-atom-series-b650-650w-power-supply/
Red Tech,PSU,ANTEC ATOM B550 550W Power Supply,"LKR15,525.00",In Stock,https://redtech.lk/product/antec-atom-series-b550-550w-power-supply/
Red Tech,PSU,GAMDIAS AURA GP650 650W Power Supply,"LKR13,500.00",In Stock,https://redtech.lk/product/gamdias-aura-gp650-650w-power-supply/
Red Tech,PSU,GAMDIAS AURA GP550 550W Power Supply,"LKR11,000.00",In Stock,https://redtech.lk/product/gamdias-aura-gp450-550w-power-supply/
Red Tech,PSU,ANTEC ATOM Series V450 450W Power Supply,"LKR10,200.00",In Stock,https://redtech.lk/product/antec-atom-series-v450-450w-power-supply/
Red Tech,PSU,ARMAGGEDDON VOLTRON 250W 80 PLUS Bronze Non-Modular Power Supply,"LKR4,800.00",In Stock,https://redtech.lk/product/armaggeddon-voltron-250w-80-plus-bronze-non-modular-power-supply/
Red Tech,PSU,Corsair AX1600I – 1600W 80+ Titanium Fully Modular High-Performance Power Supply,"LKR199,800.00",In Stock,https://redtech.lk/product/order-now-corsair-ax1600i-1600w-80-titanium-fully-modular-high-performance-power-supply/
Red Tech,PSU,GIGABYTE AORUS P1200W 80 Plus Platinum Certified Fully Modular Power Supply,"LKR145,000.00",In Stock,https://redtech.lk/product/order-now-gigabyte-aorus-p1200w-80-plus-platinum-certified-fully-modular-power-supply/
Red Tech,PSU,ASUS ROG THOR 1000P2 80 Plus Platinum Fully Modular high-performance Power Supply,"LKR129,000.00",In Stock,https://redtech.lk/product/orders-only-asus-rog-thor-1000p2-80-plus-platinum-fully-modular-high-performance-power-supply/
Red Tech,PSU,Corsair HXi Series HX1200i 1200W 80+ Platinum Fully Modular High-Performance Power Supply,"LKR119,000.00",In Stock,https://redtech.lk/product/corsair-hxi-series-hx1200i-1200w-80-platinum-fully-modular-high-performance-power-supply/
Red Tech,PSU,ANTEC HCG1200 Pro PCle 5.1 ATX3.1 80+ Platinum Full Modular Power Supply,"LKR84,500.00",In Stock,https://redtech.lk/product/antec-hcg1200-pro-pcle-5-1-atx3-1-80-platinum-full-modular-power-supply/
Red Tech,PSU,Corsair RMx Series RM1000x 1000W 80+ Gold Fully Modular Power Supply,"LKR74,000.00",In Stock,https://redtech.lk/product/corsair-rmx-series-rm1000x-1000w-80-gold-fully-modular-power-supply/
Red Tech,PSU,ANTEC HCG1000 Pro PCle 5 ATX3.1 80+ Platinum Full Modular Power Supply,"LKR73,900.00",In Stock,https://redtech.lk/product/antec-hcg1000-pro-pcle-5-atx3-1-80-platinum-full-modular-power-supply/
Red Tech,PSU,CORSAIR RMe Series RM1000E 1000W 80+ Gold Fully Modular Power Supply,"LKR67,500.00",In Stock,https://redtech.lk/product/order-now-corsair-rme-series-rm1000e-1000w-80-gold-fully-modular-power-supply/
Red Tech,PSU,MSI MAG A1000GL PCIe5 80+ Gold Certified  Fully Modular Power Supply,"LKR64,000.00",In Stock,https://redtech.lk/product/msi-mag-a1000gl-pcie5-80-gold-certified-fully-modular-power-supply/
Red Tech,PSU,NZXT C1200 80+ Gold – 1200W Fully Modular ATX Power Supply,"LKR57,500.00",In Stock,https://redtech.lk/product/nzxt-c1200-80-gold-1200w-fully-modular-atx-power-supply/
Red Tech,PSU,Silverstone ST1200-PTS 1200W 80+ Platinum Fully Modular Power Supply,"LKR55,300.00",In Stock,https://redtech.lk/product/silverstone-st1200-pts-1200w-80-platinum-fully-modular-power-supply/
Red Tech,PSU,Corsair RMx Series RM850x 850W 80+ Gold Fully Modular Power Supply,"LKR54,000.00",In Stock,https://redtech.lk/product/corsair-rmx-series-rm850x-850w-80-gold-fully-modular-power-supply/
Red Tech,PSU,CORSAIR RMe Series RM750E 750W 80+ Gold Fully Modular Power Supply,"LKR46,500.00",In Stock,https://redtech.lk/product/order-now-corsair-rme-series-rm750e-750w-80-gold-fully-modular-power-supply/
Red Tech,PSU,ANTEC SF850X 850W 80+ Gold Full Modular Power Supply – Black,"LKR45,000.00",In Stock,https://redtech.lk/product/antec-sf850x-850w-80-gold-full-modular-power-supply-black/
Red Tech,PSU,GIGABYTE AORUS P850W 80 Plus Gold Certified Fully Modular Power Supply,"LKR45,000.00",In Stock,https://redtech.lk/product/order-now-gigabyte-aorus-p850w-80-plus-gold-certified-fully-modular-power-supply/
Red Tech,PSU,Silverstone DA850R 850W 80+ Gold Fully Modular Power Supply,"LKR43,800.00",In Stock,https://redtech.lk/product/order-now-silverstone-da850r-850w-80-gold-fully-modular-power-supply/
Red Tech,PSU,GIGABYTE AORUS P750W 80 Plus Gold Certified Fully Modular Power Supply,"LKR42,000.00",In Stock,https://redtech.lk/product/order-now-gigabyte-aorus-p750w-80-plus-gold-certified-fully-modular-power-supply/
Red Tech,PSU,Thermaltake TOUGHPOWER GF 850W 80+ Gold Certified Fully Modular Power Supply,"LKR42,000.00",In Stock,https://redtech.lk/product/thermaltake-toughpower-gf-850w-80-gold-certified-power-supply/
Red Tech,PSU,Silverstone DA1000 Gold 1000W 80+ Gold certified Power Supply,"LKR41,500.00",In Stock,https://redtech.lk/product/order-now-silverstone-da1000-gold-1000w-80-gold-certified-power-supply/
Red Tech,PSU,MSI MAG A850GL 850W 80+ Gold Certified Fully Modular Power Supply,"LKR39,500.00",In Stock,https://redtech.lk/product/msi-mag-a850gl-850w-80-gold-certified-power-supply/
Red Tech,PSU,ASUS ROG STRIX 750G 80 Plus GOLD Certified Fully Modular Power Supply,"LKR39,500.00",In Stock,https://redtech.lk/product/asus-rog-strix-750g-80-plus-gold-certified-fully-modular-power-supply/
Red Tech,PSU,Silverstone DA750R 750W 80+ Gold Fully Modular Power Supply,"LKR39,000.00",In Stock,https://redtech.lk/product/order-now-silverstone-da750r-750w-80-gold-fully-modular-power-supply/
Red Tech,PSU,Thermaltake TOUGHPOWER GF 750W 80+ Gold Certified Fully Modular Power Supply,"LKR39,000.00",In Stock,https://redtech.lk/product/thermaltake-toughpower-gf-750w-80-gold-certified-power-supply/
Red Tech,PSU,MSI MAG A750GL 750W 80+ Gold Certified Fully Modular Power Supply,"LKR38,000.00",In Stock,https://redtech.lk/product/msi-mag-a750gl-750w-80-gold-certified-power-supply/
Red Tech,PSU,ANTEC GSK850 850W ATX3.1 80+ Gold Full Modular Power Supply,"LKR37,500.00",In Stock,https://redtech.lk/product/antec-gsk850-850w-atx3-1-80-gold-full-modular-power-supply/
Red Tech,PSU,GAMDIAS HELIOS P1A-850G 850W 80+ Gold Certified Power Supply,"LKR35,000.00",In Stock,https://redtech.lk/product/gamdias-helios-p1a-850g-850w-80-gold-certified-power-supply/
Red Tech,PSU,ANTEC GSK750 750W ATX3.1 80+ Gold Full Modular Power Supply,"LKR33,000.00",In Stock,https://redtech.lk/product/antec-gsk750-750w-atx3-1-80-gold-full-modular-power-supply/
Red Tech,PSU,ASUS TUF Gaming 650B 80 Plus Bronze Certified Power Supply,"LKR25,900.00",In Stock,https://redtech.lk/product/asus-tuf-gaming-650b-80-plus-bronze-certified-power-supply/
Red Tech,PSU,Corsair CX750 750W 80+ Bronze Certified Power Supply,"LKR25,500.00",In Stock,https://redtech.lk/product/corsair-cx750-750w-80-bronze-certified-power-supply/
Red Tech,PSU,ASUS TUF Gaming 550B 80 Plus Bronze Certified Power Supply,"LKR24,900.00",In Stock,https://redtech.lk/product/asus-tuf-gaming-550-b-550w-80-bronze-certified-power-supply/
Red Tech,PSU,ANTEC ATOM G750 750W ATX2.0 80+ Gold Semi Modular Power Supply,"LKR22,500.00",In Stock,https://redtech.lk/product/antec-atom-g750-750w-atx2-0-80-gold-semi-modular-power-supply/
Red Tech,PSU,Corsair CX650 650W 80+ Bronze Certified Power Supply,"LKR22,500.00",In Stock,https://redtech.lk/product/corsair-cx650-650w-80-bronze-certified-power-supply/
Red Tech,PSU,MSI MAG A650BN 650W 80+ Bronze Certified Power Supply,"LKR22,500.00",In Stock,https://redtech.lk/product/msi-mpg-a650bn-650w-80-bronze-certified-power-supply/
Red Tech,PSU,GAMDIAS KRATOS M1-600B 600W RGB 80+ Bronze Power Supply,"LKR21,500.00",In Stock,https://redtech.lk/product/gamdias-kratos-m1-600b-600w-rgb-80-bronze-power-supply/
Red Tech,PSU,MSI MAG A550BN 550W 80+ Bronze Certified Power Supply,"LKR20,000.00",In Stock,https://redtech.lk/product/msi-mag-a550bn-550w-80-bronze-certified-power-supply/
Red Tech,PSU,Corsair CX550 550W 80+ Bronze Certified Power Supply,"LKR19,500.00",In Stock,https://redtech.lk/product/corsair-cx550-550w-80-bronze-certified-power-supply/
Red Tech,PSU,GAMDIAS HELIOS M1-750B 750W 80+ Bronze Certified Power Supply,"LKR19,000.00",In Stock,https://redtech.lk/product/gamdias-helios-m1-750b-750w-80-bronze-certified-power-supply/
Red Tech,PSU,GAMDIAS HELIOS M1-650B 650W 80+ Bronze Certified Power Supply,"LKR18,000.00",In Stock,https://redtech.lk/product/gamdias-helios-m1-650b-650w-80-bronze-certified-power-supply/
Red Tech,PSU,GAMDIAS HELIOS M1-550B 550W 80+ Bronze Certified Power Supply,"LKR15,500.00",In Stock,https://redtech.lk/product/gamdias-helios-m1-550b-550w-80-bronze-certified-power-supply/
Red Tech,PSU,GAMDIAS AURA GP750 750W Power Supply,"LKR14,000.00",In Stock,https://redtech.lk/product/gamdias-aura-gp750-750w-power-supply/
Red Tech,PSU,GAMDIAS HELIOS M1-450B 450W 80+ Bronze Certified Power Supply,"LKR14,000.00",In Stock,https://redtech.lk/product/gamdias-helios-m1-450b-450w-80-bronze-certified-power-supply/
Red Tech,PSU,GAMDIAS AURA GP450 PRO 450W Power Supply,"LKR9,500.00",In Stock,https://redtech.lk/product/gamdias-aura-gp450-pro-450w-power-supply/
Red Tech,PSU,Corsair HX Series HX1200 1200W 80+ Platinum Fully Modular High-Performance Power Supply,"LKR102,500.00",Out of Stock,https://redtech.lk/product/corsair-hxi-series-hx1200-1200w-80-platinum-fully-modular-high-performance-power-supply/
Red Tech,PSU,DEEPCOOL PX1200G 1200W 80+ Gold Certified Fully Modular Power Supply,"LKR89,000.00",Out of Stock,https://redtech.lk/product/deepcool-px1200g-1200w-80-gold-certified-fully-modular-power-supply/
Red Tech,PSU,Silverstone ST1000-PT 1000W 80+ Platinum Fully Modular Power Supply,"LKR78,650.00",Out of Stock,https://redtech.lk/product/silverstone-st1000-pt-1000w-80-platinum-fully-modular-power-supply/
Red Tech,PSU,Cooler Master MWE 1050W V2 80 Plus White Certified Power Supply,"LKR75,900.00",Out of Stock,https://redtech.lk/product/cooler-master-mwe-1050w-v2-80-plus-white-certified-power-supply/
Red Tech,PSU,DEEPCOOL PX1000G 1000W 80+ Gold Certified Fully Modular Power Supply,"LKR75,000.00",Out of Stock,https://redtech.lk/product/deepcool-px1000g-1000w-80-gold-certified-fully-modular-power-supply/
Red Tech,PSU,ASUS ROG THOR 850P 80 Plus Platinum Fully Modular high-performance Power Supply,"LKR75,000.00",Out of Stock,https://redtech.lk/product/asus-rog-thor-850p-80-plus-platinum-fully-modular-high-performance-power-supply/
Red Tech,PSU,MSI MPG A1000G 1000W 80+ Gold Certified Fully Modular Power Supply,"LKR74,000.00",Out of Stock,https://redtech.lk/product/msi-mpg-a1000g-1000w-80-gold-certified-fully-modular-power-supply/
Red Tech,PSU,ASUS ROG STRIX 850G 80 Plus Gold Fully Modular high-performance Power Supply [White],"LKR69,500.00",Out of Stock,https://redtech.lk/product/orders-only-asus-rog-strix-850g-80-plus-gold-fully-modular-high-performance-power-supply-white/
Red Tech,PSU,Silverstone ST85F-PT 850W 80+ Platinum Power Supply,"LKR63,800.00",Out of Stock,https://redtech.lk/product/silverstone-st85f-pt-850w-80-platinum-modular-power-supply/
Red Tech,PSU,80 Plus Gold Certified Fully Modular Power Supply – UK,"LKR62,000.00",Out of Stock,https://redtech.lk/product/order-now-nzxt-c1200-1200w-80-plus-gold-certified-fully-modular-power-supply-uk/
Red Tech,PSU,Silverstone ST1500-GS 1500W 80+ Gold Fully Modular Power Supply,"LKR59,800.00",Out of Stock,https://redtech.lk/product/order-now-silverstone-st1500-gs-1500w-80-gold-fully-modular-power-supply/
Red Tech,PSU,ANTEC SP 1300 PLATINUM 80+ Platinum Certified Full Modular Power Supply,"LKR59,000.00",Out of Stock,https://redtech.lk/product/antec-sp-1300-platinum-80-platinum-certified-full-modular-power-supply/
Red Tech,PSU,ANTEC HCG1000 80+ Gold-certified Power Supply,"LKR59,000.00",Out of Stock,https://redtech.lk/product/antec-hcg1000-80-gold-certified-power-supply/
Red Tech,PSU,ANTEC HIGH CURRENT GAMER EXTREME 1000W 80 Plus Gold Full Modular Power Supply,"LKR59,000.00",Out of Stock,https://redtech.lk/product/antec-high-current-gamer-extreme-1000w-80-plus-gold-full-modular-power-supply/
Red Tech,PSU,ANTEC SIGNATURE 1300W 80 Plus Platinum Full Modular Power Supply,"LKR59,000.00",Out of Stock,https://redtech.lk/product/antec-signature-1300w-80-plus-platinum-full-modular-power-supply/
Red Tech,PSU,Silverstone ST75F-PT 750W 80+ Platinum Modular  Power Supply,"LKR54,650.00",Out of Stock,https://redtech.lk/product/silverstone-st75f-pt-750w-80-platinum-modular-power-supply/
Red Tech,PSU,NZXT C1000 80+ Gold – 1000W Gold Fully Modular ATX Power Supply,"LKR53,000.00",Out of Stock,https://redtech.lk/product/order-now-nzxt-c1000-80-gold-1000w-gold-fully-modular-atx-power-supply/
Red Tech,PSU,Corsair HXi Series HX1000 1000W 80+ Platinum Fully Modular High-Performance Power Supply,"LKR49,900.00",Out of Stock,https://redtech.lk/product/corsair-hxi-series-hx1000-1000w-80-platinum-fully-modular-high-performance-power-supply/
Red Tech,PSU,CORSAIR RM Series RM850 – 850W 80+ Gold Fully Modular Power Supply,"LKR49,000.00",Out of Stock,https://redtech.lk/product/corsair-rmx-series-rm850-850w-80-gold-fully-modular-power-supply/
Red Tech,PSU,Silverstone DA850 850W 80+ Gold Fully Modular Power Supply,"LKR48,100.00",Out of Stock,https://redtech.lk/product/silverstone-da850-850w-80-gold-fully-modular-power-supply/
Red Tech,PSU,CORSAIR RMe Series RM850E – 850W 80+ Gold Fully Modular Power Supply,"LKR46,000.00",Out of Stock,https://redtech.lk/product/order-now-corsair-rme-series-rm850e-850w-80-gold-fully-modular-power-supply/
Red Tech,PSU,ANTEC NEOECO 850G 80 Plus Gold Power Supply – White,"LKR44,275.00",Out of Stock,https://redtech.lk/product/antec-neg850w-gold-power-supply-white/
Red Tech,PSU,Silverstone ST65F-PT 650W 80+ Platinum Power Supply,"LKR43,150.00",Out of Stock,https://redtech.lk/product/silverstone-st65f-pt-850w-80-platinum-modular-power-supply/
Red Tech,PSU,NZXT C850  850w 80 Plus Gold Certified Fully Modular Power Supply (UK),"LKR42,000.00",Out of Stock,https://redtech.lk/product/order-now-nzxt-c850-850w-80-plus-gold-certified-fully-modular-power-supply-uk/
Red Tech,PSU,NZXT C750 80+ Gold – 750W Gold Fully Modular ATX Power Supply (UK),"LKR41,000.00",Out of Stock,https://redtech.lk/product/nzxt-c750-80-gold-750w-gold-fully-modular-atx-power-supply/
Red Tech,PSU,NZXT C650 80+ Gold Certified Power Supply (UK),"LKR39,500.00",Out of Stock,https://redtech.lk/product/nzxt-c650-80-gold-certified-power-supply-uk/
Red Tech,PSU,ADATA XPG CORE REACTOR 850W 80 Plus Gold Power Supply,"LKR38,750.00",Out of Stock,https://redtech.lk/product/adata-xpg-core-reactor-850w-80-plus-gold-power-supply/
Red Tech,PSU,DEEPCOOL PM850D 850W 80+ Gold Certified Power Supply,"LKR38,000.00",Out of Stock,https://redtech.lk/product/deepcool-pm850d-850w-80-gold-certified-power-supply/
Red Tech,PSU,Corsair RM Series RM750 750W 80+ Gold Fully Modular Power Supply,"LKR38,000.00",Out of Stock,https://redtech.lk/product/corsair-rmx-series-rm750x-750w-80-gold-fully-modular-power-supply/
Red Tech,PSU,Seasonic FOCUS Plus 850W 80+ Gold  Full Modular Power supply,"LKR36,900.00",Out of Stock,https://redtech.lk/product/seasonic-focus-plus-850w-80-gold-full-modular-power-supply/
Red Tech,PSU,ANTEC NEG750W 80+ Gold Power Supply,"LKR36,000.00",Out of Stock,https://redtech.lk/product/antec-neg750w-80-gold-power-supply/
Red Tech,PSU,MSI MPG A750GF 750W 80+ Gold Certified Power Supply,"LKR36,000.00",Out of Stock,https://redtech.lk/product/msi-mpg-a750gf-750w-80-gold-certified-power-supply/
Red Tech,PSU,Lian Li SP750 GOLD 80 plus Fully Modular Power Supply,"LKR35,000.00",Out of Stock,https://redtech.lk/product/lian-li-sp750-gold-80-plus-fully-modular-power-supply/
Red Tech,PSU,ANTEC NEOECO 750G 750W 80 Plus Gold Modular Power Supply,"LKR33,500.00",Out of Stock,https://redtech.lk/product/antec-neoeco-750g-750w-80-plus-gold-modular-power-supply/
Red Tech,PSU,DEEPCOOL PM750D 750W 80+ Gold Certified Power Supply,"LKR33,000.00",Out of Stock,https://redtech.lk/product/deepcool-pm750d-750w-80-gold-certified-power-supply/
Red Tech,PSU,MSI MPG A850GF 850W 80+ Gold Certified Power Supply,"LKR33,000.00",Out of Stock,https://redtech.lk/product/msi-mpg-a850gf-850w-80-gold-certified-power-supply/
Red Tech,PSU,Corsair TX-M Series TX650M 650W 80+ Gold Certified Semi Modular Power Supply,"LKR32,500.00",Out of Stock,https://redtech.lk/product/corsair-tx-m-series-tx650m-650w-80-gold-certified-semi-modular-power-supply/
Red Tech,PSU,Silverstone ST75F-GS 750W 80+ Gold certified Modular Power Supply,"LKR32,400.00",Out of Stock,https://redtech.lk/product/silverstone-st75f-gs-750w-80-gold-certified-modular-power-supply/
Red Tech,PSU,ANTEC NEOECO 850G 850W 80 Plus Gold Modular Power Supply,"LKR32,000.00",Out of Stock,https://redtech.lk/product/antec-neoeco-850g-850w-80-plus-gold-modular-power-supply/
Red Tech,PSU,MSI MPG A650GF 650W 80+ Gold Certified Power Supply,"LKR32,000.00",Out of Stock,https://redtech.lk/product/msi-mpg-a650gf-650w-80-gold-certified-power-supply/
Red Tech,PSU,Cooler Master MWE 650W V2 80 Plus Bronze Certified Power Supply,"LKR30,000.00",Out of Stock,https://redtech.lk/product/cooler-master-mwe-650w-v2-80-plus-bronze-certified-power-supply/
Red Tech,PSU,Silverstone VA750-G 750W 80+ Gold certified Power Supply,"LKR29,950.00",Out of Stock,https://redtech.lk/product/silverstone-va750-g-750w-80-gold-certified-power-supply/
Red Tech,PSU,Silverstone VIVA650 650W 80+ Gold Power Supply,"LKR29,400.00",Out of Stock,https://redtech.lk/product/order-now-silverstone-viva650-650w-80-gold-power-supply/
Red Tech,PSU,Silverstone VA750-B 750W 80+ Bronze certified Power Supply,"LKR29,350.00",Out of Stock,https://redtech.lk/product/silverstone-va750-b-750w-80-bronze-certified-power-supply/
Red Tech,PSU,ANTEC NEOECO 650G 650W 80 Plus Gold Modular Power Supply,"LKR29,000.00",Out of Stock,https://redtech.lk/product/antec-neoeco-650g-650w-80-plus-gold-modular-power-supply/
Red Tech,PSU,Corsair RM Series RM650 650W 80+ Gold Fully Modular Power Supply,"LKR27,500.00",Out of Stock,https://redtech.lk/product/corsair-rm-series-rm650-650w-80-gold-fully-modular-power-supply/
Red Tech,PSU,Silverstone VA650-G 650W 80+ Gold certified Power Supply,"LKR26,900.00",Out of Stock,https://redtech.lk/product/silverstone-va650-650w-80-gold-certified-modular-power-supply/
Red Tech,Casing,NZXT H9 Elite Edition RGB ATX Mid Tower Premium Case – White,"LKR49,500.00",In Stock,https://redtech.lk/product/order-now-nzxt-h9-elite-edition-rgb-atx-mid-tower-premium-case-white/
Red Tech,Casing,NZXT H9 Elite Edition RGB ATX Mid Tower Premium Case – Black,"LKR49,500.00",In Stock,https://redtech.lk/product/order-now-nzxt-h9-elite-edition-rgb-atx-mid-tower-premium-case-black/
Red Tech,Casing,ANTEC Striker Mini ITX PC Case,"LKR49,000.00",In Stock,https://redtech.lk/product/antec-striker-mini-itx-pc-case/
Red Tech,Casing,Raidmax Infinita i630 ARGB Panoramic Curved Glass Mid-Tower Gaming Case,"LKR31,000.00",In Stock,https://redtech.lk/product/raidmax-infinita-i630-argb-panoramic-curved-glass-mid-tower-gaming-case/
Red Tech,Casing,DRAGON M-ATX Gaming PC Case  – Black & Red,"LKR21,720.00",In Stock,https://redtech.lk/product/dragon-m-atx-gaming-pc-case-black-red/
Red Tech,Casing,Gamdias Talos M3 ARGB Mid-Tower Gaming Case,"LKR21,500.00",In Stock,https://redtech.lk/product/gamdias-talos-m3-argb-mid-tower-gaming-case/
Red Tech,Casing,Gamdias Athena M3 ARGB Mid-Tower Gaming Case,"LKR18,500.00",In Stock,https://redtech.lk/product/gamdias-athena-m3-argb-mid-tower-gaming-case/
Red Tech,Casing,ANTEC AX20 Mid Tower Gaming PC Case with 3x Fixed RGB System Fans,"LKR11,700.00",In Stock,https://redtech.lk/product/antec-ax20-argb-mid-tower-gaming-pc-case-black/
Red Tech,Casing,ARMAGGEDDON TRITRON PRO 100 Gaming PC Case – Black,"LKR10,860.00",In Stock,https://redtech.lk/product/armaggeddon-tritron-pro-100-gaming-pc-case-black/
Red Tech,Casing,ARMAGGEDDON NIMITZ N5 Aurora Gaming PC Case – White,"LKR10,300.00",In Stock,https://redtech.lk/product/armaggeddon-nimitz-n5-aurora-gaming-pc-case-white/
Red Tech,Casing,ARMAGGEDDON AQUARON Gaming PC Case – Black,"LKR8,570.00",In Stock,https://redtech.lk/product/armaggeddon-aquaron-gaming-pc-case-black/
Red Tech,Casing,ALCATROZ AZZURA MILLENIA M800 Pro PC Case – Black,"LKR8,340.00",In Stock,https://redtech.lk/product/alcatroz-azzura-millenia-m800-pro-pc-case-black/
Red Tech,Casing,ALCATROZ AZZURA MILLENIA M900 PC Case – Black,"LKR6,360.00",In Stock,https://redtech.lk/product/alcatroz-azzura-millenia-m900-pc-case-black/
Red Tech,Casing,Alcatroz Azzura Millenia M100 Mid-Tower Case,"LKR6,360.00",In Stock,https://redtech.lk/product/alcatroz-azzura-millenia-m100-mid-tower-case/
Red Tech,Casing,SOEYI U620 Gaming Computer Case – White,LKR0.00,In Stock,https://redtech.lk/product/soeyi-u620-gaming-computer-case-white/
Red Tech,Casing,ASUS ROG Hyperion GR701 Gaming Computer Case – White,"LKR165,000.00",In Stock,https://redtech.lk/product/asus-rog-hyperion-gr701-gaming-computer-case-white/
Red Tech,Casing,ASUS ROG Hyperion GR701 Full-Tower Gaming Case,"LKR159,500.00",In Stock,https://redtech.lk/product/asus-rog-hyperion-gr701-full-tower-gaming-case/
Red Tech,Casing,CORSAIR 1000D OBSIDIAN Series Super-Tower Gaming Case – Black,"LKR154,000.00",In Stock,https://redtech.lk/product/corsair-1000d-obsidian-series-super-tower-gaming-case-black/
Red Tech,Casing,CORSAIR ICUE 7000X RGB Tempered Glass FULL-TOWER ATX Case – White,"LKR127,500.00",In Stock,https://redtech.lk/product/corsair-icue-7000x-rgb-tempered-glass-full-tower-atx-case-white/
Red Tech,Casing,ASUS ROG Strix GX601 Gaming Computer Case – White,"LKR119,000.00",In Stock,https://redtech.lk/product/asus-rog-strix-gx601-gaming-computer-case-white/
Red Tech,Casing,CORSAIR Crystal Series 680X RGB ATX High Airflow Tempered Glass Smart Full ATX Gaming PC Case – White,"LKR114,000.00",In Stock,https://redtech.lk/product/corsair-crystal-series-680x-rgb-atx-high-airflow-tempered-glass-smart-full-atx-gaming-pc-case-white/
Red Tech,Casing,ASUS GX601 ROG STRIX Helios ARGB PC Case,"LKR106,800.00",In Stock,https://redtech.lk/product/asus-rog-strix-helios-rgb-gaming-pc-case/
Red Tech,Casing,CORSAIR ICUE 5000T RGB Glass Mid Tower ATX White Case,"LKR92,000.00",In Stock,https://redtech.lk/product/corsair-icue-5000t-rgb-glass-mid-tower-atx-white-case/
Red Tech,Casing,CORSAIR ICUE 5000T RGB Glass Mid Tower ATX Black Case,"LKR92,000.00",In Stock,https://redtech.lk/product/corsair-icue-5000t-rgb-glass-mid-tower-atx-black-case/
Red Tech,Casing,Corsair 6500X Mid-Tower Dual Chamber Case – White,"LKR67,000.00",In Stock,https://redtech.lk/product/corsair-6500x-mid-tower-dual-chamber-case-black/
Red Tech,Casing,Corsair 6500X Mid-Tower Dual Chamber Case – Black,"LKR67,000.00",In Stock,https://redtech.lk/product/corsair-6500x-mid-tower-dual-chamber-case-black-2/
Red Tech,Casing,CORSAIR ICUE 5000X RGB Tempered Glass Mid-Tower ATX PC Smart Case – White,"LKR59,500.00",In Stock,https://redtech.lk/product/corsair-icue-5000x-rgb-tempered-glass-mid-tower-atx-pc-smart-case-white/
Red Tech,Casing,Corsair ICUE 5000X RGB Tempered Glass Mid-Tower ATX PC Smart Case – Black,"LKR59,500.00",In Stock,https://redtech.lk/product/corsair-icue-5000x-rgb-tempered-glass-mid-tower-atx-pc-smart-case-black/
Red Tech,Casing,ASUS TUF Gaming GT502 Mid-Tower Gaming Case,"LKR54,000.00",In Stock,https://redtech.lk/product/order-now-asus-tuf-gaming-gt502-mid-tower-gaming-case/
Red Tech,Casing,Corsair 2500X Mid-Tower Dual Chamber Case – Black,"LKR50,000.00",In Stock,https://redtech.lk/product/corsair-2500x-mid-tower-dual-chamber-case-black/
Red Tech,Casing,Corsair 2500X Mid-Tower Dual Chamber Case – White,"LKR50,000.00",In Stock,https://redtech.lk/product/corsair-2500x-mid-tower-dual-chamber-case-white/
Red Tech,Casing,CORSAIR 5000D Tempered Glass MID-Tower ATX Case,"LKR49,000.00",In Stock,https://redtech.lk/product/corsair-5000d-tempered-glass-mid-tower-atx-case/
Red Tech,Casing,ASUS TUF GT501 RGB  Mid-Tower Gaming Case,"LKR48,900.00",In Stock,https://redtech.lk/product/asus-tuf-gt501-rgb-gaming-case/
Red Tech,Casing,CORSAIR 4000D RGB AIRFLOW Mid-Tower ATX Case,"LKR29,000.00–LKR48,000.00Price range: LKR 29,000.00 through LKR 48,000.00",In Stock,https://redtech.lk/product/corsair-4000d-rgb-airflow-mid-tower-atx-case/
Red Tech,Casing,NZXT H6 Flow RGB ATX Compact Dual-Chamber Mid-Tower Airflow Case,"LKR27,900.00–LKR47,500.00Price range: LKR 27,900.00 through LKR 47,500.00",In Stock,https://redtech.lk/product/nzxt-h6-flow-rgb-atx-compact-dual-chamber-mid-tower-airflow-case/
Red Tech,Casing,NZXT H9 Flow Edition ATX Mid Tower Premium Case – Black,"LKR46,500.00",In Stock,https://redtech.lk/product/order-now-nzxt-h9-flow-edition-atx-mid-tower-premium-case-black/
Red Tech,Casing,NZXT H9 Flow Edition ATX Mid Tower Premium Case – White,"LKR46,500.00",In Stock,https://redtech.lk/product/order-now-nzxt-h9-flow-edition-atx-mid-tower-premium-case-white/
Red Tech,Casing,NZXT H7 Flow Edition (2024) ATX Mid Tower Case – White,"LKR45,500.00",In Stock,https://redtech.lk/product/nzxt-h7-flow-edition-2024-atx-mid-tower-case-white/
Red Tech,Casing,Corsair ICUE 4000X RGB Tempered Glass Mid-Tower ATX PC Smart Case – Black,"LKR43,500.00",In Stock,https://redtech.lk/product/corsair-icue-4000x-rgb-tempered-glass-mid-tower-atx-pc-smart-case-black/
Red Tech,Casing,MSI MAG PANO M100R PZ Gaming PC Case – Black,"LKR38,000.00",In Stock,https://redtech.lk/product/msi-mag-pano-m100r-pz-gaming-pc-case/
Red Tech,Casing,CORSAIR 3000D RGB AIRFLOW Mid-Tower ATX Case,"LKR38,000.00",In Stock,https://redtech.lk/product/corsair-3000d-airflow-mid-tower-atx-case/
Red Tech,Casing,Corsair 3500X ARGB Mid-Tower Case – Black,"LKR36,500.00",In Stock,https://redtech.lk/product/order-now-corsair-3500x-argb-mid-tower-case-black/
Red Tech,Casing,Corsair 3500X ARGB Mid-Tower Case – White,"LKR35,000.00",In Stock,https://redtech.lk/product/order-now-corsair-3500x-argb-mid-tower-case-white/
Red Tech,Casing,MSI MPG VELOX 100R Gaming PC Case,"LKR34,500.00",In Stock,https://redtech.lk/product/msi-mpg-velox-100r-gaming-pc-case/
Red Tech,Casing,NZXT H5 Elite Edition RGB ATX Mid Tower Case – White,"LKR32,500.00",In Stock,https://redtech.lk/product/order-now-nzxt-h5-flow-rgb-edition-atx-mid-tower-case-white-2/
Red Tech,Casing,NZXT H5 Flow RGB Edition ATX Mid Tower Case – White,"LKR32,000.00",In Stock,https://redtech.lk/product/order-now-nzxt-h5-flow-rgb-edition-atx-mid-tower-case-white/
Red Tech,Casing,NZXT H5 Flow Edition (2024) ATX Mid Tower Case – White,"LKR31,000.00",In Stock,https://redtech.lk/product/nzxt-h5-flow-edition-2024-atx-mid-tower-case-white/
Red Tech,Casing,NZXT H5 Flow Edition (2024) ATX Mid Tower Case – Black,"LKR31,000.00",In Stock,https://redtech.lk/product/nzxt-h5-flow-edition-2024-atx-mid-tower-case-black/
Red Tech,Casing,ASUS TUF Gaming GT301 RGB Gaming Case,"LKR30,500.00",In Stock,https://redtech.lk/product/asus-tuf-gaming-gt301-rgb-gaming-case/
Red Tech,Casing,CORSAIR 3000D Non-RGB AIRFLOW Mid-Tower ATX Case,"LKR27,000.00",In Stock,https://redtech.lk/product/corsair-3000d-non-rgb-airflow-mid-tower-atx-case/
Red Tech,Casing,Cooler Master MasterCase MB511 RGB Casing,"LKR23,800.00",In Stock,https://redtech.lk/product/cooler-master-mastercase-mb511-rgb-casing/
Red Tech,Casing,REDRAGON GC-MB211 Gaming Casing,"LKR23,650.00",In Stock,https://redtech.lk/product/redragon-gc-mb211-gaming-casing/
Red Tech,Casing,NZXT H3 Flow Edition (2025) ATX Mid Tower Case – White,"LKR23,000.00",In Stock,https://redtech.lk/product/nzxt-h3-flow-edition-2025-atx-mid-tower-case-white/
Red Tech,Casing,NZXT H3 Flow Edition (2025) ATX Mid Tower Case – Black,"LKR23,000.00",In Stock,https://redtech.lk/product/nzxt-h3-flow-edition-2025-atx-mid-tower-case-black/
Red Tech,Casing,Raidmax Infinita i610 ARGB Dual Chamber Mid-Tower Gaming Case,"LKR22,000.00",In Stock,https://redtech.lk/product/raidmax-infinita-i610-argb-dual-chamber-mid-tower-gaming-case/
Red Tech,Casing,Cooler master CMP 510 RGB Gaming PC Case,"LKR22,000.00",In Stock,https://redtech.lk/product/cooler-master-cmp510-argb-gaming-pc-case/
Red Tech,Casing,GAMDIAS TALOS E3 MESH MID-TOWER Gaming Case,"LKR21,500.00",In Stock,https://redtech.lk/product/gamdias-talos-e3-mesh-mid-tower-gaming-case/
Red Tech,Casing,NZXT H5 Flow Edition ATX Mid Tower Case – White,"LKR21,500.00",In Stock,https://redtech.lk/product/order-now-nzxt-h5-flow-edition-atx-mid-tower-case-white/
Red Tech,Casing,MSI MAG FORGE 100R Gaming PC Case,"LKR20,500.00",In Stock,https://redtech.lk/product/msi-mag-forge-100r-gaming-pc-case/
Red Tech,Casing,Raidmax Infinita i800 ARGB Mid-Tower Gaming Case – White,"LKR20,000.00",In Stock,https://redtech.lk/product/raidmax-infinita-i800-argb-mid-tower-gaming-case-white/
Red Tech,Casing,RAIDMAX X922 MESHIAN Mid-Tower ARGB Gaming PC Case,"LKR20,000.00",In Stock,https://redtech.lk/product/raidmax-x922-meshian-mid-tower-rgb-gaming-pc-case/
Red Tech,Casing,ARMAGGEDDON NIMITZ TR 5000 BLACK Gaming PC Case,"LKR19,920.00",In Stock,https://redtech.lk/product/armaggeddon-nimitz-tr-5000-black-gaming-pc-case/
Red Tech,Casing,Raidmax Infinita i800 ARGB Mid-Tower Gaming Case  – Black,"LKR17,000.00",In Stock,https://redtech.lk/product/raidmax-infinita-i800-argb-mid-tower-gaming-case/
Red Tech,Casing,MSI MAG FORGE M100A RGB Gaming PC Case,"LKR14,500.00",In Stock,https://redtech.lk/product/msi-mag-forge-m100a-gaming-pc-case/
Red Tech,Casing,ARMAGGEDDON TRITRON 1 Gaming PC Case – White,"LKR11,180.00",In Stock,https://redtech.lk/product/armaggeddon-tritron-1-gaming-pc-case-white/
Red Tech,Casing,ARMAGGEDDON TRITRON 3 Gaming PC Case – Black,"LKR10,500.00",In Stock,https://redtech.lk/product/armaggeddon-tritron-3-gaming-pc-case-black/
Red Tech,Casing,ARMAGGEDDON TRITRON 2 Gaming PC Case – Black,"LKR10,500.00",In Stock,https://redtech.lk/product/armaggeddon-tritron-2-gaming-pc-case-black/
Red Tech,Casing,ARMAGGEDDON TRITRON 1 Gaming PC Case – Black,"LKR9,990.00",In Stock,https://redtech.lk/product/armaggeddon-tritron-1-gaming-pc-case-black/
Red Tech,Casing,ARMAGGEDDON NIMITZ N5 Aurora Gaming PC Case,"LKR9,650.00",In Stock,https://redtech.lk/product/armaggeddon-nimitz-n5-aurora-gaming-pc-case/
Red Tech,Casing,ALCATROZ AZZURA COMPACTO PRO 1 RGB PC Case – Black,"LKR7,500.00",In Stock,https://redtech.lk/product/alcatroz-azzura-compacto-pro-1-rgb-pc-case-black/
Red Tech,Casing,ALCATROZ AZZURA MILLENIA AIR 1 RGB PC Case – Black,"LKR7,440.00",In Stock,https://redtech.lk/product/alcatroz-azzura-millenia-air-1-rgb-pc-case-black/
Red Tech,Casing,ALCATROZ AZZURA MILLENIA AIR 2 RGB PC Case – Black,"LKR7,440.00",In Stock,https://redtech.lk/product/alcatroz-azzura-millenia-air-2-rgb-pc-case-black/
Red Tech,Casing,CORSAIR ICUE 7000X RGB Tempered Glass FULL-TOWER ATX Case – Black,"LKR125,500.00",Out of Stock,https://redtech.lk/product/corsair-icue-7000x-rgb-tempered-glass-full-tower-atx-case-black/
Red Tech,Casing,ANTEC TORQUE BLACK/RED Open Air Gaming Case,"LKR99,900.00",Out of Stock,https://redtech.lk/product/antec-torque-black-red-open-air-gaming-case/
Red Tech,Casing,ANTEC TORQUE Open Air case – Black| White,"LKR99,000.00",Out of Stock,https://redtech.lk/product/antec-torque-open-air-case-black-white/
Red Tech,Casing,CORSAIR 7000D AIRFLOW TEMPERED GLASS Full-TOWER ATX CASE – BLACK,"LKR88,500.00",Out of Stock,https://redtech.lk/product/corsair-7000d-airflow-tempered-glass-full-tower-atx-case-black/
Red Tech,Casing,GIGABYTE AORUS C500 Glass Mid Tower Gaming Case,"LKR85,000.00",Out of Stock,https://redtech.lk/product/gigabyte-aorus-c500-glass-mid-tower-gaming-case/
Red Tech,Casing,Lian Li 011 Dynamic RAZER Edition Gaming PC Case – Black,"LKR59,000.00",Out of Stock,https://redtech.lk/product/lian-li-011-dynamic-razer-edition-gaming-pc-case-black/
Red Tech,Casing,NZXT H710 Mid Tower Gaming PC Case | Black,"LKR53,500.00",Out of Stock,https://redtech.lk/product/order-now-nzxt-h710-mid-tower-gaming-pc-case-black/
Red Tech,Casing,Thermaltake View 51 TG ARGB Tempered Glass Edition Gaming PC Case,"LKR52,000.00",Out of Stock,https://redtech.lk/product/thermaltake-view-51-tg-argb-tempered-glass-edition-gaming-pc-case/
Red Tech,Casing,Thermaltake Core P5 TG Ti Tempered Glass Edition Gaming PC Case (Black),"LKR51,600.00",Out of Stock,https://redtech.lk/product/thermaltake-core-p5-tg-ti-tempered-glass-edition-gaming-pc-case-black/
Red Tech,Casing,CORSAIR 5000D Airflow MID-Tower ATX Case – White,"LKR51,500.00",Out of Stock,https://redtech.lk/product/corsair-5000d-airflow-mid-tower-atx-case-white/
Red Tech,Casing,CORSAIR 5000D Airflow MID-Tower ATX Case – Black,"LKR51,500.00",Out of Stock,https://redtech.lk/product/corsair-5000d-airflow-mid-tower-atx-case-black/
Red Tech,Casing,NZXT H7 Elite Edition ATX Mid Tower Case – White,"LKR51,000.00",Out of Stock,https://redtech.lk/product/order-now-nzxt-h7-elite-edition-atx-mid-tower-case-white/
Red Tech,Casing,NZXT H710 Mid Tower Gaming PC Case | Black,"LKR50,000.00",Out of Stock,https://redtech.lk/product/nzxt-h710-mid-tower-gaming-pc-case-black/
Red Tech,Casing,NZXT H7 Flow RGB Edition ATX Mid Tower Case – Black,"LKR49,000.00",Out of Stock,https://redtech.lk/product/order-now-nzxt-h7-flow-rgb-edition-atx-mid-tower-case-black-2/
Red Tech,Casing,Thermaltake AH T600 ARGB Apache Helicopter Tempered Glass Edition Gaming PC Case (Black),"LKR49,000.00",Out of Stock,https://redtech.lk/product/thermaltake-ah-t600-argb-tempered-glass-edition-gaming-pc-case-black/
Red Tech,Casing,Lian Li 011 Dynamic EVO Gaming PC Case – Black,"LKR48,000.00",Out of Stock,https://redtech.lk/product/lian-li-011-dynamic-evo-gaming-pc-case-black/
Red Tech,Casing,NZXT H5 Elite Edition RGB ATX Mid Tower Case – Black,"LKR45,000.00",Out of Stock,https://redtech.lk/product/order-now-nzxt-h5-elite-edition-rgb-atx-mid-tower-case-black/
Red Tech,Casing,Cooler Master MasterCase H500P ARGB Gaming PC Case,"LKR44,500.00",Out of Stock,https://redtech.lk/product/coolermaster-mastercase-h500p-casing/
Red Tech,Casing,ASUS TUF GT501 White RGB  Mid-Tower Gaming Case,"LKR44,000.00",Out of Stock,https://redtech.lk/product/asus-tuf-gt501-white-rgb-mid-tower-gaming-case/
Red Tech,Casing,NZXT H7 Flow RGB Edition ATX Mid Tower Case – White,"LKR41,000.00",Out of Stock,https://redtech.lk/product/order-now-nzxt-h7-flow-rgb-edition-atx-mid-tower-case-black/
Red Tech,Casing,NZXT H7 Flow Edition ATX Mid Tower Case – White,"LKR39,000.00",Out of Stock,https://redtech.lk/product/order-now-nzxt-h7-flow-edition-atx-mid-tower-case-white/
Red Tech,Casing,NZXT H7 Flow Edition ATX Mid Tower Case – Black + White,"LKR39,000.00",Out of Stock,https://redtech.lk/product/order-now-nzxt-h7-flow-edition-atx-mid-tower-case-black-white/
Red Tech,Casing,NZXT H7 Elite Edition ATX Mid Tower Case – Black,"LKR36,960.00",Out of Stock,https://redtech.lk/product/order-now-nzxt-h7-elite-edition-atx-mid-tower-case-black/
Red Tech,Casing,NZXT H5 Flow RGB Edition ATX Mid Tower Case – Black,"LKR36,500.00",Out of Stock,https://redtech.lk/product/order-now-nzxt-h5-flow-rgb-edition-atx-mid-tower-case-black/
Red Tech,Cooler,Corsair H55 RGB  120mm CPU Liquid Cooler,"LKR29,000.00",In Stock,https://redtech.lk/product/corsair-h55-rgb-120mm-cpu-liquid-cooler/
Red Tech,Cooler,GAMDIAS AURA GL360 Digital ARGB 360mm CPU Liquid Cooler,"LKR26,000.00",In Stock,https://redtech.lk/product/gamdias-aura-gl360-digital-argb-360mm-cpu-liquid-cooler/
Red Tech,Cooler,ANTEC SYMPHONY 240 ARGB AIO Liquid CPU Cooler – 240mm,"LKR21,600.00",In Stock,https://redtech.lk/product/antec-symphony-240-argb-aio-liquid-cpu-cooler-240mm/
Red Tech,Cooler,MSI MAG COREFROZR AA13 120mm ARGB CPU Air Cooler – Black,"LKR14,000.00",In Stock,https://redtech.lk/product/msi-mag-corefrozr-aa13-120mm-argb-cpu-air-cooler-black/
Red Tech,Cooler,Gamdias AETHER M1-7301 Laptop Cooling Pad (3x120mm),"LKR8,500.00",In Stock,https://redtech.lk/product/gamdias-aether-m1-7301-laptop-cooling-pad-3x120mm/
Red Tech,Cooler,Gamdias AETHER E1-7301 Laptop Cooling Pad (3x120mm),"LKR6,750.00",In Stock,https://redtech.lk/product/gamdias-aether-e1-7301-laptop-cooling-pad-3x120mm/
Red Tech,Cooler,S500 USB Gaming Cooler Pad,"LKR6,250.00",In Stock,https://redtech.lk/product/s500-usb-gaming-cooler-pad/
Red Tech,Cooler,AMD RYZEN Wraith Stealth Stock CPU Fan (Brand New),"LKR5,900.00",In Stock,https://redtech.lk/product/amd-ryzen-wraith-stealth-stock-cpu-fan-brand-new/
Red Tech,Cooler,Armaggeddon Blizzard 1 RGB AIO CPU Air COOLER,"LKR4,680.00",In Stock,https://redtech.lk/product/armaggeddon-blizzard-1-rgb-aio-cpu-air-cooler/
Red Tech,Cooler,MIKUSO NCP-235 Laptop NoteBook Cooling Pad -160mm,"LKR3,290.00",In Stock,https://redtech.lk/product/mikuso-ncp-235-laptop-notebook-cooling-pad-160mm/
Red Tech,Cooler,X3 Dual Fans USB Laptop Cooling Pad,"LKR3,200.00",In Stock,https://redtech.lk/product/x3-dual-fans-usb-laptop-cooling-pad/
Red Tech,Cooler,ARMAGGEDDON INFINEON LOOP RGB System Fan – 120mm,"LKR2,950.00",In Stock,https://redtech.lk/product/armaggeddon-infineon-loop-argb-system-fan/
Red Tech,Cooler,ARMAGGEDDON NEURON GALAXY SFX – Multi-Color System Fan – 120mm,"LKR2,900.00",In Stock,https://redtech.lk/product/armaggeddon-neuron-galaxy-sfx-system-fan-120mm/
Red Tech,Cooler,Notepal ErgoStand NB339 – M25 Laptop Cooling Pad,"LKR2,900.00",In Stock,https://redtech.lk/product/notepal-ergostand-nb339-m25-laptop-cooling-pad/
Red Tech,Cooler,Intel Stock CPU Fan,"LKR2,360.00",In Stock,https://redtech.lk/product/intel-stock-cpu-fan/
Red Tech,Cooler,BINGJU BJ-120 RGB System Fan,"LKR2,330.00",In Stock,https://redtech.lk/product/bingju-fj-120-argb-system-fan/
Red Tech,Cooler,ARMAGGEDDON DUAL SABER AZURE – Blue Colour System Ring Fan 120MM,"LKR2,100.00",In Stock,https://redtech.lk/product/armaggeddon-dual-saber-azure-blue-colour-system-ring-fan-120mm/
Red Tech,Cooler,CPLUS N191 Laptop Notebook Cooling Pad,"LKR2,100.00",In Stock,https://redtech.lk/product/cplus-n191-laptop-notebook-cooling-pad/
Red Tech,Cooler,Laptop NoteBook Stand – Metal,"LKR1,990.00",In Stock,https://redtech.lk/product/laptop-notebook-stand-metal/
Red Tech,Cooler,4 PRO PWM 3-Pin ARGB  PC Case System Fan 120MM,"LKR1,890.00",In Stock,https://redtech.lk/product/4-pro-pwm-3-pin-argb-pc-case-system-fan-120mm/
Red Tech,Cooler,HIFROST W12 ARGB Mirror Light Effect PC Case System Fan 120MM – Black,"LKR1,820.00",In Stock,https://redtech.lk/product/hifrost-w12-argb-mirror-light-effect-pc-case-system-fan-120mm-black/
Red Tech,Cooler,ARMAGGEDDON Tessarraxx Command – 8-in-1 ARGB System Fan Controller,"LKR3,300.00",In Stock,https://redtech.lk/product/armaggeddon-tessarraxx-command-8-in-1-argb-system-fan-controller/
Red Tech,Cooler,ASUS ROG RYUJIN III 360mm ARGB High Performance Liquid CPU Cooler,"LKR128,500.00",In Stock,https://redtech.lk/product/asus-rog-ryujin-iii-360mm-argb-high-performance-liquid-cpu-cooler/
Red Tech,Cooler,MSI MPG CORELIQUID D360 – AIO ARGB CPU Liquid Cooler,"LKR106,500.00",In Stock,https://redtech.lk/product/msi-mpg-coreliquid-d360-aio-argb-cpu-liquid-cooler/
Red Tech,Cooler,NZXT Kraken Elite 360 RGB – AIO Liquid Cooler with LCD Display and RGB Fans – White,"LKR100,000.00",In Stock,https://redtech.lk/product/coming-soon-nzxt-kraken-elite-360-rgb-all-in-one-cpu-liquid-cooler-customizable-display-design-white/
Red Tech,Cooler,NZXT Kraken Elite 360 – AIO Liquid Cooler with LCD Display and Black Fans – Black,"LKR92,000.00",In Stock,https://redtech.lk/product/nzxt-kraken-elite-360-aio-liquid-cooler-with-lcd-display-and-black-fans-black/
Red Tech,Cooler,Corsair iCUE LINK H150i RGB AIO 360mm Liquid CPU Cooler,"LKR92,000.00",In Stock,https://redtech.lk/product/order-now-corsair-icue-link-h150i-rgb-aio-360mm-liquid-cpu-cooler/
Red Tech,Cooler,JUNGLE LEOPARD CA360 6.67′′ Curved Screen 360mm Liquid CPU Cooler – White,"LKR78,500.00",In Stock,https://redtech.lk/product/jungle-leopard-ca360-6-67%e2%80%b3-curved-screen-360mm-liquid-cpu-cooler-white/
Red Tech,Cooler,NZXT Kraken 360 RGB – AIO Liquid Cooler with LCD Display and RGB Fans – Black,"LKR75,500.00",In Stock,https://redtech.lk/product/coming-soon-nzxt-kraken-360-rgb-all-in-one-cpu-liquid-cooler-customizable-display-design-black/
Red Tech,Cooler,NZXT Kraken 360 RGB – AIO Liquid Cooler with LCD Display and RGB Fans – White,"LKR75,500.00",In Stock,https://redtech.lk/product/nzxt-kraken-360-rgb-all-in-one-cpu-liquid-cooler-customizable-display-design-white/
Red Tech,Cooler,JUNGLE LEOPARD CA360 6.67′′ Curved Screen 360mm Liquid CPU Cooler – Black,"LKR74,000.00",In Stock,https://redtech.lk/product/jungle-leopard-ca360-6-67%e2%80%b3-curved-screen-360mm-liquid-cpu-cooler-black/
Red Tech,Cooler,CORSAIR iCUE H100i ELITE CAPELLIX XT 240MM ARGB Liquid CPU Cooler – White,"LKR67,000.00",In Stock,https://redtech.lk/product/corsair-icue-h100i-elite-capellix-xt-240mm-argb-liquid-cpu-cooler-white/
Red Tech,Cooler,CORSAIR iCUE H100i ELITE CAPELLIX XT 240MM ARGB Liquid CPU Cooler – Black,"LKR67,000.00",In Stock,https://redtech.lk/product/corsair-icue-h100i-elite-capellix-xt-240mm-argb-liquid-cpu-cooler-black/
Red Tech,Cooler,NZXT Kraken 360 – AIO Liquid Cooler with LCD Display – Black,"LKR59,500.00",In Stock,https://redtech.lk/product/coming-soon-kraken-360-aio-liquid-cooler-with-lcd-display/
Red Tech,Cooler,Thermaltake TH360 V2 Ultra ARGB Sync AIO Liquid CPU Cooler – 360mm,"LKR51,000.00",In Stock,https://redtech.lk/product/thermaltake-th360-v2-ultra-argb-sync-aio-liquid-cpu-cooler-360mm/
Red Tech,Cooler,MSI MAG CORELIQUID E360 – AIO ARGB CPU Liquid Cooler,"LKR50,000.00",In Stock,https://redtech.lk/product/msi-mag-coreliquid-e360-aio-argb-cpu-liquid-cooler/
Red Tech,Cooler,NZXT Kraken 280 – AIO Liquid Cooler with LCD Display,"LKR48,500.00",In Stock,https://redtech.lk/product/coming-soon-nzxt-kraken-280-aio-liquid-cooler-with-lcd-display/
Red Tech,Cooler,NZXT Kraken Core 360 – 360mm CPU Liquid Cooler – Black,"LKR46,000.00",In Stock,https://redtech.lk/product/nzxt-kraken-core-360-360mm-cpu-liquid-cooler-black/
Red Tech,Cooler,NZXT Kraken 240 – AIO Liquid Cooler with LCD Display – Black,"LKR43,500.00",In Stock,https://redtech.lk/product/coming-soon-nzxt-kraken-240-aio-liquid-cooler-with-lcd-display/
Red Tech,Cooler,Corsair H150 RGB  360mm CPU Liquid Cooler,"LKR43,500.00",In Stock,https://redtech.lk/product/corsair-h150-rgb-360mm-cpu-liquid-cooler/
Red Tech,Cooler,SILVERSTONE ICEMYST 360 ARGB AIO Liquid CPU Cooler,"LKR43,200.00",In Stock,https://redtech.lk/product/order-now-silverstone-icemyst-360-argb-aio-liquid-cpu-cooler/
Red Tech,Cooler,CORSAIR QL120 RGB 120MM PWM TRIPLE FAN KIT WITH Lighting Node core,"LKR43,000.00",In Stock,https://redtech.lk/product/corsair-ql-120-3-x-120m-argb-fan-kit-with-lighting-node/
Red Tech,Cooler,Corsair NAUTILUS 360RS ARGB 360mm Liquid CPU Cooler,"LKR39,500.00",In Stock,https://redtech.lk/product/corsair-nautilus-360rs-argb-360mm-liquid-cpu-cooler/
Red Tech,Cooler,MSI MAG CORELIQUID E240 – AIO ARGB CPU Liquid Cooler,"LKR39,000.00",In Stock,https://redtech.lk/product/msi-mag-coreliquid-e240-aio-argb-cpu-liquid-cooler/
Red Tech,Cooler,NZXT Kraken Core 240 – 240mm CPU Liquid Cooler – Black,"LKR37,500.00",In Stock,https://redtech.lk/product/nzxt-kraken-core-240-240mm-cpu-liquid-cooler-black/
Red Tech,Cooler,Thermaltake TH360 V2 ARGB Sync AIO Liquid CPU Cooler – 360mm,"LKR35,000.00",In Stock,https://redtech.lk/product/thermaltake-th360-v2-argb-sync-aio-liquid-cpu-cooler-360mm/
Red Tech,Cooler,Corsair A115 TWIN 120mm CPU Air Cooler,"LKR34,500.00",In Stock,https://redtech.lk/product/order-now-corsair-a115-twin-120mm-cpu-air-cooler/
Red Tech,Cooler,SILVERSTONE ICEMYST 240 ARGB AIO Liquid CPU Cooler,"LKR33,600.00",In Stock,https://redtech.lk/product/order-now-silverstone-icemyst-240-argb-aio-liquid-cpu-cooler/
Red Tech,Cooler,REDRAGON CW-3000 CPU Liquid Cooler,"LKR33,250.00",In Stock,https://redtech.lk/product/redragon-cw-3000-cpu-liquid-cooler/
Red Tech,Cooler,MSI MAG CORELIQUID C240 – AIO ARGB CPU Liquid Cooler,"LKR33,000.00",In Stock,https://redtech.lk/product/msi-mag-coreliquid-c240-aio-argb-cpu-liquid-cooler/
Red Tech,Cooler,MSI MAG CORELIQUID ARGB A13 360mm CPU Liquid Cooler – White,"LKR32,500.00",In Stock,https://redtech.lk/product/msi-mag-coreliquid-argb-a13-360mm-cpu-liquid-cooler-white/
Red Tech,Cooler,GAMDIAS CHIONE E4-360 ARGB 360MM Liquid Cooler,"LKR32,500.00",In Stock,https://redtech.lk/product/gamdias-chione-e4-360-argb-360mm-liquid-cooler/
Red Tech,Cooler,MSI MAG CORELIQUID ARGB A13 360mm CPU Liquid Cooler – Black,"LKR31,500.00",In Stock,https://redtech.lk/product/msi-mag-coreliquid-argb-a13-360mm-cpu-liquid-cooler-black/
Red Tech,Cooler,Corsair H100 RGB  240mm CPU Liquid Cooler,"LKR31,500.00",In Stock,https://redtech.lk/product/corsair-h100-rgb-240mm-cpu-liquid-cooler/
Red Tech,Cooler,Corsair NAUTILUS ARGB 240mm Liquid CPU Cooler,"LKR31,000.00",In Stock,https://redtech.lk/product/corsair-nautilus-argb-240mm-liquid-cpu-cooler/
Red Tech,Cooler,REDRAGON CW-3011 CPU Liquid Cooler,"LKR27,990.00",In Stock,https://redtech.lk/product/redragon-cw-3011-cpu-liquid-cooler/
Red Tech,Cooler,MSI MAG CORELIQUID ARGB A13 240mm CPU Liquid Cooler – White,"LKR27,000.00",In Stock,https://redtech.lk/product/msi-mag-coreliquid-argb-a13-240mm-cpu-liquid-cooler-white/
Red Tech,Cooler,NZXT Kraken 120 – 120mm AIO Liquid Cooler,"LKR27,000.00",In Stock,https://redtech.lk/product/order-now-nzxt-kraken-120-120mm-aio-liquid-cooler/
Red Tech,Cooler,MSI MAG CORELIQUID ARGB A13 240mm CPU Liquid Cooler – Black,"LKR26,000.00",In Stock,https://redtech.lk/product/msi-mag-coreliquid-argb-a13-240mm-cpu-liquid-cooler-black/
Red Tech,Cooler,Gamdias Boreas P1-720 CPU Air Cooler,"LKR24,500.00",In Stock,https://redtech.lk/product/gamdias-boreas-p1-720-cpu-air-cooler/
Red Tech,Cooler,NZXT F140 RGB Duo – 140mm Dual Sided Twin Pack RGB Fan + RGB Controller – Black,"LKR24,000.00",In Stock,https://redtech.lk/product/nzxt-f140-rgb-duo-140mm-dual-sided-twin-pack-rgb-fan-rgb-controller-black/
Red Tech,Cooler,NZXT F140 RGB Duo – 140mm Dual Sided Twin Pack RGB Fan + RGB Controller – White,"LKR24,000.00",In Stock,https://redtech.lk/product/nzxt-f140-rgb-duo-140mm-dual-sided-twin-pack-rgb-fan-rgb-controller-white/
Red Tech,Cooler,Corsair QL140 RGB 140mm PWM Dual Fan Kit With Lighting Node Core,"LKR23,000.00",In Stock,https://redtech.lk/product/corsair-ql-140-2-x-140m-argb-fan-kit-with-lighting-node/
Red Tech,Cooler,GAMDIAS AURA GL360 RGB 360mm CPU Liquid Cooler,"LKR22,000.00",In Stock,https://redtech.lk/product/gamdias-aura-gl360-rgb-360mm-cpu-liquid-cooler/
Red Tech,Cooler,NZXT F140 RGB Core – 140mm Hub-Mounted RGB Fan – Twin Pack + RGB Controller – White,"LKR19,500.00",In Stock,https://redtech.lk/product/nzxt-f140-rgb-core-140mm-hub-mounted-rgb-fan-twin-pack-rgb-controller-white/
Red Tech,Cooler,NZXT F140 RGB Core – 140mm Hub-Mounted RGB Fan – Twin Pack + RGB Controller – Black,"LKR19,500.00",In Stock,https://redtech.lk/product/nzxt-f140-rgb-core-140mm-hub-mounted-rgb-fan-twin-pack-rgb-controller-black/
Red Tech,Cooler,Corsair RS120 ARGB 120mm PWM Triple Fan KIT – White,"LKR17,500.00",In Stock,https://redtech.lk/product/corsair-rs120-argb-120mm-pwm-triple-fan-kit-white/
Red Tech,Cooler,Corsair RS120 ARGB 120mm PWM Triple Fan KIT – Black,"LKR17,500.00",In Stock,https://redtech.lk/product/corsair-rs120-argb-120mm-pwm-triple-fan-kit-black/
Red Tech,Cooler,NZXT F280 RGB CORE 240mm Single Frame Fan – Black,"LKR17,000.00",In Stock,https://redtech.lk/product/nzxt-f280-rgb-core-240mm-single-frame-fan-black/
Red Tech,Cooler,NZXT F280 RGB CORE 240mm Single Frame Fan – White,"LKR17,000.00",In Stock,https://redtech.lk/product/nzxt-f280-rgb-core-240mm-single-frame-fan-white/
Red Tech,Cooler,GAMDIAS AURA GL240 RGB 240mm CPU Liquid Cooler,"LKR16,500.00",In Stock,https://redtech.lk/product/gamdias-aura-gl240-rgb-240mm-cpu-liquid-cooler/
Red Tech,Cooler,SILVERSTONE AR12-TUF ARGB High Performance Active CPU Cooler,"LKR14,990.00",In Stock,https://redtech.lk/product/silverstone-ar12-tuf-argb-high-performance-active-cpu-cooler/
Red Tech,Cooler,Gamdias AETHER P1-9201 RGB Laptop Cooling Pad (2x135mm),"LKR12,000.00",In Stock,https://redtech.lk/product/gamdias-aether-p1-9201-rgb-laptop-cooling-pad-2x135mm/
Red Tech,Cooler,Gamdias Boreas E2-41D CPU Air Cooler,"LKR12,000.00",In Stock,https://redtech.lk/product/gamdias-boreas-e2-41d-cpu-air-cooler/
Red Tech,Cooler,ANTEC A400 ARGB Active Air CPU Cooler – 120mm,"LKR11,500.00",In Stock,https://redtech.lk/product/antec-a400-argb-active-air-cpu-cooler-120mm/
Red Tech,Cooler,GAMDIAS BOREAS E2-410 CPU Air Cooler,"LKR11,000.00",In Stock,https://redtech.lk/product/gamdias-boreas-e2-410-cpu-air-cooler/
Red Tech,Cooler,Corsair RS120 ARGB 120mm PWM Fan – White,"LKR8,500.00",In Stock,https://redtech.lk/product/corsair-rs120-argb-120mm-pwm-fan-white/
Red Tech,Cooler,Corsair RS120 ARGB 120mm PWM Fan – Black,"LKR8,500.00",In Stock,https://redtech.lk/product/order-now-corsair-rs120-argb-120mm-pwm-fan-black/
Red Tech,Cooler,ARCTIC P12 PWM PST ARGB System Fan – 120mm,"LKR5,000.00–LKR8,000.00Price range: LKR 5,000.00 through LKR 8,000.00",In Stock,https://redtech.lk/product/arctic-p12-pwm-pst-argb-system-fan-120mm/
Red Tech,Cooler,MEETION CP4040 RGB Laptop Cooling Pad 9-17′′,"LKR6,300.00",In Stock,https://redtech.lk/product/meetion-cp4040-rgb-laptop-cooling-pad-9-17/
Red Tech,Cooler,REDRAGON CC-2000 CPU Air Cooler 120mm,"LKR5,990.00",In Stock,https://redtech.lk/product/redragon-cc-2000-cpu-air-cooler-120mm/
Red Tech,Cooler,Gamdias Boreas E1-210 Lite CPU Air Cooler,"LKR5,500.00",In Stock,https://redtech.lk/product/gamdias-boreas-e1-210-lite-cpu-air-cooler/
Red Tech,Cooler,MEETION CP3030 RGB Laptop Cooling Pad  9-15.6′′,"LKR4,990.00",In Stock,https://redtech.lk/product/meetion-cp3030-rgb-laptop-cooling-pad-9-15-6/
Red Tech,Cooler,CORSAIR TM30 High Performance Thermal Paste,"LKR4,500.00",In Stock,https://redtech.lk/product/corsair-tm30-high-performance-thermal-paste/
Red Tech,Cooler,NZXT RGB and Fan Controller,"LKR5,500.00",In Stock,https://redtech.lk/product/nzxt-rgb-and-fan-controller/
Red Tech,Cooler,Thermaltake Pacific CL360 Max D5 Hard Tube Custom Water Cooling Kit,"LKR150,000.00",Out of Stock,https://redtech.lk/product/thermaltake-pacific-c240-ddc-hard-tube-water-cooling-kit-copy/
Red Tech,Cooler,Thermaltake Pacific C240 DDC Hard Tube Liquid Water Cooling Kit,"LKR128,000.00",Out of Stock,https://redtech.lk/product/thermaltake-pacific-c240-ddc-hard-tube-water-cooling-kit/
Red Tech,Cooler,CORSAIR HYDRO X Series ICUE XH305I RGB Custom Cooling KIT,"LKR120,000.00",Out of Stock,https://redtech.lk/product/corsair-hydro-x-series-icue-xh305i-rgb-custom-cooling-kit/
Red Tech,Cooler,ASUS ROG RYUJIN II 360mm High Performance Liquid CPU Cooler,"LKR94,000.00",Out of Stock,https://redtech.lk/product/asus-rog-ryujin-ii-360mm-high-performance-liquid-cpu-cooler/
Red Tech,Cooler,CORSAIR iCUE H115i ELITE CAPELLIX XT 280MM ARGB Liquid CPU Cooler,"LKR90,000.00",Out of Stock,https://redtech.lk/product/corsair-icue-h115i-elite-capellix-xt-280mm-argb-liquid-cpu-cooler/
Red Tech,Cooler,Corsair iCUE H100i ELITE LCD Display 240MM Extreme Performance ARGB Liquid CPU Cooler,"LKR85,000.00",Out of Stock,https://redtech.lk/product/corsair-icue-h100i-elite-lcd-display-240mm-extreme-performance-argb-liquid-cpu-cooler/
Red Tech,Cooler,Corsair ICUE H150i Elite CAPELLIX 360mm High Performance RGB CPU Cooler,"LKR80,000.00",Out of Stock,https://redtech.lk/product/corsair-icue-h150i-elite-capellix-360mm-high-performance-rgb-cpu-cooler/
Red Tech,Cooler,Corsair iCUE H150i ELITE CAPELLIX XT Liquid CPU Cooler,"LKR75,600.00",Out of Stock,https://redtech.lk/product/corsair-icue-h150i-elite-capellix-xt-liquid-cpu-cooler/
Red Tech,Cooler,Corsair iCUE H100i ELITE CAPELLIX 240MM Extreme Performance ARGB Liquid CPU Cooler,"LKR62,000.00",Out of Stock,https://redtech.lk/product/corsair-icue-h100i-elite-capellix-240mm-extreme-performance-argb-liquid-cpu-cooler/
Red Tech,Cooler,DEEPCOOL LT720 Premium High-performance Liquid CPU Cooler,"LKR58,200.00",Out of Stock,https://redtech.lk/product/deepcool-lt720-premium-high-performance-liquid-cpu-cooler/
Red Tech,Cooler,ARCTIC Liquid Freezer II 420 ARGB – Liquid CPU Cooler,"LKR55,000.00",Out of Stock,https://redtech.lk/product/arctic-liquid-freezer-ii-420-argb-liquid-cpu-cooler/
Red Tech,Monitor,24.5′′ MSI MAG 255F X24 IPS 240Hz FHD (1920×1080) Gaming Monitor,"LKR52,500.00",In Stock,https://redtech.lk/product/24-5%e2%80%b3-msi-mag-255f-x24-ips-240hz-fhd-1920x1080-gaming-monitor/
Red Tech,Monitor,27′′ MSI PRO MP273 E14A 144Hz IPS FHD LED Productivity Monitor,"LKR49,000.00",In Stock,https://redtech.lk/product/27-msi-pro-mp273-e14a-144hz-ips-fhd-led-productivity-monitor/
Red Tech,Monitor,27′′ LENOVO L27-4C IPS 144Hz FHD (1920×1080) Professional Monitor,"LKR44,900.00",In Stock,https://redtech.lk/product/27%e2%80%b3-lenovo-l27-4c-ips-144hz-fhd-1920x1080-professional-monitor/
Red Tech,Monitor,23.8′′ MSI PRO MP243L E14 IPS 144Hz FHD (1920×1080) Professional Monitor,"LKR35,000.00",In Stock,https://redtech.lk/product/23-8%e2%80%b3-msi-pro-mp243l-e14-ips-144hz-fhd-1920x1080-professional-monitor/
Red Tech,Monitor,21.5′′ MSI PRO MP225 E12VL VA 120Hz FHD (1920×1080) Professional Monitor,"LKR27,000.00",In Stock,https://redtech.lk/product/21-5%e2%80%b3-msi-pro-mp225-e12vl-va-120hz-fhd-1920x1080-professional-monitor/
Red Tech,Monitor,26.5′′ MSI MAG 272QP QD-OLED 500Hz WQHD (2560×1440) Gaming Monitor,"LKR423,500.00",In Stock,https://redtech.lk/product/26-5%e2%80%b3-msi-mag-272qp-qd-oled-500hz-wqhd-2560x1440-gaming-monitor/
Red Tech,Monitor,40′′ MSI Optix MAG401QR IPS 155Hz UWQHD (3440×1440) Adaptive Sync Gaming Monitor,"LKR193,500.00",In Stock,https://redtech.lk/product/order-now-40-msi-optix-mag401qr-uwqhd-3440x1440-ips-155hz-1ms-adaptive-sync-gaming-monitor/
Red Tech,Monitor,27′′ MSI MPG 275CQRXF VA 240Hz WQHD (2560×1440) Curved Gaming Monitor,"LKR152,000.00",In Stock,https://redtech.lk/product/27%e2%80%b3-msi-mpg-275cqrxf-va-240hz-wqhd-2560x1440-curved-gaming-monitor/
Red Tech,Monitor,27′′ MSI MAG 274QRFW IPS 320Hz WQHD (2560×1440) AMD Freesync Gaming Monitor,"LKR120,000.00",In Stock,https://redtech.lk/product/27-msi-mag-274qrfw-ips-180hz-wqhd-2560x1440-amd-freesync-gaming-monitor/
Red Tech,Monitor,34′′ MSI MAG 346CQ VA 180Hz UWQHD (3440×1440) Curved Gaming Monitor,"LKR114,500.00",In Stock,https://redtech.lk/product/34%e2%80%b3-msi-mag-346cq-va-180hz-uwqhd-3440x1440-curved-gaming-monitor/
Red Tech,Monitor,27′′ MSI Modern MD272QXP IPS 100Hz WQHD (2560×1440) Business & Productivity Monitor,"LKR101,500.00",In Stock,https://redtech.lk/product/order-now-27-msi-modern-md272qxp-100hz-wqhd-2560x1440-ips-level-business-productivity-monitor/
Red Tech,Monitor,25′′ KOORUI G2511E IPS 320Hz FHD (1920×1080) Gaming Monitor,"LKR49,000.00",In Stock,https://redtech.lk/product/25%e2%80%b3-koorui-g2511e-ips-320hz-fhd-1920x1080-gaming-monitor/
Red Tech,Monitor,25′′ KOORUI G2511P IPS 200Hz FHD (1920×1080) Gaming Monitor,"LKR39,000.00",In Stock,https://redtech.lk/product/25%e2%80%b3-koorui-g2511p-ips-200hz-fhd-1920x1080-gaming-monitor/
Red Tech,Monitor,23.5′′ LENOVO L24-4C IPS 144Hz FHD (1920×1080) Gaming Monitor,"LKR32,950.00",In Stock,https://redtech.lk/product/23-5%e2%80%b3-lenovo-l24-4c-144hz-fhd-1920x1080-gaming-monitor/
Red Tech,Monitor,Silverstone ARM25 Dual Monitor Mount,"LKR30,600.00",In Stock,https://redtech.lk/product/order-now-silverstone-arm25-dual-monitor-mount/
Red Tech,Monitor,Silverstone ARM14 Single Monitor Mount,"LKR30,600.00",In Stock,https://redtech.lk/product/order-now-silverstone-arm14-single-monitor-mount/
Red Tech,Monitor,Silverstone ARM13 Mechanical Spring – Adjustable Single Monitor Mount,"LKR18,600.00",In Stock,https://redtech.lk/product/order-now-silverstone-arm13-single-monitor-mount/
Red Tech,Monitor,R-10 Trolley stand for Interactive Panel Smart Board,LKR0.00,In Stock,https://redtech.lk/product/r-10-trolley-stand-for-interactive-panel-smart-board/
Red Tech,Monitor,86′′ TechnoView TV-T86 | 8GB RAM | 128GB Storage | Android 14 | 4K Interactive Flat Panel Smart Board,LKR0.00,In Stock,https://redtech.lk/product/86%e2%80%b3-technoview-tv-t86-8gb-ram-128gb-storage-android-14-4k-interactive-flat-panel-smart-board/
Red Tech,Monitor,75′′ TechnoView TV-T75 | 8GB RAM | 128GB Storage | Android 14 | 4K Interactive Flat Panel Smart Board,LKR0.00,In Stock,https://redtech.lk/product/75%e2%80%b3-technoview-tv-t75-8gb-ram-128gb-storage-android-14-4k-interactive-flat-panel-smart-board/
Red Tech,Monitor,65′′ TechnoView TV-T65 | 8GB RAM | 128GB Storage | Android 14 | 4K Interactive Flat Panel Smart Board,LKR0.00,In Stock,https://redtech.lk/product/65%e2%80%b3-technoview-tv-t65-8gb-ram-128gb-storage-android-14-4k-interactive-flat-panel-smart-board/
Red Tech,Monitor,45′′ Corsair XENEON FLEX 45WQHD240 OLED 240Hz WQHD (3440×1440) Bendable Gaming Monitor,"LKR811,000.00",Out of Stock,https://redtech.lk/product/45-corsair-xeneon-flex-wqhd-240hz-bendable-gaming-monitor/
Red Tech,Monitor,49′′ MSI MPG 491CQP QD-OLED 144Hz DQHD (5120 x 1440) Gaming Monitor,"LKR626,500.00",Out of Stock,https://redtech.lk/product/order-now-49-msi-mpg-491cqp-qd-oled-144hz-dqhd-5120-x-1440-gaming-monitor/
Red Tech,Monitor,49′′ MSI MPG 491CQPX QD-OLED 240Hz DQHD (5120×1440) G-Sync Compatible Frameless Gaming Monitor,"LKR528,000.00",Out of Stock,https://redtech.lk/product/49%e2%80%b3-msi-mpg-491cqpx-qd-oled-240hz-dqhd-5120x1440-g-sync-compatible-frameless-gaming-monitor/
Red Tech,Monitor,34′′ Dell C3422WE IPS 60Hz WQHD (3440×1440) Curved Video Conferencing Monitor,"LKR487,500.00",Out of Stock,https://redtech.lk/product/34-dell-c3422we-ips-wqhd-60hz-curved-video-conferencing-monitor/
Red Tech,Monitor,48′′ GIGABYTE AORUS FO48U OLED 120Hz UHD 4K HDR Gaming Monitor,"LKR485,000.00",Out of Stock,https://redtech.lk/product/order-now-gigabyte-aorus-fo48u-oled-uhd-4k-120hz-gaming-monitor/
Red Tech,Monitor,32′′ MSI MAG 321UPX QD-OLED 240Hz UHD (3840×2160) 0.03ms Adaptive-Sync Compatible Frameless Gaming Monitor,"LKR480,000.00",Out of Stock,https://redtech.lk/product/32-msi-mag-321upx-qd-oled-240hz-uhd-3840x2160-0-03ms-adaptive-sync-compatible-frameless-gaming-monitor/
Red Tech,Monitor,49′′ ASUS ROG STRIX XG49WCR VA 165Hz Double QHD (5120×1440) USB-C Curved Gaming Monitor,"LKR449,000.00",Out of Stock,https://redtech.lk/product/order-now-49%e2%80%b3-asus-rog-strix-xg49wcr-165hz-va-double-qhd-5120x1440-usb-c-curved-gaming-monitor/
Red Tech,Monitor,27′′ CORSAIR XENEON OLED 240Hz QHD 2K (2560×1440) Gaming Monitor,"LKR442,500.00",Out of Stock,https://redtech.lk/product/27-corsair-xeneon-qhd-240hz-oled-gaming-monitor/
Red Tech,Monitor,32′′ MSI MPG 321URX QD-OLED 240Hz 4K UHD (3840×2160) Gaming Monitor,"LKR440,000.00",Out of Stock,https://redtech.lk/product/32%e2%80%b3-msi-mpg-321urx-qd-oled-240hz-4k-uhd-3840x2160-gaming-monitor/
Red Tech,Monitor,27′′ MSI MAG 271QPX QD-OLED 360Hz WQHD (2560×1440) Gaming Monitor,"LKR421,500.00",Out of Stock,https://redtech.lk/product/order-now-26-5-msi-mag-271qpx-qd-oled-360hz-wqhd-2560x1440-gaming-monitor/
Red Tech,Monitor,34′′ MSI MAG 341CQPX QD-OLED 240Hz UWQHD 0.03ms G-Sync Compatible Frameless Gaming Monitor,"LKR418,000.00",Out of Stock,https://redtech.lk/product/34%e2%80%b3-msi-mag-341cqpx-qd-oled-240hz-uwqhd-0-03ms-g-sync-compatible-frameless-gaming-monitor/
Red Tech,Monitor,34′′ MSI MAG 341CQP QD-OLED 170Hz UWQHD (3440×1440) 0.03ms AMD FreeSync Premium Pro Compatible Frameless Gaming Monitor,"LKR407,000.00",Out of Stock,https://redtech.lk/product/34-msi-mag-341cqp-qd-oled-170hz-uwqhd-3440x1440-0-03ms-amd-freesync-premium-pro-compatible-frameless-gaming-monitor/
Red Tech,Monitor,34′′ ASUS ROG STRIX XG349C IPS 180Hz UWQHD (3440X1440) USB-C HDR Curved Gaming Monitor,"LKR389,000.00",Out of Stock,https://redtech.lk/product/order-now-34%e2%80%b3-asus-rog-strix-xg349c-180hz-ips-uwqhd-3440x1440-usb-c-hdr-curved-gaming-monitor/
Red Tech,Monitor,32′′ CORSAIR XENEON IPS 144Hz UHD (3840×2160) 4K Gaming Monitor,"LKR376,500.00",Out of Stock,https://redtech.lk/product/32-corsair-xeneon-uhd-144hz-ips-gaming-monitor/
Red Tech,Monitor,49′′ ASUS ROG STRIX XG49VQ VA 144Hz (3840×1080) Super UltraWide HDR Curved Gaming Monitor,"LKR369,000.00",Out of Stock,https://redtech.lk/product/49-asus-rog-strix-xg49vg-va-144hz-super-ultra-wide-hdr-curved-gaming-monitor/
Red Tech,Monitor,27′′ MSI MAG 272UP QD-OLED 240Hz 4K (3840×2160) Gaming Monitor,"LKR368,500.00",Out of Stock,https://redtech.lk/product/27%e2%80%b3-msi-mag-272up-qd-oled-240hz-4k-3840x2160-gaming-monitor/
Red Tech,Monitor,49′′ ASUS ROG STRIX XG49VQ 144Hz VA Super Ultra-Wide (3840×1080) HDR Curved Gaming Monitor,"LKR365,000.00",Out of Stock,https://redtech.lk/product/order-now-49%e2%80%b3-asus-rog-strix-xg49vq-144hz-va-super-ultra-wide-3840x1080-hdr-curved-gaming-monitor/
Red Tech,Monitor,32′′ KOORUI S3241XO OLED 240Hz 4K UHD (3840×2160) HDR True Black 400 Professional Monitor,"LKR339,000.00",Out of Stock,https://redtech.lk/product/32%e2%80%b3-koorui-s3241xo-oled-240hz-4k-uhd-3840x2160-hdr-true-black-400-professional-monitor/
Red Tech,Monitor,ASUS ROG STRIX XG35VQ VA 100Hz UWQHD (3440×1440) Adaptive-Sync(FreeSyncTM) Monitor,"LKR310,000.00",Out of Stock,https://redtech.lk/product/asus-rog-strix-xg35vq-100hz-va-3440x1440-adaptive-syncfreesync-monitor/
Red Tech,Monitor,34′′ ViewSonic VG3448 VA 60Hz WQHD (3440×1440) Advanced Ergonomics Business Monitor,"LKR304,500.00",Out of Stock,https://redtech.lk/product/34-viewsonic-vg3448-60hz-wqhd-3440x1440-va-advanced-ergonomics-business-monitor/
Red Tech,Monitor,44.5′′ LENOVO LEGION R45w-30 VA 165Hz DQHD (5120×1440) Gaming Monitor,"LKR299,000.00",Out of Stock,https://redtech.lk/product/34-lenovo-legion-r45w-30-165hz-dqhd-5120x1440-gaming-monitor/
Red Tech,Monitor,35′′ ASUS TUF GAMING VG35VQ IPS 165Hz Wide FHD LED Monitor,"LKR278,000.00",Out of Stock,https://redtech.lk/product/35%e2%80%b3-asus-tuf-gaming-vg35vq-165hz-ips-wide-fhd-led-monitor/
Red Tech,Monitor,43′′ Dell UltraSharp U4320Q IPS 60Hz 4K UHD USC-C Productivity Monitor,"LKR274,800.00",Out of Stock,https://redtech.lk/product/43-dell-ultrasharp-u4320q-ips-60hz-4k-usc-c-productivity-monitor/
Red Tech,Monitor,32′′ Dell UltraSharp U3219Q IPS 60Hz 4K UHD USC-C Productivity Monitor,"LKR265,000.00",Out of Stock,https://redtech.lk/product/32-dell-ultrasharp-u3219q-ips-60hz-4k-usc-c-productivity-monitor/
Red Tech,Monitor,27′′ MSI MAG 272QPW QD-OLED 280Hz WQHD (2560×1440) Gaming Monitor,"LKR259,000.00",Out of Stock,https://redtech.lk/product/27%e2%80%b3-msi-mag-272qpw-qd-oled-280hz-wqhd-2560x1440-gaming-monitor/
Red Tech,Monitor,31.5′′ LENOVO LEGION Y32p-30 IPS 144Hz UHD (3840×2160) 4K Gaming Monitor,"LKR239,000.00",Out of Stock,https://redtech.lk/product/31-5-lenovo-legion-y32p-30-ips-144hz-uhd-3840x2160-4k-gaming-monitor/
Red Tech,Monitor,32′′ ASUS ROG STRIX XG32VQR VA 144Hz WQHD (2560×1440) HDR Curved Gaming Monitor,"LKR237,000.00",Out of Stock,https://redtech.lk/product/32-asus-rog-strix-xg32vqr-va-144hz-hdr-curved-gaming-monitor/
Red Tech,Monitor,27′′ Dell UltraSharp U2722DE IPS 60Hz QHD USB-C hub Monitor,"LKR221,500.00",Out of Stock,https://redtech.lk/product/27-dell-ultrasharp-u2722de-ips-qhd-60hz-usb-c-hub-monitor/
Red Tech,Monitor,34′′ Viewsonic VA3456-MHDJ IPS 75Hz UWQHD Monitor,"LKR209,800.00",Out of Stock,https://redtech.lk/product/viewsonic-va3456-mhdj-34-wqhd-ips-monitor/
Red Tech,Monitor,27′′ ASUS ProArt PA279CV IPS 60Hz 4K sRGB Color Accuracy Professional Monitor,"LKR204,000.00",Out of Stock,https://redtech.lk/product/27-asus-proart-pa279cv-ips-4k-srgb-60hz-color-accuracy-professional-monitor/
Red Tech,Monitor,27′′ VIEWSONIC VP2756 IPS 60Hz 4K SRGB COLORPRO DESIGNER SERIES MONITOR,"LKR199,900.00",Out of Stock,https://redtech.lk/product/27-viewsonic-vp2756-4k-ips-srgb-colorpro-designer-series-monitor/
Red Tech,Monitor,34′′ Dell UltraSharp U3415W IPS 60Hz WQHD (3440×1440) Curved Monitor,"LKR199,500.00",Out of Stock,https://redtech.lk/product/34-dell-ultrasharp-u3415w-ips-wqhd-60hz-curved-monitor/
Red Tech,Monitor,27′′ KOORUI S2721XO OLED 240Hz QHD (2560×1440) HDR True Black 400 Professional Monitor,"LKR189,000.00",Out of Stock,https://redtech.lk/product/27%e2%80%b3-koorui-s2721xo-oled-240hz-qhd-2560x1440-hdr-true-black-400-professional-monitor/
Red Tech,Monitor,27′′ KOORUI S2741LM IPS/Mini LED 320Hz 4K UHD (3840×2160) HDR1400 Professional Monitor,"LKR179,000.00",Out of Stock,https://redtech.lk/product/27%e2%80%b3-koorui-s2741lm-ips-mini-led-320hz-4k-uhd-3840x2160-hdr1400-professional-monitor/
Red Tech,Monitor,27′′ ASUS ProArt PA278CV IPS 75Hz 2K sRGB USB-C Color Accuracy Professional Monitor,"LKR179,000.00",Out of Stock,https://redtech.lk/product/27-asus-proart-pa278cv-ips-wqhd-srgb-color-accuracy-professional-monitor/
Red Tech,Monitor,27′′ Dell C2722DE IPS 60Hz QHD Video Conferencing Monitor,"LKR169,000.00",Out of Stock,https://redtech.lk/product/27-dell-c2722de-ips-qhd-60hz-video-conferencing-monitor/
Red Tech,Monitor,27′′ ASUS TUF GAMING VG27AQ IPS 165Hz 1ms HDR10 Gaming Monitor,"LKR168,000.00",Out of Stock,https://redtech.lk/product/27-asus-tuf-gaming-vg27aq-ips-1ms-165hz-hdr10-gaming-monitor/
Red Tech,Monitor,32′′ ViewSonic VX3258-PC-MHD VA 165Hz FHD (1920×1080) Curved Gaming Monitor,"LKR162,800.00",Out of Stock,https://redtech.lk/product/32-viewsonic-vx3258-pc-mhd-165hz-fhd-1920x1080-va-curved-gaming-monitor/
Red Tech,Monitor,24′′ ViewSonic VP2468A IPS 60Hz FHD (1920×1080) 100% Pantone validated 100% sRGB Monitor,"LKR162,300.00",Out of Stock,https://redtech.lk/product/order-now-24-viewsonic-vp2468a-60hz-fhd-1920x1080-ips-100-pantone-validated-100-srgb-monitor/
Red Tech,Monitor,31.5′′ MSI OPTIX AG321CQR VA 165Hz WQHD (2560×1440) 1MS RGB Curved Gaming Monitor,"LKR162,000.00",Out of Stock,https://redtech.lk/product/order-now-31-5-msi-optix-ag321cqr-wqhd-2560-x-1440-165hz-va-1ms-rgb-curved-gaming-monitor/
Red Tech,Monitor,34′′ ACER Predator X34 IPS 120Hz UWQHD (3440×1440) Curved Ultrawide LED Backlit Monitor,LKR0.00,Out of Stock,https://redtech.lk/product/34-acer-predator-x34-120hz-curved-ips-ultrawide-qhd-led-backlit-monitor/
Red Tech,Monitor,27′′ Viewsonic VP2768 IPS 60Hz WQHD (2560×1440) 100% sRGB Professional Monitor,"LKR157,300.00",Out of Stock,https://redtech.lk/product/viewsonic-vp2768-27-100-srgb-professional-monitor/
Red Tech,Monitor,34′′ MSI OPTIX MAG342CQR VA 144Hz UWQHD (3440 X 1440) 1MS Adaptive SYNC Gaming Monitor,"LKR156,500.00",Out of Stock,https://redtech.lk/product/34-msi-optix-mag342cqr-va-144hz-uwqhd-3440-x-1440-1ms-adaptive-sync-gaming-monitor/
Red Tech,Monitor,27′′ ViewSonic XG2705 IPS 144Hz 2K QHD Wide LED Monitor,"LKR156,000.00",Out of Stock,https://redtech.lk/product/27-viewsonic-xg2705-144hz-ips-wide-2k-qhd-led-monitor/
Red Tech,Monitor,32′′ GIGABYTE G32QC VA 165Hz 2K HDR Gaming Monitor,"LKR155,000.00",Out of Stock,https://redtech.lk/product/order-now-gigabyte-g32qc-a-32-inch-165hz-2k-hdr-gaming-monitor/
Red Tech,Monitor,32′′ CORSAIR XENEON 315 IPS 165Hz QHD (2560 x 1440) Gaming Monitor,"LKR151,200.00",Out of Stock,https://redtech.lk/product/order-now-31-5-corsair-xeneon-315-ips-qhd-2560-x-1440-165hz-gaming-monitor/
Red Tech,Monitor,24.5′′ MSI MAG251RX IPS 240Hz FHD (1920×1080) Flat Wide LED Monitor,"LKR150,000.00",Out of Stock,https://redtech.lk/product/24-5-msi-mag251rx-240hz-ips-flat-wide-fhd-1080p-led-monitor/
Red Tech,Monitor,27′′ ASUS ProArt PA278QV IPS 75Hz sRGB Color Accuracy Professional Monitor,"LKR142,000.00",Out of Stock,https://redtech.lk/product/27-asus-proart-pa278qv-ips-75hz-srgb-color-accuracy-professional-monitor/
Red Tech,Monitor,27′′ MSI OPTIX G27CQ4 QHD 2K 165HZ 1MS Curved Gaming Monitor,"LKR136,000.00",Out of Stock,https://redtech.lk/product/27-msi-optix-g27cq4-wqhd-2k-165hz-1ms-curved-gaming-monitor/
Red Tech,Monitor,27′′ MSI PRO MP271QP 60Hz 2K IPS Flat Wide LED Monitor,"LKR130,000.00",Out of Stock,https://redtech.lk/product/27-msi-pro-mp271qp-60hz-ips-flat-wide-2k-led-monitor/
Red Tech,Monitor,24′′ ASUS ProArt PA247CV 75Hz FHD IPS sRGB Color Accuracy Professional Monitor,"LKR128,500.00",Out of Stock,https://redtech.lk/product/24-asus-proart-pa247cv-ips-75hz-srgb-fhd-color-accuracy-professional-monitor/
Red Tech,Monitor,31.5′′ MSI OPTIX AG321CR FHD 165Hz VA 1MS RGB Curved Gaming Monitor,"LKR127,800.00",Out of Stock,https://redtech.lk/product/order-now-31-5-msi-optix-ag321cqr-wqhd-2560-x-1440-165hz-va-1ms-rgb-curved-gaming-monitor-copy/
Red Tech,Monitor,34′′ MSI Modern MD342CQP VA 120Hz UWQHD (3440 X 1440) Business & Productivity Monitor,"LKR126,500.00",Out of Stock,https://redtech.lk/product/34-msi-modern-md342cqp-va-120hz-uwqhd-3440-x-1440-business-productivity-monitor/
Red Tech,Monitor,31.5′′ MSI G32CQ4 E2 VA 170Hz QHD 2K AMD FREESYNC Curved Gaming Monitor,"LKR125,500.00",Out of Stock,https://redtech.lk/product/order-now-31-5msi-g32cq4-e2-qhd-2k-170hz-amd-freesync-va-curved-gaming-monitor/
Red Tech,Monitor,32′′ MONOVA H32UHD IPS 60Hz 4K Gaming Monitor,"LKR125,000.00",Out of Stock,https://redtech.lk/product/32-monova-ips-165hz-4k-gaming-monitor/
Red Tech,Monitor,27′′ ASUS TUF Gaming VG279QM IPS Full HD 280Hz G-SYNC compatible Monitor,"LKR125,000.00",Out of Stock,https://redtech.lk/product/27-asus-tuf-gaming-vg279qm-ips-full-hd-280hz-g-sync-compatible-monitor/
Red Tech,Monitor,32′′ Viewsonic VX3276-MHD-2 75Hz 2K IPS Entertainment Monitor,"LKR121,900.00",Out of Stock,https://redtech.lk/product/viewsonic-vx3276-2k-mhd-2-32-ips-qhd-entertainment-monitor/
Red Tech,Monitor,24′′ DELL P2418HT 60Hz IPS TOUCH Wide FHD LED Monitor,"LKR119,500.00",Out of Stock,https://redtech.lk/product/24-dell-p2418ht-60hz-ips-touch-wide-fhd-led-monitor/
Red Tech,Monitor,27′′ MSI Modern MD271UL IPS 60Hz 4K UHD (3840×2160) Business Monitor,"LKR119,000.00",Out of Stock,https://redtech.lk/product/27-msi-modern-md271ul-60hz-4k-uhd-3840-x-2160-169-ips-level-business-monitor/
Red Tech,Monitor,24′′ ASUS VG258QR 165Hz TN Flat Wide FHD 0.5ms Frameless LED Monitor,"LKR118,000.00",Out of Stock,https://redtech.lk/product/24-5-asus-vg258qr-tn-full-hd-0-5ms-165hz-gaming-monitor/
Red Tech,Monitor,24′′ Dell C2422HE IPS QHD 60Hz Video Conferencing Monitor,"LKR116,700.00",Out of Stock,https://redtech.lk/product/24-dell-c2422he-ips-qhd-60hz-video-conferencing-monitor/
Red Tech,Monitor,31.5′′ MSI OPTIX G32C4W FHD 165HZ 1MS AMD FREESYNC CURVED GAMING MONITOR,"LKR116,500.00",Out of Stock,https://redtech.lk/product/order-now-31-5-msi-optix-g32c4w-fhd-165hz-1ms-amd-freesync-curved-gaming-monitor/
Red Tech,Monitor,27′′ ASUS TUF Gaming VG279Q1A IPS FHD 165Hz Gaming Monitor,"LKR115,500.00",Out of Stock,https://redtech.lk/product/27-asus-tuf-gaming-vg279q1a-ips-full-hd-165hz-gaming-monitor/
Red Tech,Monitor,27′′ ASUS TUF GAMING VG27AQL1A 170Hz IPS sRGB HDR Gaming Monitor,"LKR115,400.00",Out of Stock,https://redtech.lk/product/27-asus-tuf-gaming-vg27aql1a-170hz-ips-srgb-hdr-gaming-monitor/
Red Tech,Monitor,24′′ ASUS TUF GAMING VG249Q 144Hz IPS Wide FHD LED Monitor,"LKR115,000.00",Out of Stock,https://redtech.lk/product/24%e2%80%b3-asus-tuf-gaming-vg249q-144hz-ips-wide-fhd-led-monitor/
Red Tech,Monitor,27′′ Viewsonic VX2718-PC-MHD VA 165Hz 1500R Curved Gaming Monitor,"LKR114,500.00",Out of Stock,https://redtech.lk/product/viewsonic-vx2718-pc-mhd-27-165hz-1500r-curved-gaming-monitor/
Red Tech,Monitor,27′′ ASUS VZ279HEG1R 75Hz IPS Full HD Ultra Slim Gaming Monitor,"LKR112,000.00",Out of Stock,https://redtech.lk/product/27-asus-vz279heg1r-75hz-ips-full-hd-ultra-slim-gaming-monitor/
Red Tech,Monitor,34′′ MSI PRO MP341CQ VA 100Hz UWQHD (3440X1440) Curved Professional Monitor,"LKR111,500.00",Out of Stock,https://redtech.lk/product/coming-soon-34-msi-pro-mp341cq-curved-professional-business-monitor/
Red Tech,Monitor,31.5′′ LENOVO LEGION G32qc-30 VA 165Hz WLED (2560×1440) Gaming Monitor,"LKR110,500.00",Out of Stock,https://redtech.lk/product/31-5-lenovo-legion-g32qc-30-va-165hz-wled-2560x1440-gaming-monitor/
Red Tech,Monitor,27′′ MSI Optix G271 144Hz IPS FHD Flat Ultra Slim Frameless Gaming Monitor,"LKR108,500.00",Out of Stock,https://redtech.lk/product/27-msi-optix-g271-144hz-ips-level-ultra-slim-frameless-gaming-monitor/
Red Tech,Monitor,24′′ ViewSonic VP2458 60Hz FHD (1920×1080) IPS 100% sRGB Professional Monitor,"LKR107,751.00",Out of Stock,https://redtech.lk/product/24-viewsonic-vp2458-60hz-fhd-1920x1080-ips-100-srgb-professional-monitor/
Red Tech,Monitor,28′′ ASUS PB287Q UHD 1ms 4K 60Hz Gaming Monitor,"LKR106,700.00",Out of Stock,https://redtech.lk/product/28-asus-pb287q-uhd-1ms-4k-gaming-monitor/
Red Tech,Monitor,32′′ MSI G32C4X VA 250Hz FHD (1920×1080) HDR Gaming Monitor,"LKR106,000.00",Out of Stock,https://redtech.lk/product/coming-soon-32-msi-g32c4x-gaming-monitor/
Red Tech,Monitor,27” Viewsonic VX2780-2K-SHDJ 75Hz 2K Entertainment Monitor,"LKR105,600.00",Out of Stock,https://redtech.lk/product/viewsonic-vx2780-2k-shdj-27-2k-entertainment-monitor/
Red Tech,Monitor,MSI G32CQ4 31”5′ WQFHD 165HZ 1MS Curved Gaming Monitor,"LKR105,000.00",Out of Stock,https://redtech.lk/product/msi-g32cq4-315-wqfhd-165hz-1ms-curved-gaming-monitor/
Red Tech,Laptop,LENOVO LOQ 15IRX9 | Intel i5-13450HX | RTX 3050 6GB GDDR6 | 16GB D5 | 512GB NVMe | 15.6” FHD (1920×1080) IPS 144Hz | Win 11 HOME,"LKR324,500.00",In Stock,https://redtech.lk/product/lenovo-loq-15irx9-intel-i5-13450hx-rtx-3050-6gb-gddr6-24gb-d5-512gb-nvme-15-6-fhd-1920x1080-ips-144hz-win-11-home/
Red Tech,Laptop,HONOR MagicBook X16 2025 Intel Core i5 13420H | 16GB DDR5 RAM | 512GB NVMe | Intel UHD Graphics | 16′′ WUXGA 60Hz | Notebook Series Laptop,"LKR242,900.00",In Stock,https://redtech.lk/product/honor-magicbook-x16-2025-intel-core-i5-13420h-16gb-ram-512gb-nvme-intel-uhd-graphics-16%e2%80%b3-wuxga-60hz-notebook-series-laptop/
Red Tech,Laptop,ASUS VivoBook 15 X1504VA | Intel i3-1315U | 8GB DDR4 | 512GB NVMe | 15.6” FHD (1920×1080) 60Hz | Win 11 Home,"LKR194,900.00",In Stock,https://redtech.lk/product/asus-vivobook-15-x1504va-intel-i3-1315u-8gb-ddr4-512gb-nvme-15-6-fhd-1920x1080-60hz-win-11-home-2/
Red Tech,Laptop,ARMAGGEDDON SHIELD 7 Gaming Backpack,"LKR9,950.00",In Stock,https://redtech.lk/product/armaggeddon-shield-7-gaming-backpack/
Red Tech,Laptop,ARMAGGEDDON SHIELD 3 Gaming Backpack,"LKR6,990.00",In Stock,https://redtech.lk/product/armaggeddon-shield-3-back-pack-grey-black/
Red Tech,Laptop,ASUS ROG BP1501G Gaming Backpack,"LKR4,950.00",In Stock,https://redtech.lk/product/asus-rog-bp1501g-gaming-backpack/
Red Tech,Laptop,HP Prelude Pro Notebook Backpack,"LKR4,950.00",In Stock,https://redtech.lk/product/hp-prelude-pro-notebook-backpack/
Red Tech,Laptop,DELL Essential ES1521P Notebook Backpack,"LKR3,200.00",In Stock,https://redtech.lk/product/dell-essential-es1521p-notebook-backpack/
Red Tech,Laptop,MSI VECTOR 16 HX AI A2XWJG 457LKLK – Intel Core Ultra 9 275HX| 32GB D5 | RTX 5090 24GB | 1TB Gen4 NVMe | 16′′ QHD (2560×1600) 240Hz IPS | Windows 11H,"LKR1,523,000.00",In Stock,https://redtech.lk/product/msi-vector-16-hx-ai-a2xwjg-457lklk-intel-core-ultra-9-275hx-32gb-d5-rtx-5090-24gb-1tb-gen4-nvme-16%e2%80%b3-qhd-2560x1600-240hz-ips-windows-11h/
Red Tech,Laptop,MSI VECTOR 16 HX AI A2XWIG 627LK – Intel Core Ultra 9 275HX| 32GB D5 | RTX 5080 16GB | 1TB Gen4 NVMe | 16′′ QHD (2560×1600) 240Hz IPS | Windows 11H,"LKR1,294,000.00",In Stock,https://redtech.lk/product/msi-vector-16-hx-ai-a2xwig-627lk-intel-core-ultra-9-275hx-32gb-d5-rtx-5080-16gb-1tb-gen4-nvme-16%e2%80%b3-qhd-2560x1600-240hz-ips-windows-11h/
Red Tech,Laptop,MSI KATANA 15 B14WGK 672LK i9 -14900HX | 16GB DDR5 | RTX 5070 8GB | 1TB NVME | 15.6 QHD (2560×1440) IPS 165Hz | Win11H | Gaming Laptop,"LKR707,500.00",In Stock,https://redtech.lk/product/msi-katana-15-b14wgk-i9-14900hx-16gb-ddr5-rtx-5070-8gb-1tb-nvme-15-6-qhd-2560x1440-ips-165hz-win11h-gaming-laptop/
Red Tech,Laptop,LENOVO Legion Pro 5 16IAX10 83F3004ULK | Core Ultra 9 – 275HX | RTX 5070 8GB GDDR7 | 32GB D5 | 1TB M.2 NVMe SSD | 16′′ WQXGA OLED (2560×1600) 165Hz Display | Win 11 Home,"LKR679,000.00",In Stock,https://redtech.lk/product/lenovo-legion-pro-5-16iax10-core-ultra-9-275hx-rtx-5070-8gb-gddr7-32gb-d5-1tb-m-2-nvme-ssd-16-oled-2560x1600-165hz-display-win-11-home/
Red Tech,Laptop,MSI KATANA 15 B14WGK 402LK i7 -14650HX | 16GB DDR5 | RTX 5070 8GB | 1TB NVME | 15.6 2.5K QHD (2560×1440) IPS 165Hz |  Win11H | Gaming Laptop,"LKR675,000.00",In Stock,https://redtech.lk/product/msi-katana-15-b14wgk-i7-14650hx-16gb-ddr5-rtx-5070-8gb-1tb-nvme-15-6-qhd-2560x1440-ips-165hz-win11h-gaming-laptop/
Red Tech,Laptop,MSI KATANA 15 B14WFK 406LK i9 -14900HX | 16GB DDR5 | RTX 5060 8GB | 1TB NVME | 15.6 QHD (2560×1440) IPS 165Hz | Win11H | Gaming Laptop,"LKR648,000.00",In Stock,https://redtech.lk/product/msi-katana-15-b14wfk-i9-14900hx-16gb-ddr5-rtx-5060-8gb-1tb-nvme-15-6-qhd-2560x1440-ips-165hz-win11h-gaming-laptop/
Red Tech,Laptop,MSI SUMMIT 16 AI EVO A2HMTG – Intel Core Ultra 7 – 255H | 32GB DDR5 | 1TB 4×4 NVME | Intel ARC Graphics | 16′′ QHD+ (2560×1600) IPS 165Hz Touch Screen Display Support MSI Pen 2,"LKR621,000.00",In Stock,https://redtech.lk/product/msi-summit-16-ai-evo-a2hmtg-intel-core-ultra-7-255h-32gb-ddr5-1tb-4x4-nvme-intel-arc-graphics-16-qhd-2560x1600-ips-165hz-touch-screen-display-support-msi-pen-2/
Red Tech,Laptop,MSI CYBORG 15 B2RWFKG 213LK – Intel Core 7 -240H | 16GB D5 | RTX 5060 8GB | 1TB NVMe SSD | 15.6′′ FHD (1920×1080) 144Hz IPS | Win 11| Backpack,"LKR605,000.00",In Stock,https://redtech.lk/product/msi-cyborg-15-b2rwfkg-213lk-intel-core-7-240h-16gb-d5-rtx-5060-8gb-1tb-nvme-ssd-15-6%e2%80%b3-fhd-1920x1080-144hz-ips-win-11-backpack/
Red Tech,Laptop,MSI Cyborg 15 B2RWFKG Intel Core 7 240H | 16GB RAM | 512GB NVMe | RTX 5060 8GB | 15.6′′ FHD 144Hz | Gaming Series Laptop,"LKR594,000.00",In Stock,https://redtech.lk/product/msi-cyborg-15-b2rwfkg-intel-core-7-240h-16gb-ram-512gb-nvme-rtx-5060-8gb-15-6%e2%80%b3-fhd-144hz-gaming-series-laptop/
Red Tech,Laptop,ASUS TUF Gaming F16 FX608JHR Intel Core i7 14650HX | 16GB RAM | 1TB NVMe | RTX 5050 8GB | 16.0′′ WUXGA 165Hz | Gaming Series Laptop,"LKR588,500.00",In Stock,https://redtech.lk/product/asus-tuf-gaming-f16-fx608jhr-intel-core-i7-14650hx-16gb-ram-1tb-nvme-rtx-5050-8gb-16-0%e2%80%b3-wuxga-165hz-gaming-series-laptop/
Red Tech,Laptop,MSI KATANA 15 B14WEK 407LK i7 -14650HX | 16GB DDR5 | RTX 5050 8GB | 1TB NVME | 15.6 QHD (2560×1440) IPS 165Hz | Win11H | Gaming Laptop,"LKR573,000.00",In Stock,https://redtech.lk/product/msi-katana-15-b14wek-i7-14650hx-16gb-ddr5-rtx-5050-8gb-1tb-nvme-15-6-qhd-2560x1440-ips-165hz-win11h-gaming-laptop/
Red Tech,Laptop,MSI Cyborg 15 B2RWEKG 214LK Intel Core 7 240H | 16GB DDR5 | 1TB NVMe SSD | RTX 5050 8GB | 15.6′′ FHD (1920×1080) 144Hz IPS | Windows 11 | Gaming Series Laptop,"LKR551,000.00",In Stock,https://redtech.lk/product/msi-cyborg-15-b2rwekg-214lk-intel-core-7-240h-16gb-ddr5-1tb-nvme-ssd-rtx-5050-8gb-15-6%e2%80%b3-fhd-1920x1080-144hz-ips-windows-11-gaming-series-laptop/
Red Tech,Laptop,MSI Cyborg 15 B2RWEKG Intel Core 7 240H | 16GB RAM | 512GB NVMe | RTX 5050 8GB | 15.6′′ FHD 144Hz | Gaming Series Laptop,"LKR540,000.00",In Stock,https://redtech.lk/product/msi-cyborg-15-b2rwekg-intel-core-7-240h-16gb-ram-512gb-nvme-rtx-5050-8gb-15-6%e2%80%b3-fhd-144hz-gaming-series-laptop/
Red Tech,Laptop,ASUS Zenbook 14 UX3405CA-QL328WS Intel Core Ultra 5 225H | 16GB RAM | 1TB NVMe | Intel Arc Graphics | 14.0′′ WUXGA OLED | Windows 11 | Notebook Series Laptop,"LKR486,000.00",In Stock,https://redtech.lk/product/asus-zenbook-14-ux3405ca-ql328ws-intel-core-ultra-5-225h-16gb-ram-1tb-nvme-intel-arc-graphics-14-0%e2%80%b3-wuxga-oled-windows-11-notebook-series-laptop/
Red Tech,Laptop,LENOVO LOQ 15IAX9 83DV00HJLK – Intel i7-14700HX | 16GB DDR5 | RTX 4060 8GB | 512GB NVME | 15.6′′ FHD 144Hz | WIN 11 | Backpack,"LKR482,700.00",In Stock,https://redtech.lk/product/lenovo-loq-15iax9-83dv00hjlk-intel-i7-14700hx-16gb-ddr5-rtx-4060-8gb-512gb-nvme-15-6-fhd-144hz-win-11-backpack/
Red Tech,Laptop,MSI Katana 15 B13VFK 2413XLK – Intel i7 13620H | 16GB D5 | RTX 4060 8GB | 1TB Gen4 NVMe | 15.6′′ FHD (1920×1080) 144Hz IPS Laptop,"LKR465,000.00",In Stock,https://redtech.lk/product/msi-katana-15-b13vfk-2413xlk-intel-i7-13620h-16gb-d5-rtx-4060-8gb-1tb-gen4-nvme-15-6%e2%80%b3-fhd-1920x1080-144hz-ips-laptop/
Red Tech,Laptop,MSI Cyborg 15 A2RVE Intel Core 7 240H | 16GB RAM | 512GB NVMe | RTX 4050 6GB | 15.6′′ FHD 144Hz | Gaming Series Laptop,"LKR448,000.00",In Stock,https://redtech.lk/product/msi-cyborg-15-a2rve-intel-core-7-240h-16gb-ram-512gb-nvme-rtx-4050-6gb-15-6%e2%80%b3-fhd-144hz-gaming-series-laptop/
Red Tech,Laptop,LENOVO LOQ 15IRX10 83JE00WNLK – Intel i7-13650HX | 16GB DDR5 | RTX 5050 8GB | 512GB NVME | 15.6′′ FHD 144Hz | WIN 11 | Backpack,"LKR405,000.00",In Stock,https://redtech.lk/product/lenovo-loq-15irx10-83je00wnlk-intel-i7-13650hx-16gb-ddr5-rtx-5050-8gb-512gb-nvme-15-6-fhd-144hz-win-11-backpack/
Red Tech,Laptop,MSI Cyborg 15 A2RUDX Intel Core 7 240H | 16GB RAM | 512GB NVMe | RTX 3050 6GB | 15.6′′ FHD 144Hz | Gaming Series Laptop,"LKR392,400.00",In Stock,https://redtech.lk/product/msi-cyborg-15-a2rudx-intel-core-7-240h-16gb-ram-512gb-nvme-rtx-3050-6gb-15-6%e2%80%b3-fhd-144hz-gaming-series-laptop/
Red Tech,Laptop,MSI Cyborg 15 A2RVE 2016XLK Intel Core 5 210H | 16GB DDR5 | 1TB NVMe SSD | RTX 4050 6GB | 15.6′′ FHD (1920×1080) 144Hz IPS | Gaming Series Laptop,"LKR389,000.00",In Stock,https://redtech.lk/product/msi-cyborg-15-a2rve-2016xlk-intel-core-5-210h-16gb-ddr5-1tb-nvme-ssd-rtx-4050-6gb-15-6%e2%80%b3-fhd-1920x1080-144hz-ips-gaming-series-laptop/
Red Tech,Laptop,MSI Cyborg 15 A13VEK Intel Core i5 13420H | 16GB DDR5 | 1TB PCIe Gen4 NVMe | RTX 4050 6GB | 15.6′′ FHD (1920×1080) 144Hz IPS | Gaming Series Laptop,"LKR378,000.00",In Stock,https://redtech.lk/product/msi-cyborg-15-a13vek-intel-core-i5-13420h-16gb-ddr5-1tb-pcie-gen4-nvme-rtx-4050-6gb-15-6%e2%80%b3-fhd-1920x1080-144hz-ips-gaming-series-laptop/
Red Tech,Laptop,MSI Cyborg 15 A2RUDX Intel Core 5 210H | 16GB RAM | 512GB NVMe | RTX 3050 6GB | 15.6′′ FHD 144Hz | Gaming Series Laptop,"LKR376,200.00",In Stock,https://redtech.lk/product/msi-cyborg-15-a2rudx-intel-core-5-210h-16gb-ram-512gb-nvme-rtx-3050-6gb-15-6%e2%80%b3-fhd-144hz-gaming-series-laptop/
Red Tech,Laptop,MSI Thin 15 B13VE Intel Core i7 13620H | 16GB RAM | 512GB NVMe | RTX 4050 6GB | 15.6′′ FHD 144Hz | Gaming Series Laptop,"LKR375,500.00",In Stock,https://redtech.lk/product/msi-thin-15-b13ve-intel-core-i7-13620h-16gb-ram-512gb-nvme-rtx-4050-6gb-15-6%e2%80%b3-fhd-144hz-gaming-series-laptop/
Red Tech,Laptop,LENOVO YOGA 7 14IML9 2-In-1- Intel Core Ultra 7-155H | 16GB DDR5 | Intel ARC Graphics | 1TB NVMe SSD | 14′′ OLED (1920×1200) | WIN 11H,"LKR369,500.00",In Stock,https://redtech.lk/product/lenovo-yoga-7-14iml9-2-in-1-intel-core-ultra-7-155h-16gb-ddr5-intel-arc-graphics-1tb-nvme-ssd-14-oled-1920x1200-win-11h/
Red Tech,Laptop,MSI Cyborg 15 A2RUDX 2021XLK Intel Core 7 240H | 16GB DDR5 | 1TB NVMe | RTX 3050 6GB | 15.6′′ FHD (1920×1080) 144Hz IPS | Gaming Series Laptop,"LKR357,000.00",In Stock,https://redtech.lk/product/msi-cyborg-15-a2rudx-2021xlk-intel-core-7-240h-16gb-ddr5-1tb-nvme-rtx-3050-6gb-15-6%e2%80%b3-fhd-1920x1080-144hz-ips-gaming-series-laptop/
Red Tech,Laptop,LENOVO LOQ 15IAX9 83DV00V4LK – Intel i5-13450HX | 24GB DDR5 | RTX 4050 6GB | 512GB NVME | 15.6′′ FHD 144Hz | WIN 11 | Backpack,"LKR343,500.00",In Stock,https://redtech.lk/product/lenovo-loq-15iax9-83dv00v4lk-intel-i5-13450hx-24gb-ddr5-rtx-4050-6gb-512gb-nvme-15-6-fhd-144hz-win-11-backpack/
Red Tech,Laptop,MSI Cyborg 15 A2RUDX 2022XLK Intel Core 5 210H | 16GB DDR5 | 1TB NVMe | RTX 3050 6GB | 15.6′′ FHD (1920×1080) 144Hz IPS | Gaming Series Laptop,"LKR335,000.00",In Stock,https://redtech.lk/product/msi-cyborg-15-a2rudx-2022xlk-intel-core-5-210h-16gb-ddr5-1tb-nvme-rtx-3050-6gb-15-6%e2%80%b3-fhd-1920x1080-144hz-ips-gaming-series-laptop/
Red Tech,Laptop,MSI Cyborg 15 A2RUDX 2044XLK Intel Core 5 210H | 16GB DDR5 | 512GB NVMe | RTX 3050 6GB | 15.6′′ FHD (1920×1080) 144Hz IPS | Gaming Series Laptop,"LKR330,000.00",In Stock,https://redtech.lk/product/msi-cyborg-15-a2rudx-2044xlk-intel-core-5-210h-16gb-ddr5-512gb-nvme-rtx-3050-6gb-15-6%e2%80%b3-fhd-1920x1080-144hz-ips-gaming-series-laptop/
Red Tech,Laptop,LENOVO LOQ 15IAX9 83DV00V2LK – Intel i5-13450HX | 24GB DDR5 | RTX 3050 6GB | 512GB NVME | 15.6′′ FHD 144Hz | WIN 11 | Backpack,"LKR310,000.00",In Stock,https://redtech.lk/product/lenovo-loq-15iax9-83dv00v2lk-intel-i5-13450hx-24gb-ddr5-rtx-3050-6gb-512gb-nvme-15-6-fhd-144hz-win-11-backpack/
Red Tech,Laptop,MSI Cyborg 15 A13UDX Intel Core i5 13420H | 16GB DDR5 | 1TB PCIe Gen4 NVMe | RTX 3050 6GB | 15.6′′ FHD (1920×1080) 144Hz IPS | Gaming Series Laptop,"LKR308,000.00",In Stock,https://redtech.lk/product/msi-cyborg-15-a13udx-intel-core-i5-13420h-16gb-ddr5-1tb-pcie-gen4-nvme-rtx-3050-6gb-15-6%e2%80%b3-fhd-1920x1080-144hz-ips-gaming-series-laptop/
Red Tech,Laptop,MSI MODERN 15 F13MG 826XLK Core i5 -1334U | 8GB DDR4 | 512GB NVME | 15.6′′ FHD IPS | DOS | URBAN SILVER,"LKR233,500.00",In Stock,https://redtech.lk/product/msi-modern-15-f13mg-core-i5-1334u-16gb-ddr4-512gb-nvme-15-6-fhd-ips-dos-urban-silver/
Red Tech,Laptop,DELL 15 DC15250 Essential DELL-DC15250-I5-8GB512-WH Intel Core i5 1334U | 8GB RAM | 512GB NVMe | Intel UHD Graphics | 15.6′′ FHD 120Hz | Windows 11 | Notebook Series Laptop,"LKR223,500.00",In Stock,https://redtech.lk/product/dell-15-dc15250-essential-dell-dc15250-i5-8gb512-wh-intel-core-i5-1334u-8gb-ram-512gb-nvme-intel-uhd-graphics-15-6%e2%80%b3-fhd-120hz-windows-11-notebook-series-laptop/
Red Tech,Laptop,DELL 15 DC15250 Intel i5 1334U | 8GB RAM | 512GB NVMe | 15.6′′ FHD IPS 120Hz | Notebook Laptop,"LKR222,500.00",In Stock,https://redtech.lk/product/dell-15-dc15250-intel-i5-1334u-8gb-ram-512gb-nvme-15-6%e2%80%b3-fhd-ips-120hz-notebook-laptop/
Red Tech,Laptop,ASUS ExpertBook B1 B1503CVA-S71506 | Intel Core 5 120U | 8GB RAM | 512GB NVMe | 15.6′′ FHD | Business Series Laptop,"LKR219,000.00",In Stock,https://redtech.lk/product/asus-expertbook-b1-b1503cva-s71506-intel-core-5-120u-8gb-ram-512gb-nvme-15-6%e2%80%b3-fhd-business-series-laptop/
Red Tech,Laptop,ASUS ExpertBook B1503CVA 90NX0801-M01MB0 Intel Core 3-100U | 8GB DDR5 | 512GB NVMe | 15.6′′ FHD | Business Series Laptop,"LKR210,000.00",In Stock,https://redtech.lk/product/asus-expertbook-b1503cva-90nx0801-m01mb0-intel-core-3-100u-8gb-ddr5-512gb-nvme-15-6%e2%80%b3-fhd-business-series-laptop/
Red Tech,Laptop,Lenovo V15 G5 IRL 83HFA07ULK Intel Core i5 13420H | 8GB RAM | 512GB 4×4 NVME | 15.6′′ FHD IPS | Business Series Laptop,"LKR194,900.00",In Stock,https://redtech.lk/product/lenovo-v15-g5-irl-83hfa07ulk-intel-core-i5-13420h-8gb-ram-512gb-nvme-15-6-fhd-business-series-laptop/
Red Tech,Laptop,ASUS ROG Strix BP4701 Gaming Backpack,"LKR4,300.00",In Stock,https://redtech.lk/product/asus-rog-strix-bp4701-gaming-backpack/
Red Tech,Laptop,Cooler Master Notepal X150 RGB Laptop Cooler,"LKR13,050.00",Out of Stock,https://redtech.lk/product/cooler-master-notepal-x150-rgb-laptop-cooler/
Red Tech,Laptop,Cooler Master Notepal X150R Laptop Cooler,"LKR11,940.00",Out of Stock,https://redtech.lk/product/cooler-master-notepal-x150r-laptop-cooler/
Red Tech,Laptop,DEEPCOOL Multi Core X6 NoteBook Cooler,"LKR8,500.00",Out of Stock,https://redtech.lk/product/deepcool-multi-core-x6-notebook-cooler/
Red Tech,Laptop,Cooler Master Notepal L2 Laptop Cooler,"LKR6,490.00",Out of Stock,https://redtech.lk/product/cooler-master-notepal-l2-laptop-cooler/
Red Tech,Laptop,S608 Metal Gaming Cooling Pad,"LKR5,950.00",Out of Stock,https://redtech.lk/product/s608-metal-gaming-cooling-pad/
Red Tech,Laptop,DEEPCOOL U PAL NoteBook Cooler,"LKR5,500.00",Out of Stock,https://redtech.lk/product/deepcool-u-pal-notebook-cooler/
Red Tech,Laptop,N137 Laptop NoteBook Cooling Pad – 5 Fan,"LKR5,200.00",Out of Stock,https://redtech.lk/product/n137-laptop-notebook-cooling-pad-5-fan/
Red Tech,Laptop,Meetion CP2020 RGB NoteBook Laptop Cooler,"LKR3,550.00",Out of Stock,https://redtech.lk/product/meetion-cp2020-rgb-notebook-laptop-cooler/
Red Tech,Laptop,Cooler Master CMC3 Laptop Cooler,"LKR3,500.00",Out of Stock,https://redtech.lk/product/cooler-master-cmc3-laptop-cooler/
Red Tech,Laptop,X3 NoteBook Laptop Cooler,"LKR3,375.00",Out of Stock,https://redtech.lk/product/matmo-2-ncp212-laptop-notebook-cooling-pad-2-fan/
Red Tech,Laptop,N139 NoteBook Laptop Cooler,"LKR2,320.00",Out of Stock,https://redtech.lk/product/n139-laptop-notebook-cooling-pad-2-fan/
Red Tech,Laptop,N19 Laptop NoteBook Cooling Pad -140mm,"LKR1,700.00",Out of Stock,https://redtech.lk/product/n19-laptop-notebook-cooling-pad-140mm/
Red Tech,Laptop,Havit HV-F2035 Notebook Laptop Cooler,LKR0.00,Out of Stock,https://redtech.lk/product/havit-hv-f2035-notebook-laptop-cooler/
Red Tech,Laptop,CPLUS N99 Laptop Notebook Cooling Pad,LKR0.00,Out of Stock,https://redtech.lk/product/cplus-n99-laptop-notebook-cooling-pad/
Red Tech,Laptop,MSI TITAN GT77 HX 13V | Intel i9-13980HX | RTX4090 16GB | 64GB D5 | 4TB NVME | QHD HDR 144Hz IPS | WIN 11 Home,"LKR2,550,000.00",Out of Stock,https://redtech.lk/product/msi-titan-gt77-hx-13v-intel-i9-13980hx-rtx4090-16gb-64gb-d5-4tb-nvme-qhd-hdr-144hz-ips-win-11-home/
Red Tech,Laptop,MSI Titan 18 HX A14VIG – Intel i9 14900HX | 128GB D5 | RTX 4090 16GB | 4TB NVMe SSD | 18′′ QHD+ (3840×2400) MiniLED 120Hz IPS | WIN 11 PRO,"LKR2,350,000.00",Out of Stock,https://redtech.lk/product/order-now-msi-titan-18-hx-a14vig-intel-i9-14900hx-128gb-d5-rtx-4090-16gb-4tb-nvme-18%e2%80%b3-qhd-3840x2400-miniled-120hz-ips-win-11-pro/
Red Tech,Laptop,LENOVO Legion 9 16IRX8 | i9-13980HX | RTX 4090 16GB GDDR6 | 64GB | 2TB NVMe SSD | 16′′ 3.2K 165Hz Mini LED Display,"LKR1,765,000.00",Out of Stock,https://redtech.lk/product/order-now-lenovo-legion-9-16irx8-i9-13980hx-rtx-4090-16gb-gddr6-64gb-2tb-m-2-2280-ssd-16-3-2k-165hz-mini-led-display/
Red Tech,Laptop,LENOVO Legion 9 16IRX8 | i9-13980HX | RTX 4090 16GB GDDR6 | 64GB | 1TB NVMe SSD | 16′′ 3.2K 165Hz Mini LED Display,"LKR1,680,000.00",Out of Stock,https://redtech.lk/product/lenovo-legion-9-16irx8-i9-13980hx-rtx-4090-16gb-gddr6-64gb-1tb-m-2-2280-ssd-16-3-2k-165hz-mini-led-display/
Red Tech,Laptop,MSI Raider GE78 HX 14 VIG –  Intel i9 14900HX | 64GB D5 | RTX 4090 16GB | 2TB NVMe SSD | 17′′ QHD+ (2560×1600) 240Hz IPS | WIN 11 PRO,"LKR1,650,000.00",Out of Stock,https://redtech.lk/product/order-now-msi-raider-ge78-hx-14-vig-intel-i9-14900hx-64gb-d5-rtx-4090-16gb-2tb-nvme-17%e2%80%b3-qhd-2560x1600-240hz-ips-win-11-home/
Red Tech,Laptop,LENOVO Legion 9 16IRX8 | i9-13980HX | RTX 4080 12GB GDDR6 | 32GB D5 | 1TB NVMe SSD | 16′′ 3.2K 165Hz Mini LED Display,"LKR1,512,000.00",Out of Stock,https://redtech.lk/product/order-now-lenovo-legion-9-16irx8-i9-13980hx-rtx-4080-12gb-gddr6-32gb-d5-1tb-m-2-2280-ssd-16-3-2k-165hz-mini-led-display/
Red Tech,Laptop,MSI VECTOR GP77 13VG | Intel I7-13700H | RTX4070 8GB | 16GB D5 | 2TB NVME | QHD 240Hz IPS | WIN 11 Home,"LKR1,350,000.00",Out of Stock,https://redtech.lk/product/coming-soon-msi-vector-gp77-13vg-intel-i7-13700h-rtx4070-8gb-16gb-d5-2tb-nvme-qhd-240hz-ips-win-11-home/
Red Tech,Laptop,MSI VECTOR GP78 HX 13V | Intel I9-13980HX | RTX4090 16GB | 64GB D5 | 2TB NVME | QHD+ 240Hz IPS | WIN 11 Home,"LKR1,272,000.00",Out of Stock,https://redtech.lk/product/msi-vector-gp78-hx-13v-intel-i9-13980hx-rtx4090-16gb-64gb-d5-2tb-nvme-qhd-240hz-ips-win-11-home/
Red Tech,Laptop,LENOVO Legion Pro 7 16IAX10H | Core Ultra 9 – 275HX | RTX 5090 24GB GDDR7 | 32GB D5 | 1TB M.2 NVMe SSD | 16′′  WQXGA OLED (2560×1600) 240Hz Display | Win 11 Home,"LKR1,269,000.00",Out of Stock,https://redtech.lk/product/lenovo-legion-pro-7-16iax10h-core-ultra-9-275hx-rtx-5090-24gb-gddr7-32gb-d5-1tb-m-2-nvme-ssd-16-oled-2560x1600-240hz-display-win-11-home/
Red Tech,Laptop,MSI Creator Z17 HX Studio A14VGT –  Intel i9 14900HX | 64GB D5  | RTX 4070 8GB | 2TB NVMe SSD | 17′′ QHD+ (2560×1600) 165Hz IPS Touchscreen | WIN 11 PRO,"LKR1,200,000.00",Out of Stock,https://redtech.lk/product/order-now-msi-creator-z17-hx-studio-a14vgt-intel-i9-14900hx-64gb-d5-rtx-4070-8gb-2tb-nvme-17%e2%80%b3-qhd-2560x1600-165hz-ips-touchscreen-win-11-home/
Red Tech,Laptop,MSI Vector 16 HX A14VHG –  Intel i9 14900HX | 32GB D5  | RTX 4080 12GB | 1TB NVMe SSD | 16′′ QHD+ (2560×1600) 240Hz IPS | WIN 11 Home,"LKR1,150,000.00",Out of Stock,https://redtech.lk/product/order-now-msi-vector-16-hx-a14vhg-intel-i9-14900hx-32gb-d5-rtx-4080-12gb-1tb-nvme-16%e2%80%b3-qhd-2560x1600-240hz-ips-win-11-home/
Red Tech,Laptop,MSI Stealth 16 Mercedes-AMG Motorsport A1VGG | Intel CORE ULTRA 9 | 32GB D5 | 2TB NVMe | RTX 4070 8GB | 16” QHD+ OLED 240Hz,"LKR979,000.00",Out of Stock,https://redtech.lk/product/msi-stealth-16-mercedes-amg-motorsport-a1vgg-intel-core-ultra-9-32gb-d5-2tb-nvme-rtx-4070-8gb-16-qhd-oled-240hz/
Red Tech,Laptop,MSI Vector 16 HX A14VGG –  Intel i9 14900HX | 32GB D5  | RTX 4070 8GB | 1TB NVMe SSD | 16′′ QHD+ (2560×1600) 240Hz IPS | WIN 11 Home,"LKR909,200.00",Out of Stock,https://redtech.lk/product/order-now-msi-vector-16-hx-a14vgg-intel-i9-14900hx-32gb-d5-rtx-4070-8gb-1tb-nvme-ssd-16%e2%80%b3-qhd-2560x1600-240hz-ips-win-11-home/
Red Tech,Laptop,MSI Vector 17 HX A14VGG –  Intel i9 14900HX | 32GB D5  | RTX 4070 8GB | 1TB NVMe SSD | 17′′ QHD+ (2560×1600) 240Hz IPS | WIN 11 Home,"LKR900,000.00",Out of Stock,https://redtech.lk/product/order-now-msi-vector-17-hx-a14vgg-intel-i9-14900hx-32gb-d5-rtx-4070-8gb-1tb-nvme-17%e2%80%b3-qhd-2560x1600-240hz-ips-win-11-home/
Red Tech,Laptop,MSI Creator M16 HX C14VGG – Intel i9-14900HX | 32GB D5 | RTX 4070 8GB | 1TB NVMe | 16′′ QHD+ (2560×1600) IPS 240Hz | WIN 11 Home,"LKR885,500.00",Out of Stock,https://redtech.lk/product/order-now-msi-creator-m16-hx-c14vgg-intel-i9-14900hx-32gb-d5-rtx-4070-8gb-1tb-nvme-16%e2%80%b3-qhd-2560x1600-ips-240hz-win-11-home/
Red Tech,Laptop,ASUS ROG STRIX G513RM-HF028W Ryzen 7 6800H Mobile Processor | 16GB DDR5 |1TB NVME | RTX 3060 8GB | 15.6 Inch 300Hz IPS | Win 11 Home Ecilpse Gray | ROG Backpack/Gaming Mouse,"LKR882,000.00",Out of Stock,https://redtech.lk/product/asus-rog-strix-g513rm-hf028w-ryzen-7-6800h-mobile-processor-16gb-ddr5-1tb-nvme-rtx-3060-8gb-15-6-inch-300hz-ips-win-11-home-ecilpse-gray-rog-backpack-gaming-mouse/
Red Tech,Laptop,ASUS ROG Strix G16 – Intel i9-14900HX | 16GB DDR5 5600Mz | RTX 4070 8GB GDDR6 | 1TB Gen4 NVMe | 16′′ QHD+ (2560×1600) 240Hz IPS | Win 11 Home,"LKR859,000.00",Out of Stock,https://redtech.lk/product/asus-rog-strix-g16-intel-i9-14900hx-16gb-ddr5-5600mz-rtx-4070-8gb-gddr6-1tb-gen4-nvme-16%e2%80%b3-qhd-2560x1600-240hz-ips-win-11-home/
Red Tech,Laptop,Dell XPS 13 PLUS | 12th Gen Core i7-1260P | 16GB DDR5 | 512GB M.2 | 13.4′′ OLED Touch Screen | WIN 11 Home,"LKR849,000.00",Out of Stock,https://redtech.lk/product/dell-xps-13-plus-12th-gen-core-i7-1260p-16gb-ddr5-512gb-m-2-13-4-oled-touch-screen-win-11-home/
Red Tech,Laptop,MSI Crosshair 16 HX AI  D2XWFKG- Intel Ultra 9 275HX | 32GB D5 | RTX 5060 8GB | 1TB NVMe | 16′′QHD+ (2560×1600) 240Hz IPS | Win 11 Home,"LKR810,000.00",Out of Stock,https://redtech.lk/product/msi-crosshair-16-hx-ai-d2xwfkg-intel-ultra-9-275hx-32gb-d5-rtx-5060-8gb-1tb-nvme-16%e2%80%b3qhd-2560x1600-240hz-ips-win-11-home/
Red Tech,Laptop,MSI VECTOR 16 HX A14VGG – Intel i9 14900HX | 32GB D5 | RTX 4070 8GB | 1TB Gen4 NVMe | 16′′ QHD (2560×1600) 240Hz IPS | Windows 11H,"LKR789,500.00",Out of Stock,https://redtech.lk/product/msi-vector-16-hx-a14vgg-intel-i9-14900hx-32gb-d5-rtx-4070-8gb-1tb-gen4-nvme-16%e2%80%b3-qhd-2560x1600-240hz-ips-windows-11h/
Red Tech,Laptop,MSI Summit E16 AI Studio A1VETG –  Intel Ultra 7 155H | 32GB D5  | RTX 4050 6GB | 1TB NVMe SSD | 16′′ QHD+ (2560×1600) 165Hz IPS Touchscreen | WIN 11 PRO,"LKR785,000.00",Out of Stock,https://redtech.lk/product/order-now-msi-summit-e16-ai-studio-a1vetg-intel-ultra-7-155h-32gb-d5-rtx-4050-6gb-1tb-nvme-16%e2%80%b3-qhd-2560x1600-165hz-ips-touchscreen-win-11-home/
Red Tech,Laptop,"Lenovo Yoga Book 9i | Intel I7-1355U | 16GB D5 | 1TB SSD | 13.3′′ PureSight OLED | WIN 11 Home | Dual Screen, Multi-mode","LKR760,000.00",Out of Stock,https://redtech.lk/product/lenovo-yoga-book-9i-dual-screen-multi-mode-laptop/
Red Tech,Laptop,MSI PULSE GL66 12UEK | Intel I7-12700H | RTX3060 6GB GDDR6 | 16GB DDR4 3200MHz | 1TB NVME | 15.6” QHD (2560X1440) IPS Level 165Hz Thin Bezel | WIN 11 Home,"LKR755,000.00",Out of Stock,https://redtech.lk/product/msi-pulse-gl66-12uek-intel-i7-12700h-rtx3060-6gb-gddr6-16gb-ddr4-3200mhz-1tb-nvme-15-6-qhd-2560x1440-ips-level-165hz-thin-bezel-win-11-home/
Red Tech,Laptop,MSI PULSE 15 B13VGK | Intel I9-13900H | RTX4070 8GB | 32GB D5 | 1TB NVME | QHD 144Hz IPS | WIN 11 Home,"LKR715,000.00",Out of Stock,https://redtech.lk/product/coming-soon-msi-pulse-15-b13vgk-intel-i9-13900h-rtx4070-8gb-32gb-d5-1tb-nvme-qhd-165hz-ips-win-11-home/
Red Tech,Laptop,ASUS TUF FX516PM-HN083W INTEL i7 11370H | 8GB DDR4 | 512GB NVME | RTX 3060 | 15.6 inch 165Hz IPS | WIN 11 Home Eclipse Gray | Free TUF Gaming Backpack,"LKR699,000.00",Out of Stock,https://redtech.lk/product/asus-tuf-fx706hcb-hx123w-intel-i5-11400h-8gb-ddr4-512gb-nvme-rtx-3050-15-6-inch-144hz-ips-win-10-home-eclipse-gray-free-tuf-gaming-backpack/
Red Tech,Laptop,ASUS TUF FX516PM-HN083W INTEL i7 11370H | 8GB DDR4 | 512GB NVME | RTX 3060 | 15.6 inch 165Hz IPS | WIN 11 Home Eclipse Gray | Free TUF Gaming Backpack,"LKR699,000.00",Out of Stock,https://redtech.lk/product/asus-tuf-fx516pm-hn083w-intel-i7-11370h-8gb-ddr4-512gb-nvme-rtx-3060-15-6-inch-165hz-ips-win-11-home-eclipse-gray-free-tuf-gaming-backpack/
Red Tech,Peripherals,ShootVilla SV-PAN-02 – Camera Slider,"LKR52,000.00",In Stock,https://redtech.lk/product/shootvilla-sv-pan-02-camera-slider/
Red Tech,Peripherals,ShootVilla SV-CNL-02 – Camera Slider,"LKR49,300.00",In Stock,https://redtech.lk/product/shootvilla-sv-cnl-02-camera-slider/
Red Tech,Peripherals,ShootVilla SV-STR-02 – Camera Slider,"LKR39,550.00",In Stock,https://redtech.lk/product/shootvilla-sv-str-02-camera-slider/
Red Tech,Peripherals,ShootVilla SV-SLS-02 – Camera Slider,"LKR32,600.00",In Stock,https://redtech.lk/product/shootvilla-sv-sls-02-camera-slider/
Red Tech,Peripherals,ShootVilla SV-PRL-02 – Camera Slider,"LKR32,600.00",In Stock,https://redtech.lk/product/shootvilla-sv-prl-02-camera-slider/
Red Tech,Peripherals,LOGITECH G502 HERO Wired Pro FPS Gaming Mouse,"LKR17,900.00",In Stock,https://redtech.lk/product/logitech-g502-hero-fps-gaming-mouse/
Red Tech,Peripherals,LOGITECH G402 HYPERION FURY FPS Gaming Mouse,"LKR11,800.00",In Stock,https://redtech.lk/product/logitech-g402-hyperion-fury-fps-gaming-mouse/
Red Tech,Peripherals,REDRAGON AKALI K642 Wired Gaming Mechanical Keyboard,"LKR11,640.00",In Stock,https://redtech.lk/product/redragon-akali-k642-wired-gaming-mechanical-keyboard/
Red Tech,Peripherals,ARMAGGEDDON MKA-7C PSYCHEAGLE RGB Mechanical Gaming Keyboard – Linear,"LKR9,720.00",In Stock,https://redtech.lk/product/armaggeddon-mka-7c-psycheagle-rgb-mechanical-gaming-keyboard-linear/
Red Tech,Peripherals,ARMAGGEDDON MKA-7C PSYCHEAGLE RGB Mechanical Gaming Keyboard – Clicky,"LKR9,720.00",In Stock,https://redtech.lk/product/armaggeddon-mka-7c-psycheagle-rgb-mechanical-gaming-keyboard/
Red Tech,Peripherals,ARMAGGEDDON MIRAGE VII – 3 Mode 7 Buttons  2.4GHz Wireless Gaming Mouse,"LKR9,610.00",In Stock,https://redtech.lk/product/armaggeddon-mirage-vii-3-mode-7-buttons-2-4ghz-wireless-gaming-mouse/
Red Tech,Peripherals,REDRAGON K617 FIZZ 60% RGB Wired Mechanical Gaming Keyboard,"LKR9,290.00",In Stock,https://redtech.lk/product/redragon-k617-fizz-60-rgb-wired-mechanical-gaming-keyboard/
Red Tech,Peripherals,LOGITECH C270 HD 720P WEBCAM – WEB Camera,"LKR9,250.00",In Stock,https://redtech.lk/product/logitech-c270-hd-720p-web-camera/
Red Tech,Peripherals,ARMAGGEDDON MKA-2C NEO PSYCHRAVEN TACTILE RGB Mechanical Gaming Keyboard,"LKR8,540.00",In Stock,https://redtech.lk/product/armaggeddon-mka-2c-neo-psychraven-tactile-rgb-mechanical-gaming-keyboard/
Red Tech,Peripherals,REDRAGON K512 SHIVA RGB Membrane Gaming Keyboard,"LKR8,460.00",In Stock,https://redtech.lk/product/redragon-k512-shiva-rgb-membrane-gaming-keyboard/
Red Tech,Peripherals,ARMAGGEDDON MKA-2C NEO PSYCHRAVEN LINEAR RGB Mechanical Gaming Keyboard,"LKR8,460.00",In Stock,https://redtech.lk/product/armaggeddon-mka-2c-neo-psychraven-linear-rgb-mechanical-gaming-keyboard/
Red Tech,Peripherals,LOGITECH MK220 Space Saving Wireless Keyboard Mouse Combo,"LKR8,440.00",In Stock,https://redtech.lk/product/logitech-mk220-space-saving-wireless-keyboard-mouse-combo/
Red Tech,Peripherals,ARMAGGEDDON MIRAGE-V 3 Mode 5 Button Gaming Mouse,"LKR8,340.00",In Stock,https://redtech.lk/product/armaggeddon-mirage-v-3-mode-5-button-gaming-mouse/
Red Tech,Peripherals,ARMAGGEDDON FALCON 3 – 10000DPI RGB Macro 16.8M Colour Mouse,"LKR8,325.00",In Stock,https://redtech.lk/product/armaggeddon-falcon-3-10000dpi-rgb-macro-16-8m-colour-mouse/
Red Tech,Peripherals,ARMAGGEDDON MKA-2C NEO PSYCHRAVEN CLICKY RGB Mechanical Gaming Keyboard,"LKR7,860.00",In Stock,https://redtech.lk/product/armaggeddon-mka-2c-neo-psychraven-clicky-rgb-mechanical-gaming-keyboard/
Red Tech,Peripherals,LOGITECH G102 LIGHTSYNC 8000DPI Wired Gaming Mouse – White,"LKR7,500.00",In Stock,https://redtech.lk/product/logitech-g102-lightsync-8000dpi-wired-gaming-mouse-white/
Red Tech,Peripherals,LOGITECH G102 LIGHTSYNC 8000DPI Wired Gaming Mouse – Black,"LKR7,500.00",In Stock,https://redtech.lk/product/logitech-g102-lightsync-gaming-mouse/
Red Tech,Peripherals,REDRAGON M690 PRO Wireless Gaming Mouse,"LKR7,140.00",In Stock,https://redtech.lk/product/redragon-m690-pro-wireless-gaming-mouse/
Red Tech,Peripherals,REDRAGON K511 PRO RGB Gaming Keyboard,"LKR6,880.00",In Stock,https://redtech.lk/product/redragon-k511-pro-rgb-gaming-keyboard/
Red Tech,Peripherals,REDRAGON M910-KS RANGER Dual Mode Gaming Mouse – Black,"LKR6,820.00",In Stock,https://redtech.lk/product/redragon-m910-ks-ranger-dual-mode-gaming-mouse-black/
Red Tech,Peripherals,ARMAGGEDDON MKA-1C CORE RGB Mechanical Gaming Keyboard – CLICKY – Black,"LKR6,780.00",In Stock,https://redtech.lk/product/armaggeddon-mka-1c-core-rgb-mechanical-gaming-keyboard-clicky-black/
Red Tech,Peripherals,ARMAGGEDDON MKA-1C CORE RGB Mechanical Gaming Keyboard – CLICKY – White,"LKR6,780.00",In Stock,https://redtech.lk/product/armaggeddon-mka-2c-neo-psychraven-linear-rgb-mechanical-gaming-keyboard-copy/
Red Tech,Peripherals,ARMAGGEDDON MKA-1C NEX RGB Mechanical Gaming Keyboard – TACTILE,"LKR6,600.00",In Stock,https://redtech.lk/product/armaggeddon-mka-1c-nex-rgb-mechanical-gaming-keyboard-tactile/
Red Tech,Peripherals,ARMAGGEDDON SMK-1C PSYCHSPARROW LINEAR RGB Mechanical Gaming Keyboard – White,"LKR6,400.00",In Stock,https://redtech.lk/product/armaggeddon-smk-1c-psychsparrow-linear-rgb-mechanical-gaming-keyboard-white/
Red Tech,Peripherals,ARMAGGEDDON SMK-1C PSYCHSPARROW CLICKY RGB Mechanical Gaming Keyboard,"LKR6,400.00",In Stock,https://redtech.lk/product/armaggeddon-smk-1c-psychsparrow-clicky-rgb-mechanical-gaming-keyboard/
Red Tech,Peripherals,REDRAGON M602-KS GRIFFIN Wireless Gaming Mouse,"LKR6,115.00",In Stock,https://redtech.lk/product/redragon-m602-ks-griffin-wireless-gaming-mouse/
Red Tech,Peripherals,REDRAGON M812 PLANK RGB Wired Gaming Mouse,"LKR5,880.00",In Stock,https://redtech.lk/product/redragon-m812-plank-rgb-wired-gaming-mouse/
Red Tech,Peripherals,REDRAGON K502 7 Color Backlight Gaming Keyboard,"LKR5,645.00",In Stock,https://redtech.lk/product/redragon-k502-7-color-backlight-gaming-keyboard/
Red Tech,Peripherals,LOGITECH M220 Silent CHARCOAL – 1000DPI 2.4GHz Wireless Office Mouse,"LKR5,370.00",In Stock,https://redtech.lk/product/logitech-m220-silent-charcoal-1000dpi-2-4ghz-wireless-office-mouse/
Red Tech,Peripherals,Alcatroz Jellybean-A2000 Wirless Keyboard and Mouse Combo,"LKR5,330.00",In Stock,https://redtech.lk/product/alcatroz-jellybean-a2000-wirless-keyboard-and-mouse-combo/
Red Tech,Peripherals,ALCATROZ XPLORER GO BTR200 BLUETOOTH Wireless 2.4G Dual Mode Rechargeable Keyboard,"LKR5,200.00",In Stock,https://redtech.lk/product/alcatroz-xplorer-go-btr200-bluetooth-wireless-2-4g-dual-mode-rechargeable-keyboard/
Red Tech,Peripherals,Onikuma CW925 RGB Backlite Wired Esports Gaming Mouse,"LKR5,000.00",In Stock,https://redtech.lk/product/onikuma-cw925-rgb-backlite-wired-esports-gaming-mouse/
Red Tech,Peripherals,KISONLI D1 2K HD Plug & Play Conference Webcam,"LKR4,990.00",In Stock,https://redtech.lk/product/kisonli-d1-2k-hd-plug-play-conference-webcam/
Red Tech,Peripherals,Logitech M185 Wireless Mini Mouse – Gray,"LKR4,900.00",In Stock,https://redtech.lk/product/logitech-m185-wireless-mini-mouse-black/
Red Tech,Peripherals,LOGITECH MK120 – Wired Keyboard Mouse Combo,"LKR4,900.00",In Stock,https://redtech.lk/product/logitech-mk120-wired-keyboard-mouse-combo/
Red Tech,Peripherals,REDRAGON M612 PREDATOR Wired Gaming Mouse,"LKR4,740.00",In Stock,https://redtech.lk/product/redragon-m612-predator-wired-gaming-mouse/
Red Tech,Peripherals,REDRAGON M656 GAINER Wireless Gaming Mouse,"LKR4,490.00",In Stock,https://redtech.lk/product/redragon-m656-gainer-wireless-gaming-mouse/
Red Tech,Peripherals,Alcatroz Jellybean A200 2.4G Wireless Keyboard,"LKR4,250.00",In Stock,https://redtech.lk/product/alcatroz-jellybean-a200-2-4g-wireless-keyboard/
Red Tech,Peripherals,REDRAGON M601 CENTROPHORUS 2 RGB 7200DPI Gaming Mouse – Black,"LKR4,120.00",In Stock,https://redtech.lk/product/redragon-m601-centrophorus-2-rgb-7200dpi-gaming-mouse-black/
Red Tech,Peripherals,Microsoft Xbox 360 Wired Controller for Windows &  Xbox 360 Console,"LKR3,990.00",In Stock,https://redtech.lk/product/microsoft-xbox-360-wired-controller-for-windows-xbox-360-console/
Red Tech,Peripherals,KISONLI PC2 AF1080P HD Webcam,"LKR3,570.00",In Stock,https://redtech.lk/product/kisonli-af1080p-hd-webcam/
Red Tech,Peripherals,LOGITECH K120 – Office USB Wired Keyboard,"LKR3,100.00",In Stock,https://redtech.lk/product/logitech-k120-office-usb-wired-keyboard/
Red Tech,Peripherals,ARMAGGEDDON 28 AS-29R ASSAULT RGB Mouse Pad,"LKR2,990.00",In Stock,https://redtech.lk/product/armaggeddon-28-as-29r-assault-rgb-mouse-pad/
Red Tech,Peripherals,RAPOO NK1900 Wired Keyboard – Black,"LKR2,950.00",In Stock,https://redtech.lk/product/rapoo-nk1900-wired-keyboard-black/
Red Tech,Peripherals,RAPOO B20 Silent Wireless Optical Mouse,"LKR2,650.00",In Stock,https://redtech.lk/product/rapoo-b20-silent-wireless-optical-mouse/
Red Tech,Peripherals,RAPOO N500 Wired Optical Mouse,"LKR2,450.00",In Stock,https://redtech.lk/product/rapoo-n500-wired-optical-mouse/
Red Tech,Peripherals,LOGITECH M90 Wired USB Mouse,"LKR1,980.00",In Stock,https://redtech.lk/product/logitech-m90-wired-usb-mouse/
Red Tech,Peripherals,LOGITECH B100 – Full Size Corded Mouse,"LKR1,980.00",In Stock,https://redtech.lk/product/logitech-b-100-full-size-wired-mouse/
Red Tech,Peripherals,ALCATROZ AIRMOUSE 3 SILENT – 1200DPI 2.4G Wireless Mouse – Gray,"LKR1,950.00",In Stock,https://redtech.lk/product/alcatroz-airmouse-3-silent-1200dpi-2-4g-wireless-mouse/
Red Tech,Peripherals,ALCATROZ AIRMOUSE V – 2.4G Wireless Mouse,"LKR1,850.00",In Stock,https://redtech.lk/product/alcatroz-airmouse-v-2-4g-wireless-mouse/
Red Tech,Peripherals,TURBOGEAR TB60 2.4G + Bluetooth 5.1 Rechargeable Mouse,"LKR1,550.00",In Stock,https://redtech.lk/product/turbogear-tb60-2-4g-bluetooth-5-1-rechargeable-mouse/
Red Tech,Peripherals,RAPOO N200 Wired Optical Mouse,"LKR1,550.00",In Stock,https://redtech.lk/product/rapoo-n200-wired-optical-mouse/
Red Tech,Peripherals,HP 2.4G Wireless Optical Mouse,"LKR1,460.00",In Stock,https://redtech.lk/product/hp-2-4g-wireless-optical-mouse/
Red Tech,Peripherals,ALCATROZ ASiC 9 RGB FX – 1000DPI Wired USB Gaming Mouse,"LKR1,430.00",In Stock,https://redtech.lk/product/alcatroz-asic9-rgb-fx-1000dpi-wired-usb-gaming-mouse/
Red Tech,Peripherals,RAPOO N100 – 1000 DPI Optical Mouse,"LKR1,250.00",In Stock,https://redtech.lk/product/rapoo-n100-1000-dpi-optical-mouse/
Red Tech,Peripherals,650x300mm Full Table Mat – Xtra Large Size Mouse Pad,"LKR1,250.00",In Stock,https://redtech.lk/product/65x30cm-extra-large-size-mousepad/
Red Tech,Peripherals,JEQANG JW-211 – Wireless Optical Mouse,"LKR1,185.00",In Stock,https://redtech.lk/product/jeqang-jw-211-wireless-optical-mouse/
Red Tech,Peripherals,650x300mm Full Table Mat – Xtra Large Size Mouse Pad – Plain Black,LKR990.00,In Stock,https://redtech.lk/product/650x300mm-full-table-mat-xtra-large-size-mouse-pad-plain-black/
Red Tech,Peripherals,REDRAGON BM-4049 1200DPI Wired Optical Mouse,LKR950.00,In Stock,https://redtech.lk/product/redragon-bm-4049-1200dpi-wired-optical-mouse/
Red Tech,Peripherals,ALCATROZ ASiC ONE Blister Black – Wired USB Mouse,LKR860.00,In Stock,https://redtech.lk/product/alcatroz-asic-one-blister-black-wired-usb-mouse/
Red Tech,Peripherals,ALCATROZ ASiC 2 – Wired USB Mouse,LKR860.00,In Stock,https://redtech.lk/product/alcatroz-asic-2-wired-usb-mouse/
Red Tech,Peripherals,250x200mm A-11 Gaming Mouse Pad,LKR490.00,In Stock,https://redtech.lk/product/a-11-gaming-mouse-pad/
Red Tech,Peripherals,X-Brand Small Office Mouse,LKR440.00,In Stock,https://redtech.lk/product/x-brand-small-office-mouse/
Red Tech,Peripherals,LOGITECH GROUP 960 All-In-One Full HD Video Conferencing Web Camera,"LKR310,500.00",In Stock,https://redtech.lk/product/logitech-group-960-all-in-one-full-hd-video-conferencing-web-camera/
Red Tech,Peripherals,LOGITECH G29 Steering Wheel Kit for PC & Playstation,"LKR107,900.00",In Stock,https://redtech.lk/product/order-now-logitech-g29-steering-wheel-kit-for-pc-playstation/
Red Tech,Peripherals,Corsair K100 High Performance RGB Mechanical Keyboard – [Cherry MX],"LKR83,500.00",In Stock,https://redtech.lk/product/corsair-k100-high-performance-rgb-mechanical-keyboard-cherry-mx/
Red Tech,Peripherals,ASUS ROG Claymore II RGB Mechanical Keyboard,"LKR81,650.00",In Stock,https://redtech.lk/product/order-now-asus-rog-claymore-ii-rgb-mechanical-keyboard/
Red Tech,Peripherals,ASUS ROG Strix Flare II Animate ARGB Mechanical Keyboard,"LKR67,850.00",In Stock,https://redtech.lk/product/order-now-asus-rog-strix-flare-ii-animate-argb-mechanical-keyboard/
Red Tech,Peripherals,Corsair K70 RGB PRO Mechanical Gaming Keyboard With PBT Double Shot Pro Keycaps – [Cherry MX RED],"LKR58,500.00",In Stock,https://redtech.lk/product/order-now-corsair-k70-rgb-pro-mechanical-gaming-keyboard-with-pbt-double-shot-pro-keycaps-cherry-mx-red/
Red Tech,Peripherals,Elgato Wave 3 Premium Microphone and Digital Mixing Solution,"LKR58,500.00",In Stock,https://redtech.lk/product/elgato-wave-3-premium-microphone-and-digital-mixing-solution/
Red Tech,Peripherals,JBL PartyBox Wireless Mic Kit,"LKR55,000.00",In Stock,https://redtech.lk/product/order-now-jbl-partybox-wireless-mic-kit/
Red Tech,Peripherals,LOGITECH C930E Business Web Camera,"LKR50,400.00",In Stock,https://redtech.lk/product/logitech-c930e-business-web-camera/
Red Tech,Peripherals,Elgato Facecam MK.2- Premium Full HD Webcam,"LKR49,000.00",In Stock,https://redtech.lk/product/elgato-facecam-mk-2-premium-full-hd-webcam/
Red Tech,Peripherals,LOGITECH C922 Pro HD Stream Web Camera,"LKR47,600.00",In Stock,https://redtech.lk/product/logitech-c922-pro-hd-stream-web-camera/
Red Tech,Peripherals,PXN V9 Gen2 Racing Steering Wheel,"LKR44,500.00",In Stock,https://redtech.lk/product/pxn-v9-gen2-racing-steering-wheel/
Red Tech,Peripherals,CORSAIR K65 RGB MINI 60% Mechanical Gaming Keyboard – CherryMX Speed,"LKR44,500.00",In Stock,https://redtech.lk/product/corsair-k65-rgb-mini-60-mechanical-gaming-keyboard-cherrymx-speed/
Red Tech,Peripherals,LOGITECH C920 Pro WEBCAM FHD 1080P Streaming Web Camera,"LKR42,500.00",In Stock,https://redtech.lk/product/logitech-c920-pro-fhd-1080p-30fps-streaming-web-camera/
Red Tech,Peripherals,Corsair M75 Air RGB Lightweight Wireless Gaming Mouse,"LKR38,000.00",In Stock,https://redtech.lk/product/order-now-corsair-m75-air-rgb-lightweight-wireless-gaming-mouse/
Red Tech,Peripherals,LOGITECH G903 Hero Lightspeed Wireless Graphite,"LKR35,500.00",In Stock,https://redtech.lk/product/logitech-g903-hero-lightspeed-wireless-graphite/
Red Tech,Peripherals,Elgato Wave NEO USB Condenser Microphone,"LKR34,500.00",In Stock,https://redtech.lk/product/elgato-wave-neo-usb-condenser-microphone/
Red Tech,Peripherals,CORSAIR SCIMITAR RGB ELITE Optical MOBA/MMO Gaming Mouse (Black),"LKR33,500.00",In Stock,https://redtech.lk/product/order-now-corsair-scimitar-rgb-elite-optical-moba-mmo-gaming-mouse-black/
Red Tech,Peripherals,CORSAIR IRONCLAW RGB WIRELESS Gaming Mouse (Black),"LKR32,500.00",In Stock,https://redtech.lk/product/corsair-ironclaw-rgb-wireless-gaming-mouse-black/
Red Tech,Peripherals,Corsair M75 RGB Lightweight Gaming Mouse,"LKR30,000.00",In Stock,https://redtech.lk/product/order-now-corsair-m75-rgb-lightweight-gaming-mouse/
Red Tech,Peripherals,ASUS TUF GAMING K3 RGB Mechanical Keyboard  – RED|BLUE,"LKR26,200.00",In Stock,https://redtech.lk/product/asus-tuf-gaming-k3-rgb-mechanical-keyboard-redblue/
Red Tech,Peripherals,CORSAIR SABRE RGB PRO Champion Series Ultra-Light FPS/MOBA Gaming Mouse – BLACK,"LKR24,500.00",In Stock,https://redtech.lk/product/order-now-corsair-sabre-rgb-pro-champion-series-ultra-light-fps-moba-gaming-mouse-black/
Red Tech,Peripherals,REDRAGON K621 HORUS TKL 3 Mode 80% Gaming Mechanical Keyboard – White,"LKR24,420.00",In Stock,https://redtech.lk/product/redragon-k621-horus-tkl3-mode-80-gaming-mechanical-keyboard-white/
Red Tech,Peripherals,REDRAGON K621 HORUS TKL 3 Mode 80% Gaming Mechanical Keyboard – Black,"LKR24,420.00",In Stock,https://redtech.lk/product/redragon-k621-horus-tkl-3-mode-80-gaming-mechanical-keyboard-black/
Red Tech,Peripherals,PXN V3 Pro Black Racing Steering Wheel,"LKR23,000.00",In Stock,https://redtech.lk/product/pxn-v3-pro-black-racing-steering-wheel/
Red Tech,Peripherals,REDRAGON ZIGGS K669CLO-RGB-PRO Gaming Mechanical Keyboard,"LKR22,420.00",In Stock,https://redtech.lk/product/redragon-ziggs-k669clo-rgb-pro-gaming-mechanical-keyboard/
Red Tech,Peripherals,REDRAGON GM300 Streaming Microphone,"LKR21,375.00",In Stock,https://redtech.lk/product/redragon-gm300-streaming-microphone/
Red Tech,Peripherals,Corsair HARPOON RGB Wireless Gaming Mouse (Black),"LKR21,000.00",In Stock,https://redtech.lk/product/corsair-harpoon-rgb-wireless-gaming-mouse-black/
